fold,regime,resource_state,k,method,name,with_probe,abstention_rate,startup_mode_cpu_e,startup_mode_cpu_t,startup_mode_gpu_e,startup_mode_gpu_t,n,accuracy,balanced_accuracy,mcc,precision_migrate_gpu,recall_migrate_gpu,tp_gpu,fp_gpu,fn_gpu,tn_cpu,regret_ratio_mean,regret_ratio_median,regret_ratio_p95,regret_ratio_max,oracle_savings_captured_pct,edp_sum_js,edp_sum_ratio_vs_oracle
interpolation_fold0,interpolation,cpu_ready,1,model_structured,ridge,False,0.0,per_operation,per_operation,constant,constant,20,1.0,1.0,,,,0,0,0,20,1.0,1.0,1.0,1.0,100.0,1.2970269240761343,1.0
interpolation_fold0,interpolation,cpu_ready,2,model_structured,ridge,False,0.0,per_operation,per_operation,constant,constant,20,1.0,1.0,,,,0,0,0,20,1.0,1.0,1.0,1.0,100.0,5.188107696304537,1.0
interpolation_fold0,interpolation,cpu_ready,3,model_structured,ridge,False,0.0,per_operation,per_operation,constant,constant,20,1.0,1.0,,,,0,0,0,20,1.0,1.0,1.0,1.0,100.0,11.673242316685208,1.0
interpolation_fold0,interpolation,cpu_ready,5,model_structured,ridge,False,0.0,per_operation,per_operation,constant,constant,20,1.0,1.0,,,,0,0,0,20,1.0,1.0,1.0,1.0,100.0,32.42567310190335,1.0
interpolation_fold0,interpolation,cpu_ready,10,model_structured,ridge,False,0.0,per_operation,per_operation,constant,constant,20,1.0,1.0,,,,0,0,0,20,1.0,1.0,1.0,1.0,100.0,129.7026924076134,1.0
interpolation_fold0,interpolation,cpu_ready,30,model_structured,ridge,False,0.0,per_operation,per_operation,constant,constant,20,0.95,0.8333333333333333,0.7934920476158722,1.0,0.6666666666666666,2,0,1,17,1.055068165051468,1.0,1.0550681650514688,2.1013633010293593,95.0,599.3906076230011,1.3726049855884916
interpolation_fold0,interpolation,cpu_ready,100,model_structured,ridge,False,0.0,per_operation,per_operation,constant,constant,20,1.0,1.0,1.0,1.0,1.0,3,0,0,17,1.0,1.0,1.0,1.0,100.0,1681.4501734906037,1.0
interpolation_fold0,interpolation,cpu_ready,1000,model_structured,ridge,False,0.0,per_operation,per_operation,constant,constant,20,1.0,1.0,1.0,1.0,1.0,5,0,0,15,1.0,1.0,1.0,1.0,100.0,86816.24917096923,1.0
interpolation_fold0,interpolation,gpu_ready,1,model_structured,ridge,False,0.0,per_operation,per_operation,constant,constant,20,0.9,0.7222222222222222,0.4444444444444444,0.9444444444444444,0.9444444444444444,17,1,1,1,1.6150414050602684,1.0,7.048763330755913,7.263359294876873,90.0,0.10480604649002706,1.000770224204777
interpolation_fold0,interpolation,gpu_ready,2,model_structured,ridge,False,0.0,per_operation,per_operation,constant,constant,20,0.9,0.7222222222222222,0.4444444444444444,0.9444444444444444,0.9444444444444444,17,1,1,1,1.4620053366219565,1.0,2.3193151383005617,9.287540286129575,90.0,0.4189339706662946,1.0001288455738424
interpolation_fold0,interpolation,gpu_ready,3,model_structured,ridge,False,0.0,per_operation,per_operation,constant,constant,20,0.95,0.875,0.8401680504168059,0.9411764705882353,1.0,16,1,0,3,1.4683117441733162,1.0,1.4683117441733229,10.366234883466324,95.0,0.8701636063484414,1.0000150286557141
interpolation_fold0,interpolation,gpu_ready,5,model_structured,ridge,False,0.0,per_operation,per_operation,constant,constant,20,0.95,0.9,0.8660254037844386,0.9375,1.0,15,1,0,4,1.5207675214875196,1.0,1.520767521487527,11.41535042975039,95.0,2.2605039788126358,1.0000162276052273
interpolation_fold0,interpolation,gpu_ready,10,model_structured,ridge,False,0.0,per_operation,per_operation,constant,constant,20,0.9,0.8571428571428572,0.7867957924694432,0.8666666666666667,1.0,13,2,0,5,1.5997063942414487,1.0,2.1845426810222555,12.344309788405862,90.0,8.38428547778761,1.0000730877702035
interpolation_fold0,interpolation,gpu_ready,30,model_structured,ridge,False,0.0,per_operation,per_operation,constant,constant,20,0.9,0.9,0.816496580927726,0.8333333333333334,1.0,10,2,0,8,1.1926036149430375,1.0,1.347924367925252,4.679493684436071,90.0,72.35415579485966,1.0002210925865052
interpolation_fold0,interpolation,gpu_ready,100,model_structured,ridge,False,0.0,per_operation,per_operation,constant,constant,20,1.0,1.0,1.0,1.0,1.0,8,0,0,12,1.0,1.0,1.0,1.0,100.0,792.6607460106972,1.0
interpolation_fold0,interpolation,gpu_ready,1000,model_structured,ridge,False,0.0,per_operation,per_operation,constant,constant,20,1.0,1.0,1.0,1.0,1.0,6,0,0,14,1.0,1.0,1.0,1.0,100.0,78868.78431046664,1.0
interpolation_fold0,interpolation,none_ready,1,model_structured,ridge,False,0.0,per_operation,per_operation,constant,constant,20,1.0,1.0,,,,0,0,0,20,1.0,1.0,1.0,1.0,100.0,2.466817330099965,1.0
interpolation_fold0,interpolation,none_ready,2,model_structured,ridge,False,0.0,per_operation,per_operation,constant,constant,20,1.0,1.0,,,,0,0,0,20,1.0,1.0,1.0,1.0,100.0,6.875135238713041,1.0
interpolation_fold0,interpolation,none_ready,3,model_structured,ridge,False,0.0,per_operation,per_operation,constant,constant,20,1.0,1.0,,,,0,0,0,20,1.0,1.0,1.0,1.0,100.0,13.877506995478386,1.0
interpolation_fold0,interpolation,none_ready,5,model_structured,ridge,False,0.0,per_operation,per_operation,constant,constant,20,1.0,1.0,,,,0,0,0,20,1.0,1.0,1.0,1.0,100.0,35.664412053465874,1.0
interpolation_fold0,interpolation,none_ready,10,model_structured,ridge,False,0.0,per_operation,per_operation,constant,constant,20,1.0,1.0,,,,0,0,0,20,1.0,1.0,1.0,1.0,100.0,135.5276170410993,1.0
interpolation_fold0,interpolation,none_ready,30,model_structured,ridge,False,0.0,per_operation,per_operation,constant,constant,20,0.95,0.8333333333333333,0.7934920476158722,1.0,0.6666666666666666,2,0,1,17,1.057893368987446,1.0,1.0578933689874468,2.1578673797489176,95.0,610.7253832801448,1.3890596177995118
interpolation_fold0,interpolation,none_ready,100,model_structured,ridge,False,0.0,per_operation,per_operation,constant,constant,20,1.0,1.0,1.0,1.0,1.0,3,0,0,17,1.0,1.0,1.0,1.0,100.0,1690.0296271762265,1.0
interpolation_fold0,interpolation,none_ready,1000,model_structured,ridge,False,0.0,per_operation,per_operation,constant,constant,20,1.0,1.0,1.0,1.0,1.0,5,0,0,15,1.0,1.0,1.0,1.0,100.0,86857.76146325747,1.0
interpolation_fold0,interpolation,cpu_ready,1,model_structured,elasticnet,False,0.0,per_operation,per_operation,constant,constant,20,1.0,1.0,,,,0,0,0,20,1.0,1.0,1.0,1.0,100.0,1.2970269240761343,1.0
interpolation_fold0,interpolation,cpu_ready,2,model_structured,elasticnet,False,0.0,per_operation,per_operation,constant,constant,20,1.0,1.0,,,,0,0,0,20,1.0,1.0,1.0,1.0,100.0,5.188107696304537,1.0
interpolation_fold0,interpolation,cpu_ready,3,model_structured,elasticnet,False,0.0,per_operation,per_operation,constant,constant,20,1.0,1.0,,,,0,0,0,20,1.0,1.0,1.0,1.0,100.0,11.673242316685208,1.0
interpolation_fold0,interpolation,cpu_ready,5,model_structured,elasticnet,False,0.0,per_operation,per_operation,constant,constant,20,1.0,1.0,,,,0,0,0,20,1.0,1.0,1.0,1.0,100.0,32.42567310190335,1.0
interpolation_fold0,interpolation,cpu_ready,10,model_structured,elasticnet,False,0.0,per_operation,per_operation,constant,constant,20,1.0,1.0,,,,0,0,0,20,1.0,1.0,1.0,1.0,100.0,129.7026924076134,1.0
interpolation_fold0,interpolation,cpu_ready,30,model_structured,elasticnet,False,0.0,per_operation,per_operation,constant,constant,20,0.95,0.8333333333333333,0.7934920476158722,1.0,0.6666666666666666,2,0,1,17,1.055068165051468,1.0,1.0550681650514688,2.1013633010293593,95.0,599.3906076230011,1.3726049855884916
interpolation_fold0,interpolation,cpu_ready,100,model_structured,elasticnet,False,0.0,per_operation,per_operation,constant,constant,20,1.0,1.0,1.0,1.0,1.0,3,0,0,17,1.0,1.0,1.0,1.0,100.0,1681.4501734906037,1.0
interpolation_fold0,interpolation,cpu_ready,1000,model_structured,elasticnet,False,0.0,per_operation,per_operation,constant,constant,20,0.9,0.8666666666666667,0.7333333333333333,0.8,0.8,4,1,1,14,1.1093482930780443,1.0,1.1399608016624798,3.1529519631337375,90.0,89290.47241718565,1.0284995409251543
interpolation_fold0,interpolation,gpu_ready,1,model_structured,elasticnet,False,0.0,per_operation,per_operation,constant,constant,20,0.9,0.7222222222222222,0.4444444444444444,0.9444444444444444,0.9444444444444444,17,1,1,1,1.6150414050602684,1.0,7.048763330755913,7.263359294876873,90.0,0.10480604649002706,1.000770224204777
interpolation_fold0,interpolation,gpu_ready,2,model_structured,elasticnet,False,0.0,per_operation,per_operation,constant,constant,20,0.9,0.7222222222222222,0.4444444444444444,0.9444444444444444,0.9444444444444444,17,1,1,1,1.4620053366219565,1.0,2.3193151383005617,9.287540286129575,90.0,0.4189339706662946,1.0001288455738424
interpolation_fold0,interpolation,gpu_ready,3,model_structured,elasticnet,False,0.0,per_operation,per_operation,constant,constant,20,0.95,0.875,0.8401680504168059,0.9411764705882353,1.0,16,1,0,3,1.4683117441733162,1.0,1.4683117441733229,10.366234883466324,95.0,0.8701636063484414,1.0000150286557141
interpolation_fold0,interpolation,gpu_ready,5,model_structured,elasticnet,False,0.0,per_operation,per_operation,constant,constant,20,0.95,0.9,0.8660254037844386,0.9375,1.0,15,1,0,4,1.5207675214875196,1.0,1.520767521487527,11.41535042975039,95.0,2.2605039788126358,1.0000162276052273
interpolation_fold0,interpolation,gpu_ready,10,model_structured,elasticnet,False,0.0,per_operation,per_operation,constant,constant,20,0.95,0.9285714285714286,0.8921425711997711,0.9285714285714286,1.0,13,1,0,6,1.0324909048211555,1.0,1.032490904821156,1.6498180964231104,95.0,8.384137689750622,1.0000554596921905
interpolation_fold0,interpolation,gpu_ready,30,model_structured,elasticnet,False,0.0,per_operation,per_operation,constant,constant,20,0.95,0.95,0.9045340337332909,0.9090909090909091,1.0,10,1,0,9,1.1839746842218035,1.0,1.1839746842218062,4.679493684436071,95.0,72.34651623394261,1.0001154835875001
interpolation_fold0,interpolation,gpu_ready,100,model_structured,elasticnet,False,0.0,per_operation,per_operation,constant,constant,20,1.0,1.0,1.0,1.0,1.0,8,0,0,12,1.0,1.0,1.0,1.0,100.0,792.6607460106972,1.0
interpolation_fold0,interpolation,gpu_ready,1000,model_structured,elasticnet,False,0.05,per_operation,per_operation,constant,constant,20,1.0,1.0,1.0,1.0,1.0,6,0,0,14,1.0,1.0,1.0,1.0,100.0,78868.78431046664,1.0
interpolation_fold0,interpolation,none_ready,1,model_structured,elasticnet,False,0.0,per_operation,per_operation,constant,constant,20,1.0,1.0,,,,0,0,0,20,1.0,1.0,1.0,1.0,100.0,2.466817330099965,1.0
interpolation_fold0,interpolation,none_ready,2,model_structured,elasticnet,False,0.0,per_operation,per_operation,constant,constant,20,1.0,1.0,,,,0,0,0,20,1.0,1.0,1.0,1.0,100.0,6.875135238713041,1.0
interpolation_fold0,interpolation,none_ready,3,model_structured,elasticnet,False,0.0,per_operation,per_operation,constant,constant,20,1.0,1.0,,,,0,0,0,20,1.0,1.0,1.0,1.0,100.0,13.877506995478386,1.0
interpolation_fold0,interpolation,none_ready,5,model_structured,elasticnet,False,0.0,per_operation,per_operation,constant,constant,20,1.0,1.0,,,,0,0,0,20,1.0,1.0,1.0,1.0,100.0,35.664412053465874,1.0
interpolation_fold0,interpolation,none_ready,10,model_structured,elasticnet,False,0.0,per_operation,per_operation,constant,constant,20,1.0,1.0,,,,0,0,0,20,1.0,1.0,1.0,1.0,100.0,135.5276170410993,1.0
interpolation_fold0,interpolation,none_ready,30,model_structured,elasticnet,False,0.0,per_operation,per_operation,constant,constant,20,0.95,0.8333333333333333,0.7934920476158722,1.0,0.6666666666666666,2,0,1,17,1.057893368987446,1.0,1.0578933689874468,2.1578673797489176,95.0,610.7253832801448,1.3890596177995118
interpolation_fold0,interpolation,none_ready,100,model_structured,elasticnet,False,0.0,per_operation,per_operation,constant,constant,20,1.0,1.0,1.0,1.0,1.0,3,0,0,17,1.0,1.0,1.0,1.0,100.0,1690.0296271762265,1.0
interpolation_fold0,interpolation,none_ready,1000,model_structured,elasticnet,False,0.0,per_operation,per_operation,constant,constant,20,0.9,0.8666666666666667,0.7333333333333333,0.8,0.8,4,1,1,14,1.110677472031788,1.0,1.1404140723660028,3.180508773597746,90.0,89362.42600046104,1.0288363929142141
interpolation_fold0,interpolation,cpu_ready,1,model_structured,huber,False,0.0,per_operation,per_operation,constant,constant,20,1.0,1.0,,,,0,0,0,20,1.0,1.0,1.0,1.0,100.0,1.2970269240761343,1.0
interpolation_fold0,interpolation,cpu_ready,2,model_structured,huber,False,0.0,per_operation,per_operation,constant,constant,20,1.0,1.0,,,,0,0,0,20,1.0,1.0,1.0,1.0,100.0,5.188107696304537,1.0
interpolation_fold0,interpolation,cpu_ready,3,model_structured,huber,False,0.0,per_operation,per_operation,constant,constant,20,1.0,1.0,,,,0,0,0,20,1.0,1.0,1.0,1.0,100.0,11.673242316685208,1.0
interpolation_fold0,interpolation,cpu_ready,5,model_structured,huber,False,0.0,per_operation,per_operation,constant,constant,20,1.0,1.0,,,,0,0,0,20,1.0,1.0,1.0,1.0,100.0,32.42567310190335,1.0
interpolation_fold0,interpolation,cpu_ready,10,model_structured,huber,False,0.0,per_operation,per_operation,constant,constant,20,1.0,1.0,,,,0,0,0,20,1.0,1.0,1.0,1.0,100.0,129.7026924076134,1.0
interpolation_fold0,interpolation,cpu_ready,30,model_structured,huber,False,0.0,per_operation,per_operation,constant,constant,20,1.0,1.0,1.0,1.0,1.0,3,0,0,17,1.0,1.0,1.0,1.0,100.0,436.6810655040845,1.0
interpolation_fold0,interpolation,cpu_ready,100,model_structured,huber,False,0.0,per_operation,per_operation,constant,constant,20,1.0,1.0,1.0,1.0,1.0,3,0,0,17,1.0,1.0,1.0,1.0,100.0,1681.4501734906037,1.0
interpolation_fold0,interpolation,cpu_ready,1000,model_structured,huber,False,0.0,per_operation,per_operation,constant,constant,20,1.0,1.0,1.0,1.0,1.0,5,0,0,15,1.0,1.0,1.0,1.0,100.0,86816.24917096923,1.0
interpolation_fold0,interpolation,gpu_ready,1,model_structured,huber,False,0.0,per_operation,per_operation,constant,constant,20,0.9,0.7222222222222222,0.4444444444444444,0.9444444444444444,0.9444444444444444,17,1,1,1,1.6150414050602684,1.0,7.048763330755913,7.263359294876873,90.0,0.10480604649002706,1.000770224204777
interpolation_fold0,interpolation,gpu_ready,2,model_structured,huber,False,0.0,per_operation,per_operation,constant,constant,20,0.9,0.7222222222222222,0.4444444444444444,0.9444444444444444,0.9444444444444444,17,1,1,1,1.4620053366219565,1.0,2.3193151383005617,9.287540286129575,90.0,0.4189339706662946,1.0001288455738424
interpolation_fold0,interpolation,gpu_ready,3,model_structured,huber,False,0.0,per_operation,per_operation,constant,constant,20,0.95,0.875,0.8401680504168059,0.9411764705882353,1.0,16,1,0,3,1.4683117441733162,1.0,1.4683117441733229,10.366234883466324,95.0,0.8701636063484414,1.0000150286557141
interpolation_fold0,interpolation,gpu_ready,5,model_structured,huber,False,0.0,per_operation,per_operation,constant,constant,20,0.9,0.8666666666666667,0.7333333333333333,0.9333333333333333,0.9333333333333333,14,1,1,4,1.52336141139595,1.0,1.5700514297477053,11.41535042975039,90.0,2.272018264782419,1.0051099911760921
interpolation_fold0,interpolation,gpu_ready,10,model_structured,huber,False,0.0,per_operation,per_operation,constant,constant,20,0.9,0.8571428571428572,0.7867957924694432,0.8666666666666667,1.0,13,2,0,5,1.5997063942414487,1.0,2.1845426810222555,12.344309788405862,90.0,8.38428547778761,1.0000730877702035
interpolation_fold0,interpolation,gpu_ready,30,model_structured,huber,False,0.05,per_operation,per_operation,constant,constant,20,0.9,0.9,0.816496580927726,0.8333333333333334,1.0,10,2,0,8,1.117128910324975,1.0,1.2724496633071884,3.169999592074822,90.0,72.40026394192945,1.0008584898546045
interpolation_fold0,interpolation,gpu_ready,100,model_structured,huber,False,0.05,per_operation,per_operation,constant,constant,20,0.9,0.9166666666666667,0.816496580927726,0.8,1.0,8,2,0,10,1.029477906508299,1.0,1.2720501982470596,1.3200333615673587,90.0,792.8782617233525,1.0002744121160914
interpolation_fold0,interpolation,gpu_ready,1000,model_structured,huber,False,0.0,per_operation,per_operation,constant,constant,20,1.0,1.0,1.0,1.0,1.0,6,0,0,14,1.0,1.0,1.0,1.0,100.0,78868.78431046664,1.0
interpolation_fold0,interpolation,none_ready,1,model_structured,huber,False,0.0,per_operation,per_operation,constant,constant,20,1.0,1.0,,,,0,0,0,20,1.0,1.0,1.0,1.0,100.0,2.466817330099965,1.0
interpolation_fold0,interpolation,none_ready,2,model_structured,huber,False,0.0,per_operation,per_operation,constant,constant,20,1.0,1.0,,,,0,0,0,20,1.0,1.0,1.0,1.0,100.0,6.875135238713041,1.0
interpolation_fold0,interpolation,none_ready,3,model_structured,huber,False,0.0,per_operation,per_operation,constant,constant,20,1.0,1.0,,,,0,0,0,20,1.0,1.0,1.0,1.0,100.0,13.877506995478386,1.0
interpolation_fold0,interpolation,none_ready,5,model_structured,huber,False,0.0,per_operation,per_operation,constant,constant,20,1.0,1.0,,,,0,0,0,20,1.0,1.0,1.0,1.0,100.0,35.664412053465874,1.0
interpolation_fold0,interpolation,none_ready,10,model_structured,huber,False,0.0,per_operation,per_operation,constant,constant,20,1.0,1.0,,,,0,0,0,20,1.0,1.0,1.0,1.0,100.0,135.5276170410993,1.0
interpolation_fold0,interpolation,none_ready,30,model_structured,huber,False,0.0,per_operation,per_operation,constant,constant,20,1.0,1.0,1.0,1.0,1.0,3,0,0,17,1.0,1.0,1.0,1.0,100.0,439.66822982560643,1.0
interpolation_fold0,interpolation,none_ready,100,model_structured,huber,False,0.0,per_operation,per_operation,constant,constant,20,1.0,1.0,1.0,1.0,1.0,3,0,0,17,1.0,1.0,1.0,1.0,100.0,1690.0296271762265,1.0
interpolation_fold0,interpolation,none_ready,1000,model_structured,huber,False,0.0,per_operation,per_operation,constant,constant,20,1.0,1.0,1.0,1.0,1.0,5,0,0,15,1.0,1.0,1.0,1.0,100.0,86857.76146325747,1.0
interpolation_fold0,interpolation,cpu_ready,1,model_structured,tree,False,0.0,per_operation,per_operation,constant,constant,20,1.0,1.0,,,,0,0,0,20,1.0,1.0,1.0,1.0,100.0,1.2970269240761343,1.0
interpolation_fold0,interpolation,cpu_ready,2,model_structured,tree,False,0.0,per_operation,per_operation,constant,constant,20,1.0,1.0,,,,0,0,0,20,1.0,1.0,1.0,1.0,100.0,5.188107696304537,1.0
interpolation_fold0,interpolation,cpu_ready,3,model_structured,tree,False,0.0,per_operation,per_operation,constant,constant,20,0.95,0.95,,0.0,,0,1,0,19,2.4125555476648857,1.0,2.4125555476649057,29.251110953297708,95.0,80.63131191537998,6.907362130239446
interpolation_fold0,interpolation,cpu_ready,5,model_structured,tree,False,0.0,per_operation,per_operation,constant,constant,20,0.95,0.95,,0.0,,0,1,0,19,1.518089806393044,1.0,1.5180898063930512,11.361796127860876,95.0,102.68146073502946,3.166671680564194
interpolation_fold0,interpolation,cpu_ready,10,model_structured,tree,False,0.0,per_operation,per_operation,constant,constant,20,0.95,0.95,,0.0,,0,1,0,19,1.1196929751046523,1.0,1.1196929751046538,3.3938595020930427,95.0,194.6267587479574,1.5005606679027816
interpolation_fold0,interpolation,cpu_ready,30,model_structured,tree,False,0.0,per_operation,per_operation,constant,constant,20,0.8,0.6078431372549019,0.21568627450980393,0.3333333333333333,0.3333333333333333,1,2,2,15,5.959925024330052,1.0,23.2565157280747,75.26201805366195,80.0,1210.848134645322,2.7728432265492775
interpolation_fold0,interpolation,cpu_ready,100,model_structured,tree,False,0.0,per_operation,per_operation,constant,constant,20,0.85,0.7745098039215685,0.4900980294098034,0.5,0.6666666666666666,2,2,1,15,1.7532356433211902,1.0,5.590039232350821,9.921517547351495,85.0,4630.796497628572,2.754049195531782
interpolation_fold0,interpolation,cpu_ready,1000,model_structured,tree,False,0.0,per_operation,per_operation,constant,constant,20,0.8,0.7333333333333334,0.4666666666666667,0.6,0.6,3,2,2,13,4.6732016954322955,1.0,11.740888583180025,62.72296447585866,80.0,396895.72793179384,4.571675599001956
interpolation_fold0,interpolation,gpu_ready,1,model_structured,tree,False,0.0,per_operation,per_operation,constant,constant,20,0.9,0.7222222222222222,0.4444444444444444,0.9444444444444444,0.9444444444444444,17,1,1,1,1.6150414050602684,1.0,7.048763330755913,7.263359294876873,90.0,0.10480604649002706,1.000770224204777
interpolation_fold0,interpolation,gpu_ready,2,model_structured,tree,False,0.0,per_operation,per_operation,constant,constant,20,0.9,0.7222222222222222,0.4444444444444444,0.9444444444444444,0.9444444444444444,17,1,1,1,1.4620053366219565,1.0,2.3193151383005617,9.287540286129575,90.0,0.4189339706662946,1.0001288455738424
interpolation_fold0,interpolation,gpu_ready,3,model_structured,tree,False,0.0,per_operation,per_operation,constant,constant,20,0.9,0.75,0.6666666666666666,0.8888888888888888,1.0,16,2,0,2,1.502729671059667,1.0,2.122252355013988,10.366234883466324,90.0,0.9424656544382339,1.083106454411606
interpolation_fold0,interpolation,gpu_ready,5,model_structured,tree,False,0.05,per_operation,per_operation,constant,constant,20,0.8,0.6666666666666667,0.40422604172722165,0.8235294117647058,0.9333333333333333,14,3,1,2,2.205014944577723,1.0,11.44122306484731,11.932803131688797,80.0,2.743684882359842,1.2137688902614394
interpolation_fold0,interpolation,gpu_ready,10,model_structured,tree,False,0.05,per_operation,per_operation,constant,constant,20,0.75,0.7087912087912087,0.43463356032809364,0.7857142857142857,0.8461538461538461,11,3,2,4,2.602220590893291,1.0,10.577631818468527,12.344309788405862,75.0,42.555284106630154,5.075971529142864
interpolation_fold0,interpolation,gpu_ready,30,model_structured,tree,False,0.0,per_operation,per_operation,constant,constant,20,0.8,0.8,0.6,0.8,0.8,8,2,2,8,2.6857991760286923,1.0,10.108033414702872,13.047815006844582,80.0,362.37554728604016,5.009465757028792
interpolation_fold0,interpolation,gpu_ready,100,model_structured,tree,False,0.0,per_operation,per_operation,constant,constant,20,0.8,0.7916666666666667,0.5833333333333334,0.75,0.75,6,2,2,10,2.8151928661161163,1.0,9.947612386144728,13.312463385074329,80.0,3948.435135827643,4.981242171634368
interpolation_fold0,interpolation,gpu_ready,1000,model_structured,tree,False,0.0,per_operation,per_operation,constant,constant,20,0.75,0.7261904761904762,0.43463356032809364,0.5714285714285714,0.6666666666666666,4,3,2,11,3.2748316710984575,1.0,10.659350522192637,13.417305938052449,75.0,391887.2841655428,4.968851588010792
interpolation_fold0,interpolation,none_ready,1,model_structured,tree,False,0.0,per_operation,per_operation,constant,constant,20,1.0,1.0,,,,0,0,0,20,1.0,1.0,1.0,1.0,100.0,2.466817330099965,1.0
interpolation_fold0,interpolation,none_ready,2,model_structured,tree,False,0.0,per_operation,per_operation,constant,constant,20,1.0,1.0,,,,0,0,0,20,1.0,1.0,1.0,1.0,100.0,6.875135238713041,1.0
interpolation_fold0,interpolation,none_ready,3,model_structured,tree,False,0.0,per_operation,per_operation,constant,constant,20,0.95,0.95,,0.0,,0,1,0,19,2.3906167417737856,1.0,2.3906167417738056,28.81233483547571,95.0,82.79840475129629,5.966374564125526
interpolation_fold0,interpolation,none_ready,5,model_structured,tree,False,0.0,per_operation,per_operation,constant,constant,20,0.95,0.95,,0.0,,0,1,0,19,1.5129503712001668,1.0,1.512950371200174,11.259007424003334,95.0,105.85829944442195,2.96817733279118
interpolation_fold0,interpolation,none_ready,10,model_structured,tree,False,0.0,per_operation,per_operation,constant,constant,20,0.95,0.95,,0.0,,0,1,0,19,1.1189223832565847,1.0,1.1189223832565862,3.378447665131691,95.0,200.3279621410402,1.4781338779113185
interpolation_fold0,interpolation,none_ready,30,model_structured,tree,False,0.0,per_operation,per_operation,constant,constant,20,0.8,0.6078431372549019,0.21568627450980393,0.3333333333333333,0.3333333333333333,1,2,2,15,5.60572312286073,1.0,18.509933931628503,72.95717498996325,80.0,1225.6176785995806,2.7875966364131415
interpolation_fold0,interpolation,none_ready,100,model_structured,tree,False,0.0,per_operation,per_operation,constant,constant,20,0.85,0.7745098039215685,0.4900980294098034,0.5,0.6666666666666666,2,2,1,15,1.739375409688514,1.0,5.626308032891569,9.828765861292979,85.0,4663.802901859556,2.759598309321971
interpolation_fold0,interpolation,none_ready,1000,model_structured,tree,False,0.0,per_operation,per_operation,constant,constant,20,0.8,0.7333333333333334,0.4666666666666667,0.6,0.6,3,2,2,13,4.609058456983111,1.0,11.682859436946634,61.42442482376188,80.0,397220.5307637674,4.573230118667052
interpolation_fold0,interpolation,cpu_ready,1,model_structured,random_forest,False,0.0,per_operation,per_operation,constant,constant,20,1.0,1.0,,,,0,0,0,20,1.0,1.0,1.0,1.0,100.0,1.2970269240761343,1.0
interpolation_fold0,interpolation,cpu_ready,2,model_structured,random_forest,False,0.0,per_operation,per_operation,constant,constant,20,1.0,1.0,,,,0,0,0,20,1.0,1.0,1.0,1.0,100.0,5.188107696304537,1.0
interpolation_fold0,interpolation,cpu_ready,3,model_structured,random_forest,False,0.0,per_operation,per_operation,constant,constant,20,1.0,1.0,,,,0,0,0,20,1.0,1.0,1.0,1.0,100.0,11.673242316685208,1.0
interpolation_fold0,interpolation,cpu_ready,5,model_structured,random_forest,False,0.0,per_operation,per_operation,constant,constant,20,1.0,1.0,,,,0,0,0,20,1.0,1.0,1.0,1.0,100.0,32.42567310190335,1.0
interpolation_fold0,interpolation,cpu_ready,10,model_structured,random_forest,False,0.0,per_operation,per_operation,constant,constant,20,1.0,1.0,,,,0,0,0,20,1.0,1.0,1.0,1.0,100.0,129.7026924076134,1.0
interpolation_fold0,interpolation,cpu_ready,30,model_structured,random_forest,False,0.0,per_operation,per_operation,constant,constant,20,0.9,0.6666666666666666,0.5461186812727502,1.0,0.3333333333333333,1,0,2,17,1.2708549203105557,1.0,2.2620818912369813,5.315735105181755,90.0,1088.4068931397292,2.492452682562095
interpolation_fold0,interpolation,cpu_ready,100,model_structured,random_forest,False,0.0,per_operation,per_operation,constant,constant,20,1.0,1.0,1.0,1.0,1.0,3,0,0,17,1.0,1.0,1.0,1.0,100.0,1681.4501734906037,1.0
interpolation_fold0,interpolation,cpu_ready,1000,model_structured,random_forest,False,0.0,per_operation,per_operation,constant,constant,20,0.9,0.8666666666666667,0.7333333333333333,0.8,0.8,4,1,1,14,1.184172400092676,1.0,1.2147849086771128,4.649434103426373,90.0,89835.04301040508,1.0347722214247113
interpolation_fold0,interpolation,gpu_ready,1,model_structured,random_forest,False,0.0,per_operation,per_operation,constant,constant,20,0.9,0.7222222222222222,0.4444444444444444,0.9444444444444444,0.9444444444444444,17,1,1,1,1.6150414050602684,1.0,7.048763330755913,7.263359294876873,90.0,0.10480604649002706,1.000770224204777
interpolation_fold0,interpolation,gpu_ready,2,model_structured,random_forest,False,0.0,per_operation,per_operation,constant,constant,20,0.9,0.7222222222222222,0.4444444444444444,0.9444444444444444,0.9444444444444444,17,1,1,1,1.4620053366219565,1.0,2.3193151383005617,9.287540286129575,90.0,0.4189339706662946,1.0001288455738424
interpolation_fold0,interpolation,gpu_ready,3,model_structured,random_forest,False,0.05,per_operation,per_operation,constant,constant,20,0.9,0.75,0.6666666666666666,0.8888888888888888,1.0,16,2,0,2,1.502729671059667,1.0,2.122252355013988,10.366234883466324,90.0,0.9424656544382339,1.083106454411606
interpolation_fold0,interpolation,gpu_ready,5,model_structured,random_forest,False,0.0,per_operation,per_operation,constant,constant,20,0.9,0.8,0.7276068751089989,0.8823529411764706,1.0,15,2,0,3,1.526548851865955,1.0,1.6306127986777992,11.41535042975039,90.0,2.2605965085685975,1.000057161511279
interpolation_fold0,interpolation,gpu_ready,10,model_structured,random_forest,False,0.0,per_operation,per_operation,constant,constant,20,0.85,0.7857142857142857,0.6813851438692469,0.8125,1.0,13,3,0,4,1.6772958524221906,1.0,3.0414151948543946,12.344309788405862,85.0,8.386457130695508,1.0003321213676306
interpolation_fold0,interpolation,gpu_ready,30,model_structured,random_forest,False,0.0,per_operation,per_operation,constant,constant,20,0.9,0.9,0.816496580927726,0.8333333333333334,1.0,10,2,0,8,1.3528572099913045,1.0,3.3058568428586463,5.887144607751269,90.0,72.41930497434662,1.0011217123611633
interpolation_fold0,interpolation,gpu_ready,100,model_structured,random_forest,False,0.0,per_operation,per_operation,constant,constant,20,0.95,0.9583333333333333,0.90267093384844,0.8888888888888888,1.0,8,1,0,11,1.3895349346901373,1.0,1.3895349346901429,8.790698693802746,95.0,792.9772327380373,1.0003992713514993
interpolation_fold0,interpolation,gpu_ready,1000,model_structured,random_forest,False,0.0,per_operation,per_operation,constant,constant,20,0.95,0.9642857142857143,0.8921425711997711,0.8571428571428571,1.0,6,1,0,13,1.4757097486994746,1.0,1.4757097486994812,10.514194973989488,95.0,78901.09888995098,1.0004097258473914
interpolation_fold0,interpolation,none_ready,1,model_structured,random_forest,False,0.0,per_operation,per_operation,constant,constant,20,1.0,1.0,,,,0,0,0,20,1.0,1.0,1.0,1.0,100.0,2.466817330099965,1.0
interpolation_fold0,interpolation,none_ready,2,model_structured,random_forest,False,0.0,per_operation,per_operation,constant,constant,20,1.0,1.0,,,,0,0,0,20,1.0,1.0,1.0,1.0,100.0,6.875135238713041,1.0
interpolation_fold0,interpolation,none_ready,3,model_structured,random_forest,False,0.0,per_operation,per_operation,constant,constant,20,1.0,1.0,,,,0,0,0,20,1.0,1.0,1.0,1.0,100.0,13.877506995478386,1.0
interpolation_fold0,interpolation,none_ready,5,model_structured,random_forest,False,0.0,per_operation,per_operation,constant,constant,20,1.0,1.0,,,,0,0,0,20,1.0,1.0,1.0,1.0,100.0,35.664412053465874,1.0
interpolation_fold0,interpolation,none_ready,10,model_structured,random_forest,False,0.0,per_operation,per_operation,constant,constant,20,1.0,1.0,,,,0,0,0,20,1.0,1.0,1.0,1.0,100.0,135.5276170410993,1.0
interpolation_fold0,interpolation,none_ready,30,model_structured,random_forest,False,0.0,per_operation,per_operation,constant,constant,20,0.9,0.6666666666666666,0.5461186812727502,1.0,0.3333333333333333,1,0,2,17,1.2756498900925517,1.0,2.3177305318665797,5.355130422102114,90.0,1104.2055552675736,2.5114517728641768
interpolation_fold0,interpolation,none_ready,100,model_structured,random_forest,False,0.0,per_operation,per_operation,constant,constant,20,1.0,1.0,1.0,1.0,1.0,3,0,0,17,1.0,1.0,1.0,1.0,100.0,1690.0296271762265,1.0
interpolation_fold0,interpolation,none_ready,1000,model_structured,random_forest,False,0.0,per_operation,per_operation,constant,constant,20,0.9,0.8666666666666667,0.7333333333333333,0.8,0.8,4,1,1,14,1.1845931002287795,1.0,1.2143297005629954,4.6588213375375735,90.0,89883.40276429642,1.034834437937004
interpolation_fold0,interpolation,cpu_ready,1,model_structured,ridge,True,0.0,per_operation,per_operation,constant,constant,20,1.0,1.0,,,,0,0,0,20,1.0,1.0,1.0,1.0,100.0,1.2970269240761343,1.0
interpolation_fold0,interpolation,cpu_ready,2,model_structured,ridge,True,0.0,per_operation,per_operation,constant,constant,20,1.0,1.0,,,,0,0,0,20,1.0,1.0,1.0,1.0,100.0,5.188107696304537,1.0
interpolation_fold0,interpolation,cpu_ready,3,model_structured,ridge,True,0.0,per_operation,per_operation,constant,constant,20,1.0,1.0,,,,0,0,0,20,1.0,1.0,1.0,1.0,100.0,11.673242316685208,1.0
interpolation_fold0,interpolation,cpu_ready,5,model_structured,ridge,True,0.0,per_operation,per_operation,constant,constant,20,1.0,1.0,,,,0,0,0,20,1.0,1.0,1.0,1.0,100.0,32.42567310190335,1.0
interpolation_fold0,interpolation,cpu_ready,10,model_structured,ridge,True,0.0,per_operation,per_operation,constant,constant,20,0.95,0.95,,0.0,,0,1,0,19,1.0033126080263746,1.0,1.0033126080263746,1.0662521605274922,95.0,134.13662829527087,1.0341853804678398
interpolation_fold0,interpolation,cpu_ready,30,model_structured,ridge,True,0.05,per_operation,per_operation,constant,constant,20,0.95,0.8333333333333333,0.7934920476158722,1.0,0.6666666666666666,2,0,1,17,1.055068165051468,1.0,1.0550681650514688,2.1013633010293593,95.0,599.3906076230011,1.3726049855884916
interpolation_fold0,interpolation,cpu_ready,100,model_structured,ridge,True,0.0,per_operation,per_operation,constant,constant,20,1.0,1.0,1.0,1.0,1.0,3,0,0,17,1.0,1.0,1.0,1.0,100.0,1681.4501734906037,1.0
interpolation_fold0,interpolation,cpu_ready,1000,model_structured,ridge,True,0.0,per_operation,per_operation,constant,constant,20,1.0,1.0,1.0,1.0,1.0,5,0,0,15,1.0,1.0,1.0,1.0,100.0,86816.24917096923,1.0
interpolation_fold0,interpolation,gpu_ready,1,model_structured,ridge,True,0.0,per_operation,per_operation,constant,constant,20,1.0,1.0,1.0,1.0,1.0,18,0,0,2,1.0,1.0,1.0,1.0,100.0,0.10472538446405828,1.0
interpolation_fold0,interpolation,gpu_ready,2,model_structured,ridge,True,0.05,per_operation,per_operation,constant,constant,20,1.0,1.0,1.0,1.0,1.0,18,0,0,2,1.0,1.0,1.0,1.0,100.0,0.41887999983234514,1.0
interpolation_fold0,interpolation,gpu_ready,3,model_structured,ridge,True,0.0,per_operation,per_operation,constant,constant,20,1.0,1.0,1.0,1.0,1.0,16,0,0,4,1.0,1.0,1.0,1.0,100.0,0.8701505291557192,1.0
interpolation_fold0,interpolation,gpu_ready,5,model_structured,ridge,True,0.0,per_operation,per_operation,constant,constant,20,0.95,0.9,0.8660254037844386,0.9375,1.0,15,1,0,4,1.0057813303784353,1.0,1.0057813303784355,1.1156266075687078,95.0,2.2605598265976754,1.0000409339060519
interpolation_fold0,interpolation,gpu_ready,10,model_structured,ridge,True,0.0,per_operation,per_operation,constant,constant,20,0.9,0.8901098901098901,0.7802197802197802,0.9230769230769231,0.9230769230769231,12,1,1,6,1.1130994714747218,1.0,1.697935758255522,2.612171333071326,90.0,8.398389235296522,1.0017553764230014
interpolation_fold0,interpolation,gpu_ready,30,model_structured,ridge,True,0.0,per_operation,per_operation,constant,constant,20,1.0,1.0,1.0,1.0,1.0,10,0,0,10,1.0,1.0,1.0,1.0,100.0,72.33816236343971,1.0
interpolation_fold0,interpolation,gpu_ready,100,model_structured,ridge,True,0.0,per_operation,per_operation,constant,constant,20,1.0,1.0,1.0,1.0,1.0,8,0,0,12,1.0,1.0,1.0,1.0,100.0,792.6607460106972,1.0
interpolation_fold0,interpolation,gpu_ready,1000,model_structured,ridge,True,0.0,per_operation,per_operation,constant,constant,20,1.0,1.0,1.0,1.0,1.0,6,0,0,14,1.0,1.0,1.0,1.0,100.0,78868.78431046664,1.0
interpolation_fold0,interpolation,none_ready,1,model_structured,ridge,True,0.0,per_operation,per_operation,constant,constant,20,1.0,1.0,,,,0,0,0,20,1.0,1.0,1.0,1.0,100.0,2.466817330099965,1.0
interpolation_fold0,interpolation,none_ready,2,model_structured,ridge,True,0.0,per_operation,per_operation,constant,constant,20,1.0,1.0,,,,0,0,0,20,1.0,1.0,1.0,1.0,100.0,6.875135238713041,1.0
interpolation_fold0,interpolation,none_ready,3,model_structured,ridge,True,0.0,per_operation,per_operation,constant,constant,20,1.0,1.0,,,,0,0,0,20,1.0,1.0,1.0,1.0,100.0,13.877506995478386,1.0
interpolation_fold0,interpolation,none_ready,5,model_structured,ridge,True,0.0,per_operation,per_operation,constant,constant,20,1.0,1.0,,,,0,0,0,20,1.0,1.0,1.0,1.0,100.0,35.664412053465874,1.0
interpolation_fold0,interpolation,none_ready,10,model_structured,ridge,True,0.0,per_operation,per_operation,constant,constant,20,0.95,0.95,,0.0,,0,1,0,19,1.0021489194302,1.0,1.0021489194301998,1.0429783886039965,95.0,138.46813683165632,1.0216968309098604
interpolation_fold0,interpolation,none_ready,30,model_structured,ridge,True,0.0,per_operation,per_operation,constant,constant,20,1.0,1.0,1.0,1.0,1.0,3,0,0,17,1.0,1.0,1.0,1.0,100.0,439.66822982560643,1.0
interpolation_fold0,interpolation,none_ready,100,model_structured,ridge,True,0.0,per_operation,per_operation,constant,constant,20,1.0,1.0,1.0,1.0,1.0,3,0,0,17,1.0,1.0,1.0,1.0,100.0,1690.0296271762265,1.0
interpolation_fold0,interpolation,none_ready,1000,model_structured,ridge,True,0.0,per_operation,per_operation,constant,constant,20,1.0,1.0,1.0,1.0,1.0,5,0,0,15,1.0,1.0,1.0,1.0,100.0,86857.76146325747,1.0
interpolation_fold0,interpolation,cpu_ready,1,model_structured,elasticnet,True,0.0,per_operation,per_operation,constant,constant,20,1.0,1.0,,,,0,0,0,20,1.0,1.0,1.0,1.0,100.0,1.2970269240761343,1.0
interpolation_fold0,interpolation,cpu_ready,2,model_structured,elasticnet,True,0.0,per_operation,per_operation,constant,constant,20,1.0,1.0,,,,0,0,0,20,1.0,1.0,1.0,1.0,100.0,5.188107696304537,1.0
interpolation_fold0,interpolation,cpu_ready,3,model_structured,elasticnet,True,0.0,per_operation,per_operation,constant,constant,20,1.0,1.0,,,,0,0,0,20,1.0,1.0,1.0,1.0,100.0,11.673242316685208,1.0
interpolation_fold0,interpolation,cpu_ready,5,model_structured,elasticnet,True,0.0,per_operation,per_operation,constant,constant,20,1.0,1.0,,,,0,0,0,20,1.0,1.0,1.0,1.0,100.0,32.42567310190335,1.0
interpolation_fold0,interpolation,cpu_ready,10,model_structured,elasticnet,True,0.0,per_operation,per_operation,constant,constant,20,1.0,1.0,,,,0,0,0,20,1.0,1.0,1.0,1.0,100.0,129.7026924076134,1.0
interpolation_fold0,interpolation,cpu_ready,30,model_structured,elasticnet,True,0.0,per_operation,per_operation,constant,constant,20,0.95,0.8333333333333333,0.7934920476158722,1.0,0.6666666666666666,2,0,1,17,1.055068165051468,1.0,1.0550681650514688,2.1013633010293593,95.0,599.3906076230011,1.3726049855884916
interpolation_fold0,interpolation,cpu_ready,100,model_structured,elasticnet,True,0.0,per_operation,per_operation,constant,constant,20,1.0,1.0,1.0,1.0,1.0,3,0,0,17,1.0,1.0,1.0,1.0,100.0,1681.4501734906037,1.0
interpolation_fold0,interpolation,cpu_ready,1000,model_structured,elasticnet,True,0.0,per_operation,per_operation,constant,constant,20,0.9,0.8666666666666667,0.7333333333333333,0.8,0.8,4,1,1,14,1.1093482930780443,1.0,1.1399608016624798,3.1529519631337375,90.0,89290.47241718565,1.0284995409251543
interpolation_fold0,interpolation,gpu_ready,1,model_structured,elasticnet,True,0.0,per_operation,per_operation,constant,constant,20,1.0,1.0,1.0,1.0,1.0,18,0,0,2,1.0,1.0,1.0,1.0,100.0,0.10472538446405828,1.0
interpolation_fold0,interpolation,gpu_ready,2,model_structured,elasticnet,True,0.0,per_operation,per_operation,constant,constant,20,0.95,0.9722222222222222,0.7934920476158722,1.0,0.9444444444444444,17,0,1,2,1.0476283223154776,1.0,1.0476283223154785,1.9525664463095556,95.0,0.4189282306523383,1.0001151423319625
interpolation_fold0,interpolation,gpu_ready,3,model_structured,elasticnet,True,0.0,per_operation,per_operation,constant,constant,20,1.0,1.0,1.0,1.0,1.0,16,0,0,4,1.0,1.0,1.0,1.0,100.0,0.8701505291557192,1.0
interpolation_fold0,interpolation,gpu_ready,5,model_structured,elasticnet,True,0.0,per_operation,per_operation,constant,constant,20,1.0,1.0,1.0,1.0,1.0,15,0,0,5,1.0,1.0,1.0,1.0,100.0,2.260467296841713,1.0
interpolation_fold0,interpolation,gpu_ready,10,model_structured,elasticnet,True,0.0,per_operation,per_operation,constant,constant,20,0.9,0.8901098901098901,0.7802197802197802,0.9230769230769231,0.9230769230769231,12,1,1,6,1.1130994714747218,1.0,1.697935758255522,2.612171333071326,90.0,8.398389235296522,1.0017553764230014
interpolation_fold0,interpolation,gpu_ready,30,model_structured,elasticnet,True,0.0,per_operation,per_operation,constant,constant,20,1.0,1.0,1.0,1.0,1.0,10,0,0,10,1.0,1.0,1.0,1.0,100.0,72.33816236343971,1.0
interpolation_fold0,interpolation,gpu_ready,100,model_structured,elasticnet,True,0.0,per_operation,per_operation,constant,constant,20,1.0,1.0,1.0,1.0,1.0,8,0,0,12,1.0,1.0,1.0,1.0,100.0,792.6607460106972,1.0
interpolation_fold0,interpolation,gpu_ready,1000,model_structured,elasticnet,True,0.05,per_operation,per_operation,constant,constant,20,1.0,1.0,1.0,1.0,1.0,6,0,0,14,1.0,1.0,1.0,1.0,100.0,78868.78431046664,1.0
interpolation_fold0,interpolation,none_ready,1,model_structured,elasticnet,True,0.0,per_operation,per_operation,constant,constant,20,1.0,1.0,,,,0,0,0,20,1.0,1.0,1.0,1.0,100.0,2.466817330099965,1.0
interpolation_fold0,interpolation,none_ready,2,model_structured,elasticnet,True,0.0,per_operation,per_operation,constant,constant,20,1.0,1.0,,,,0,0,0,20,1.0,1.0,1.0,1.0,100.0,6.875135238713041,1.0
interpolation_fold0,interpolation,none_ready,3,model_structured,elasticnet,True,0.0,per_operation,per_operation,constant,constant,20,1.0,1.0,,,,0,0,0,20,1.0,1.0,1.0,1.0,100.0,13.877506995478386,1.0
interpolation_fold0,interpolation,none_ready,5,model_structured,elasticnet,True,0.0,per_operation,per_operation,constant,constant,20,1.0,1.0,,,,0,0,0,20,1.0,1.0,1.0,1.0,100.0,35.664412053465874,1.0
interpolation_fold0,interpolation,none_ready,10,model_structured,elasticnet,True,0.0,per_operation,per_operation,constant,constant,20,1.0,1.0,,,,0,0,0,20,1.0,1.0,1.0,1.0,100.0,135.5276170410993,1.0
interpolation_fold0,interpolation,none_ready,30,model_structured,elasticnet,True,0.0,per_operation,per_operation,constant,constant,20,0.95,0.8333333333333333,0.7934920476158722,1.0,0.6666666666666666,2,0,1,17,1.057893368987446,1.0,1.0578933689874468,2.1578673797489176,95.0,610.7253832801448,1.3890596177995118
interpolation_fold0,interpolation,none_ready,100,model_structured,elasticnet,True,0.0,per_operation,per_operation,constant,constant,20,1.0,1.0,1.0,1.0,1.0,3,0,0,17,1.0,1.0,1.0,1.0,100.0,1690.0296271762265,1.0
interpolation_fold0,interpolation,none_ready,1000,model_structured,elasticnet,True,0.0,per_operation,per_operation,constant,constant,20,0.9,0.8666666666666667,0.7333333333333333,0.8,0.8,4,1,1,14,1.110677472031788,1.0,1.1404140723660028,3.180508773597746,90.0,89362.42600046104,1.0288363929142141
interpolation_fold0,interpolation,cpu_ready,1,model_structured,huber,True,0.0,per_operation,per_operation,constant,constant,20,1.0,1.0,,,,0,0,0,20,1.0,1.0,1.0,1.0,100.0,1.2970269240761343,1.0
interpolation_fold0,interpolation,cpu_ready,2,model_structured,huber,True,0.0,per_operation,per_operation,constant,constant,20,1.0,1.0,,,,0,0,0,20,1.0,1.0,1.0,1.0,100.0,5.188107696304537,1.0
interpolation_fold0,interpolation,cpu_ready,3,model_structured,huber,True,0.0,per_operation,per_operation,constant,constant,20,1.0,1.0,,,,0,0,0,20,1.0,1.0,1.0,1.0,100.0,11.673242316685208,1.0
interpolation_fold0,interpolation,cpu_ready,5,model_structured,huber,True,0.0,per_operation,per_operation,constant,constant,20,1.0,1.0,,,,0,0,0,20,1.0,1.0,1.0,1.0,100.0,32.42567310190335,1.0
interpolation_fold0,interpolation,cpu_ready,10,model_structured,huber,True,0.0,per_operation,per_operation,constant,constant,20,1.0,1.0,,,,0,0,0,20,1.0,1.0,1.0,1.0,100.0,129.7026924076134,1.0
interpolation_fold0,interpolation,cpu_ready,30,model_structured,huber,True,0.0,per_operation,per_operation,constant,constant,20,1.0,1.0,1.0,1.0,1.0,3,0,0,17,1.0,1.0,1.0,1.0,100.0,436.6810655040845,1.0
interpolation_fold0,interpolation,cpu_ready,100,model_structured,huber,True,0.0,per_operation,per_operation,constant,constant,20,1.0,1.0,1.0,1.0,1.0,3,0,0,17,1.0,1.0,1.0,1.0,100.0,1681.4501734906037,1.0
interpolation_fold0,interpolation,cpu_ready,1000,model_structured,huber,True,0.0,per_operation,per_operation,constant,constant,20,1.0,1.0,1.0,1.0,1.0,5,0,0,15,1.0,1.0,1.0,1.0,100.0,86816.24917096923,1.0
interpolation_fold0,interpolation,gpu_ready,1,model_structured,huber,True,0.0,per_operation,per_operation,constant,constant,20,1.0,1.0,1.0,1.0,1.0,18,0,0,2,1.0,1.0,1.0,1.0,100.0,0.10472538446405828,1.0
interpolation_fold0,interpolation,gpu_ready,2,model_structured,huber,True,0.05,per_operation,per_operation,constant,constant,20,1.0,1.0,1.0,1.0,1.0,18,0,0,2,1.0,1.0,1.0,1.0,100.0,0.41887999983234514,1.0
interpolation_fold0,interpolation,gpu_ready,3,model_structured,huber,True,0.0,per_operation,per_operation,constant,constant,20,1.0,1.0,1.0,1.0,1.0,16,0,0,4,1.0,1.0,1.0,1.0,100.0,0.8701505291557192,1.0
interpolation_fold0,interpolation,gpu_ready,5,model_structured,huber,True,0.05,per_operation,per_operation,constant,constant,20,0.95,0.9,0.8660254037844386,0.9375,1.0,15,1,0,4,1.0057813303784353,1.0,1.0057813303784355,1.1156266075687078,95.0,2.2605598265976754,1.0000409339060519
interpolation_fold0,interpolation,gpu_ready,10,model_structured,huber,True,0.0,per_operation,per_operation,constant,constant,20,0.9,0.8901098901098901,0.7802197802197802,0.9230769230769231,0.9230769230769231,12,1,1,6,1.1130994714747218,1.0,1.697935758255522,2.612171333071326,90.0,8.398389235296522,1.0017553764230014
interpolation_fold0,interpolation,gpu_ready,30,model_structured,huber,True,0.0,per_operation,per_operation,constant,constant,20,0.95,0.95,0.9045340337332909,0.9090909090909091,1.0,10,1,0,9,1.008628930721234,1.0,1.0086289307212342,1.17257861442468,95.0,72.34580192435675,1.0001056089990048
interpolation_fold0,interpolation,gpu_ready,100,model_structured,huber,True,0.0,per_operation,per_operation,constant,constant,20,1.0,1.0,1.0,1.0,1.0,8,0,0,12,1.0,1.0,1.0,1.0,100.0,792.6607460106972,1.0
interpolation_fold0,interpolation,gpu_ready,1000,model_structured,huber,True,0.0,per_operation,per_operation,constant,constant,20,1.0,1.0,1.0,1.0,1.0,6,0,0,14,1.0,1.0,1.0,1.0,100.0,78868.78431046664,1.0
interpolation_fold0,interpolation,none_ready,1,model_structured,huber,True,0.0,per_operation,per_operation,constant,constant,20,1.0,1.0,,,,0,0,0,20,1.0,1.0,1.0,1.0,100.0,2.466817330099965,1.0
interpolation_fold0,interpolation,none_ready,2,model_structured,huber,True,0.0,per_operation,per_operation,constant,constant,20,1.0,1.0,,,,0,0,0,20,1.0,1.0,1.0,1.0,100.0,6.875135238713041,1.0
interpolation_fold0,interpolation,none_ready,3,model_structured,huber,True,0.0,per_operation,per_operation,constant,constant,20,1.0,1.0,,,,0,0,0,20,1.0,1.0,1.0,1.0,100.0,13.877506995478386,1.0
interpolation_fold0,interpolation,none_ready,5,model_structured,huber,True,0.0,per_operation,per_operation,constant,constant,20,1.0,1.0,,,,0,0,0,20,1.0,1.0,1.0,1.0,100.0,35.664412053465874,1.0
interpolation_fold0,interpolation,none_ready,10,model_structured,huber,True,0.05,per_operation,per_operation,constant,constant,20,1.0,1.0,,,,0,0,0,20,1.0,1.0,1.0,1.0,100.0,135.5276170410993,1.0
interpolation_fold0,interpolation,none_ready,30,model_structured,huber,True,0.0,per_operation,per_operation,constant,constant,20,1.0,1.0,1.0,1.0,1.0,3,0,0,17,1.0,1.0,1.0,1.0,100.0,439.66822982560643,1.0
interpolation_fold0,interpolation,none_ready,100,model_structured,huber,True,0.0,per_operation,per_operation,constant,constant,20,1.0,1.0,1.0,1.0,1.0,3,0,0,17,1.0,1.0,1.0,1.0,100.0,1690.0296271762265,1.0
interpolation_fold0,interpolation,none_ready,1000,model_structured,huber,True,0.0,per_operation,per_operation,constant,constant,20,1.0,1.0,1.0,1.0,1.0,5,0,0,15,1.0,1.0,1.0,1.0,100.0,86857.76146325747,1.0
interpolation_fold0,interpolation,cpu_ready,1,model_structured,tree,True,0.0,per_operation,per_operation,constant,constant,20,1.0,1.0,,,,0,0,0,20,1.0,1.0,1.0,1.0,100.0,1.2970269240761343,1.0
interpolation_fold0,interpolation,cpu_ready,2,model_structured,tree,True,0.0,per_operation,per_operation,constant,constant,20,1.0,1.0,,,,0,0,0,20,1.0,1.0,1.0,1.0,100.0,5.188107696304537,1.0
interpolation_fold0,interpolation,cpu_ready,3,model_structured,tree,True,0.0,per_operation,per_operation,constant,constant,20,0.95,0.95,,0.0,,0,1,0,19,2.4125555476648857,1.0,2.4125555476649057,29.251110953297708,95.0,80.63131191537998,6.907362130239446
interpolation_fold0,interpolation,cpu_ready,5,model_structured,tree,True,0.0,per_operation,per_operation,constant,constant,20,0.95,0.95,,0.0,,0,1,0,19,1.518089806393044,1.0,1.5180898063930512,11.361796127860876,95.0,102.68146073502946,3.166671680564194
interpolation_fold0,interpolation,cpu_ready,10,model_structured,tree,True,0.0,per_operation,per_operation,constant,constant,20,0.95,0.95,,0.0,,0,1,0,19,1.1196929751046523,1.0,1.1196929751046538,3.3938595020930427,95.0,194.6267587479574,1.5005606679027816
interpolation_fold0,interpolation,cpu_ready,30,model_structured,tree,True,0.0,per_operation,per_operation,constant,constant,20,0.85,0.7745098039215685,0.4900980294098034,0.5,0.6666666666666666,2,2,1,15,5.744138269070964,1.0,23.2565157280747,75.26201805366195,85.0,721.8318491285941,1.6529955295756749
interpolation_fold0,interpolation,cpu_ready,100,model_structured,tree,True,0.0,per_operation,per_operation,constant,constant,20,0.85,0.7745098039215685,0.4900980294098034,0.5,0.6666666666666666,2,2,1,15,1.7532356433211902,1.0,5.590039232350821,9.921517547351495,85.0,4630.796497628572,2.754049195531782
interpolation_fold0,interpolation,cpu_ready,1000,model_structured,tree,True,0.0,per_operation,per_operation,constant,constant,20,0.8,0.7333333333333334,0.4666666666666667,0.6,0.6,3,2,2,13,4.6732016954322955,1.0,11.740888583180025,62.72296447585866,80.0,396895.72793179384,4.571675599001956
interpolation_fold0,interpolation,gpu_ready,1,model_structured,tree,True,0.0,per_operation,per_operation,constant,constant,20,1.0,1.0,1.0,1.0,1.0,18,0,0,2,1.0,1.0,1.0,1.0,100.0,0.10472538446405828,1.0
interpolation_fold0,interpolation,gpu_ready,2,model_structured,tree,True,0.0,per_operation,per_operation,constant,constant,20,0.95,0.9722222222222222,0.7934920476158722,1.0,0.9444444444444444,17,0,1,2,1.0476283223154776,1.0,1.0476283223154785,1.9525664463095556,95.0,0.4189282306523383,1.0001151423319625
interpolation_fold0,interpolation,gpu_ready,3,model_structured,tree,True,0.0,per_operation,per_operation,constant,constant,20,0.95,0.875,0.8401680504168059,0.9411764705882353,1.0,16,1,0,3,1.0344179268863507,1.0,1.0344179268863514,1.6883585377270163,95.0,0.9424525772455118,1.083091425755892
interpolation_fold0,interpolation,gpu_ready,5,model_structured,tree,True,0.0,per_operation,per_operation,constant,constant,20,0.9,0.8,0.7276068751089989,0.8823529411764706,1.0,15,2,0,3,1.1376072665057637,1.0,1.2416712133176027,3.63651872254657,90.0,2.6177036187982057,1.1580364920366761
interpolation_fold0,interpolation,gpu_ready,10,model_structured,tree,True,0.05,per_operation,per_operation,constant,constant,20,0.65,0.6318681318681318,0.25677629550654774,0.75,0.6923076923076923,9,3,4,4,2.690523188334006,1.0,10.577631818468527,12.344309788405862,65.0,42.57042314488859,5.077777305529785
interpolation_fold0,interpolation,gpu_ready,30,model_structured,tree,True,0.0,per_operation,per_operation,constant,constant,20,0.75,0.75,0.502518907629606,0.7777777777777778,0.7,7,2,3,8,2.8171912063258713,1.0,10.108033414702872,13.047815006844582,75.0,362.46209221288234,5.010662150799584
interpolation_fold0,interpolation,gpu_ready,100,model_structured,tree,True,0.0,per_operation,per_operation,constant,constant,20,0.8,0.7916666666666667,0.5833333333333334,0.75,0.75,6,2,2,10,2.8151928661161163,1.0,9.947612386144728,13.312463385074329,80.0,3948.435135827643,4.981242171634368
interpolation_fold0,interpolation,gpu_ready,1000,model_structured,tree,True,0.0,per_operation,per_operation,constant,constant,20,0.75,0.7261904761904762,0.43463356032809364,0.5714285714285714,0.6666666666666666,4,3,2,11,3.2748316710984575,1.0,10.659350522192637,13.417305938052449,75.0,391887.2841655428,4.968851588010792
interpolation_fold0,interpolation,none_ready,1,model_structured,tree,True,0.0,per_operation,per_operation,constant,constant,20,1.0,1.0,,,,0,0,0,20,1.0,1.0,1.0,1.0,100.0,2.466817330099965,1.0
interpolation_fold0,interpolation,none_ready,2,model_structured,tree,True,0.0,per_operation,per_operation,constant,constant,20,1.0,1.0,,,,0,0,0,20,1.0,1.0,1.0,1.0,100.0,6.875135238713041,1.0
interpolation_fold0,interpolation,none_ready,3,model_structured,tree,True,0.0,per_operation,per_operation,constant,constant,20,1.0,1.0,,,,0,0,0,20,1.0,1.0,1.0,1.0,100.0,13.877506995478386,1.0
interpolation_fold0,interpolation,none_ready,5,model_structured,tree,True,0.0,per_operation,per_operation,constant,constant,20,0.95,0.95,,0.0,,0,1,0,19,1.5129503712001668,1.0,1.512950371200174,11.259007424003334,95.0,105.85829944442195,2.96817733279118
interpolation_fold0,interpolation,none_ready,10,model_structured,tree,True,0.0,per_operation,per_operation,constant,constant,20,0.95,0.95,,0.0,,0,1,0,19,1.1189223832565847,1.0,1.1189223832565862,3.378447665131691,95.0,200.3279621410402,1.4781338779113185
interpolation_fold0,interpolation,none_ready,30,model_structured,tree,True,0.0,per_operation,per_operation,constant,constant,20,0.85,0.7745098039215685,0.4900980294098034,0.5,0.6666666666666666,2,2,1,15,5.3879666017556245,1.0,18.509933931628503,72.95717498996325,85.0,732.1375066121518,1.6652044813484768
interpolation_fold0,interpolation,none_ready,100,model_structured,tree,True,0.0,per_operation,per_operation,constant,constant,20,0.85,0.7745098039215685,0.4900980294098034,0.5,0.6666666666666666,2,2,1,15,1.739375409688514,1.0,5.626308032891569,9.828765861292979,85.0,4663.802901859556,2.759598309321971
interpolation_fold0,interpolation,none_ready,1000,model_structured,tree,True,0.0,per_operation,per_operation,constant,constant,20,0.8,0.7333333333333334,0.4666666666666667,0.6,0.6,3,2,2,13,4.609058456983111,1.0,11.682859436946634,61.42442482376188,80.0,397220.5307637674,4.573230118667052
interpolation_fold0,interpolation,cpu_ready,1,model_structured,random_forest,True,0.0,per_operation,per_operation,constant,constant,20,1.0,1.0,,,,0,0,0,20,1.0,1.0,1.0,1.0,100.0,1.2970269240761343,1.0
interpolation_fold0,interpolation,cpu_ready,2,model_structured,random_forest,True,0.0,per_operation,per_operation,constant,constant,20,1.0,1.0,,,,0,0,0,20,1.0,1.0,1.0,1.0,100.0,5.188107696304537,1.0
interpolation_fold0,interpolation,cpu_ready,3,model_structured,random_forest,True,0.0,per_operation,per_operation,constant,constant,20,1.0,1.0,,,,0,0,0,20,1.0,1.0,1.0,1.0,100.0,11.673242316685208,1.0
interpolation_fold0,interpolation,cpu_ready,5,model_structured,random_forest,True,0.0,per_operation,per_operation,constant,constant,20,1.0,1.0,,,,0,0,0,20,1.0,1.0,1.0,1.0,100.0,32.42567310190335,1.0
interpolation_fold0,interpolation,cpu_ready,10,model_structured,random_forest,True,0.0,per_operation,per_operation,constant,constant,20,1.0,1.0,,,,0,0,0,20,1.0,1.0,1.0,1.0,100.0,129.7026924076134,1.0
interpolation_fold0,interpolation,cpu_ready,30,model_structured,random_forest,True,0.0,per_operation,per_operation,constant,constant,20,0.95,0.8333333333333333,0.7934920476158722,1.0,0.6666666666666666,2,0,1,17,1.055068165051468,1.0,1.0550681650514688,2.1013633010293593,95.0,599.3906076230011,1.3726049855884916
interpolation_fold0,interpolation,cpu_ready,100,model_structured,random_forest,True,0.0,per_operation,per_operation,constant,constant,20,1.0,1.0,1.0,1.0,1.0,3,0,0,17,1.0,1.0,1.0,1.0,100.0,1681.4501734906037,1.0
interpolation_fold0,interpolation,cpu_ready,1000,model_structured,random_forest,True,0.0,per_operation,per_operation,constant,constant,20,0.9,0.8666666666666667,0.7333333333333333,0.8,0.8,4,1,1,14,1.184172400092676,1.0,1.2147849086771128,4.649434103426373,90.0,89835.04301040508,1.0347722214247113
interpolation_fold0,interpolation,gpu_ready,1,model_structured,random_forest,True,0.0,per_operation,per_operation,constant,constant,20,1.0,1.0,1.0,1.0,1.0,18,0,0,2,1.0,1.0,1.0,1.0,100.0,0.10472538446405828,1.0
interpolation_fold0,interpolation,gpu_ready,2,model_structured,random_forest,True,0.0,per_operation,per_operation,constant,constant,20,0.95,0.9722222222222222,0.7934920476158722,1.0,0.9444444444444444,17,0,1,2,1.0476283223154776,1.0,1.0476283223154785,1.9525664463095556,95.0,0.4189282306523383,1.0001151423319625
interpolation_fold0,interpolation,gpu_ready,3,model_structured,random_forest,True,0.0,per_operation,per_operation,constant,constant,20,1.0,1.0,1.0,1.0,1.0,16,0,0,4,1.0,1.0,1.0,1.0,100.0,0.8701505291557192,1.0
interpolation_fold0,interpolation,gpu_ready,5,model_structured,random_forest,True,0.0,per_operation,per_operation,constant,constant,20,0.95,0.9,0.8660254037844386,0.9375,1.0,15,1,0,4,1.0057813303784353,1.0,1.0057813303784355,1.1156266075687078,95.0,2.2605598265976754,1.0000409339060519
interpolation_fold0,interpolation,gpu_ready,10,model_structured,random_forest,True,0.0,per_operation,per_operation,constant,constant,20,0.85,0.8186813186813187,0.6633880657639324,0.8571428571428571,0.9230769230769231,12,2,1,5,1.1906889296554637,1.0,2.554808272087661,2.612171333071326,85.0,8.400560888204419,1.0020144100204282
interpolation_fold0,interpolation,gpu_ready,30,model_structured,random_forest,True,0.0,per_operation,per_operation,constant,constant,20,0.95,0.95,0.9045340337332909,0.9090909090909091,1.0,10,1,0,9,1.2443572303875634,1.0,1.244357230387567,5.887144607751269,95.0,72.36484295677391,1.0003688315055634
interpolation_fold0,interpolation,gpu_ready,100,model_structured,random_forest,True,0.0,per_operation,per_operation,constant,constant,20,0.95,0.9583333333333333,0.90267093384844,0.8888888888888888,1.0,8,1,0,11,1.3895349346901373,1.0,1.3895349346901429,8.790698693802746,95.0,792.9772327380373,1.0003992713514993
interpolation_fold0,interpolation,gpu_ready,1000,model_structured,random_forest,True,0.0,per_operation,per_operation,constant,constant,20,0.95,0.9642857142857143,0.8921425711997711,0.8571428571428571,1.0,6,1,0,13,1.4757097486994746,1.0,1.4757097486994812,10.514194973989488,95.0,78901.09888995098,1.0004097258473914
interpolation_fold0,interpolation,none_ready,1,model_structured,random_forest,True,0.0,per_operation,per_operation,constant,constant,20,1.0,1.0,,,,0,0,0,20,1.0,1.0,1.0,1.0,100.0,2.466817330099965,1.0
interpolation_fold0,interpolation,none_ready,2,model_structured,random_forest,True,0.0,per_operation,per_operation,constant,constant,20,1.0,1.0,,,,0,0,0,20,1.0,1.0,1.0,1.0,100.0,6.875135238713041,1.0
interpolation_fold0,interpolation,none_ready,3,model_structured,random_forest,True,0.0,per_operation,per_operation,constant,constant,20,1.0,1.0,,,,0,0,0,20,1.0,1.0,1.0,1.0,100.0,13.877506995478386,1.0
interpolation_fold0,interpolation,none_ready,5,model_structured,random_forest,True,0.0,per_operation,per_operation,constant,constant,20,1.0,1.0,,,,0,0,0,20,1.0,1.0,1.0,1.0,100.0,35.664412053465874,1.0
interpolation_fold0,interpolation,none_ready,10,model_structured,random_forest,True,0.0,per_operation,per_operation,constant,constant,20,1.0,1.0,,,,0,0,0,20,1.0,1.0,1.0,1.0,100.0,135.5276170410993,1.0
interpolation_fold0,interpolation,none_ready,30,model_structured,random_forest,True,0.0,per_operation,per_operation,constant,constant,20,0.95,0.8333333333333333,0.7934920476158722,1.0,0.6666666666666666,2,0,1,17,1.057893368987446,1.0,1.0578933689874468,2.1578673797489176,95.0,610.7253832801448,1.3890596177995118
interpolation_fold0,interpolation,none_ready,100,model_structured,random_forest,True,0.0,per_operation,per_operation,constant,constant,20,1.0,1.0,1.0,1.0,1.0,3,0,0,17,1.0,1.0,1.0,1.0,100.0,1690.0296271762265,1.0
interpolation_fold0,interpolation,none_ready,1000,model_structured,random_forest,True,0.0,per_operation,per_operation,constant,constant,20,0.9,0.8666666666666667,0.7333333333333333,0.8,0.8,4,1,1,14,1.1845931002287795,1.0,1.2143297005629954,4.6588213375375735,90.0,89883.40276429642,1.034834437937004
interpolation_fold1,interpolation,cpu_ready,1,model_structured,ridge,False,0.0,per_operation,per_operation,constant,constant,20,1.0,1.0,,,,0,0,0,20,1.0,1.0,1.0,1.0,100.0,8.244127224726086,1.0
interpolation_fold1,interpolation,cpu_ready,2,model_structured,ridge,False,0.0,per_operation,per_operation,constant,constant,20,1.0,1.0,,,,0,0,0,20,1.0,1.0,1.0,1.0,100.0,32.97650889890434,1.0
interpolation_fold1,interpolation,cpu_ready,3,model_structured,ridge,False,0.0,per_operation,per_operation,constant,constant,20,1.0,1.0,,,,0,0,0,20,1.0,1.0,1.0,1.0,100.0,74.19714502253477,1.0
interpolation_fold1,interpolation,cpu_ready,5,model_structured,ridge,False,0.0,per_operation,per_operation,constant,constant,20,1.0,1.0,1.0,1.0,1.0,1,0,0,19,1.0,1.0,1.0,1.0,100.0,180.55933995989017,1.0
interpolation_fold1,interpolation,cpu_ready,10,model_structured,ridge,False,0.0,per_operation,per_operation,constant,constant,20,0.95,0.8333333333333333,0.7934920476158722,1.0,0.6666666666666666,2,0,1,17,1.0096666885232994,1.0,1.0096666885232997,1.193333770465989,95.0,384.05931609788337,1.0730693499782176
interpolation_fold1,interpolation,cpu_ready,30,model_structured,ridge,False,0.0,per_operation,per_operation,constant,constant,20,1.0,1.0,1.0,1.0,1.0,3,0,0,17,1.0,1.0,1.0,1.0,100.0,1020.230199741427,1.0
interpolation_fold1,interpolation,cpu_ready,100,model_structured,ridge,False,0.0,per_operation,per_operation,constant,constant,20,1.0,1.0,1.0,1.0,1.0,4,0,0,16,1.0,1.0,1.0,1.0,100.0,6013.898866627013,1.0
interpolation_fold1,interpolation,cpu_ready,1000,model_structured,ridge,False,0.0,per_operation,per_operation,constant,constant,20,1.0,1.0,1.0,1.0,1.0,6,0,0,14,1.0,1.0,1.0,1.0,100.0,426595.8908117367,1.0
interpolation_fold1,interpolation,gpu_ready,1,model_structured,ridge,False,0.05,per_operation,per_operation,constant,constant,20,0.9,0.7222222222222222,0.4444444444444444,0.9444444444444444,0.9444444444444444,17,1,1,1,1.131693708289118,1.0,2.107891036955673,2.549210467263969,90.0,0.61622459280969,1.1816021600033686
interpolation_fold1,interpolation,gpu_ready,2,model_structured,ridge,False,0.0,per_operation,per_operation,constant,constant,20,0.95,0.875,0.8401680504168059,0.9411764705882353,1.0,16,1,0,3,1.0200166670228632,1.0,1.0200166670228636,1.4003333404572658,95.0,1.8736994407934944,1.027415684023663
interpolation_fold1,interpolation,gpu_ready,3,model_structured,ridge,False,0.05,per_operation,per_operation,constant,constant,20,0.95,0.875,0.8401680504168059,0.9411764705882353,1.0,16,1,0,3,1.0395552008319675,1.0,1.039555200831968,1.7911040166393493,95.0,4.106369238451846,1.0441958781107143
interpolation_fold1,interpolation,gpu_ready,5,model_structured,ridge,False,0.0,per_operation,per_operation,constant,constant,20,0.95,0.9,0.8660254037844386,0.9375,1.0,15,1,0,4,1.0618062442639464,1.0,1.0618062442639473,2.236124885278929,95.0,11.213020604426134,1.056956500365583
interpolation_fold1,interpolation,gpu_ready,10,model_structured,ridge,False,0.0,per_operation,per_operation,constant,constant,20,0.95,0.9666666666666667,0.8819171036881969,1.0,0.9333333333333333,14,0,1,5,1.0276117747115028,1.0,1.0276117747115032,1.552235494230056,95.0,41.639646030453584,1.0000027132639302
interpolation_fold1,interpolation,gpu_ready,30,model_structured,ridge,False,0.0,per_operation,per_operation,constant,constant,20,1.0,1.0,1.0,1.0,1.0,11,0,0,9,1.0,1.0,1.0,1.0,100.0,370.31690444601367,1.0
interpolation_fold1,interpolation,gpu_ready,100,model_structured,ridge,False,0.05,per_operation,per_operation,constant,constant,20,0.95,0.9545454545454546,0.9045340337332909,0.9,1.0,9,1,0,10,1.0105607910791865,1.0,1.0105607910791867,1.2112158215837323,95.0,4097.075904250776,1.0000392772467341
interpolation_fold1,interpolation,gpu_ready,1000,model_structured,ridge,False,0.0,per_operation,per_operation,constant,constant,20,1.0,1.0,1.0,1.0,1.0,7,0,0,13,1.0,1.0,1.0,1.0,100.0,409018.5217798264,1.0
interpolation_fold1,interpolation,none_ready,1,model_structured,ridge,False,0.0,per_operation,per_operation,constant,constant,20,1.0,1.0,,,,0,0,0,20,1.0,1.0,1.0,1.0,100.0,10.262041577135918,1.0
interpolation_fold1,interpolation,none_ready,2,model_structured,ridge,False,0.0,per_operation,per_operation,constant,constant,20,1.0,1.0,,,,0,0,0,20,1.0,1.0,1.0,1.0,100.0,36.39565571757142,1.0
interpolation_fold1,interpolation,none_ready,3,model_structured,ridge,False,0.0,per_operation,per_operation,constant,constant,20,1.0,1.0,,,,0,0,0,20,1.0,1.0,1.0,1.0,100.0,79.01752430745908,1.0
interpolation_fold1,interpolation,none_ready,5,model_structured,ridge,False,0.0,per_operation,per_operation,constant,constant,20,1.0,1.0,1.0,1.0,1.0,1,0,0,19,1.0,1.0,1.0,1.0,100.0,185.15549621083542,1.0
interpolation_fold1,interpolation,none_ready,10,model_structured,ridge,False,0.0,per_operation,per_operation,constant,constant,20,0.95,0.8333333333333333,0.7934920476158722,1.0,0.6666666666666666,2,0,1,17,1.012085340962458,1.0,1.0120853409624582,1.2417068192491605,95.0,392.5866975377185,1.0908480523346524
interpolation_fold1,interpolation,none_ready,30,model_structured,ridge,False,0.0,per_operation,per_operation,constant,constant,20,1.0,1.0,1.0,1.0,1.0,3,0,0,17,1.0,1.0,1.0,1.0,100.0,1025.1212133088175,1.0
interpolation_fold1,interpolation,none_ready,100,model_structured,ridge,False,0.0,per_operation,per_operation,constant,constant,20,1.0,1.0,1.0,1.0,1.0,4,0,0,16,1.0,1.0,1.0,1.0,100.0,6027.2586393500815,1.0
interpolation_fold1,interpolation,none_ready,1000,model_structured,ridge,False,0.0,per_operation,per_operation,constant,constant,20,1.0,1.0,1.0,1.0,1.0,6,0,0,14,1.0,1.0,1.0,1.0,100.0,426667.6277732648,1.0
interpolation_fold1,interpolation,cpu_ready,1,model_structured,elasticnet,False,0.0,per_operation,per_operation,constant,constant,20,1.0,1.0,,,,0,0,0,20,1.0,1.0,1.0,1.0,100.0,8.244127224726086,1.0
interpolation_fold1,interpolation,cpu_ready,2,model_structured,elasticnet,False,0.0,per_operation,per_operation,constant,constant,20,1.0,1.0,,,,0,0,0,20,1.0,1.0,1.0,1.0,100.0,32.97650889890434,1.0
interpolation_fold1,interpolation,cpu_ready,3,model_structured,elasticnet,False,0.0,per_operation,per_operation,constant,constant,20,1.0,1.0,,,,0,0,0,20,1.0,1.0,1.0,1.0,100.0,74.19714502253477,1.0
interpolation_fold1,interpolation,cpu_ready,5,model_structured,elasticnet,False,0.0,per_operation,per_operation,constant,constant,20,0.95,0.5,,,0.0,0,0,1,19,1.017599273521809,1.0,1.0175992735218091,1.351985470436177,95.0,206.10318061815204,1.1414706138377346
interpolation_fold1,interpolation,cpu_ready,10,model_structured,elasticnet,False,0.0,per_operation,per_operation,constant,constant,20,0.95,0.8333333333333333,0.7934920476158722,1.0,0.6666666666666666,2,0,1,17,1.0096666885232994,1.0,1.0096666885232997,1.193333770465989,95.0,384.05931609788337,1.0730693499782176
interpolation_fold1,interpolation,cpu_ready,30,model_structured,elasticnet,False,0.0,per_operation,per_operation,constant,constant,20,1.0,1.0,1.0,1.0,1.0,3,0,0,17,1.0,1.0,1.0,1.0,100.0,1020.230199741427,1.0
interpolation_fold1,interpolation,cpu_ready,100,model_structured,elasticnet,False,0.0,per_operation,per_operation,constant,constant,20,0.95,0.875,0.8401680504168059,1.0,0.75,3,0,1,16,1.0467462816378248,1.0,1.0467462816378255,1.934925632756496,95.0,6129.605585766345,1.0192398844252974
interpolation_fold1,interpolation,cpu_ready,1000,model_structured,elasticnet,False,0.0,per_operation,per_operation,constant,constant,20,1.0,1.0,1.0,1.0,1.0,6,0,0,14,1.0,1.0,1.0,1.0,100.0,426595.8908117367,1.0
interpolation_fold1,interpolation,gpu_ready,1,model_structured,elasticnet,False,0.0,per_operation,per_operation,constant,constant,20,0.9,0.7222222222222222,0.4444444444444444,0.9444444444444444,0.9444444444444444,17,1,1,1,1.131693708289118,1.0,2.107891036955673,2.549210467263969,90.0,0.61622459280969,1.1816021600033686
interpolation_fold1,interpolation,gpu_ready,2,model_structured,elasticnet,False,0.0,per_operation,per_operation,constant,constant,20,0.95,0.875,0.8401680504168059,0.9411764705882353,1.0,16,1,0,3,1.0200166670228632,1.0,1.0200166670228636,1.4003333404572658,95.0,1.8736994407934944,1.027415684023663
interpolation_fold1,interpolation,gpu_ready,3,model_structured,elasticnet,False,0.0,per_operation,per_operation,constant,constant,20,0.9,0.84375,0.6875,0.9375,0.9375,15,1,1,3,1.0627427741273123,1.0,1.4801190934435229,1.7911040166393493,90.0,4.106710012715141,1.044282532539587
interpolation_fold1,interpolation,gpu_ready,5,model_structured,elasticnet,False,0.05,per_operation,per_operation,constant,constant,20,0.95,0.9,0.8660254037844386,0.9375,1.0,15,1,0,4,1.0618062442639464,1.0,1.0618062442639473,2.236124885278929,95.0,11.213020604426134,1.056956500365583
interpolation_fold1,interpolation,gpu_ready,10,model_structured,elasticnet,False,0.0,per_operation,per_operation,constant,constant,20,0.9,0.8666666666666667,0.7333333333333333,0.9333333333333333,0.9333333333333333,14,1,1,4,1.1121074885427773,1.0,1.6091194333498289,2.6899142766254958,90.0,44.38645675488556,1.0659691284261898
interpolation_fold1,interpolation,gpu_ready,30,model_structured,elasticnet,False,0.0,per_operation,per_operation,constant,constant,20,1.0,1.0,1.0,1.0,1.0,11,0,0,9,1.0,1.0,1.0,1.0,100.0,370.31690444601367,1.0
interpolation_fold1,interpolation,gpu_ready,100,model_structured,elasticnet,False,0.0,per_operation,per_operation,constant,constant,20,1.0,1.0,1.0,1.0,1.0,9,0,0,11,1.0,1.0,1.0,1.0,100.0,4096.914988709916,1.0
interpolation_fold1,interpolation,gpu_ready,1000,model_structured,elasticnet,False,0.0,per_operation,per_operation,constant,constant,20,1.0,1.0,1.0,1.0,1.0,7,0,0,13,1.0,1.0,1.0,1.0,100.0,409018.5217798264,1.0
interpolation_fold1,interpolation,none_ready,1,model_structured,elasticnet,False,0.0,per_operation,per_operation,constant,constant,20,1.0,1.0,,,,0,0,0,20,1.0,1.0,1.0,1.0,100.0,10.262041577135918,1.0
interpolation_fold1,interpolation,none_ready,2,model_structured,elasticnet,False,0.0,per_operation,per_operation,constant,constant,20,1.0,1.0,,,,0,0,0,20,1.0,1.0,1.0,1.0,100.0,36.39565571757142,1.0
interpolation_fold1,interpolation,none_ready,3,model_structured,elasticnet,False,0.0,per_operation,per_operation,constant,constant,20,1.0,1.0,,,,0,0,0,20,1.0,1.0,1.0,1.0,100.0,79.01752430745908,1.0
interpolation_fold1,interpolation,none_ready,5,model_structured,elasticnet,False,0.0,per_operation,per_operation,constant,constant,20,0.95,0.5,,,0.0,0,0,1,19,1.0196846102611086,1.0,1.0196846102611088,1.393692205222169,95.0,213.7260248355909,1.1543055929175463
interpolation_fold1,interpolation,none_ready,10,model_structured,elasticnet,False,0.0,per_operation,per_operation,constant,constant,20,0.95,0.8333333333333333,0.7934920476158722,1.0,0.6666666666666666,2,0,1,17,1.012085340962458,1.0,1.0120853409624582,1.2417068192491605,95.0,392.5866975377185,1.0908480523346524
interpolation_fold1,interpolation,none_ready,30,model_structured,elasticnet,False,0.0,per_operation,per_operation,constant,constant,20,1.0,1.0,1.0,1.0,1.0,3,0,0,17,1.0,1.0,1.0,1.0,100.0,1025.1212133088175,1.0
interpolation_fold1,interpolation,none_ready,100,model_structured,elasticnet,False,0.0,per_operation,per_operation,constant,constant,20,0.95,0.875,0.8401680504168059,1.0,0.75,3,0,1,16,1.0474354156564654,1.0,1.0474354156564663,1.948708313129311,95.0,6144.671107771505,1.0194802439130246
interpolation_fold1,interpolation,none_ready,1000,model_structured,elasticnet,False,0.0,per_operation,per_operation,constant,constant,20,1.0,1.0,1.0,1.0,1.0,6,0,0,14,1.0,1.0,1.0,1.0,100.0,426667.6277732648,1.0
interpolation_fold1,interpolation,cpu_ready,1,model_structured,huber,False,0.0,per_operation,per_operation,constant,constant,20,1.0,1.0,,,,0,0,0,20,1.0,1.0,1.0,1.0,100.0,8.244127224726086,1.0
interpolation_fold1,interpolation,cpu_ready,2,model_structured,huber,False,0.0,per_operation,per_operation,constant,constant,20,1.0,1.0,,,,0,0,0,20,1.0,1.0,1.0,1.0,100.0,32.97650889890434,1.0
interpolation_fold1,interpolation,cpu_ready,3,model_structured,huber,False,0.0,per_operation,per_operation,constant,constant,20,1.0,1.0,,,,0,0,0,20,1.0,1.0,1.0,1.0,100.0,74.19714502253477,1.0
interpolation_fold1,interpolation,cpu_ready,5,model_structured,huber,False,0.0,per_operation,per_operation,constant,constant,20,0.95,0.9736842105263157,0.6882472016116853,0.5,1.0,1,1,0,18,1.0128428667072489,1.0,1.012842866707249,1.2568573341449794,95.0,197.55244216856212,1.094113670400251
interpolation_fold1,interpolation,cpu_ready,10,model_structured,huber,False,0.0,per_operation,per_operation,constant,constant,20,1.0,1.0,1.0,1.0,1.0,3,0,0,17,1.0,1.0,1.0,1.0,100.0,357.90726489921593,1.0
interpolation_fold1,interpolation,cpu_ready,30,model_structured,huber,False,0.0,per_operation,per_operation,constant,constant,20,1.0,1.0,1.0,1.0,1.0,3,0,0,17,1.0,1.0,1.0,1.0,100.0,1020.230199741427,1.0
interpolation_fold1,interpolation,cpu_ready,100,model_structured,huber,False,0.0,per_operation,per_operation,constant,constant,20,1.0,1.0,1.0,1.0,1.0,4,0,0,16,1.0,1.0,1.0,1.0,100.0,6013.898866627013,1.0
interpolation_fold1,interpolation,cpu_ready,1000,model_structured,huber,False,0.0,per_operation,per_operation,constant,constant,20,1.0,1.0,1.0,1.0,1.0,6,0,0,14,1.0,1.0,1.0,1.0,100.0,426595.8908117367,1.0
interpolation_fold1,interpolation,gpu_ready,1,model_structured,huber,False,0.0,per_operation,per_operation,constant,constant,20,0.95,0.9722222222222222,0.7934920476158722,1.0,0.9444444444444444,17,0,1,2,1.0774605233631984,1.0,1.0774605233631995,2.549210467263969,95.0,0.5215923053848183,1.0001460536875648
interpolation_fold1,interpolation,gpu_ready,2,model_structured,huber,False,0.0,per_operation,per_operation,constant,constant,20,0.95,0.875,0.8401680504168059,0.9411764705882353,1.0,16,1,0,3,1.0200166670228632,1.0,1.0200166670228636,1.4003333404572658,95.0,1.8736994407934944,1.027415684023663
interpolation_fold1,interpolation,gpu_ready,3,model_structured,huber,False,0.05,per_operation,per_operation,constant,constant,20,0.95,0.875,0.8401680504168059,0.9411764705882353,1.0,16,1,0,3,1.0395552008319675,1.0,1.039555200831968,1.7911040166393493,95.0,4.106369238451846,1.0441958781107143
interpolation_fold1,interpolation,gpu_ready,5,model_structured,huber,False,0.0,per_operation,per_operation,constant,constant,20,0.95,0.9,0.8660254037844386,0.9375,1.0,15,1,0,4,1.0618062442639464,1.0,1.0618062442639473,2.236124885278929,95.0,11.213020604426134,1.056956500365583
interpolation_fold1,interpolation,gpu_ready,10,model_structured,huber,False,0.0,per_operation,per_operation,constant,constant,20,0.95,0.9666666666666667,0.8819171036881969,1.0,0.9333333333333333,14,0,1,5,1.0276117747115028,1.0,1.0276117747115032,1.552235494230056,95.0,41.639646030453584,1.0000027132639302
interpolation_fold1,interpolation,gpu_ready,30,model_structured,huber,False,0.0,per_operation,per_operation,constant,constant,20,1.0,1.0,1.0,1.0,1.0,11,0,0,9,1.0,1.0,1.0,1.0,100.0,370.31690444601367,1.0
interpolation_fold1,interpolation,gpu_ready,100,model_structured,huber,False,0.0,per_operation,per_operation,constant,constant,20,0.95,0.9545454545454546,0.9045340337332909,0.9,1.0,9,1,0,10,1.0105607910791865,1.0,1.0105607910791867,1.2112158215837323,95.0,4097.075904250776,1.0000392772467341
interpolation_fold1,interpolation,gpu_ready,1000,model_structured,huber,False,0.0,per_operation,per_operation,constant,constant,20,1.0,1.0,1.0,1.0,1.0,7,0,0,13,1.0,1.0,1.0,1.0,100.0,409018.5217798264,1.0
interpolation_fold1,interpolation,none_ready,1,model_structured,huber,False,0.0,per_operation,per_operation,constant,constant,20,1.0,1.0,,,,0,0,0,20,1.0,1.0,1.0,1.0,100.0,10.262041577135918,1.0
interpolation_fold1,interpolation,none_ready,2,model_structured,huber,False,0.0,per_operation,per_operation,constant,constant,20,1.0,1.0,,,,0,0,0,20,1.0,1.0,1.0,1.0,100.0,36.39565571757142,1.0
interpolation_fold1,interpolation,none_ready,3,model_structured,huber,False,0.0,per_operation,per_operation,constant,constant,20,1.0,1.0,,,,0,0,0,20,1.0,1.0,1.0,1.0,100.0,79.01752430745908,1.0
interpolation_fold1,interpolation,none_ready,5,model_structured,huber,False,0.0,per_operation,per_operation,constant,constant,20,0.95,0.9736842105263157,0.6882472016116853,0.5,1.0,1,1,0,18,1.0128091186013666,1.0,1.0128091186013668,1.2561823720273328,95.0,202.11305105539012,1.0915854791868842
interpolation_fold1,interpolation,none_ready,10,model_structured,huber,False,0.0,per_operation,per_operation,constant,constant,20,1.0,1.0,1.0,1.0,1.0,3,0,0,17,1.0,1.0,1.0,1.0,100.0,359.891276055815,1.0
interpolation_fold1,interpolation,none_ready,30,model_structured,huber,False,0.0,per_operation,per_operation,constant,constant,20,1.0,1.0,1.0,1.0,1.0,3,0,0,17,1.0,1.0,1.0,1.0,100.0,1025.1212133088175,1.0
interpolation_fold1,interpolation,none_ready,100,model_structured,huber,False,0.0,per_operation,per_operation,constant,constant,20,1.0,1.0,1.0,1.0,1.0,4,0,0,16,1.0,1.0,1.0,1.0,100.0,6027.2586393500815,1.0
interpolation_fold1,interpolation,none_ready,1000,model_structured,huber,False,0.0,per_operation,per_operation,constant,constant,20,1.0,1.0,1.0,1.0,1.0,6,0,0,14,1.0,1.0,1.0,1.0,100.0,426667.6277732648,1.0
interpolation_fold1,interpolation,cpu_ready,1,model_structured,tree,False,0.0,per_operation,per_operation,constant,constant,20,1.0,1.0,,,,0,0,0,20,1.0,1.0,1.0,1.0,100.0,8.244127224726086,1.0
interpolation_fold1,interpolation,cpu_ready,2,model_structured,tree,False,0.0,per_operation,per_operation,constant,constant,20,1.0,1.0,,,,0,0,0,20,1.0,1.0,1.0,1.0,100.0,32.97650889890434,1.0
interpolation_fold1,interpolation,cpu_ready,3,model_structured,tree,False,0.0,per_operation,per_operation,constant,constant,20,1.0,1.0,,,,0,0,0,20,1.0,1.0,1.0,1.0,100.0,74.19714502253477,1.0
interpolation_fold1,interpolation,cpu_ready,5,model_structured,tree,False,0.0,per_operation,per_operation,constant,constant,20,0.95,0.5,,,0.0,0,0,1,19,1.017599273521809,1.0,1.0175992735218091,1.351985470436177,95.0,206.10318061815204,1.1414706138377346
interpolation_fold1,interpolation,cpu_ready,10,model_structured,tree,False,0.0,per_operation,per_operation,constant,constant,20,0.85,0.5,,,0.0,0,0,3,17,1.225788790513779,1.0,2.2618180748703463,4.160557625498627,85.0,824.4127224726082,2.303425505220624
interpolation_fold1,interpolation,cpu_ready,30,model_structured,tree,False,0.0,per_operation,per_operation,constant,constant,20,0.9,0.6666666666666666,0.5461186812727502,1.0,0.3333333333333333,1,0,2,17,1.4165265104914877,1.0,3.756249180026041,6.730838354791365,90.0,4097.265048882904,4.016020158902705
interpolation_fold1,interpolation,cpu_ready,100,model_structured,tree,False,0.1,per_operation,per_operation,constant,constant,20,0.85,0.625,0.4588314677411235,1.0,0.25,1,0,3,16,1.903446610010287,1.0,6.843876674092184,12.592699516649557,85.0,44165.620513857146,7.343924713956506
interpolation_fold1,interpolation,cpu_ready,1000,model_structured,tree,False,0.0,per_operation,per_operation,constant,constant,20,0.95,0.9166666666666667,0.8819171036881969,1.0,0.8333333333333334,5,0,1,14,1.1213999451828258,1.0,1.1213999451828274,3.4279989036565137,95.0,433678.9323418175,1.0166036328118468
interpolation_fold1,interpolation,gpu_ready,1,model_structured,tree,False,0.0,per_operation,per_operation,constant,constant,20,0.95,0.9722222222222222,0.7934920476158722,1.0,0.9444444444444444,17,0,1,2,1.0774605233631984,1.0,1.0774605233631995,2.549210467263969,95.0,0.5215923053848183,1.0001460536875648
interpolation_fold1,interpolation,gpu_ready,2,model_structured,tree,False,0.0,per_operation,per_operation,constant,constant,20,0.95,0.875,0.8401680504168059,0.9411764705882353,1.0,16,1,0,3,1.0200166670228632,1.0,1.0200166670228636,1.4003333404572658,95.0,1.8736994407934944,1.027415684023663
interpolation_fold1,interpolation,gpu_ready,3,model_structured,tree,False,0.0,per_operation,per_operation,constant,constant,20,1.0,1.0,1.0,1.0,1.0,16,0,0,4,1.0,1.0,1.0,1.0,100.0,3.9325660295476235,1.0
interpolation_fold1,interpolation,gpu_ready,5,model_structured,tree,False,0.0,per_operation,per_operation,constant,constant,20,0.95,0.9,0.8660254037844386,0.9375,1.0,15,1,0,4,1.0112980991930651,1.0,1.0112980991930653,1.2259619838613038,95.0,10.60915775113829,1.0000354627051373
interpolation_fold1,interpolation,gpu_ready,10,model_structured,tree,False,0.0,per_operation,per_operation,constant,constant,20,0.95,0.9,0.8660254037844386,0.9375,1.0,15,1,0,4,1.060450265868443,1.0,1.0604502658684438,2.2090053173688604,95.0,41.64400164061925,1.0001073160259326
interpolation_fold1,interpolation,gpu_ready,30,model_structured,tree,False,0.0,per_operation,per_operation,constant,constant,20,0.7,0.696969696969697,0.3939393939393939,0.7272727272727273,0.7272727272727273,8,3,3,6,1.6144087432976046,1.0,3.800244971997895,5.450207582508397,70.0,379.375869101595,1.0244627359616039
interpolation_fold1,interpolation,gpu_ready,100,model_structured,tree,False,0.0,per_operation,per_operation,constant,constant,20,0.75,0.7525252525252526,0.502518907629606,0.7,0.7777777777777778,7,3,2,8,1.7573603254787051,1.0,4.876190981080397,5.844859430310296,75.0,4182.198126564966,1.0208164284809593
interpolation_fold1,interpolation,gpu_ready,1000,model_structured,tree,False,0.0,per_operation,per_operation,constant,constant,20,0.75,0.7417582417582418,0.47075654176200415,0.625,0.7142857142857143,5,3,2,10,1.972155738589592,1.0,5.27986551561549,9.26218650966248,75.0,417038.6998649883,1.0196083493976322
interpolation_fold1,interpolation,none_ready,1,model_structured,tree,False,0.0,per_operation,per_operation,constant,constant,20,1.0,1.0,,,,0,0,0,20,1.0,1.0,1.0,1.0,100.0,10.262041577135918,1.0
interpolation_fold1,interpolation,none_ready,2,model_structured,tree,False,0.0,per_operation,per_operation,constant,constant,20,1.0,1.0,,,,0,0,0,20,1.0,1.0,1.0,1.0,100.0,36.39565571757142,1.0
interpolation_fold1,interpolation,none_ready,3,model_structured,tree,False,0.0,per_operation,per_operation,constant,constant,20,1.0,1.0,,,,0,0,0,20,1.0,1.0,1.0,1.0,100.0,79.01752430745908,1.0
interpolation_fold1,interpolation,none_ready,5,model_structured,tree,False,0.0,per_operation,per_operation,constant,constant,20,0.95,0.5,,,0.0,0,0,1,19,1.0196846102611086,1.0,1.0196846102611088,1.393692205222169,95.0,213.7260248355909,1.1543055929175463
interpolation_fold1,interpolation,none_ready,10,model_structured,tree,False,0.0,per_operation,per_operation,constant,constant,20,0.85,0.5,,,0.0,0,0,3,17,1.2314330364526822,1.0,2.2655671151586327,4.224487887950698,85.0,839.0417290213335,2.331375570468698
interpolation_fold1,interpolation,none_ready,30,model_structured,tree,False,0.0,per_operation,per_operation,constant,constant,20,0.9,0.6666666666666666,0.5461186812727502,1.0,0.3333333333333333,1,0,2,17,1.418972982548352,1.0,3.8021884131146946,6.731442505893328,90.0,4121.8732968616205,4.020864306921632
interpolation_fold1,interpolation,none_ready,100,model_structured,tree,False,0.1,per_operation,per_operation,constant,constant,20,0.85,0.625,0.4588314677411235,1.0,0.25,1,0,3,16,1.9054669502469117,1.0,6.868864311803067,12.593038717128238,85.0,44246.262618673616,7.341026039566917
interpolation_fold1,interpolation,none_ready,1000,model_structured,tree,False,0.0,per_operation,per_operation,constant,constant,20,0.95,0.9166666666666667,0.8819171036881969,1.0,0.8333333333333334,5,0,1,14,1.1223501358221994,1.0,1.1223501358222012,3.4470027164439885,95.0,433806.10787665,1.0167307750546726
interpolation_fold1,interpolation,cpu_ready,1,model_structured,random_forest,False,0.0,per_operation,per_operation,constant,constant,20,1.0,1.0,,,,0,0,0,20,1.0,1.0,1.0,1.0,100.0,8.244127224726086,1.0
interpolation_fold1,interpolation,cpu_ready,2,model_structured,random_forest,False,0.0,per_operation,per_operation,constant,constant,20,1.0,1.0,,,,0,0,0,20,1.0,1.0,1.0,1.0,100.0,32.97650889890434,1.0
interpolation_fold1,interpolation,cpu_ready,3,model_structured,random_forest,False,0.0,per_operation,per_operation,constant,constant,20,1.0,1.0,,,,0,0,0,20,1.0,1.0,1.0,1.0,100.0,74.19714502253477,1.0
interpolation_fold1,interpolation,cpu_ready,5,model_structured,random_forest,False,0.05,per_operation,per_operation,constant,constant,20,0.95,0.5,,,0.0,0,0,1,19,1.017599273521809,1.0,1.0175992735218091,1.351985470436177,95.0,206.10318061815204,1.1414706138377346
interpolation_fold1,interpolation,cpu_ready,10,model_structured,random_forest,False,0.0,per_operation,per_operation,constant,constant,20,0.9,0.6666666666666666,0.5461186812727502,1.0,0.3333333333333333,1,0,2,17,1.1676945697982308,1.0,1.341694963217623,4.160557625498627,90.0,682.1892933671987,1.906050422193297
interpolation_fold1,interpolation,cpu_ready,30,model_structured,random_forest,False,0.0,per_operation,per_operation,constant,constant,20,1.0,1.0,1.0,1.0,1.0,3,0,0,17,1.0,1.0,1.0,1.0,100.0,1020.230199741427,1.0
interpolation_fold1,interpolation,cpu_ready,100,model_structured,random_forest,False,0.0,per_operation,per_operation,constant,constant,20,0.95,0.875,0.8401680504168059,1.0,0.75,3,0,1,16,1.0467462816378248,1.0,1.0467462816378255,1.934925632756496,95.0,6129.605585766345,1.0192398844252974
interpolation_fold1,interpolation,cpu_ready,1000,model_structured,random_forest,False,0.0,per_operation,per_operation,constant,constant,20,1.0,1.0,1.0,1.0,1.0,6,0,0,14,1.0,1.0,1.0,1.0,100.0,426595.8908117367,1.0
interpolation_fold1,interpolation,gpu_ready,1,model_structured,random_forest,False,0.0,per_operation,per_operation,constant,constant,20,0.95,0.9722222222222222,0.7934920476158722,1.0,0.9444444444444444,17,0,1,2,1.0774605233631984,1.0,1.0774605233631995,2.549210467263969,95.0,0.5215923053848183,1.0001460536875648
interpolation_fold1,interpolation,gpu_ready,2,model_structured,random_forest,False,0.0,per_operation,per_operation,constant,constant,20,0.95,0.875,0.8401680504168059,0.9411764705882353,1.0,16,1,0,3,1.0200166670228632,1.0,1.0200166670228636,1.4003333404572658,95.0,1.8736994407934944,1.027415684023663
interpolation_fold1,interpolation,gpu_ready,3,model_structured,random_forest,False,0.0,per_operation,per_operation,constant,constant,20,0.95,0.875,0.8401680504168059,0.9411764705882353,1.0,16,1,0,3,1.0395552008319675,1.0,1.039555200831968,1.7911040166393493,95.0,4.106369238451846,1.0441958781107143
interpolation_fold1,interpolation,gpu_ready,5,model_structured,random_forest,False,0.1,per_operation,per_operation,constant,constant,20,0.9,0.8,0.7276068751089989,0.8823529411764706,1.0,15,2,0,3,1.0731043434570116,1.0,1.2764701289321858,2.236124885278929,90.0,11.213396820517577,1.0569919630707203
interpolation_fold1,interpolation,gpu_ready,10,model_structured,random_forest,False,0.0,per_operation,per_operation,constant,constant,20,1.0,1.0,1.0,1.0,1.0,15,0,0,5,1.0,1.0,1.0,1.0,100.0,41.63953305141048,1.0
interpolation_fold1,interpolation,gpu_ready,30,model_structured,random_forest,False,0.0,per_operation,per_operation,constant,constant,20,0.95,0.9545454545454546,0.9045340337332909,1.0,0.9090909090909091,10,0,1,9,1.0432617942071452,1.0,1.0432617942071458,1.8652358841429029,95.0,370.4015106265785,1.0002284696689485
interpolation_fold1,interpolation,gpu_ready,100,model_structured,random_forest,False,0.0,per_operation,per_operation,constant,constant,20,0.95,0.9444444444444444,0.90267093384844,1.0,0.8888888888888888,8,0,1,11,1.0373645058486387,1.0,1.0373645058486392,1.747290116972773,95.0,4097.726910685691,1.0001981788682492
interpolation_fold1,interpolation,gpu_ready,1000,model_structured,random_forest,False,0.0,per_operation,per_operation,constant,constant,20,0.95,0.9285714285714286,0.8921425711997711,1.0,0.8571428571428571,6,0,1,13,1.0351276100882847,1.0,1.0351276100882851,1.7025522017656944,95.0,409094.85325521824,1.0001866210729522
interpolation_fold1,interpolation,none_ready,1,model_structured,random_forest,False,0.0,per_operation,per_operation,constant,constant,20,1.0,1.0,,,,0,0,0,20,1.0,1.0,1.0,1.0,100.0,10.262041577135918,1.0
interpolation_fold1,interpolation,none_ready,2,model_structured,random_forest,False,0.0,per_operation,per_operation,constant,constant,20,1.0,1.0,,,,0,0,0,20,1.0,1.0,1.0,1.0,100.0,36.39565571757142,1.0
interpolation_fold1,interpolation,none_ready,3,model_structured,random_forest,False,0.0,per_operation,per_operation,constant,constant,20,1.0,1.0,,,,0,0,0,20,1.0,1.0,1.0,1.0,100.0,79.01752430745908,1.0
interpolation_fold1,interpolation,none_ready,5,model_structured,random_forest,False,0.05,per_operation,per_operation,constant,constant,20,0.95,0.5,,,0.0,0,0,1,19,1.0196846102611086,1.0,1.0196846102611088,1.393692205222169,95.0,213.7260248355909,1.1543055929175463
interpolation_fold1,interpolation,none_ready,10,model_structured,random_forest,False,0.0,per_operation,per_operation,constant,constant,20,0.9,0.6666666666666666,0.5461186812727502,1.0,0.3333333333333333,1,0,2,17,1.1733097353599928,1.0,1.3908458726842394,4.224487887950698,90.0,696.7471067592595,1.9359933210806755
interpolation_fold1,interpolation,none_ready,30,model_structured,random_forest,False,0.0,per_operation,per_operation,constant,constant,20,1.0,1.0,1.0,1.0,1.0,3,0,0,17,1.0,1.0,1.0,1.0,100.0,1025.1212133088175,1.0
interpolation_fold1,interpolation,none_ready,100,model_structured,random_forest,False,0.0,per_operation,per_operation,constant,constant,20,0.95,0.875,0.8401680504168059,1.0,0.75,3,0,1,16,1.0474354156564654,1.0,1.0474354156564663,1.948708313129311,95.0,6144.671107771505,1.0194802439130246
interpolation_fold1,interpolation,none_ready,1000,model_structured,random_forest,False,0.0,per_operation,per_operation,constant,constant,20,1.0,1.0,1.0,1.0,1.0,6,0,0,14,1.0,1.0,1.0,1.0,100.0,426667.6277732648,1.0
interpolation_fold1,interpolation,cpu_ready,1,model_structured,ridge,True,0.0,per_operation,per_operation,constant,constant,20,1.0,1.0,,,,0,0,0,20,1.0,1.0,1.0,1.0,100.0,8.244127224726086,1.0
interpolation_fold1,interpolation,cpu_ready,2,model_structured,ridge,True,0.0,per_operation,per_operation,constant,constant,20,1.0,1.0,,,,0,0,0,20,1.0,1.0,1.0,1.0,100.0,32.97650889890434,1.0
interpolation_fold1,interpolation,cpu_ready,3,model_structured,ridge,True,0.0,per_operation,per_operation,constant,constant,20,1.0,1.0,,,,0,0,0,20,1.0,1.0,1.0,1.0,100.0,74.19714502253477,1.0
interpolation_fold1,interpolation,cpu_ready,5,model_structured,ridge,True,0.0,per_operation,per_operation,constant,constant,20,1.0,1.0,1.0,1.0,1.0,1,0,0,19,1.0,1.0,1.0,1.0,100.0,180.55933995989017,1.0
interpolation_fold1,interpolation,cpu_ready,10,model_structured,ridge,True,0.0,per_operation,per_operation,constant,constant,20,0.95,0.8333333333333333,0.7934920476158722,1.0,0.6666666666666666,2,0,1,17,1.0096666885232994,1.0,1.0096666885232997,1.193333770465989,95.0,384.05931609788337,1.0730693499782176
interpolation_fold1,interpolation,cpu_ready,30,model_structured,ridge,True,0.0,per_operation,per_operation,constant,constant,20,1.0,1.0,1.0,1.0,1.0,3,0,0,17,1.0,1.0,1.0,1.0,100.0,1020.230199741427,1.0
interpolation_fold1,interpolation,cpu_ready,100,model_structured,ridge,True,0.0,per_operation,per_operation,constant,constant,20,1.0,1.0,1.0,1.0,1.0,4,0,0,16,1.0,1.0,1.0,1.0,100.0,6013.898866627013,1.0
interpolation_fold1,interpolation,cpu_ready,1000,model_structured,ridge,True,0.0,per_operation,per_operation,constant,constant,20,1.0,1.0,1.0,1.0,1.0,6,0,0,14,1.0,1.0,1.0,1.0,100.0,426595.8908117367,1.0
interpolation_fold1,interpolation,gpu_ready,1,model_structured,ridge,True,0.0,per_operation,per_operation,constant,constant,20,0.95,0.9722222222222222,0.7934920476158722,1.0,0.9444444444444444,17,0,1,2,1.0774605233631984,1.0,1.0774605233631995,2.549210467263969,95.0,0.5215923053848183,1.0001460536875648
interpolation_fold1,interpolation,gpu_ready,2,model_structured,ridge,True,0.05,per_operation,per_operation,constant,constant,20,0.95,0.875,0.8401680504168059,0.9411764705882353,1.0,16,1,0,3,1.0200166670228632,1.0,1.0200166670228636,1.4003333404572658,95.0,1.8736994407934944,1.027415684023663
interpolation_fold1,interpolation,gpu_ready,3,model_structured,ridge,True,0.0,per_operation,per_operation,constant,constant,20,1.0,1.0,1.0,1.0,1.0,16,0,0,4,1.0,1.0,1.0,1.0,100.0,3.9325660295476235,1.0
interpolation_fold1,interpolation,gpu_ready,5,model_structured,ridge,True,0.0,per_operation,per_operation,constant,constant,20,1.0,1.0,1.0,1.0,1.0,15,0,0,5,1.0,1.0,1.0,1.0,100.0,10.608781535046848,1.0
interpolation_fold1,interpolation,gpu_ready,10,model_structured,ridge,True,0.0,per_operation,per_operation,constant,constant,20,0.85,0.9,0.7071067811865475,1.0,0.8,12,0,3,5,1.1060364091310688,1.0,1.5901017809382174,2.309561228393271,85.0,41.67816427314137,1.0009277534808854
interpolation_fold1,interpolation,gpu_ready,30,model_structured,ridge,True,0.0,per_operation,per_operation,constant,constant,20,0.95,0.9545454545454546,0.9045340337332909,1.0,0.9090909090909091,10,0,1,9,1.0465427853730254,1.0,1.046542785373026,1.9308557074605062,95.0,370.3494181836593,1.0000877997662414
interpolation_fold1,interpolation,gpu_ready,100,model_structured,ridge,True,0.0,per_operation,per_operation,constant,constant,20,0.9,0.898989898989899,0.797979797979798,0.8888888888888888,0.8888888888888888,8,1,1,10,1.0489119656072152,1.0,1.2390062050325747,1.7670234905605722,90.0,4097.116730395812,1.0000492423412377
interpolation_fold1,interpolation,gpu_ready,1000,model_structured,ridge,True,0.0,per_operation,per_operation,constant,constant,20,1.0,1.0,1.0,1.0,1.0,7,0,0,13,1.0,1.0,1.0,1.0,100.0,409018.5217798264,1.0
interpolation_fold1,interpolation,none_ready,1,model_structured,ridge,True,0.0,per_operation,per_operation,constant,constant,20,1.0,1.0,,,,0,0,0,20,1.0,1.0,1.0,1.0,100.0,10.262041577135918,1.0
interpolation_fold1,interpolation,none_ready,2,model_structured,ridge,True,0.0,per_operation,per_operation,constant,constant,20,1.0,1.0,,,,0,0,0,20,1.0,1.0,1.0,1.0,100.0,36.39565571757142,1.0
interpolation_fold1,interpolation,none_ready,3,model_structured,ridge,True,0.0,per_operation,per_operation,constant,constant,20,1.0,1.0,,,,0,0,0,20,1.0,1.0,1.0,1.0,100.0,79.01752430745908,1.0
interpolation_fold1,interpolation,none_ready,5,model_structured,ridge,True,0.0,per_operation,per_operation,constant,constant,20,1.0,1.0,1.0,1.0,1.0,1,0,0,19,1.0,1.0,1.0,1.0,100.0,185.15549621083542,1.0
interpolation_fold1,interpolation,none_ready,10,model_structured,ridge,True,0.0,per_operation,per_operation,constant,constant,20,0.95,0.8333333333333333,0.7934920476158722,1.0,0.6666666666666666,2,0,1,17,1.012085340962458,1.0,1.0120853409624582,1.2417068192491605,95.0,392.5866975377185,1.0908480523346524
interpolation_fold1,interpolation,none_ready,30,model_structured,ridge,True,0.0,per_operation,per_operation,constant,constant,20,1.0,1.0,1.0,1.0,1.0,3,0,0,17,1.0,1.0,1.0,1.0,100.0,1025.1212133088175,1.0
interpolation_fold1,interpolation,none_ready,100,model_structured,ridge,True,0.0,per_operation,per_operation,constant,constant,20,1.0,1.0,1.0,1.0,1.0,4,0,0,16,1.0,1.0,1.0,1.0,100.0,6027.2586393500815,1.0
interpolation_fold1,interpolation,none_ready,1000,model_structured,ridge,True,0.0,per_operation,per_operation,constant,constant,20,1.0,1.0,1.0,1.0,1.0,6,0,0,14,1.0,1.0,1.0,1.0,100.0,426667.6277732648,1.0
interpolation_fold1,interpolation,cpu_ready,1,model_structured,elasticnet,True,0.0,per_operation,per_operation,constant,constant,20,1.0,1.0,,,,0,0,0,20,1.0,1.0,1.0,1.0,100.0,8.244127224726086,1.0
interpolation_fold1,interpolation,cpu_ready,2,model_structured,elasticnet,True,0.0,per_operation,per_operation,constant,constant,20,1.0,1.0,,,,0,0,0,20,1.0,1.0,1.0,1.0,100.0,32.97650889890434,1.0
interpolation_fold1,interpolation,cpu_ready,3,model_structured,elasticnet,True,0.0,per_operation,per_operation,constant,constant,20,1.0,1.0,,,,0,0,0,20,1.0,1.0,1.0,1.0,100.0,74.19714502253477,1.0
interpolation_fold1,interpolation,cpu_ready,5,model_structured,elasticnet,True,0.05,per_operation,per_operation,constant,constant,20,0.95,0.5,,,0.0,0,0,1,19,1.017599273521809,1.0,1.0175992735218091,1.351985470436177,95.0,206.10318061815204,1.1414706138377346
interpolation_fold1,interpolation,cpu_ready,10,model_structured,elasticnet,True,0.0,per_operation,per_operation,constant,constant,20,0.95,0.8333333333333333,0.7934920476158722,1.0,0.6666666666666666,2,0,1,17,1.0096666885232994,1.0,1.0096666885232997,1.193333770465989,95.0,384.05931609788337,1.0730693499782176
interpolation_fold1,interpolation,cpu_ready,30,model_structured,elasticnet,True,0.0,per_operation,per_operation,constant,constant,20,1.0,1.0,1.0,1.0,1.0,3,0,0,17,1.0,1.0,1.0,1.0,100.0,1020.230199741427,1.0
interpolation_fold1,interpolation,cpu_ready,100,model_structured,elasticnet,True,0.0,per_operation,per_operation,constant,constant,20,1.0,1.0,1.0,1.0,1.0,4,0,0,16,1.0,1.0,1.0,1.0,100.0,6013.898866627013,1.0
interpolation_fold1,interpolation,cpu_ready,1000,model_structured,elasticnet,True,0.0,per_operation,per_operation,constant,constant,20,1.0,1.0,1.0,1.0,1.0,6,0,0,14,1.0,1.0,1.0,1.0,100.0,426595.8908117367,1.0
interpolation_fold1,interpolation,gpu_ready,1,model_structured,elasticnet,True,0.0,per_operation,per_operation,constant,constant,20,0.9,0.7222222222222222,0.4444444444444444,0.9444444444444444,0.9444444444444444,17,1,1,1,1.131693708289118,1.0,2.107891036955673,2.549210467263969,90.0,0.61622459280969,1.1816021600033686
interpolation_fold1,interpolation,gpu_ready,2,model_structured,elasticnet,True,0.0,per_operation,per_operation,constant,constant,20,0.95,0.875,0.8401680504168059,0.9411764705882353,1.0,16,1,0,3,1.0200166670228632,1.0,1.0200166670228636,1.4003333404572658,95.0,1.8736994407934944,1.027415684023663
interpolation_fold1,interpolation,gpu_ready,3,model_structured,elasticnet,True,0.05,per_operation,per_operation,constant,constant,20,0.95,0.875,0.8401680504168059,0.9411764705882353,1.0,16,1,0,3,1.0395552008319675,1.0,1.039555200831968,1.7911040166393493,95.0,4.106369238451846,1.0441958781107143
interpolation_fold1,interpolation,gpu_ready,5,model_structured,elasticnet,True,0.0,per_operation,per_operation,constant,constant,20,0.95,0.9666666666666667,0.8819171036881969,1.0,0.9333333333333333,14,0,1,5,1.1842975615832916,1.0,1.1842975615832942,4.6859512316658325,95.0,10.608970057537443,1.0000177704187774
interpolation_fold1,interpolation,gpu_ready,10,model_structured,elasticnet,True,0.05,per_operation,per_operation,constant,constant,20,0.9,0.9333333333333333,0.7867957924694432,1.0,0.8666666666666667,13,0,2,5,1.0405583477114053,1.0,1.273596661709651,1.552235494230056,90.0,41.639981861576445,1.0000107784629912
interpolation_fold1,interpolation,gpu_ready,30,model_structured,elasticnet,True,0.0,per_operation,per_operation,constant,constant,20,0.95,0.9545454545454546,0.9045340337332909,1.0,0.9090909090909091,10,0,1,9,1.0465427853730254,1.0,1.046542785373026,1.9308557074605062,95.0,370.3494181836593,1.0000877997662414
interpolation_fold1,interpolation,gpu_ready,100,model_structured,elasticnet,True,0.0,per_operation,per_operation,constant,constant,20,0.95,0.9444444444444444,0.90267093384844,1.0,0.8888888888888888,8,0,1,11,1.0383511745280285,1.0,1.0383511745280292,1.7670234905605722,95.0,4096.955814854951,1.0000099650945036
interpolation_fold1,interpolation,gpu_ready,1000,model_structured,elasticnet,True,0.0,per_operation,per_operation,constant,constant,20,1.0,1.0,1.0,1.0,1.0,7,0,0,13,1.0,1.0,1.0,1.0,100.0,409018.5217798264,1.0
interpolation_fold1,interpolation,none_ready,1,model_structured,elasticnet,True,0.0,per_operation,per_operation,constant,constant,20,1.0,1.0,,,,0,0,0,20,1.0,1.0,1.0,1.0,100.0,10.262041577135918,1.0
interpolation_fold1,interpolation,none_ready,2,model_structured,elasticnet,True,0.0,per_operation,per_operation,constant,constant,20,1.0,1.0,,,,0,0,0,20,1.0,1.0,1.0,1.0,100.0,36.39565571757142,1.0
interpolation_fold1,interpolation,none_ready,3,model_structured,elasticnet,True,0.0,per_operation,per_operation,constant,constant,20,1.0,1.0,,,,0,0,0,20,1.0,1.0,1.0,1.0,100.0,79.01752430745908,1.0
interpolation_fold1,interpolation,none_ready,5,model_structured,elasticnet,True,0.0,per_operation,per_operation,constant,constant,20,1.0,1.0,1.0,1.0,1.0,1,0,0,19,1.0,1.0,1.0,1.0,100.0,185.15549621083542,1.0
interpolation_fold1,interpolation,none_ready,10,model_structured,elasticnet,True,0.0,per_operation,per_operation,constant,constant,20,0.95,0.8333333333333333,0.7934920476158722,1.0,0.6666666666666666,2,0,1,17,1.012085340962458,1.0,1.0120853409624582,1.2417068192491605,95.0,392.5866975377185,1.0908480523346524
interpolation_fold1,interpolation,none_ready,30,model_structured,elasticnet,True,0.0,per_operation,per_operation,constant,constant,20,1.0,1.0,1.0,1.0,1.0,3,0,0,17,1.0,1.0,1.0,1.0,100.0,1025.1212133088175,1.0
interpolation_fold1,interpolation,none_ready,100,model_structured,elasticnet,True,0.0,per_operation,per_operation,constant,constant,20,1.0,1.0,1.0,1.0,1.0,4,0,0,16,1.0,1.0,1.0,1.0,100.0,6027.2586393500815,1.0
interpolation_fold1,interpolation,none_ready,1000,model_structured,elasticnet,True,0.0,per_operation,per_operation,constant,constant,20,1.0,1.0,1.0,1.0,1.0,6,0,0,14,1.0,1.0,1.0,1.0,100.0,426667.6277732648,1.0
interpolation_fold1,interpolation,cpu_ready,1,model_structured,huber,True,0.0,per_operation,per_operation,constant,constant,20,1.0,1.0,,,,0,0,0,20,1.0,1.0,1.0,1.0,100.0,8.244127224726086,1.0
interpolation_fold1,interpolation,cpu_ready,2,model_structured,huber,True,0.0,per_operation,per_operation,constant,constant,20,1.0,1.0,,,,0,0,0,20,1.0,1.0,1.0,1.0,100.0,32.97650889890434,1.0
interpolation_fold1,interpolation,cpu_ready,3,model_structured,huber,True,0.0,per_operation,per_operation,constant,constant,20,1.0,1.0,,,,0,0,0,20,1.0,1.0,1.0,1.0,100.0,74.19714502253477,1.0
interpolation_fold1,interpolation,cpu_ready,5,model_structured,huber,True,0.0,per_operation,per_operation,constant,constant,20,0.95,0.9736842105263157,0.6882472016116853,0.5,1.0,1,1,0,18,1.0128428667072489,1.0,1.012842866707249,1.2568573341449794,95.0,197.55244216856212,1.094113670400251
interpolation_fold1,interpolation,cpu_ready,10,model_structured,huber,True,0.0,per_operation,per_operation,constant,constant,20,1.0,1.0,1.0,1.0,1.0,3,0,0,17,1.0,1.0,1.0,1.0,100.0,357.90726489921593,1.0
interpolation_fold1,interpolation,cpu_ready,30,model_structured,huber,True,0.0,per_operation,per_operation,constant,constant,20,1.0,1.0,1.0,1.0,1.0,3,0,0,17,1.0,1.0,1.0,1.0,100.0,1020.230199741427,1.0
interpolation_fold1,interpolation,cpu_ready,100,model_structured,huber,True,0.0,per_operation,per_operation,constant,constant,20,1.0,1.0,1.0,1.0,1.0,4,0,0,16,1.0,1.0,1.0,1.0,100.0,6013.898866627013,1.0
interpolation_fold1,interpolation,cpu_ready,1000,model_structured,huber,True,0.0,per_operation,per_operation,constant,constant,20,1.0,1.0,1.0,1.0,1.0,6,0,0,14,1.0,1.0,1.0,1.0,100.0,426595.8908117367,1.0
interpolation_fold1,interpolation,gpu_ready,1,model_structured,huber,True,0.0,per_operation,per_operation,constant,constant,20,0.95,0.9722222222222222,0.7934920476158722,1.0,0.9444444444444444,17,0,1,2,1.014712573707166,1.0,1.014712573707166,1.2942514741433182,95.0,0.5343814724317201,1.024669105158719
interpolation_fold1,interpolation,gpu_ready,2,model_structured,huber,True,0.0,per_operation,per_operation,constant,constant,20,1.0,1.0,1.0,1.0,1.0,16,0,0,4,1.0,1.0,1.0,1.0,100.0,1.823701418938374,1.0
interpolation_fold1,interpolation,gpu_ready,3,model_structured,huber,True,0.0,per_operation,per_operation,constant,constant,20,1.0,1.0,1.0,1.0,1.0,16,0,0,4,1.0,1.0,1.0,1.0,100.0,3.9325660295476235,1.0
interpolation_fold1,interpolation,gpu_ready,5,model_structured,huber,True,0.0,per_operation,per_operation,constant,constant,20,0.95,0.9,0.8660254037844386,0.9375,1.0,15,1,0,4,1.0112980991930651,1.0,1.0112980991930653,1.2259619838613038,95.0,10.60915775113829,1.0000354627051373
interpolation_fold1,interpolation,gpu_ready,10,model_structured,huber,True,0.0,per_operation,per_operation,constant,constant,20,0.85,0.9,0.7071067811865475,1.0,0.8,12,0,3,5,1.1060364091310688,1.0,1.5901017809382174,2.309561228393271,85.0,41.67816427314137,1.0009277534808854
interpolation_fold1,interpolation,gpu_ready,30,model_structured,huber,True,0.0,per_operation,per_operation,constant,constant,20,0.95,0.9545454545454546,0.9045340337332909,1.0,0.9090909090909091,10,0,1,9,1.0465427853730254,1.0,1.046542785373026,1.9308557074605062,95.0,370.3494181836593,1.0000877997662414
interpolation_fold1,interpolation,gpu_ready,100,model_structured,huber,True,0.0,per_operation,per_operation,constant,constant,20,0.9,0.898989898989899,0.797979797979798,0.8888888888888888,0.8888888888888888,8,1,1,10,1.0489119656072152,1.0,1.2390062050325747,1.7670234905605722,90.0,4097.116730395812,1.0000492423412377
interpolation_fold1,interpolation,gpu_ready,1000,model_structured,huber,True,0.0,per_operation,per_operation,constant,constant,20,1.0,1.0,1.0,1.0,1.0,7,0,0,13,1.0,1.0,1.0,1.0,100.0,409018.5217798264,1.0
interpolation_fold1,interpolation,none_ready,1,model_structured,huber,True,0.0,per_operation,per_operation,constant,constant,20,1.0,1.0,,,,0,0,0,20,1.0,1.0,1.0,1.0,100.0,10.262041577135918,1.0
interpolation_fold1,interpolation,none_ready,2,model_structured,huber,True,0.0,per_operation,per_operation,constant,constant,20,1.0,1.0,,,,0,0,0,20,1.0,1.0,1.0,1.0,100.0,36.39565571757142,1.0
interpolation_fold1,interpolation,none_ready,3,model_structured,huber,True,0.0,per_operation,per_operation,constant,constant,20,1.0,1.0,,,,0,0,0,20,1.0,1.0,1.0,1.0,100.0,79.01752430745908,1.0
interpolation_fold1,interpolation,none_ready,5,model_structured,huber,True,0.0,per_operation,per_operation,constant,constant,20,0.95,0.9736842105263157,0.6882472016116853,0.5,1.0,1,1,0,18,1.0128091186013666,1.0,1.0128091186013668,1.2561823720273328,95.0,202.11305105539012,1.0915854791868842
interpolation_fold1,interpolation,none_ready,10,model_structured,huber,True,0.0,per_operation,per_operation,constant,constant,20,1.0,1.0,1.0,1.0,1.0,3,0,0,17,1.0,1.0,1.0,1.0,100.0,359.891276055815,1.0
interpolation_fold1,interpolation,none_ready,30,model_structured,huber,True,0.0,per_operation,per_operation,constant,constant,20,1.0,1.0,1.0,1.0,1.0,3,0,0,17,1.0,1.0,1.0,1.0,100.0,1025.1212133088175,1.0
interpolation_fold1,interpolation,none_ready,100,model_structured,huber,True,0.0,per_operation,per_operation,constant,constant,20,1.0,1.0,1.0,1.0,1.0,4,0,0,16,1.0,1.0,1.0,1.0,100.0,6027.2586393500815,1.0
interpolation_fold1,interpolation,none_ready,1000,model_structured,huber,True,0.0,per_operation,per_operation,constant,constant,20,1.0,1.0,1.0,1.0,1.0,6,0,0,14,1.0,1.0,1.0,1.0,100.0,426667.6277732648,1.0
interpolation_fold1,interpolation,cpu_ready,1,model_structured,tree,True,0.0,per_operation,per_operation,constant,constant,20,1.0,1.0,,,,0,0,0,20,1.0,1.0,1.0,1.0,100.0,8.244127224726086,1.0
interpolation_fold1,interpolation,cpu_ready,2,model_structured,tree,True,0.0,per_operation,per_operation,constant,constant,20,1.0,1.0,,,,0,0,0,20,1.0,1.0,1.0,1.0,100.0,32.97650889890434,1.0
interpolation_fold1,interpolation,cpu_ready,3,model_structured,tree,True,0.0,per_operation,per_operation,constant,constant,20,1.0,1.0,,,,0,0,0,20,1.0,1.0,1.0,1.0,100.0,74.19714502253477,1.0
interpolation_fold1,interpolation,cpu_ready,5,model_structured,tree,True,0.0,per_operation,per_operation,constant,constant,20,0.95,0.5,,,0.0,0,0,1,19,1.017599273521809,1.0,1.0175992735218091,1.351985470436177,95.0,206.10318061815204,1.1414706138377346
interpolation_fold1,interpolation,cpu_ready,10,model_structured,tree,True,0.0,per_operation,per_operation,constant,constant,20,0.85,0.5,,,0.0,0,0,3,17,1.225788790513779,1.0,2.2618180748703463,4.160557625498627,85.0,824.4127224726082,2.303425505220624
interpolation_fold1,interpolation,cpu_ready,30,model_structured,tree,True,0.0,per_operation,per_operation,constant,constant,20,0.9,0.6666666666666666,0.5461186812727502,1.0,0.3333333333333333,1,0,2,17,1.4165265104914877,1.0,3.756249180026041,6.730838354791365,90.0,4097.265048882904,4.016020158902705
interpolation_fold1,interpolation,cpu_ready,100,model_structured,tree,True,0.0,per_operation,per_operation,constant,constant,20,0.95,0.875,0.8401680504168059,1.0,0.75,3,0,1,16,1.0467462816378248,1.0,1.0467462816378255,1.934925632756496,95.0,6129.605585766345,1.0192398844252974
interpolation_fold1,interpolation,cpu_ready,1000,model_structured,tree,True,0.0,per_operation,per_operation,constant,constant,20,0.95,0.9166666666666667,0.8819171036881969,1.0,0.8333333333333334,5,0,1,14,1.1213999451828258,1.0,1.1213999451828274,3.4279989036565137,95.0,433678.9323418175,1.0166036328118468
interpolation_fold1,interpolation,gpu_ready,1,model_structured,tree,True,0.0,per_operation,per_operation,constant,constant,20,1.0,1.0,1.0,1.0,1.0,18,0,0,2,1.0,1.0,1.0,1.0,100.0,0.5215161360300266,1.0
interpolation_fold1,interpolation,gpu_ready,2,model_structured,tree,True,0.0,per_operation,per_operation,constant,constant,20,1.0,1.0,1.0,1.0,1.0,16,0,0,4,1.0,1.0,1.0,1.0,100.0,1.823701418938374,1.0
interpolation_fold1,interpolation,gpu_ready,3,model_structured,tree,True,0.0,per_operation,per_operation,constant,constant,20,1.0,1.0,1.0,1.0,1.0,16,0,0,4,1.0,1.0,1.0,1.0,100.0,3.9325660295476235,1.0
interpolation_fold1,interpolation,gpu_ready,5,model_structured,tree,True,0.0,per_operation,per_operation,constant,constant,20,0.95,0.9,0.8660254037844386,0.9375,1.0,15,1,0,4,1.0112980991930651,1.0,1.0112980991930653,1.2259619838613038,95.0,10.60915775113829,1.0000354627051373
interpolation_fold1,interpolation,gpu_ready,10,model_structured,tree,True,0.0,per_operation,per_operation,constant,constant,20,0.9,0.8666666666666667,0.7333333333333333,0.9333333333333333,0.9333333333333333,14,1,1,4,1.1213402720144434,1.0,2.209445057646418,2.217800122920008,90.0,41.65723289658589,1.000425073094685
interpolation_fold1,interpolation,gpu_ready,30,model_structured,tree,True,0.05,per_operation,per_operation,constant,constant,20,0.8,0.7878787878787878,0.6005325641789633,0.7692307692307693,0.9090909090909091,10,3,1,6,1.3032662424754569,1.0,2.5711434543373906,3.713404834602604,80.0,370.4620769176341,1.0003920222649236
interpolation_fold1,interpolation,gpu_ready,100,model_structured,tree,True,0.0,per_operation,per_operation,constant,constant,20,0.7,0.696969696969697,0.3939393939393939,0.6666666666666666,0.6666666666666666,6,3,3,8,1.795711500006734,1.0,4.876190981080397,5.844859430310296,70.0,4182.238952710002,1.0208263935754631
interpolation_fold1,interpolation,gpu_ready,1000,model_structured,tree,True,0.0,per_operation,per_operation,constant,constant,20,0.75,0.7417582417582418,0.47075654176200415,0.625,0.7142857142857143,5,3,2,10,1.972155738589592,1.0,5.27986551561549,9.26218650966248,75.0,417038.6998649883,1.0196083493976322
interpolation_fold1,interpolation,none_ready,1,model_structured,tree,True,0.0,per_operation,per_operation,constant,constant,20,1.0,1.0,,,,0,0,0,20,1.0,1.0,1.0,1.0,100.0,10.262041577135918,1.0
interpolation_fold1,interpolation,none_ready,2,model_structured,tree,True,0.0,per_operation,per_operation,constant,constant,20,1.0,1.0,,,,0,0,0,20,1.0,1.0,1.0,1.0,100.0,36.39565571757142,1.0
interpolation_fold1,interpolation,none_ready,3,model_structured,tree,True,0.0,per_operation,per_operation,constant,constant,20,1.0,1.0,,,,0,0,0,20,1.0,1.0,1.0,1.0,100.0,79.01752430745908,1.0
interpolation_fold1,interpolation,none_ready,5,model_structured,tree,True,0.0,per_operation,per_operation,constant,constant,20,0.95,0.5,,,0.0,0,0,1,19,1.0196846102611086,1.0,1.0196846102611088,1.393692205222169,95.0,213.7260248355909,1.1543055929175463
interpolation_fold1,interpolation,none_ready,10,model_structured,tree,True,0.0,per_operation,per_operation,constant,constant,20,0.9,0.6666666666666666,0.5461186812727502,1.0,0.3333333333333333,1,0,2,17,1.0702086420551473,1.0,1.2877447793793924,2.1624660218537857,90.0,534.8813197997923,1.4862303017226746
interpolation_fold1,interpolation,none_ready,30,model_structured,tree,True,0.0,per_operation,per_operation,constant,constant,20,0.9,0.6666666666666666,0.5461186812727502,1.0,0.3333333333333333,1,0,2,17,1.418972982548352,1.0,3.8021884131146946,6.731442505893328,90.0,4121.8732968616205,4.020864306921632
interpolation_fold1,interpolation,none_ready,100,model_structured,tree,True,0.0,per_operation,per_operation,constant,constant,20,0.95,0.875,0.8401680504168059,1.0,0.75,3,0,1,16,1.0474354156564654,1.0,1.0474354156564663,1.948708313129311,95.0,6144.671107771505,1.0194802439130246
interpolation_fold1,interpolation,none_ready,1000,model_structured,tree,True,0.0,per_operation,per_operation,constant,constant,20,0.95,0.9166666666666667,0.8819171036881969,1.0,0.8333333333333334,5,0,1,14,1.1223501358221994,1.0,1.1223501358222012,3.4470027164439885,95.0,433806.10787665,1.0167307750546726
interpolation_fold1,interpolation,cpu_ready,1,model_structured,random_forest,True,0.0,per_operation,per_operation,constant,constant,20,1.0,1.0,,,,0,0,0,20,1.0,1.0,1.0,1.0,100.0,8.244127224726086,1.0
interpolation_fold1,interpolation,cpu_ready,2,model_structured,random_forest,True,0.0,per_operation,per_operation,constant,constant,20,1.0,1.0,,,,0,0,0,20,1.0,1.0,1.0,1.0,100.0,32.97650889890434,1.0
interpolation_fold1,interpolation,cpu_ready,3,model_structured,random_forest,True,0.0,per_operation,per_operation,constant,constant,20,1.0,1.0,,,,0,0,0,20,1.0,1.0,1.0,1.0,100.0,74.19714502253477,1.0
interpolation_fold1,interpolation,cpu_ready,5,model_structured,random_forest,True,0.0,per_operation,per_operation,constant,constant,20,0.9,0.47368421052631576,-0.05263157894736842,0.0,0.0,0,1,1,18,1.030442140229058,1.0,1.2616137409595394,1.351985470436177,90.0,223.096282826824,1.2355842842379856
interpolation_fold1,interpolation,cpu_ready,10,model_structured,random_forest,True,0.0,per_operation,per_operation,constant,constant,20,0.9,0.6666666666666666,0.5461186812727502,1.0,0.3333333333333333,1,0,2,17,1.1676945697982308,1.0,1.341694963217623,4.160557625498627,90.0,682.1892933671987,1.906050422193297
interpolation_fold1,interpolation,cpu_ready,30,model_structured,random_forest,True,0.0,per_operation,per_operation,constant,constant,20,1.0,1.0,1.0,1.0,1.0,3,0,0,17,1.0,1.0,1.0,1.0,100.0,1020.230199741427,1.0
interpolation_fold1,interpolation,cpu_ready,100,model_structured,random_forest,True,0.0,per_operation,per_operation,constant,constant,20,0.95,0.875,0.8401680504168059,1.0,0.75,3,0,1,16,1.0467462816378248,1.0,1.0467462816378255,1.934925632756496,95.0,6129.605585766345,1.0192398844252974
interpolation_fold1,interpolation,cpu_ready,1000,model_structured,random_forest,True,0.0,per_operation,per_operation,constant,constant,20,1.0,1.0,1.0,1.0,1.0,6,0,0,14,1.0,1.0,1.0,1.0,100.0,426595.8908117367,1.0
interpolation_fold1,interpolation,gpu_ready,1,model_structured,random_forest,True,0.0,per_operation,per_operation,constant,constant,20,0.95,0.9722222222222222,0.7934920476158722,1.0,0.9444444444444444,17,0,1,2,1.014712573707166,1.0,1.014712573707166,1.2942514741433182,95.0,0.5343814724317201,1.024669105158719
interpolation_fold1,interpolation,gpu_ready,2,model_structured,random_forest,True,0.0,per_operation,per_operation,constant,constant,20,1.0,1.0,1.0,1.0,1.0,16,0,0,4,1.0,1.0,1.0,1.0,100.0,1.823701418938374,1.0
interpolation_fold1,interpolation,gpu_ready,3,model_structured,random_forest,True,0.0,per_operation,per_operation,constant,constant,20,1.0,1.0,1.0,1.0,1.0,16,0,0,4,1.0,1.0,1.0,1.0,100.0,3.9325660295476235,1.0
interpolation_fold1,interpolation,gpu_ready,5,model_structured,random_forest,True,0.0,per_operation,per_operation,constant,constant,20,0.95,0.9,0.8660254037844386,0.9375,1.0,15,1,0,4,1.0112980991930651,1.0,1.0112980991930653,1.2259619838613038,95.0,10.60915775113829,1.0000354627051373
interpolation_fold1,interpolation,gpu_ready,10,model_structured,random_forest,True,0.0,per_operation,per_operation,constant,constant,20,0.9,0.9333333333333333,0.7867957924694432,1.0,0.8666666666666667,13,0,2,5,1.0738365791459028,1.0,1.3068748931441492,2.217800122920008,90.0,41.653100138499994,1.0003258222678137
interpolation_fold1,interpolation,gpu_ready,30,model_structured,random_forest,True,0.0,per_operation,per_operation,constant,constant,20,0.9,0.9090909090909092,0.8181818181818182,1.0,0.8181818181818182,9,0,2,9,1.0898045795801705,1.0,1.868516875308783,1.9308557074605062,90.0,370.4340243642241,1.00031626943519
interpolation_fold1,interpolation,gpu_ready,100,model_structured,random_forest,True,0.0,per_operation,per_operation,constant,constant,20,0.9,0.8888888888888888,0.8112457445926347,1.0,0.7777777777777778,7,0,2,11,1.0757156803766672,1.0,1.748276785652163,1.7670234905605722,90.0,4097.767736830727,1.0002081439627528
interpolation_fold1,interpolation,gpu_ready,1000,model_structured,random_forest,True,0.0,per_operation,per_operation,constant,constant,20,0.95,0.9285714285714286,0.8921425711997711,1.0,0.8571428571428571,6,0,1,13,1.0351276100882847,1.0,1.0351276100882851,1.7025522017656944,95.0,409094.85325521824,1.0001866210729522
interpolation_fold1,interpolation,none_ready,1,model_structured,random_forest,True,0.0,per_operation,per_operation,constant,constant,20,1.0,1.0,,,,0,0,0,20,1.0,1.0,1.0,1.0,100.0,10.262041577135918,1.0
interpolation_fold1,interpolation,none_ready,2,model_structured,random_forest,True,0.0,per_operation,per_operation,constant,constant,20,1.0,1.0,,,,0,0,0,20,1.0,1.0,1.0,1.0,100.0,36.39565571757142,1.0
interpolation_fold1,interpolation,none_ready,3,model_structured,random_forest,True,0.0,per_operation,per_operation,constant,constant,20,1.0,1.0,,,,0,0,0,20,1.0,1.0,1.0,1.0,100.0,79.01752430745908,1.0
interpolation_fold1,interpolation,none_ready,5,model_structured,random_forest,True,0.0,per_operation,per_operation,constant,constant,20,0.9,0.47368421052631576,-0.05263157894736842,0.0,0.0,0,1,1,18,1.0324937288624751,1.0,1.2630578636870748,1.393692205222169,90.0,230.68357968014558,1.2458910721044305
interpolation_fold1,interpolation,none_ready,10,model_structured,random_forest,True,0.0,per_operation,per_operation,constant,constant,20,0.95,0.8333333333333333,0.7934920476158722,1.0,0.6666666666666666,2,0,1,17,1.012085340962458,1.0,1.0120853409624582,1.2417068192491605,95.0,392.5866975377185,1.0908480523346524
interpolation_fold1,interpolation,none_ready,30,model_structured,random_forest,True,0.0,per_operation,per_operation,constant,constant,20,1.0,1.0,1.0,1.0,1.0,3,0,0,17,1.0,1.0,1.0,1.0,100.0,1025.1212133088175,1.0
interpolation_fold1,interpolation,none_ready,100,model_structured,random_forest,True,0.0,per_operation,per_operation,constant,constant,20,0.95,0.875,0.8401680504168059,1.0,0.75,3,0,1,16,1.0474354156564654,1.0,1.0474354156564663,1.948708313129311,95.0,6144.671107771505,1.0194802439130246
interpolation_fold1,interpolation,none_ready,1000,model_structured,random_forest,True,0.0,per_operation,per_operation,constant,constant,20,1.0,1.0,1.0,1.0,1.0,6,0,0,14,1.0,1.0,1.0,1.0,100.0,426667.6277732648,1.0
interpolation_fold2,interpolation,cpu_ready,1,model_structured,ridge,False,0.0,per_operation,per_operation,per_operation,per_operation,16,1.0,1.0,,,,0,0,0,16,1.0,1.0,1.0,1.0,100.0,0.3119994340531757,1.0
interpolation_fold2,interpolation,cpu_ready,2,model_structured,ridge,False,0.0,per_operation,per_operation,per_operation,per_operation,16,1.0,1.0,,,,0,0,0,16,1.0,1.0,1.0,1.0,100.0,1.2479977362127028,1.0
interpolation_fold2,interpolation,cpu_ready,3,model_structured,ridge,False,0.0,per_operation,per_operation,per_operation,per_operation,16,1.0,1.0,,,,0,0,0,16,1.0,1.0,1.0,1.0,100.0,2.8079949064785814,1.0
interpolation_fold2,interpolation,cpu_ready,5,model_structured,ridge,False,0.0,per_operation,per_operation,per_operation,per_operation,16,1.0,1.0,,,,0,0,0,16,1.0,1.0,1.0,1.0,100.0,7.799985851329392,1.0
interpolation_fold2,interpolation,cpu_ready,10,model_structured,ridge,False,0.0,per_operation,per_operation,per_operation,per_operation,16,1.0,1.0,,,,0,0,0,16,1.0,1.0,1.0,1.0,100.0,31.19994340531757,1.0
interpolation_fold2,interpolation,cpu_ready,30,model_structured,ridge,False,0.0,per_operation,per_operation,per_operation,per_operation,16,0.9375,0.9375,,0.0,,0,1,0,15,1.0131683403674345,1.0,1.0526733614697386,1.2106934458789547,93.75,297.82096449257125,1.0606178943040148
interpolation_fold2,interpolation,cpu_ready,100,model_structured,ridge,False,0.0,per_operation,per_operation,per_operation,per_operation,16,1.0,1.0,1.0,1.0,1.0,3,0,0,13,1.0,1.0,1.0,1.0,100.0,1442.2400520358965,1.0
interpolation_fold2,interpolation,cpu_ready,1000,model_structured,ridge,False,0.0,per_operation,per_operation,per_operation,per_operation,16,1.0,1.0,1.0,1.0,1.0,4,0,0,12,1.0,1.0,1.0,1.0,100.0,95016.7453086404,1.0
interpolation_fold2,interpolation,gpu_ready,1,model_structured,ridge,False,0.0,per_operation,per_operation,per_operation,per_operation,16,1.0,1.0,1.0,1.0,1.0,13,0,0,3,1.0,1.0,1.0,1.0,100.0,0.2781580109889865,1.0
interpolation_fold2,interpolation,gpu_ready,2,model_structured,ridge,False,0.0,per_operation,per_operation,per_operation,per_operation,16,1.0,1.0,1.0,1.0,1.0,13,0,0,3,1.0,1.0,1.0,1.0,100.0,0.6697243882820765,1.0
interpolation_fold2,interpolation,gpu_ready,3,model_structured,ridge,False,0.0,per_operation,per_operation,per_operation,per_operation,16,1.0,1.0,1.0,1.0,1.0,13,0,0,3,1.0,1.0,1.0,1.0,100.0,1.2513792311288112,1.0
interpolation_fold2,interpolation,gpu_ready,5,model_structured,ridge,False,0.0625,per_operation,per_operation,per_operation,per_operation,16,0.9375,0.9615384615384616,0.8320502943378436,1.0,0.9230769230769231,12,0,1,3,1.0118976441067247,1.0,1.0475905764268985,1.1903623057075938,93.75,2.9850263265725165,1.0000241253572884
interpolation_fold2,interpolation,gpu_ready,10,model_structured,ridge,False,0.0,per_operation,per_operation,per_operation,per_operation,16,0.9375,0.9375,0.8819171036881969,0.8888888888888888,1.0,8,1,0,7,1.0302137621861491,1.0,1.120855048744597,1.4834201949783883,93.75,10.422420431474293,1.0001261042068081
interpolation_fold2,interpolation,gpu_ready,30,model_structured,ridge,False,0.0,per_operation,per_operation,per_operation,per_operation,16,1.0,1.0,1.0,1.0,1.0,7,0,0,9,1.0,1.0,1.0,1.0,100.0,85.48379744395169,1.0
interpolation_fold2,interpolation,gpu_ready,100,model_structured,ridge,False,0.0,per_operation,per_operation,per_operation,per_operation,16,0.8125,0.7857142857142857,0.6546536707079771,1.0,0.5714285714285714,4,0,3,9,1.2803801498239096,1.0,2.2795049964750507,4.268106651981319,81.25,921.9682082008168,1.001842010677841
interpolation_fold2,interpolation,gpu_ready,1000,model_structured,ridge,False,0.0,per_operation,per_operation,per_operation,per_operation,16,0.875,0.8333333333333333,0.7453559924999299,1.0,0.6666666666666666,4,0,2,10,1.0493807389644847,1.0,1.3232946375147123,1.538548460118207,87.5,90994.03305887965,1.0006347623757859
interpolation_fold2,interpolation,none_ready,1,model_structured,ridge,False,0.0,per_operation,per_operation,per_operation,per_operation,16,1.0,1.0,,,,0,0,0,16,1.0,1.0,1.0,1.0,100.0,1.2163202822412733,1.0
interpolation_fold2,interpolation,none_ready,2,model_structured,ridge,False,0.0,per_operation,per_operation,per_operation,per_operation,16,1.0,1.0,,,,0,0,0,16,1.0,1.0,1.0,1.0,100.0,2.5371061999596387,1.0
interpolation_fold2,interpolation,none_ready,3,model_structured,ridge,False,0.0,per_operation,per_operation,per_operation,per_operation,16,1.0,1.0,,,,0,0,0,16,1.0,1.0,1.0,1.0,100.0,4.481890985784355,1.0
interpolation_fold2,interpolation,none_ready,5,model_structured,ridge,False,0.0,per_operation,per_operation,per_operation,per_operation,16,1.0,1.0,,,,0,0,0,16,1.0,1.0,1.0,1.0,100.0,10.243457161752843,1.0
interpolation_fold2,interpolation,none_ready,10,model_structured,ridge,False,0.0,per_operation,per_operation,per_operation,per_operation,16,1.0,1.0,,,,0,0,0,16,1.0,1.0,1.0,1.0,100.0,35.567352793535214,1.0
interpolation_fold2,interpolation,none_ready,30,model_structured,ridge,False,0.0,per_operation,per_operation,per_operation,per_operation,16,0.9375,0.9375,,0.0,,0,1,0,15,1.0110391959317861,1.0,1.0441567837271448,1.1766271349085793,93.75,307.5451145547148,1.050134293634864
interpolation_fold2,interpolation,none_ready,100,model_structured,ridge,False,0.0,per_operation,per_operation,per_operation,per_operation,16,1.0,1.0,1.0,1.0,1.0,3,0,0,13,1.0,1.0,1.0,1.0,100.0,1455.7598240708382,1.0
interpolation_fold2,interpolation,none_ready,1000,model_structured,ridge,False,0.0,per_operation,per_operation,per_operation,per_operation,16,1.0,1.0,1.0,1.0,1.0,4,0,0,12,1.0,1.0,1.0,1.0,100.0,95146.0496255916,1.0
interpolation_fold2,interpolation,cpu_ready,1,model_structured,elasticnet,False,0.0,per_operation,per_operation,per_operation,per_operation,16,1.0,1.0,,,,0,0,0,16,1.0,1.0,1.0,1.0,100.0,0.3119994340531757,1.0
interpolation_fold2,interpolation,cpu_ready,2,model_structured,elasticnet,False,0.0,per_operation,per_operation,per_operation,per_operation,16,1.0,1.0,,,,0,0,0,16,1.0,1.0,1.0,1.0,100.0,1.2479977362127028,1.0
interpolation_fold2,interpolation,cpu_ready,3,model_structured,elasticnet,False,0.0,per_operation,per_operation,per_operation,per_operation,16,1.0,1.0,,,,0,0,0,16,1.0,1.0,1.0,1.0,100.0,2.8079949064785814,1.0
interpolation_fold2,interpolation,cpu_ready,5,model_structured,elasticnet,False,0.0,per_operation,per_operation,per_operation,per_operation,16,1.0,1.0,,,,0,0,0,16,1.0,1.0,1.0,1.0,100.0,7.799985851329392,1.0
interpolation_fold2,interpolation,cpu_ready,10,model_structured,elasticnet,False,0.0,per_operation,per_operation,per_operation,per_operation,16,1.0,1.0,,,,0,0,0,16,1.0,1.0,1.0,1.0,100.0,31.19994340531757,1.0
interpolation_fold2,interpolation,cpu_ready,30,model_structured,elasticnet,False,0.0,per_operation,per_operation,per_operation,per_operation,16,1.0,1.0,,,,0,0,0,16,1.0,1.0,1.0,1.0,100.0,280.7994906478582,1.0
interpolation_fold2,interpolation,cpu_ready,100,model_structured,elasticnet,False,0.0,per_operation,per_operation,per_operation,per_operation,16,0.9375,0.8333333333333333,0.7867957924694432,1.0,0.6666666666666666,2,0,1,13,1.1508147940472646,1.0,1.6032591761890584,3.4130367047562338,93.75,2205.056549083569,1.5289109090895545
interpolation_fold2,interpolation,cpu_ready,1000,model_structured,elasticnet,False,0.0625,per_operation,per_operation,per_operation,per_operation,16,0.9375,0.875,0.8320502943378436,1.0,0.75,3,0,1,12,1.030602643381118,1.0,1.1224105735244716,1.4896422940978864,93.75,95241.5546252732,1.0023659968135359
interpolation_fold2,interpolation,gpu_ready,1,model_structured,elasticnet,False,0.0,per_operation,per_operation,per_operation,per_operation,16,1.0,1.0,1.0,1.0,1.0,13,0,0,3,1.0,1.0,1.0,1.0,100.0,0.2781580109889865,1.0
interpolation_fold2,interpolation,gpu_ready,2,model_structured,elasticnet,False,0.0,per_operation,per_operation,per_operation,per_operation,16,1.0,1.0,1.0,1.0,1.0,13,0,0,3,1.0,1.0,1.0,1.0,100.0,0.6697243882820765,1.0
interpolation_fold2,interpolation,gpu_ready,3,model_structured,elasticnet,False,0.0625,per_operation,per_operation,per_operation,per_operation,16,1.0,1.0,1.0,1.0,1.0,13,0,0,3,1.0,1.0,1.0,1.0,100.0,1.2513792311288112,1.0
interpolation_fold2,interpolation,gpu_ready,5,model_structured,elasticnet,False,0.0,per_operation,per_operation,per_operation,per_operation,16,0.9375,0.9615384615384616,0.8320502943378436,1.0,0.9230769230769231,12,0,1,3,1.0118976441067247,1.0,1.0475905764268985,1.1903623057075938,93.75,2.9850263265725165,1.0000241253572884
interpolation_fold2,interpolation,gpu_ready,10,model_structured,elasticnet,False,0.0,per_operation,per_operation,per_operation,per_operation,16,0.875,0.875,0.7745966692414834,0.8,1.0,8,2,0,6,1.0638380815339943,1.0,1.4970624236251713,1.53798910956552,87.5,10.518233417082309,1.0093202322559116
interpolation_fold2,interpolation,gpu_ready,30,model_structured,elasticnet,False,0.0,per_operation,per_operation,per_operation,per_operation,16,1.0,1.0,1.0,1.0,1.0,7,0,0,9,1.0,1.0,1.0,1.0,100.0,85.48379744395169,1.0
interpolation_fold2,interpolation,gpu_ready,100,model_structured,elasticnet,False,0.0,per_operation,per_operation,per_operation,per_operation,16,0.8125,0.7857142857142857,0.6546536707079771,1.0,0.5714285714285714,4,0,3,9,1.2803801498239096,1.0,2.2795049964750507,4.268106651981319,81.25,921.9682082008168,1.001842010677841
interpolation_fold2,interpolation,gpu_ready,1000,model_structured,elasticnet,False,0.0,per_operation,per_operation,per_operation,per_operation,16,0.875,0.8333333333333333,0.7453559924999299,1.0,0.6666666666666666,4,0,2,10,1.0493807389644847,1.0,1.3232946375147123,1.538548460118207,87.5,90994.03305887965,1.0006347623757859
interpolation_fold2,interpolation,none_ready,1,model_structured,elasticnet,False,0.0,per_operation,per_operation,per_operation,per_operation,16,1.0,1.0,,,,0,0,0,16,1.0,1.0,1.0,1.0,100.0,1.2163202822412733,1.0
interpolation_fold2,interpolation,none_ready,2,model_structured,elasticnet,False,0.0,per_operation,per_operation,per_operation,per_operation,16,1.0,1.0,,,,0,0,0,16,1.0,1.0,1.0,1.0,100.0,2.5371061999596387,1.0
interpolation_fold2,interpolation,none_ready,3,model_structured,elasticnet,False,0.0,per_operation,per_operation,per_operation,per_operation,16,1.0,1.0,,,,0,0,0,16,1.0,1.0,1.0,1.0,100.0,4.481890985784355,1.0
interpolation_fold2,interpolation,none_ready,5,model_structured,elasticnet,False,0.0,per_operation,per_operation,per_operation,per_operation,16,1.0,1.0,,,,0,0,0,16,1.0,1.0,1.0,1.0,100.0,10.243457161752843,1.0
interpolation_fold2,interpolation,none_ready,10,model_structured,elasticnet,False,0.0,per_operation,per_operation,per_operation,per_operation,16,1.0,1.0,,,,0,0,0,16,1.0,1.0,1.0,1.0,100.0,35.567352793535214,1.0
interpolation_fold2,interpolation,none_ready,30,model_structured,elasticnet,False,0.0,per_operation,per_operation,per_operation,per_operation,16,1.0,1.0,,,,0,0,0,16,1.0,1.0,1.0,1.0,100.0,292.86265234725255,1.0
interpolation_fold2,interpolation,none_ready,100,model_structured,elasticnet,False,0.0,per_operation,per_operation,per_operation,per_operation,16,0.9375,0.8333333333333333,0.7867957924694432,1.0,0.6666666666666666,2,0,1,13,1.1542217551644125,1.0,1.61688702065765,3.4675480826306004,93.75,2235.808623568533,1.5358361912450589
interpolation_fold2,interpolation,none_ready,1000,model_structured,elasticnet,False,0.0625,per_operation,per_operation,per_operation,per_operation,16,0.9375,0.875,0.8320502943378436,1.0,0.75,3,0,1,12,1.0308716229882688,1.0,1.1234864919530754,1.4939459678123015,93.75,95372.83488661973,1.00238354889058
interpolation_fold2,interpolation,cpu_ready,1,model_structured,huber,False,0.0,per_operation,per_operation,per_operation,per_operation,16,1.0,1.0,,,,0,0,0,16,1.0,1.0,1.0,1.0,100.0,0.3119994340531757,1.0
interpolation_fold2,interpolation,cpu_ready,2,model_structured,huber,False,0.0,per_operation,per_operation,per_operation,per_operation,16,1.0,1.0,,,,0,0,0,16,1.0,1.0,1.0,1.0,100.0,1.2479977362127028,1.0
interpolation_fold2,interpolation,cpu_ready,3,model_structured,huber,False,0.0,per_operation,per_operation,per_operation,per_operation,16,1.0,1.0,,,,0,0,0,16,1.0,1.0,1.0,1.0,100.0,2.8079949064785814,1.0
interpolation_fold2,interpolation,cpu_ready,5,model_structured,huber,False,0.0,per_operation,per_operation,per_operation,per_operation,16,1.0,1.0,,,,0,0,0,16,1.0,1.0,1.0,1.0,100.0,7.799985851329392,1.0
interpolation_fold2,interpolation,cpu_ready,10,model_structured,huber,False,0.0,per_operation,per_operation,per_operation,per_operation,16,1.0,1.0,,,,0,0,0,16,1.0,1.0,1.0,1.0,100.0,31.19994340531757,1.0
interpolation_fold2,interpolation,cpu_ready,30,model_structured,huber,False,0.0,per_operation,per_operation,per_operation,per_operation,16,0.9375,0.9375,,0.0,,0,1,0,15,1.0131683403674345,1.0,1.0526733614697386,1.2106934458789547,93.75,297.82096449257125,1.0606178943040148
interpolation_fold2,interpolation,cpu_ready,100,model_structured,huber,False,0.0,per_operation,per_operation,per_operation,per_operation,16,1.0,1.0,1.0,1.0,1.0,3,0,0,13,1.0,1.0,1.0,1.0,100.0,1442.2400520358965,1.0
interpolation_fold2,interpolation,cpu_ready,1000,model_structured,huber,False,0.0,per_operation,per_operation,per_operation,per_operation,16,1.0,1.0,1.0,1.0,1.0,4,0,0,12,1.0,1.0,1.0,1.0,100.0,95016.7453086404,1.0
interpolation_fold2,interpolation,gpu_ready,1,model_structured,huber,False,0.0,per_operation,per_operation,per_operation,per_operation,16,1.0,1.0,1.0,1.0,1.0,13,0,0,3,1.0,1.0,1.0,1.0,100.0,0.2781580109889865,1.0
interpolation_fold2,interpolation,gpu_ready,2,model_structured,huber,False,0.0,per_operation,per_operation,per_operation,per_operation,16,1.0,1.0,1.0,1.0,1.0,13,0,0,3,1.0,1.0,1.0,1.0,100.0,0.6697243882820765,1.0
interpolation_fold2,interpolation,gpu_ready,3,model_structured,huber,False,0.0,per_operation,per_operation,per_operation,per_operation,16,1.0,1.0,1.0,1.0,1.0,13,0,0,3,1.0,1.0,1.0,1.0,100.0,1.2513792311288112,1.0
interpolation_fold2,interpolation,gpu_ready,5,model_structured,huber,False,0.0,per_operation,per_operation,per_operation,per_operation,16,0.8125,0.8846153846153846,0.6201736729460423,1.0,0.7692307692307693,10,0,3,3,1.0464358045230364,1.0,1.2336545228742377,1.363531174374169,81.25,3.0053741635581472,1.0068409254984894
interpolation_fold2,interpolation,gpu_ready,10,model_structured,huber,False,0.0,per_operation,per_operation,per_operation,per_operation,16,0.9375,0.9375,0.8819171036881969,0.8888888888888888,1.0,8,1,0,7,1.0302137621861491,1.0,1.120855048744597,1.4834201949783883,93.75,10.422420431474293,1.0001261042068081
interpolation_fold2,interpolation,gpu_ready,30,model_structured,huber,False,0.0,per_operation,per_operation,per_operation,per_operation,16,0.9375,0.9444444444444444,0.8819171036881969,0.875,1.0,7,1,0,8,1.0913207353060228,1.0,1.3652829412240908,2.461131764896363,93.75,85.50534409727712,1.000252055406635
interpolation_fold2,interpolation,gpu_ready,100,model_structured,huber,False,0.0,per_operation,per_operation,per_operation,per_operation,16,0.9375,0.9285714285714286,0.8783100656536799,1.0,0.8571428571428571,6,0,1,9,1.03853986112331,1.0,1.1541594444932404,1.6166377779729613,93.75,920.3083159227676,1.000038315276462
interpolation_fold2,interpolation,gpu_ready,1000,model_structured,huber,False,0.0,per_operation,per_operation,per_operation,per_operation,16,0.9375,0.9166666666666667,0.8703882797784892,1.0,0.8333333333333334,5,0,1,10,1.033659278757388,1.0,1.1346371150295518,1.538548460118207,93.75,90943.92263991883,1.0000837127576536
interpolation_fold2,interpolation,none_ready,1,model_structured,huber,False,0.0,per_operation,per_operation,per_operation,per_operation,16,1.0,1.0,,,,0,0,0,16,1.0,1.0,1.0,1.0,100.0,1.2163202822412733,1.0
interpolation_fold2,interpolation,none_ready,2,model_structured,huber,False,0.0,per_operation,per_operation,per_operation,per_operation,16,1.0,1.0,,,,0,0,0,16,1.0,1.0,1.0,1.0,100.0,2.5371061999596387,1.0
interpolation_fold2,interpolation,none_ready,3,model_structured,huber,False,0.0,per_operation,per_operation,per_operation,per_operation,16,1.0,1.0,,,,0,0,0,16,1.0,1.0,1.0,1.0,100.0,4.481890985784355,1.0
interpolation_fold2,interpolation,none_ready,5,model_structured,huber,False,0.0,per_operation,per_operation,per_operation,per_operation,16,1.0,1.0,,,,0,0,0,16,1.0,1.0,1.0,1.0,100.0,10.243457161752843,1.0
interpolation_fold2,interpolation,none_ready,10,model_structured,huber,False,0.0,per_operation,per_operation,per_operation,per_operation,16,1.0,1.0,,,,0,0,0,16,1.0,1.0,1.0,1.0,100.0,35.567352793535214,1.0
interpolation_fold2,interpolation,none_ready,30,model_structured,huber,False,0.0,per_operation,per_operation,per_operation,per_operation,16,0.9375,0.9375,,0.0,,0,1,0,15,1.0110391959317861,1.0,1.0441567837271448,1.1766271349085793,93.75,307.5451145547148,1.050134293634864
interpolation_fold2,interpolation,none_ready,100,model_structured,huber,False,0.0,per_operation,per_operation,per_operation,per_operation,16,1.0,1.0,1.0,1.0,1.0,3,0,0,13,1.0,1.0,1.0,1.0,100.0,1455.7598240708382,1.0
interpolation_fold2,interpolation,none_ready,1000,model_structured,huber,False,0.0,per_operation,per_operation,per_operation,per_operation,16,1.0,1.0,1.0,1.0,1.0,4,0,0,12,1.0,1.0,1.0,1.0,100.0,95146.0496255916,1.0
interpolation_fold2,interpolation,cpu_ready,1,model_structured,tree,False,0.0,per_operation,per_operation,per_operation,per_operation,16,1.0,1.0,,,,0,0,0,16,1.0,1.0,1.0,1.0,100.0,0.3119994340531757,1.0
interpolation_fold2,interpolation,cpu_ready,2,model_structured,tree,False,0.0,per_operation,per_operation,per_operation,per_operation,16,1.0,1.0,,,,0,0,0,16,1.0,1.0,1.0,1.0,100.0,1.2479977362127028,1.0
interpolation_fold2,interpolation,cpu_ready,3,model_structured,tree,False,0.0,per_operation,per_operation,per_operation,per_operation,16,1.0,1.0,,,,0,0,0,16,1.0,1.0,1.0,1.0,100.0,2.8079949064785814,1.0
interpolation_fold2,interpolation,cpu_ready,5,model_structured,tree,False,0.0,per_operation,per_operation,per_operation,per_operation,16,1.0,1.0,,,,0,0,0,16,1.0,1.0,1.0,1.0,100.0,7.799985851329392,1.0
interpolation_fold2,interpolation,cpu_ready,10,model_structured,tree,False,0.0,per_operation,per_operation,per_operation,per_operation,16,0.9375,0.9375,,0.0,,0,1,0,15,1.6772037510721594,1.0,3.7088150042886374,11.83526001715455,93.75,81.45492690335578,2.61073957235041
interpolation_fold2,interpolation,cpu_ready,30,model_structured,tree,False,0.0,per_operation,per_operation,per_operation,per_operation,16,0.9375,0.9375,,0.0,,0,1,0,15,1.0638747847168695,1.0,1.2554991388674779,2.021996555469911,93.75,323.46056011364846,1.15192716114749
interpolation_fold2,interpolation,cpu_ready,100,model_structured,tree,False,0.0,per_operation,per_operation,per_operation,per_operation,16,0.875,0.6666666666666666,0.53748384988657,1.0,0.3333333333333333,1,0,2,13,1.3563793763928844,1.0,3.632035857949654,4.289033317529915,87.5,2893.4115616545632,2.0061927676811933
interpolation_fold2,interpolation,cpu_ready,1000,model_structured,tree,False,0.0,per_operation,per_operation,per_operation,per_operation,16,0.875,0.8333333333333333,0.6666666666666666,0.75,0.75,3,1,1,11,2.311318031169801,1.0,9.942613958957857,14.5864048301595,87.5,190220.81565183145,2.0019714949606215
interpolation_fold2,interpolation,gpu_ready,1,model_structured,tree,False,0.0,per_operation,per_operation,per_operation,per_operation,16,1.0,1.0,1.0,1.0,1.0,13,0,0,3,1.0,1.0,1.0,1.0,100.0,0.2781580109889865,1.0
interpolation_fold2,interpolation,gpu_ready,2,model_structured,tree,False,0.0,per_operation,per_operation,per_operation,per_operation,16,1.0,1.0,1.0,1.0,1.0,13,0,0,3,1.0,1.0,1.0,1.0,100.0,0.6697243882820765,1.0
interpolation_fold2,interpolation,gpu_ready,3,model_structured,tree,False,0.0,per_operation,per_operation,per_operation,per_operation,16,0.875,0.9230769230769231,0.7125253031944253,1.0,0.8461538461538461,11,0,2,3,1.934423330931712,1.0,5.060678684328209,15.304802573704672,87.5,2.704410496699397,2.1611438238909186
interpolation_fold2,interpolation,gpu_ready,5,model_structured,tree,False,0.0,per_operation,per_operation,per_operation,per_operation,16,0.875,0.9230769230769231,0.7125253031944253,1.0,0.8461538461538461,11,0,2,3,1.7524095855031485,1.0,4.104178038156003,12.849473975763557,87.5,6.326942665157851,2.11961122372248
interpolation_fold2,interpolation,gpu_ready,10,model_structured,tree,False,0.0,per_operation,per_operation,per_operation,per_operation,16,0.6875,0.6875,0.40451991747794525,0.6363636363636364,0.875,7,4,1,4,1.8698062672624627,1.0,4.568235512090884,11.147823473872503,68.75,22.0892697165949,2.119666483585375
interpolation_fold2,interpolation,gpu_ready,30,model_structured,tree,False,0.0,per_operation,per_operation,per_operation,per_operation,16,0.5625,0.5793650793650793,0.16265001215808886,0.5,0.7142857142857143,5,5,2,4,2.9250411925511335,1.0,10.280420629008313,10.881733174533885,56.25,181.2443645031649,2.1202189177662536
interpolation_fold2,interpolation,gpu_ready,100,model_structured,tree,False,0.0,per_operation,per_operation,per_operation,per_operation,16,0.6875,0.6746031746031746,0.3578300267477955,0.6666666666666666,0.5714285714285714,4,2,3,7,2.8609979120387186,1.0,11.324149632387515,16.140123160519554,68.75,1905.7291525313742,2.0708301099722437
interpolation_fold2,interpolation,gpu_ready,1000,model_structured,tree,False,0.0,per_operation,per_operation,per_operation,per_operation,16,0.6875,0.65,0.3133397807202561,0.6,0.5,3,2,3,8,3.108547500454221,1.0,12.94431560213136,23.033466192675014,68.75,187823.54780188802,2.0654406097343423
interpolation_fold2,interpolation,none_ready,1,model_structured,tree,False,0.0,per_operation,per_operation,per_operation,per_operation,16,1.0,1.0,,,,0,0,0,16,1.0,1.0,1.0,1.0,100.0,1.2163202822412733,1.0
interpolation_fold2,interpolation,none_ready,2,model_structured,tree,False,0.0,per_operation,per_operation,per_operation,per_operation,16,1.0,1.0,,,,0,0,0,16,1.0,1.0,1.0,1.0,100.0,2.5371061999596387,1.0
interpolation_fold2,interpolation,none_ready,3,model_structured,tree,False,0.0,per_operation,per_operation,per_operation,per_operation,16,1.0,1.0,,,,0,0,0,16,1.0,1.0,1.0,1.0,100.0,4.481890985784355,1.0
interpolation_fold2,interpolation,none_ready,5,model_structured,tree,False,0.0,per_operation,per_operation,per_operation,per_operation,16,1.0,1.0,,,,0,0,0,16,1.0,1.0,1.0,1.0,100.0,10.243457161752843,1.0
interpolation_fold2,interpolation,none_ready,10,model_structured,tree,False,0.0,per_operation,per_operation,per_operation,per_operation,16,0.9375,0.9375,,0.0,,0,1,0,15,1.6694971952497641,1.0,3.677988780999057,11.711955123996228,93.75,85.7735058435939,2.411579696175315
interpolation_fold2,interpolation,none_ready,30,model_structured,tree,False,0.0,per_operation,per_operation,per_operation,per_operation,16,0.9375,0.9375,,0.0,,0,1,0,15,1.0634327609146434,1.0,1.2537310436585742,2.0149241746342965,93.75,335.3772044014738,1.1451689101135742
interpolation_fold2,interpolation,none_ready,100,model_structured,tree,False,0.0,per_operation,per_operation,per_operation,per_operation,16,0.875,0.6666666666666666,0.53748384988657,1.0,0.3333333333333333,1,0,2,13,1.3621030615600378,1.0,3.6821862875554516,4.326100902330005,87.5,2931.9214346589442,2.014014527794988
interpolation_fold2,interpolation,none_ready,1000,model_structured,tree,False,0.0,per_operation,per_operation,per_operation,per_operation,16,0.875,0.8333333333333333,0.6666666666666666,0.75,0.75,3,1,1,11,2.302926288053856,1.0,9.915727110856913,14.438776691578722,87.5,190521.71211372435,2.0024132674288078
interpolation_fold2,interpolation,cpu_ready,1,model_structured,random_forest,False,0.0,per_operation,per_operation,per_operation,per_operation,16,1.0,1.0,,,,0,0,0,16,1.0,1.0,1.0,1.0,100.0,0.3119994340531757,1.0
interpolation_fold2,interpolation,cpu_ready,2,model_structured,random_forest,False,0.0,per_operation,per_operation,per_operation,per_operation,16,1.0,1.0,,,,0,0,0,16,1.0,1.0,1.0,1.0,100.0,1.2479977362127028,1.0
interpolation_fold2,interpolation,cpu_ready,3,model_structured,random_forest,False,0.0,per_operation,per_operation,per_operation,per_operation,16,1.0,1.0,,,,0,0,0,16,1.0,1.0,1.0,1.0,100.0,2.8079949064785814,1.0
interpolation_fold2,interpolation,cpu_ready,5,model_structured,random_forest,False,0.0,per_operation,per_operation,per_operation,per_operation,16,1.0,1.0,,,,0,0,0,16,1.0,1.0,1.0,1.0,100.0,7.799985851329392,1.0
interpolation_fold2,interpolation,cpu_ready,10,model_structured,random_forest,False,0.0,per_operation,per_operation,per_operation,per_operation,16,1.0,1.0,,,,0,0,0,16,1.0,1.0,1.0,1.0,100.0,31.19994340531757,1.0
interpolation_fold2,interpolation,cpu_ready,30,model_structured,random_forest,False,0.0625,per_operation,per_operation,per_operation,per_operation,16,1.0,1.0,,,,0,0,0,16,1.0,1.0,1.0,1.0,100.0,280.7994906478582,1.0
interpolation_fold2,interpolation,cpu_ready,100,model_structured,random_forest,False,0.0,per_operation,per_operation,per_operation,per_operation,16,0.9375,0.8333333333333333,0.7867957924694432,1.0,0.6666666666666666,2,0,1,13,1.1508147940472646,1.0,1.6032591761890584,3.4130367047562338,93.75,2205.056549083569,1.5289109090895545
interpolation_fold2,interpolation,cpu_ready,1000,model_structured,random_forest,False,0.0,per_operation,per_operation,per_operation,per_operation,16,0.9375,0.875,0.8320502943378436,1.0,0.75,3,0,1,12,1.030602643381118,1.0,1.1224105735244716,1.4896422940978864,93.75,95241.5546252732,1.0023659968135359
interpolation_fold2,interpolation,gpu_ready,1,model_structured,random_forest,False,0.0,per_operation,per_operation,per_operation,per_operation,16,1.0,1.0,1.0,1.0,1.0,13,0,0,3,1.0,1.0,1.0,1.0,100.0,0.2781580109889865,1.0
interpolation_fold2,interpolation,gpu_ready,2,model_structured,random_forest,False,0.0,per_operation,per_operation,per_operation,per_operation,16,1.0,1.0,1.0,1.0,1.0,13,0,0,3,1.0,1.0,1.0,1.0,100.0,0.6697243882820765,1.0
interpolation_fold2,interpolation,gpu_ready,3,model_structured,random_forest,False,0.0,per_operation,per_operation,per_operation,per_operation,16,1.0,1.0,1.0,1.0,1.0,13,0,0,3,1.0,1.0,1.0,1.0,100.0,1.2513792311288112,1.0
interpolation_fold2,interpolation,gpu_ready,5,model_structured,random_forest,False,0.0,per_operation,per_operation,per_operation,per_operation,16,1.0,1.0,1.0,1.0,1.0,13,0,0,3,1.0,1.0,1.0,1.0,100.0,2.984954313483214,1.0
interpolation_fold2,interpolation,gpu_ready,10,model_structured,random_forest,False,0.0,per_operation,per_operation,per_operation,per_operation,16,0.8125,0.8125,0.674199862463242,0.7272727272727273,1.0,8,3,0,5,1.1497780518358907,1.0,1.747251713381726,2.375039524830344,81.25,10.519109479031403,1.0094042983737537
interpolation_fold2,interpolation,gpu_ready,30,model_structured,random_forest,False,0.0,per_operation,per_operation,per_operation,per_operation,16,0.9375,0.9444444444444444,0.8819171036881969,0.875,1.0,7,1,0,8,1.0093060328533219,1.0,1.037224131413287,1.1488965256531483,93.75,85.49298207214987,1.000107442912842
interpolation_fold2,interpolation,gpu_ready,100,model_structured,random_forest,False,0.0,per_operation,per_operation,per_operation,per_operation,16,0.875,0.8571428571428572,0.7644707871564383,1.0,0.7142857142857143,5,0,2,9,1.2418402887005995,1.0,2.2680301384165347,4.268106651981319,87.5,921.9329476842781,1.0018036954013787
interpolation_fold2,interpolation,gpu_ready,1000,model_structured,random_forest,False,0.0,per_operation,per_operation,per_operation,per_operation,16,0.875,0.8333333333333333,0.7453559924999299,1.0,0.6666666666666666,4,0,2,10,1.0493807389644847,1.0,1.3232946375147123,1.538548460118207,87.5,90994.03305887965,1.0006347623757859
interpolation_fold2,interpolation,none_ready,1,model_structured,random_forest,False,0.0,per_operation,per_operation,per_operation,per_operation,16,1.0,1.0,,,,0,0,0,16,1.0,1.0,1.0,1.0,100.0,1.2163202822412733,1.0
interpolation_fold2,interpolation,none_ready,2,model_structured,random_forest,False,0.0,per_operation,per_operation,per_operation,per_operation,16,1.0,1.0,,,,0,0,0,16,1.0,1.0,1.0,1.0,100.0,2.5371061999596387,1.0
interpolation_fold2,interpolation,none_ready,3,model_structured,random_forest,False,0.0,per_operation,per_operation,per_operation,per_operation,16,1.0,1.0,,,,0,0,0,16,1.0,1.0,1.0,1.0,100.0,4.481890985784355,1.0
interpolation_fold2,interpolation,none_ready,5,model_structured,random_forest,False,0.0,per_operation,per_operation,per_operation,per_operation,16,1.0,1.0,,,,0,0,0,16,1.0,1.0,1.0,1.0,100.0,10.243457161752843,1.0
interpolation_fold2,interpolation,none_ready,10,model_structured,random_forest,False,0.0,per_operation,per_operation,per_operation,per_operation,16,1.0,1.0,,,,0,0,0,16,1.0,1.0,1.0,1.0,100.0,35.567352793535214,1.0
interpolation_fold2,interpolation,none_ready,30,model_structured,random_forest,False,0.0625,per_operation,per_operation,per_operation,per_operation,16,1.0,1.0,,,,0,0,0,16,1.0,1.0,1.0,1.0,100.0,292.86265234725255,1.0
interpolation_fold2,interpolation,none_ready,100,model_structured,random_forest,False,0.0,per_operation,per_operation,per_operation,per_operation,16,0.9375,0.8333333333333333,0.7867957924694432,1.0,0.6666666666666666,2,0,1,13,1.1542217551644125,1.0,1.61688702065765,3.4675480826306004,93.75,2235.808623568533,1.5358361912450589
interpolation_fold2,interpolation,none_ready,1000,model_structured,random_forest,False,0.0,per_operation,per_operation,per_operation,per_operation,16,0.9375,0.875,0.8320502943378436,1.0,0.75,3,0,1,12,1.0308716229882688,1.0,1.1234864919530754,1.4939459678123015,93.75,95372.83488661973,1.00238354889058
interpolation_fold2,interpolation,cpu_ready,1,model_structured,ridge,True,0.0,per_operation,per_operation,per_operation,per_operation,16,1.0,1.0,,,,0,0,0,16,1.0,1.0,1.0,1.0,100.0,0.3119994340531757,1.0
interpolation_fold2,interpolation,cpu_ready,2,model_structured,ridge,True,0.0,per_operation,per_operation,per_operation,per_operation,16,1.0,1.0,,,,0,0,0,16,1.0,1.0,1.0,1.0,100.0,1.2479977362127028,1.0
interpolation_fold2,interpolation,cpu_ready,3,model_structured,ridge,True,0.0,per_operation,per_operation,per_operation,per_operation,16,1.0,1.0,,,,0,0,0,16,1.0,1.0,1.0,1.0,100.0,2.8079949064785814,1.0
interpolation_fold2,interpolation,cpu_ready,5,model_structured,ridge,True,0.0,per_operation,per_operation,per_operation,per_operation,16,1.0,1.0,,,,0,0,0,16,1.0,1.0,1.0,1.0,100.0,7.799985851329392,1.0
interpolation_fold2,interpolation,cpu_ready,10,model_structured,ridge,True,0.0,per_operation,per_operation,per_operation,per_operation,16,1.0,1.0,,,,0,0,0,16,1.0,1.0,1.0,1.0,100.0,31.19994340531757,1.0
interpolation_fold2,interpolation,cpu_ready,30,model_structured,ridge,True,0.0,per_operation,per_operation,per_operation,per_operation,16,0.9375,0.9375,,0.0,,0,1,0,15,1.0131683403674345,1.0,1.0526733614697386,1.2106934458789547,93.75,297.82096449257125,1.0606178943040148
interpolation_fold2,interpolation,cpu_ready,100,model_structured,ridge,True,0.0,per_operation,per_operation,per_operation,per_operation,16,1.0,1.0,1.0,1.0,1.0,3,0,0,13,1.0,1.0,1.0,1.0,100.0,1442.2400520358965,1.0
interpolation_fold2,interpolation,cpu_ready,1000,model_structured,ridge,True,0.0,per_operation,per_operation,per_operation,per_operation,16,1.0,1.0,1.0,1.0,1.0,4,0,0,12,1.0,1.0,1.0,1.0,100.0,95016.7453086404,1.0
interpolation_fold2,interpolation,gpu_ready,1,model_structured,ridge,True,0.0,per_operation,per_operation,per_operation,per_operation,16,1.0,1.0,1.0,1.0,1.0,13,0,0,3,1.0,1.0,1.0,1.0,100.0,0.2781580109889865,1.0
interpolation_fold2,interpolation,gpu_ready,2,model_structured,ridge,True,0.0,per_operation,per_operation,per_operation,per_operation,16,1.0,1.0,1.0,1.0,1.0,13,0,0,3,1.0,1.0,1.0,1.0,100.0,0.6697243882820765,1.0
interpolation_fold2,interpolation,gpu_ready,3,model_structured,ridge,True,0.0,per_operation,per_operation,per_operation,per_operation,16,1.0,1.0,1.0,1.0,1.0,13,0,0,3,1.0,1.0,1.0,1.0,100.0,1.2513792311288112,1.0
interpolation_fold2,interpolation,gpu_ready,5,model_structured,ridge,True,0.0,per_operation,per_operation,per_operation,per_operation,16,0.8125,0.8846153846153846,0.6201736729460423,1.0,0.7692307692307693,10,0,3,3,1.0433863053731898,1.0,1.2336545228742377,1.363531174374169,81.25,3.01420364935674,1.0097989224630357
interpolation_fold2,interpolation,gpu_ready,10,model_structured,ridge,True,0.0,per_operation,per_operation,per_operation,per_operation,16,0.875,0.875,0.75,0.875,0.875,7,1,1,7,1.2679618568315236,1.0,2.1314135707684185,5.168257422419732,87.5,10.45567835841263,1.0033175050067975
interpolation_fold2,interpolation,gpu_ready,30,model_structured,ridge,True,0.0,per_operation,per_operation,per_operation,per_operation,16,1.0,1.0,1.0,1.0,1.0,7,0,0,9,1.0,1.0,1.0,1.0,100.0,85.48379744395169,1.0
interpolation_fold2,interpolation,gpu_ready,100,model_structured,ridge,True,0.0,per_operation,per_operation,per_operation,per_operation,16,0.875,0.8571428571428572,0.7644707871564383,1.0,0.7142857142857143,5,0,2,9,1.0761234840750773,1.0,1.6051629199144453,1.6166377779729613,87.5,921.5062524168143,1.0013400338120741
interpolation_fold2,interpolation,gpu_ready,1000,model_structured,ridge,True,0.0,per_operation,per_operation,per_operation,per_operation,16,0.875,0.8333333333333333,0.7453559924999299,1.0,0.6666666666666666,4,0,2,10,1.0493807389644847,1.0,1.3232946375147123,1.538548460118207,87.5,90994.03305887965,1.0006347623757859
interpolation_fold2,interpolation,none_ready,1,model_structured,ridge,True,0.0,per_operation,per_operation,per_operation,per_operation,16,1.0,1.0,,,,0,0,0,16,1.0,1.0,1.0,1.0,100.0,1.2163202822412733,1.0
interpolation_fold2,interpolation,none_ready,2,model_structured,ridge,True,0.0,per_operation,per_operation,per_operation,per_operation,16,1.0,1.0,,,,0,0,0,16,1.0,1.0,1.0,1.0,100.0,2.5371061999596387,1.0
interpolation_fold2,interpolation,none_ready,3,model_structured,ridge,True,0.0,per_operation,per_operation,per_operation,per_operation,16,1.0,1.0,,,,0,0,0,16,1.0,1.0,1.0,1.0,100.0,4.481890985784355,1.0
interpolation_fold2,interpolation,none_ready,5,model_structured,ridge,True,0.0,per_operation,per_operation,per_operation,per_operation,16,1.0,1.0,,,,0,0,0,16,1.0,1.0,1.0,1.0,100.0,10.243457161752843,1.0
interpolation_fold2,interpolation,none_ready,10,model_structured,ridge,True,0.0,per_operation,per_operation,per_operation,per_operation,16,1.0,1.0,,,,0,0,0,16,1.0,1.0,1.0,1.0,100.0,35.567352793535214,1.0
interpolation_fold2,interpolation,none_ready,30,model_structured,ridge,True,0.0,per_operation,per_operation,per_operation,per_operation,16,0.9375,0.9375,,0.0,,0,1,0,15,1.0110391959317861,1.0,1.0441567837271448,1.1766271349085793,93.75,307.5451145547148,1.050134293634864
interpolation_fold2,interpolation,none_ready,100,model_structured,ridge,True,0.0,per_operation,per_operation,per_operation,per_operation,16,1.0,1.0,1.0,1.0,1.0,3,0,0,13,1.0,1.0,1.0,1.0,100.0,1455.7598240708382,1.0
interpolation_fold2,interpolation,none_ready,1000,model_structured,ridge,True,0.0,per_operation,per_operation,per_operation,per_operation,16,1.0,1.0,1.0,1.0,1.0,4,0,0,12,1.0,1.0,1.0,1.0,100.0,95146.0496255916,1.0
interpolation_fold2,interpolation,cpu_ready,1,model_structured,elasticnet,True,0.0,per_operation,per_operation,per_operation,per_operation,16,1.0,1.0,,,,0,0,0,16,1.0,1.0,1.0,1.0,100.0,0.3119994340531757,1.0
interpolation_fold2,interpolation,cpu_ready,2,model_structured,elasticnet,True,0.0,per_operation,per_operation,per_operation,per_operation,16,1.0,1.0,,,,0,0,0,16,1.0,1.0,1.0,1.0,100.0,1.2479977362127028,1.0
interpolation_fold2,interpolation,cpu_ready,3,model_structured,elasticnet,True,0.0,per_operation,per_operation,per_operation,per_operation,16,1.0,1.0,,,,0,0,0,16,1.0,1.0,1.0,1.0,100.0,2.8079949064785814,1.0
interpolation_fold2,interpolation,cpu_ready,5,model_structured,elasticnet,True,0.0,per_operation,per_operation,per_operation,per_operation,16,1.0,1.0,,,,0,0,0,16,1.0,1.0,1.0,1.0,100.0,7.799985851329392,1.0
interpolation_fold2,interpolation,cpu_ready,10,model_structured,elasticnet,True,0.0,per_operation,per_operation,per_operation,per_operation,16,1.0,1.0,,,,0,0,0,16,1.0,1.0,1.0,1.0,100.0,31.19994340531757,1.0
interpolation_fold2,interpolation,cpu_ready,30,model_structured,elasticnet,True,0.0,per_operation,per_operation,per_operation,per_operation,16,0.9375,0.9375,,0.0,,0,1,0,15,1.0131683403674345,1.0,1.0526733614697386,1.2106934458789547,93.75,297.82096449257125,1.0606178943040148
interpolation_fold2,interpolation,cpu_ready,100,model_structured,elasticnet,True,0.0,per_operation,per_operation,per_operation,per_operation,16,0.9375,0.8333333333333333,0.7867957924694432,1.0,0.6666666666666666,2,0,1,13,1.1508147940472646,1.0,1.6032591761890584,3.4130367047562338,93.75,2205.056549083569,1.5289109090895545
interpolation_fold2,interpolation,cpu_ready,1000,model_structured,elasticnet,True,0.0,per_operation,per_operation,per_operation,per_operation,16,1.0,1.0,1.0,1.0,1.0,4,0,0,12,1.0,1.0,1.0,1.0,100.0,95016.7453086404,1.0
interpolation_fold2,interpolation,gpu_ready,1,model_structured,elasticnet,True,0.0,per_operation,per_operation,per_operation,per_operation,16,1.0,1.0,1.0,1.0,1.0,13,0,0,3,1.0,1.0,1.0,1.0,100.0,0.2781580109889865,1.0
interpolation_fold2,interpolation,gpu_ready,2,model_structured,elasticnet,True,0.0,per_operation,per_operation,per_operation,per_operation,16,1.0,1.0,1.0,1.0,1.0,13,0,0,3,1.0,1.0,1.0,1.0,100.0,0.6697243882820765,1.0
interpolation_fold2,interpolation,gpu_ready,3,model_structured,elasticnet,True,0.0625,per_operation,per_operation,per_operation,per_operation,16,1.0,1.0,1.0,1.0,1.0,13,0,0,3,1.0,1.0,1.0,1.0,100.0,1.2513792311288112,1.0
interpolation_fold2,interpolation,gpu_ready,5,model_structured,elasticnet,True,0.0,per_operation,per_operation,per_operation,per_operation,16,0.875,0.9230769230769231,0.7125253031944253,1.0,0.8461538461538461,11,0,2,3,1.0206656069748044,1.0,1.1528061308438535,1.1903623057075938,87.5,2.9946327747096984,1.003242415196362
interpolation_fold2,interpolation,gpu_ready,10,model_structured,elasticnet,True,0.0,per_operation,per_operation,per_operation,per_operation,16,0.9375,0.9375,0.8819171036881969,0.8888888888888888,1.0,8,1,0,7,1.0074457679302906,1.0,1.029783071721162,1.1191322868846476,93.75,10.42285598703049,1.0001678997268073
interpolation_fold2,interpolation,gpu_ready,30,model_structured,elasticnet,True,0.0,per_operation,per_operation,per_operation,per_operation,16,0.9375,0.9285714285714286,0.8783100656536799,1.0,0.8571428571428571,6,0,1,9,1.106612744695538,1.0,1.426450978782152,2.705803915128608,93.75,85.78963216347474,1.003577692248915
interpolation_fold2,interpolation,gpu_ready,100,model_structured,elasticnet,True,0.0,per_operation,per_operation,per_operation,per_operation,16,0.8125,0.7857142857142857,0.6546536707079771,1.0,0.5714285714285714,4,0,3,9,1.2803801498239096,1.0,2.2795049964750507,4.268106651981319,81.25,921.9682082008168,1.001842010677841
interpolation_fold2,interpolation,gpu_ready,1000,model_structured,elasticnet,True,0.0,per_operation,per_operation,per_operation,per_operation,16,0.875,0.8333333333333333,0.7453559924999299,1.0,0.6666666666666666,4,0,2,10,1.0493807389644847,1.0,1.3232946375147123,1.538548460118207,87.5,90994.03305887965,1.0006347623757859
interpolation_fold2,interpolation,none_ready,1,model_structured,elasticnet,True,0.0,per_operation,per_operation,per_operation,per_operation,16,1.0,1.0,,,,0,0,0,16,1.0,1.0,1.0,1.0,100.0,1.2163202822412733,1.0
interpolation_fold2,interpolation,none_ready,2,model_structured,elasticnet,True,0.0,per_operation,per_operation,per_operation,per_operation,16,1.0,1.0,,,,0,0,0,16,1.0,1.0,1.0,1.0,100.0,2.5371061999596387,1.0
interpolation_fold2,interpolation,none_ready,3,model_structured,elasticnet,True,0.0,per_operation,per_operation,per_operation,per_operation,16,1.0,1.0,,,,0,0,0,16,1.0,1.0,1.0,1.0,100.0,4.481890985784355,1.0
interpolation_fold2,interpolation,none_ready,5,model_structured,elasticnet,True,0.0,per_operation,per_operation,per_operation,per_operation,16,1.0,1.0,,,,0,0,0,16,1.0,1.0,1.0,1.0,100.0,10.243457161752843,1.0
interpolation_fold2,interpolation,none_ready,10,model_structured,elasticnet,True,0.0,per_operation,per_operation,per_operation,per_operation,16,1.0,1.0,,,,0,0,0,16,1.0,1.0,1.0,1.0,100.0,35.567352793535214,1.0
interpolation_fold2,interpolation,none_ready,30,model_structured,elasticnet,True,0.0,per_operation,per_operation,per_operation,per_operation,16,0.9375,0.9375,,0.0,,0,1,0,15,1.0110391959317861,1.0,1.0441567837271448,1.1766271349085793,93.75,307.5451145547148,1.050134293634864
interpolation_fold2,interpolation,none_ready,100,model_structured,elasticnet,True,0.0,per_operation,per_operation,per_operation,per_operation,16,0.9375,0.8333333333333333,0.7867957924694432,1.0,0.6666666666666666,2,0,1,13,1.1542217551644125,1.0,1.61688702065765,3.4675480826306004,93.75,2235.808623568533,1.5358361912450589
interpolation_fold2,interpolation,none_ready,1000,model_structured,elasticnet,True,0.0,per_operation,per_operation,per_operation,per_operation,16,1.0,1.0,1.0,1.0,1.0,4,0,0,12,1.0,1.0,1.0,1.0,100.0,95146.0496255916,1.0
interpolation_fold2,interpolation,cpu_ready,1,model_structured,huber,True,0.0,per_operation,per_operation,per_operation,per_operation,16,1.0,1.0,,,,0,0,0,16,1.0,1.0,1.0,1.0,100.0,0.3119994340531757,1.0
interpolation_fold2,interpolation,cpu_ready,2,model_structured,huber,True,0.0,per_operation,per_operation,per_operation,per_operation,16,1.0,1.0,,,,0,0,0,16,1.0,1.0,1.0,1.0,100.0,1.2479977362127028,1.0
interpolation_fold2,interpolation,cpu_ready,3,model_structured,huber,True,0.0,per_operation,per_operation,per_operation,per_operation,16,1.0,1.0,,,,0,0,0,16,1.0,1.0,1.0,1.0,100.0,2.8079949064785814,1.0
interpolation_fold2,interpolation,cpu_ready,5,model_structured,huber,True,0.0,per_operation,per_operation,per_operation,per_operation,16,1.0,1.0,,,,0,0,0,16,1.0,1.0,1.0,1.0,100.0,7.799985851329392,1.0
interpolation_fold2,interpolation,cpu_ready,10,model_structured,huber,True,0.0,per_operation,per_operation,per_operation,per_operation,16,1.0,1.0,,,,0,0,0,16,1.0,1.0,1.0,1.0,100.0,31.19994340531757,1.0
interpolation_fold2,interpolation,cpu_ready,30,model_structured,huber,True,0.0,per_operation,per_operation,per_operation,per_operation,16,0.9375,0.9375,,0.0,,0,1,0,15,1.0131683403674345,1.0,1.0526733614697386,1.2106934458789547,93.75,297.82096449257125,1.0606178943040148
interpolation_fold2,interpolation,cpu_ready,100,model_structured,huber,True,0.0,per_operation,per_operation,per_operation,per_operation,16,1.0,1.0,1.0,1.0,1.0,3,0,0,13,1.0,1.0,1.0,1.0,100.0,1442.2400520358965,1.0
interpolation_fold2,interpolation,cpu_ready,1000,model_structured,huber,True,0.0,per_operation,per_operation,per_operation,per_operation,16,1.0,1.0,1.0,1.0,1.0,4,0,0,12,1.0,1.0,1.0,1.0,100.0,95016.7453086404,1.0
interpolation_fold2,interpolation,gpu_ready,1,model_structured,huber,True,0.0,per_operation,per_operation,per_operation,per_operation,16,1.0,1.0,1.0,1.0,1.0,13,0,0,3,1.0,1.0,1.0,1.0,100.0,0.2781580109889865,1.0
interpolation_fold2,interpolation,gpu_ready,2,model_structured,huber,True,0.0,per_operation,per_operation,per_operation,per_operation,16,1.0,1.0,1.0,1.0,1.0,13,0,0,3,1.0,1.0,1.0,1.0,100.0,0.6697243882820765,1.0
interpolation_fold2,interpolation,gpu_ready,3,model_structured,huber,True,0.0,per_operation,per_operation,per_operation,per_operation,16,0.9375,0.9615384615384616,0.8320502943378436,1.0,0.9230769230769231,12,0,1,3,1.0628298731054686,1.0,1.251319492421875,2.0052779696875,93.75,1.276161029769208,1.0198035879323668
interpolation_fold2,interpolation,gpu_ready,5,model_structured,huber,True,0.0625,per_operation,per_operation,per_operation,per_operation,16,0.875,0.9230769230769231,0.7125253031944253,1.0,0.8461538461538461,11,0,2,3,1.031488661266465,1.0,1.1960983480104974,1.363531174374169,87.5,3.0141316362674377,1.0097747971057474
interpolation_fold2,interpolation,gpu_ready,10,model_structured,huber,True,0.125,per_operation,per_operation,per_operation,per_operation,16,0.8125,0.8125,0.629940788348712,0.7777777777777778,0.875,7,2,1,6,1.298175619017673,1.0,2.4046295018387243,5.168257422419732,81.25,10.456992503754906,1.0034436092136056
interpolation_fold2,interpolation,gpu_ready,30,model_structured,huber,True,0.0,per_operation,per_operation,per_operation,per_operation,16,1.0,1.0,1.0,1.0,1.0,7,0,0,9,1.0,1.0,1.0,1.0,100.0,85.48379744395169,1.0
interpolation_fold2,interpolation,gpu_ready,100,model_structured,huber,True,0.0625,per_operation,per_operation,per_operation,per_operation,16,1.0,1.0,1.0,1.0,1.0,7,0,0,9,1.0,1.0,1.0,1.0,100.0,920.2730554062291,1.0
interpolation_fold2,interpolation,gpu_ready,1000,model_structured,huber,True,0.0,per_operation,per_operation,per_operation,per_operation,16,0.9375,0.9166666666666667,0.8703882797784892,1.0,0.8333333333333334,5,0,1,10,1.033659278757388,1.0,1.1346371150295518,1.538548460118207,93.75,90943.92263991883,1.0000837127576536
interpolation_fold2,interpolation,none_ready,1,model_structured,huber,True,0.0,per_operation,per_operation,per_operation,per_operation,16,1.0,1.0,,,,0,0,0,16,1.0,1.0,1.0,1.0,100.0,1.2163202822412733,1.0
interpolation_fold2,interpolation,none_ready,2,model_structured,huber,True,0.0,per_operation,per_operation,per_operation,per_operation,16,1.0,1.0,,,,0,0,0,16,1.0,1.0,1.0,1.0,100.0,2.5371061999596387,1.0
interpolation_fold2,interpolation,none_ready,3,model_structured,huber,True,0.0,per_operation,per_operation,per_operation,per_operation,16,1.0,1.0,,,,0,0,0,16,1.0,1.0,1.0,1.0,100.0,4.481890985784355,1.0
interpolation_fold2,interpolation,none_ready,5,model_structured,huber,True,0.0,per_operation,per_operation,per_operation,per_operation,16,1.0,1.0,,,,0,0,0,16,1.0,1.0,1.0,1.0,100.0,10.243457161752843,1.0
interpolation_fold2,interpolation,none_ready,10,model_structured,huber,True,0.0,per_operation,per_operation,per_operation,per_operation,16,1.0,1.0,,,,0,0,0,16,1.0,1.0,1.0,1.0,100.0,35.567352793535214,1.0
interpolation_fold2,interpolation,none_ready,30,model_structured,huber,True,0.0,per_operation,per_operation,per_operation,per_operation,16,0.9375,0.9375,,0.0,,0,1,0,15,1.0110391959317861,1.0,1.0441567837271448,1.1766271349085793,93.75,307.5451145547148,1.050134293634864
interpolation_fold2,interpolation,none_ready,100,model_structured,huber,True,0.0,per_operation,per_operation,per_operation,per_operation,16,1.0,1.0,1.0,1.0,1.0,3,0,0,13,1.0,1.0,1.0,1.0,100.0,1455.7598240708382,1.0
interpolation_fold2,interpolation,none_ready,1000,model_structured,huber,True,0.0,per_operation,per_operation,per_operation,per_operation,16,1.0,1.0,1.0,1.0,1.0,4,0,0,12,1.0,1.0,1.0,1.0,100.0,95146.0496255916,1.0
interpolation_fold2,interpolation,cpu_ready,1,model_structured,tree,True,0.0,per_operation,per_operation,per_operation,per_operation,16,1.0,1.0,,,,0,0,0,16,1.0,1.0,1.0,1.0,100.0,0.3119994340531757,1.0
interpolation_fold2,interpolation,cpu_ready,2,model_structured,tree,True,0.0,per_operation,per_operation,per_operation,per_operation,16,1.0,1.0,,,,0,0,0,16,1.0,1.0,1.0,1.0,100.0,1.2479977362127028,1.0
interpolation_fold2,interpolation,cpu_ready,3,model_structured,tree,True,0.0,per_operation,per_operation,per_operation,per_operation,16,1.0,1.0,,,,0,0,0,16,1.0,1.0,1.0,1.0,100.0,2.8079949064785814,1.0
interpolation_fold2,interpolation,cpu_ready,5,model_structured,tree,True,0.0,per_operation,per_operation,per_operation,per_operation,16,0.9375,0.9375,,0.0,,0,1,0,15,3.5516219571762573,1.0,11.20648782870503,41.82595131482012,93.75,55.138663150482834,7.069072201084219
interpolation_fold2,interpolation,cpu_ready,10,model_structured,tree,True,0.0,per_operation,per_operation,per_operation,per_operation,16,0.9375,0.9375,,0.0,,0,1,0,15,1.6772037510721594,1.0,3.7088150042886374,11.83526001715455,93.75,81.45492690335578,2.61073957235041
interpolation_fold2,interpolation,cpu_ready,30,model_structured,tree,True,0.0,per_operation,per_operation,per_operation,per_operation,16,0.9375,0.9375,,0.0,,0,1,0,15,1.0638747847168695,1.0,1.2554991388674779,2.021996555469911,93.75,323.46056011364846,1.15192716114749
interpolation_fold2,interpolation,cpu_ready,100,model_structured,tree,True,0.0,per_operation,per_operation,per_operation,per_operation,16,0.875,0.6666666666666666,0.53748384988657,1.0,0.3333333333333333,1,0,2,13,1.3563793763928844,1.0,3.632035857949654,4.289033317529915,87.5,2893.4115616545632,2.0061927676811933
interpolation_fold2,interpolation,cpu_ready,1000,model_structured,tree,True,0.0,per_operation,per_operation,per_operation,per_operation,16,0.875,0.8333333333333333,0.6666666666666666,0.75,0.75,3,1,1,11,2.311318031169801,1.0,9.942613958957857,14.5864048301595,87.5,190220.81565183145,2.0019714949606215
interpolation_fold2,interpolation,gpu_ready,1,model_structured,tree,True,0.0,per_operation,per_operation,per_operation,per_operation,16,1.0,1.0,1.0,1.0,1.0,13,0,0,3,1.0,1.0,1.0,1.0,100.0,0.2781580109889865,1.0
interpolation_fold2,interpolation,gpu_ready,2,model_structured,tree,True,0.0,per_operation,per_operation,per_operation,per_operation,16,1.0,1.0,1.0,1.0,1.0,13,0,0,3,1.0,1.0,1.0,1.0,100.0,0.6697243882820765,1.0
interpolation_fold2,interpolation,gpu_ready,3,model_structured,tree,True,0.0,per_operation,per_operation,per_operation,per_operation,16,1.0,1.0,1.0,1.0,1.0,13,0,0,3,1.0,1.0,1.0,1.0,100.0,1.2513792311288112,1.0
interpolation_fold2,interpolation,gpu_ready,5,model_structured,tree,True,0.0,per_operation,per_operation,per_operation,per_operation,16,1.0,1.0,1.0,1.0,1.0,13,0,0,3,1.0,1.0,1.0,1.0,100.0,2.984954313483214,1.0
interpolation_fold2,interpolation,gpu_ready,10,model_structured,tree,True,0.0,per_operation,per_operation,per_operation,per_operation,16,0.625,0.625,0.2581988897471611,0.6,0.75,6,4,2,4,2.271858592479199,1.0,8.361583771068961,11.147823473872503,62.5,22.217419457111284,2.1319636175937786
interpolation_fold2,interpolation,gpu_ready,30,model_structured,tree,True,0.0,per_operation,per_operation,per_operation,per_operation,16,0.6875,0.6904761904761905,0.3779644730092272,0.625,0.7142857142857143,5,3,2,6,2.821603207098126,1.0,10.280420629008313,10.881733174533885,68.75,179.75367404741849,2.102780637059038
interpolation_fold2,interpolation,gpu_ready,100,model_structured,tree,True,0.0,per_operation,per_operation,per_operation,per_operation,16,0.6875,0.6746031746031746,0.3578300267477955,0.6666666666666666,0.5714285714285714,4,2,3,7,2.8609979120387186,1.0,11.324149632387515,16.140123160519554,68.75,1905.7291525313742,2.0708301099722437
interpolation_fold2,interpolation,gpu_ready,1000,model_structured,tree,True,0.0,per_operation,per_operation,per_operation,per_operation,16,0.6875,0.65,0.3133397807202561,0.6,0.5,3,2,3,8,3.108547500454221,1.0,12.94431560213136,23.033466192675014,68.75,187823.54780188802,2.0654406097343423
interpolation_fold2,interpolation,none_ready,1,model_structured,tree,True,0.0,per_operation,per_operation,per_operation,per_operation,16,1.0,1.0,,,,0,0,0,16,1.0,1.0,1.0,1.0,100.0,1.2163202822412733,1.0
interpolation_fold2,interpolation,none_ready,2,model_structured,tree,True,0.0,per_operation,per_operation,per_operation,per_operation,16,1.0,1.0,,,,0,0,0,16,1.0,1.0,1.0,1.0,100.0,2.5371061999596387,1.0
interpolation_fold2,interpolation,none_ready,3,model_structured,tree,True,0.0,per_operation,per_operation,per_operation,per_operation,16,1.0,1.0,,,,0,0,0,16,1.0,1.0,1.0,1.0,100.0,4.481890985784355,1.0
interpolation_fold2,interpolation,none_ready,5,model_structured,tree,True,0.0,per_operation,per_operation,per_operation,per_operation,16,1.0,1.0,,,,0,0,0,16,1.0,1.0,1.0,1.0,100.0,10.243457161752843,1.0
interpolation_fold2,interpolation,none_ready,10,model_structured,tree,True,0.0,per_operation,per_operation,per_operation,per_operation,16,0.9375,0.9375,,0.0,,0,1,0,15,1.6694971952497641,1.0,3.677988780999057,11.711955123996228,93.75,85.7735058435939,2.411579696175315
interpolation_fold2,interpolation,none_ready,30,model_structured,tree,True,0.0,per_operation,per_operation,per_operation,per_operation,16,0.9375,0.9375,,0.0,,0,1,0,15,1.0634327609146434,1.0,1.2537310436585742,2.0149241746342965,93.75,335.3772044014738,1.1451689101135742
interpolation_fold2,interpolation,none_ready,100,model_structured,tree,True,0.0,per_operation,per_operation,per_operation,per_operation,16,0.875,0.6666666666666666,0.53748384988657,1.0,0.3333333333333333,1,0,2,13,1.3621030615600378,1.0,3.6821862875554516,4.326100902330005,87.5,2931.9214346589442,2.014014527794988
interpolation_fold2,interpolation,none_ready,1000,model_structured,tree,True,0.0,per_operation,per_operation,per_operation,per_operation,16,0.875,0.8333333333333333,0.6666666666666666,0.75,0.75,3,1,1,11,2.302926288053856,1.0,9.915727110856913,14.438776691578722,87.5,190521.71211372435,2.0024132674288078
interpolation_fold2,interpolation,cpu_ready,1,model_structured,random_forest,True,0.0,per_operation,per_operation,per_operation,per_operation,16,1.0,1.0,,,,0,0,0,16,1.0,1.0,1.0,1.0,100.0,0.3119994340531757,1.0
interpolation_fold2,interpolation,cpu_ready,2,model_structured,random_forest,True,0.0,per_operation,per_operation,per_operation,per_operation,16,1.0,1.0,,,,0,0,0,16,1.0,1.0,1.0,1.0,100.0,1.2479977362127028,1.0
interpolation_fold2,interpolation,cpu_ready,3,model_structured,random_forest,True,0.0,per_operation,per_operation,per_operation,per_operation,16,1.0,1.0,,,,0,0,0,16,1.0,1.0,1.0,1.0,100.0,2.8079949064785814,1.0
interpolation_fold2,interpolation,cpu_ready,5,model_structured,random_forest,True,0.0,per_operation,per_operation,per_operation,per_operation,16,1.0,1.0,,,,0,0,0,16,1.0,1.0,1.0,1.0,100.0,7.799985851329392,1.0
interpolation_fold2,interpolation,cpu_ready,10,model_structured,random_forest,True,0.0,per_operation,per_operation,per_operation,per_operation,16,1.0,1.0,,,,0,0,0,16,1.0,1.0,1.0,1.0,100.0,31.19994340531757,1.0
interpolation_fold2,interpolation,cpu_ready,30,model_structured,random_forest,True,0.0,per_operation,per_operation,per_operation,per_operation,16,0.9375,0.9375,,0.0,,0,1,0,15,1.0638747847168695,1.0,1.2554991388674779,2.021996555469911,93.75,323.46056011364846,1.15192716114749
interpolation_fold2,interpolation,cpu_ready,100,model_structured,random_forest,True,0.0,per_operation,per_operation,per_operation,per_operation,16,0.9375,0.8333333333333333,0.7867957924694432,1.0,0.6666666666666666,2,0,1,13,1.1508147940472646,1.0,1.6032591761890584,3.4130367047562338,93.75,2205.056549083569,1.5289109090895545
interpolation_fold2,interpolation,cpu_ready,1000,model_structured,random_forest,True,0.0,per_operation,per_operation,per_operation,per_operation,16,0.9375,0.875,0.8320502943378436,1.0,0.75,3,0,1,12,1.030602643381118,1.0,1.1224105735244716,1.4896422940978864,93.75,95241.5546252732,1.0023659968135359
interpolation_fold2,interpolation,gpu_ready,1,model_structured,random_forest,True,0.0,per_operation,per_operation,per_operation,per_operation,16,1.0,1.0,1.0,1.0,1.0,13,0,0,3,1.0,1.0,1.0,1.0,100.0,0.2781580109889865,1.0
interpolation_fold2,interpolation,gpu_ready,2,model_structured,random_forest,True,0.0,per_operation,per_operation,per_operation,per_operation,16,1.0,1.0,1.0,1.0,1.0,13,0,0,3,1.0,1.0,1.0,1.0,100.0,0.6697243882820765,1.0
interpolation_fold2,interpolation,gpu_ready,3,model_structured,random_forest,True,0.0,per_operation,per_operation,per_operation,per_operation,16,1.0,1.0,1.0,1.0,1.0,13,0,0,3,1.0,1.0,1.0,1.0,100.0,1.2513792311288112,1.0
interpolation_fold2,interpolation,gpu_ready,5,model_structured,random_forest,True,0.0,per_operation,per_operation,per_operation,per_operation,16,1.0,1.0,1.0,1.0,1.0,13,0,0,3,1.0,1.0,1.0,1.0,100.0,2.984954313483214,1.0
interpolation_fold2,interpolation,gpu_ready,10,model_structured,random_forest,True,0.0,per_operation,per_operation,per_operation,per_operation,16,0.875,0.875,0.7745966692414834,0.8,1.0,8,2,0,6,1.093385738232187,1.0,1.4331090963710718,2.375039524830344,87.5,10.423732048979582,1.0002519658446491
interpolation_fold2,interpolation,gpu_ready,30,model_structured,random_forest,True,0.0,per_operation,per_operation,per_operation,per_operation,16,0.9375,0.9285714285714286,0.8783100656536799,1.0,0.8571428571428571,6,0,1,9,1.106612744695538,1.0,1.426450978782152,2.705803915128608,93.75,85.78963216347474,1.003577692248915
interpolation_fold2,interpolation,gpu_ready,100,model_structured,random_forest,True,0.0,per_operation,per_operation,per_operation,per_operation,16,0.875,0.8571428571428572,0.7644707871564383,1.0,0.7142857142857143,5,0,2,9,1.2418402887005995,1.0,2.2680301384165347,4.268106651981319,87.5,921.9329476842781,1.0018036954013787
interpolation_fold2,interpolation,gpu_ready,1000,model_structured,random_forest,True,0.0,per_operation,per_operation,per_operation,per_operation,16,0.875,0.8333333333333333,0.7453559924999299,1.0,0.6666666666666666,4,0,2,10,1.0493807389644847,1.0,1.3232946375147123,1.538548460118207,87.5,90994.03305887965,1.0006347623757859
interpolation_fold2,interpolation,none_ready,1,model_structured,random_forest,True,0.0,per_operation,per_operation,per_operation,per_operation,16,1.0,1.0,,,,0,0,0,16,1.0,1.0,1.0,1.0,100.0,1.2163202822412733,1.0
interpolation_fold2,interpolation,none_ready,2,model_structured,random_forest,True,0.0,per_operation,per_operation,per_operation,per_operation,16,1.0,1.0,,,,0,0,0,16,1.0,1.0,1.0,1.0,100.0,2.5371061999596387,1.0
interpolation_fold2,interpolation,none_ready,3,model_structured,random_forest,True,0.0,per_operation,per_operation,per_operation,per_operation,16,1.0,1.0,,,,0,0,0,16,1.0,1.0,1.0,1.0,100.0,4.481890985784355,1.0
interpolation_fold2,interpolation,none_ready,5,model_structured,random_forest,True,0.0,per_operation,per_operation,per_operation,per_operation,16,1.0,1.0,,,,0,0,0,16,1.0,1.0,1.0,1.0,100.0,10.243457161752843,1.0
interpolation_fold2,interpolation,none_ready,10,model_structured,random_forest,True,0.0,per_operation,per_operation,per_operation,per_operation,16,1.0,1.0,,,,0,0,0,16,1.0,1.0,1.0,1.0,100.0,35.567352793535214,1.0
interpolation_fold2,interpolation,none_ready,30,model_structured,random_forest,True,0.0,per_operation,per_operation,per_operation,per_operation,16,0.9375,0.9375,,0.0,,0,1,0,15,1.0634327609146434,1.0,1.2537310436585742,2.0149241746342965,93.75,335.3772044014738,1.1451689101135742
interpolation_fold2,interpolation,none_ready,100,model_structured,random_forest,True,0.0,per_operation,per_operation,per_operation,per_operation,16,0.9375,0.8333333333333333,0.7867957924694432,1.0,0.6666666666666666,2,0,1,13,1.1542217551644125,1.0,1.61688702065765,3.4675480826306004,93.75,2235.808623568533,1.5358361912450589
interpolation_fold2,interpolation,none_ready,1000,model_structured,random_forest,True,0.0,per_operation,per_operation,per_operation,per_operation,16,0.9375,0.875,0.8320502943378436,1.0,0.75,3,0,1,12,1.0308716229882688,1.0,1.1234864919530754,1.4939459678123015,93.75,95372.83488661973,1.00238354889058
extrapolation_top1,extrapolation,cpu_ready,1,model_structured,ridge,False,0.0,per_operation,per_operation,per_operation,per_operation,6,1.0,1.0,,,,0,0,0,6,1.0,1.0,1.0,1.0,100.0,36.38795149086501,1.0
extrapolation_top1,extrapolation,cpu_ready,2,model_structured,ridge,False,0.0,per_operation,per_operation,per_operation,per_operation,6,0.8333333333333334,0.9,0.6324555320336759,0.5,1.0,1,1,0,4,1.033384914816587,1.0,1.150232116674641,1.2003094888995214,83.33333333333334,148.99748823944657,1.0853047286589552
extrapolation_top1,extrapolation,cpu_ready,3,model_structured,ridge,False,0.0,per_operation,per_operation,per_operation,per_operation,6,1.0,1.0,1.0,1.0,1.0,2,0,0,4,1.0,1.0,1.0,1.0,100.0,203.77940744294685,1.0
extrapolation_top1,extrapolation,cpu_ready,5,model_structured,ridge,False,0.16666666666666666,per_operation,per_operation,per_operation,per_operation,6,0.8333333333333334,0.8333333333333333,0.7071067811865476,1.0,0.6666666666666666,2,0,1,3,1.0503191126432978,1.0,1.2264360068948403,1.301914675859787,83.33333333333334,360.57812144072886,1.1162470472612385
extrapolation_top1,extrapolation,cpu_ready,10,model_structured,ridge,False,0.0,per_operation,per_operation,per_operation,per_operation,6,1.0,1.0,1.0,1.0,1.0,3,0,0,3,1.0,1.0,1.0,1.0,100.0,601.9085505416688,1.0
extrapolation_top1,extrapolation,cpu_ready,30,model_structured,ridge,False,0.0,per_operation,per_operation,per_operation,per_operation,6,1.0,1.0,1.0,1.0,1.0,3,0,0,3,1.0,1.0,1.0,1.0,100.0,2693.062285748755,1.0
extrapolation_top1,extrapolation,cpu_ready,100,model_structured,ridge,False,0.0,per_operation,per_operation,per_operation,per_operation,6,1.0,1.0,1.0,1.0,1.0,3,0,0,3,1.0,1.0,1.0,1.0,100.0,22305.01569622834,1.0
extrapolation_top1,extrapolation,cpu_ready,1000,model_structured,ridge,False,0.0,per_operation,per_operation,per_operation,per_operation,6,1.0,1.0,1.0,1.0,1.0,3,0,0,3,1.0,1.0,1.0,1.0,100.0,1977905.541993414,1.0
extrapolation_top1,extrapolation,gpu_ready,1,model_structured,ridge,False,0.0,per_operation,per_operation,per_operation,per_operation,6,0.8333333333333334,0.8333333333333333,0.7071067811865476,0.75,1.0,3,1,0,2,1.0761114674448835,1.0,1.3425016035019752,1.4566688046693004,83.33333333333334,2.568740030845513,1.0172667557001733
extrapolation_top1,extrapolation,gpu_ready,2,model_structured,ridge,False,0.0,per_operation,per_operation,per_operation,per_operation,6,0.8333333333333334,0.8333333333333333,0.7071067811865476,0.75,1.0,3,1,0,2,1.1858897832863367,1.0,1.8365040247885154,2.1153386997180204,83.33333333333334,9.04685467168538,1.033508804607208
extrapolation_top1,extrapolation,gpu_ready,3,model_structured,ridge,False,0.0,per_operation,per_operation,per_operation,per_operation,6,0.8333333333333334,0.8333333333333333,0.7071067811865476,0.75,1.0,3,1,0,2,1.239746557849201,1.0,2.078859510321405,2.438479347095207,83.33333333333334,19.62282665541447,1.039100149579499
extrapolation_top1,extrapolation,gpu_ready,5,model_structured,ridge,False,0.0,per_operation,per_operation,per_operation,per_operation,6,0.8333333333333334,0.8333333333333333,0.7071067811865476,0.75,1.0,3,1,0,2,1.2923770248917366,1.0,2.315696612012814,2.754262149350419,83.33333333333334,53.06834265154033,1.0435473134830757
extrapolation_top1,extrapolation,gpu_ready,10,model_structured,ridge,False,0.0,per_operation,per_operation,per_operation,per_operation,6,0.8333333333333334,0.8333333333333333,0.7071067811865476,0.75,1.0,3,1,0,2,1.338969559373683,1.0,2.525363017181573,3.0338173562420976,83.33333333333334,208.3946361424164,1.0468349109513055
extrapolation_top1,extrapolation,gpu_ready,30,model_structured,ridge,False,0.0,per_operation,per_operation,per_operation,per_operation,6,0.8333333333333334,0.8333333333333333,0.7071067811865476,0.75,1.0,3,1,0,2,1.3741523877495727,1.0,2.683685744873077,3.2449143264974363,83.33333333333334,1854.1641458282268,1.0489912183473096
extrapolation_top1,extrapolation,gpu_ready,100,model_structured,ridge,False,0.0,per_operation,per_operation,per_operation,per_operation,6,0.8333333333333334,0.8333333333333333,0.7071067811865476,0.75,1.0,3,1,0,2,1.387352200552982,1.0,2.743084902488418,3.3241132033178906,83.33333333333334,20522.608059829618,1.049737644432051
extrapolation_top1,extrapolation,gpu_ready,1000,model_structured,ridge,False,0.16666666666666666,per_operation,per_operation,per_operation,per_operation,6,0.8333333333333334,0.8333333333333333,0.7071067811865476,0.75,1.0,3,1,0,2,1.3925750837452986,1.0,2.766587876853843,3.355450502471791,83.33333333333334,2049260.188553851,1.0500242869845262
extrapolation_top1,extrapolation,none_ready,1,model_structured,ridge,False,0.0,per_operation,per_operation,per_operation,per_operation,6,1.0,1.0,,,,0,0,0,6,1.0,1.0,1.0,1.0,100.0,40.27724387506998,1.0
extrapolation_top1,extrapolation,none_ready,2,model_structured,ridge,False,0.0,per_operation,per_operation,per_operation,per_operation,6,0.8333333333333334,0.9,0.6324555320336759,0.5,1.0,1,1,0,4,1.0321278040219228,1.0,1.144575118098653,1.1927668241315372,83.33333333333334,152.53008802383596,1.0803283942636301
extrapolation_top1,extrapolation,none_ready,3,model_structured,ridge,False,0.0,per_operation,per_operation,per_operation,per_operation,6,1.0,1.0,1.0,1.0,1.0,2,0,0,4,1.0,1.0,1.0,1.0,100.0,208.9480993150318,1.0
extrapolation_top1,extrapolation,none_ready,5,model_structured,ridge,False,0.0,per_operation,per_operation,per_operation,per_operation,6,1.0,1.0,1.0,1.0,1.0,3,0,0,3,1.0,1.0,1.0,1.0,100.0,325.09955345010604,1.0
extrapolation_top1,extrapolation,none_ready,10,model_structured,ridge,False,0.0,per_operation,per_operation,per_operation,per_operation,6,1.0,1.0,1.0,1.0,1.0,3,0,0,3,1.0,1.0,1.0,1.0,100.0,605.8540665335205,1.0
extrapolation_top1,extrapolation,none_ready,30,model_structured,ridge,False,0.0,per_operation,per_operation,per_operation,per_operation,6,1.0,1.0,1.0,1.0,1.0,3,0,0,3,1.0,1.0,1.0,1.0,100.0,2704.5003202366056,1.0
extrapolation_top1,extrapolation,none_ready,100,model_structured,ridge,False,0.0,per_operation,per_operation,per_operation,per_operation,6,1.0,1.0,1.0,1.0,1.0,3,0,0,3,1.0,1.0,1.0,1.0,100.0,22342.677545452185,1.0
extrapolation_top1,extrapolation,none_ready,1000,model_structured,ridge,False,0.0,per_operation,per_operation,per_operation,per_operation,6,1.0,1.0,1.0,1.0,1.0,3,0,0,3,1.0,1.0,1.0,1.0,100.0,1978280.3671749579,1.0
extrapolation_top1,extrapolation,cpu_ready,1,model_structured,elasticnet,False,0.0,per_operation,per_operation,per_operation,per_operation,6,1.0,1.0,,,,0,0,0,6,1.0,1.0,1.0,1.0,100.0,36.38795149086501,1.0
extrapolation_top1,extrapolation,cpu_ready,2,model_structured,elasticnet,False,0.0,per_operation,per_operation,per_operation,per_operation,6,0.8333333333333334,0.5,,,0.0,0,0,1,5,1.0274876620987448,1.0,1.123694479444351,1.164925972592468,83.33333333333334,145.55180596346003,1.0602062165177653
extrapolation_top1,extrapolation,cpu_ready,3,model_structured,elasticnet,False,0.0,per_operation,per_operation,per_operation,per_operation,6,0.6666666666666666,0.5,,,0.0,0,0,2,4,1.3203084136565544,1.0,2.1486589344364893,2.3363926279033156,66.66666666666666,327.49156341778513,1.6070886039330279
extrapolation_top1,extrapolation,cpu_ready,5,model_structured,elasticnet,False,0.0,per_operation,per_operation,per_operation,per_operation,6,0.8333333333333334,0.8333333333333333,0.7071067811865476,1.0,0.6666666666666666,2,0,1,3,1.0503191126432978,1.0,1.2264360068948403,1.301914675859787,83.33333333333334,360.57812144072886,1.1162470472612385
extrapolation_top1,extrapolation,cpu_ready,10,model_structured,elasticnet,False,0.0,per_operation,per_operation,per_operation,per_operation,6,0.8333333333333334,0.8333333333333333,0.7071067811865476,1.0,0.6666666666666666,2,0,1,3,1.3206875381855214,1.0,2.443093921834846,2.924125229113128,83.33333333333334,1028.111680714743,1.7080861864971448
extrapolation_top1,extrapolation,cpu_ready,30,model_structured,elasticnet,False,0.0,per_operation,per_operation,per_operation,per_operation,6,1.0,1.0,1.0,1.0,1.0,3,0,0,3,1.0,1.0,1.0,1.0,100.0,2693.062285748755,1.0
extrapolation_top1,extrapolation,cpu_ready,100,model_structured,elasticnet,False,0.0,per_operation,per_operation,per_operation,per_operation,6,1.0,1.0,1.0,1.0,1.0,3,0,0,3,1.0,1.0,1.0,1.0,100.0,22305.01569622834,1.0
extrapolation_top1,extrapolation,cpu_ready,1000,model_structured,elasticnet,False,0.0,per_operation,per_operation,per_operation,per_operation,6,1.0,1.0,1.0,1.0,1.0,3,0,0,3,1.0,1.0,1.0,1.0,100.0,1977905.541993414,1.0
extrapolation_top1,extrapolation,gpu_ready,1,model_structured,elasticnet,False,0.0,per_operation,per_operation,per_operation,per_operation,6,0.8333333333333334,0.8333333333333333,0.7071067811865476,0.75,1.0,3,1,0,2,1.0761114674448835,1.0,1.3425016035019752,1.4566688046693004,83.33333333333334,2.568740030845513,1.0172667557001733
extrapolation_top1,extrapolation,gpu_ready,2,model_structured,elasticnet,False,0.0,per_operation,per_operation,per_operation,per_operation,6,0.8333333333333334,0.8333333333333333,0.7071067811865476,0.75,1.0,3,1,0,2,1.1858897832863367,1.0,1.8365040247885154,2.1153386997180204,83.33333333333334,9.04685467168538,1.033508804607208
extrapolation_top1,extrapolation,gpu_ready,3,model_structured,elasticnet,False,0.0,per_operation,per_operation,per_operation,per_operation,6,0.8333333333333334,0.8333333333333333,0.7071067811865476,0.75,1.0,3,1,0,2,1.239746557849201,1.0,2.078859510321405,2.438479347095207,83.33333333333334,19.62282665541447,1.039100149579499
extrapolation_top1,extrapolation,gpu_ready,5,model_structured,elasticnet,False,0.0,per_operation,per_operation,per_operation,per_operation,6,0.8333333333333334,0.8333333333333333,0.7071067811865476,0.75,1.0,3,1,0,2,1.2923770248917366,1.0,2.315696612012814,2.754262149350419,83.33333333333334,53.06834265154033,1.0435473134830757
extrapolation_top1,extrapolation,gpu_ready,10,model_structured,elasticnet,False,0.0,per_operation,per_operation,per_operation,per_operation,6,1.0,1.0,1.0,1.0,1.0,3,0,0,3,1.0,1.0,1.0,1.0,100.0,199.07115626573716,1.0
extrapolation_top1,extrapolation,gpu_ready,30,model_structured,elasticnet,False,0.0,per_operation,per_operation,per_operation,per_operation,6,1.0,1.0,1.0,1.0,1.0,3,0,0,3,1.0,1.0,1.0,1.0,100.0,1767.5687969528199,1.0
extrapolation_top1,extrapolation,gpu_ready,100,model_structured,elasticnet,False,0.0,per_operation,per_operation,per_operation,per_operation,6,1.0,1.0,1.0,1.0,1.0,3,0,0,3,1.0,1.0,1.0,1.0,100.0,19550.22587661239,1.0
extrapolation_top1,extrapolation,gpu_ready,1000,model_structured,elasticnet,False,0.0,per_operation,per_operation,per_operation,per_operation,6,1.0,1.0,1.0,1.0,1.0,3,0,0,3,1.0,1.0,1.0,1.0,100.0,1951631.2279203977,1.0
extrapolation_top1,extrapolation,none_ready,1,model_structured,elasticnet,False,0.0,per_operation,per_operation,per_operation,per_operation,6,1.0,1.0,,,,0,0,0,6,1.0,1.0,1.0,1.0,100.0,40.27724387506998,1.0
extrapolation_top1,extrapolation,none_ready,2,model_structured,elasticnet,False,0.0,per_operation,per_operation,per_operation,per_operation,6,0.8333333333333334,0.5,,,0.0,0,0,1,5,1.0393366033842506,1.0,1.1770147152291275,1.2360196203055034,83.33333333333334,153.0170765729835,1.083777599362385
extrapolation_top1,extrapolation,none_ready,3,model_structured,elasticnet,False,0.0,per_operation,per_operation,per_operation,per_operation,6,0.6666666666666666,0.5,,,0.0,0,0,2,4,1.3371871485474618,1.0,2.221272593787348,2.4309837419323106,66.66666666666666,338.5328122526271,1.6201765575393914
extrapolation_top1,extrapolation,none_ready,5,model_structured,elasticnet,False,0.0,per_operation,per_operation,per_operation,per_operation,6,0.8333333333333334,0.8333333333333333,0.7071067811865476,1.0,0.6666666666666666,2,0,1,3,1.0588530302235941,1.0,1.2648386360061739,1.3531181813415651,83.33333333333334,369.0189974882051,1.135095368701697
extrapolation_top1,extrapolation,none_ready,10,model_structured,elasticnet,False,0.0,per_operation,per_operation,per_operation,per_operation,6,0.8333333333333334,0.8333333333333333,0.7071067811865476,1.0,0.6666666666666666,2,0,1,3,1.3302251914333623,1.0,2.4860133614501305,2.981351148600174,83.33333333333334,1044.733017200697,1.724397136059983
extrapolation_top1,extrapolation,none_ready,30,model_structured,elasticnet,False,0.0,per_operation,per_operation,per_operation,per_operation,6,1.0,1.0,1.0,1.0,1.0,3,0,0,3,1.0,1.0,1.0,1.0,100.0,2704.5003202366056,1.0
extrapolation_top1,extrapolation,none_ready,100,model_structured,elasticnet,False,0.0,per_operation,per_operation,per_operation,per_operation,6,1.0,1.0,1.0,1.0,1.0,3,0,0,3,1.0,1.0,1.0,1.0,100.0,22342.677545452185,1.0
extrapolation_top1,extrapolation,none_ready,1000,model_structured,elasticnet,False,0.0,per_operation,per_operation,per_operation,per_operation,6,1.0,1.0,1.0,1.0,1.0,3,0,0,3,1.0,1.0,1.0,1.0,100.0,1978280.3671749579,1.0
extrapolation_top1,extrapolation,cpu_ready,1,model_structured,huber,False,0.0,per_operation,per_operation,per_operation,per_operation,6,1.0,1.0,,,,0,0,0,6,1.0,1.0,1.0,1.0,100.0,36.38795149086501,1.0
extrapolation_top1,extrapolation,cpu_ready,2,model_structured,huber,False,0.0,per_operation,per_operation,per_operation,per_operation,6,0.8333333333333334,0.5,,,0.0,0,0,1,5,1.0274876620987448,1.0,1.123694479444351,1.164925972592468,83.33333333333334,145.55180596346003,1.0602062165177653
extrapolation_top1,extrapolation,cpu_ready,3,model_structured,huber,False,0.0,per_operation,per_operation,per_operation,per_operation,6,0.8333333333333334,0.75,0.6324555320336759,1.0,0.5,1,0,1,4,1.097576309006002,1.0,1.4390933905270082,1.5854578540360111,83.33333333333334,252.3554676295183,1.2383757063390792
extrapolation_top1,extrapolation,cpu_ready,5,model_structured,huber,False,0.0,per_operation,per_operation,per_operation,per_operation,6,0.8333333333333334,0.8333333333333333,0.7071067811865476,1.0,0.6666666666666666,2,0,1,3,1.3785935962405267,1.0,2.7036711830823705,3.2715615774431606,83.33333333333334,576.7434076118341,1.7854331349937973
extrapolation_top1,extrapolation,cpu_ready,10,model_structured,huber,False,0.0,per_operation,per_operation,per_operation,per_operation,6,1.0,1.0,1.0,1.0,1.0,3,0,0,3,1.0,1.0,1.0,1.0,100.0,601.9085505416688,1.0
extrapolation_top1,extrapolation,cpu_ready,30,model_structured,huber,False,0.0,per_operation,per_operation,per_operation,per_operation,6,1.0,1.0,1.0,1.0,1.0,3,0,0,3,1.0,1.0,1.0,1.0,100.0,2693.062285748755,1.0
extrapolation_top1,extrapolation,cpu_ready,100,model_structured,huber,False,0.0,per_operation,per_operation,per_operation,per_operation,6,1.0,1.0,1.0,1.0,1.0,3,0,0,3,1.0,1.0,1.0,1.0,100.0,22305.01569622834,1.0
extrapolation_top1,extrapolation,cpu_ready,1000,model_structured,huber,False,0.0,per_operation,per_operation,per_operation,per_operation,6,1.0,1.0,1.0,1.0,1.0,3,0,0,3,1.0,1.0,1.0,1.0,100.0,1977905.541993414,1.0
extrapolation_top1,extrapolation,gpu_ready,1,model_structured,huber,False,0.0,per_operation,per_operation,per_operation,per_operation,6,0.8333333333333334,0.8333333333333333,0.7071067811865476,0.75,1.0,3,1,0,2,1.0761114674448835,1.0,1.3425016035019752,1.4566688046693004,83.33333333333334,2.568740030845513,1.0172667557001733
extrapolation_top1,extrapolation,gpu_ready,2,model_structured,huber,False,0.0,per_operation,per_operation,per_operation,per_operation,6,0.8333333333333334,0.8333333333333333,0.7071067811865476,0.75,1.0,3,1,0,2,1.1858897832863367,1.0,1.8365040247885154,2.1153386997180204,83.33333333333334,9.04685467168538,1.033508804607208
extrapolation_top1,extrapolation,gpu_ready,3,model_structured,huber,False,0.0,per_operation,per_operation,per_operation,per_operation,6,0.8333333333333334,0.8333333333333333,0.7071067811865476,0.75,1.0,3,1,0,2,1.239746557849201,1.0,2.078859510321405,2.438479347095207,83.33333333333334,19.62282665541447,1.039100149579499
extrapolation_top1,extrapolation,gpu_ready,5,model_structured,huber,False,0.16666666666666666,per_operation,per_operation,per_operation,per_operation,6,0.8333333333333334,0.8333333333333333,0.7071067811865476,0.75,1.0,3,1,0,2,1.2923770248917366,1.0,2.315696612012814,2.754262149350419,83.33333333333334,53.06834265154033,1.0435473134830757
extrapolation_top1,extrapolation,gpu_ready,10,model_structured,huber,False,0.0,per_operation,per_operation,per_operation,per_operation,6,1.0,1.0,1.0,1.0,1.0,3,0,0,3,1.0,1.0,1.0,1.0,100.0,199.07115626573716,1.0
extrapolation_top1,extrapolation,gpu_ready,30,model_structured,huber,False,0.0,per_operation,per_operation,per_operation,per_operation,6,1.0,1.0,1.0,1.0,1.0,3,0,0,3,1.0,1.0,1.0,1.0,100.0,1767.5687969528199,1.0
extrapolation_top1,extrapolation,gpu_ready,100,model_structured,huber,False,0.0,per_operation,per_operation,per_operation,per_operation,6,1.0,1.0,1.0,1.0,1.0,3,0,0,3,1.0,1.0,1.0,1.0,100.0,19550.22587661239,1.0
extrapolation_top1,extrapolation,gpu_ready,1000,model_structured,huber,False,0.0,per_operation,per_operation,per_operation,per_operation,6,1.0,1.0,1.0,1.0,1.0,3,0,0,3,1.0,1.0,1.0,1.0,100.0,1951631.2279203977,1.0
extrapolation_top1,extrapolation,none_ready,1,model_structured,huber,False,0.0,per_operation,per_operation,per_operation,per_operation,6,1.0,1.0,,,,0,0,0,6,1.0,1.0,1.0,1.0,100.0,40.27724387506998,1.0
extrapolation_top1,extrapolation,none_ready,2,model_structured,huber,False,0.0,per_operation,per_operation,per_operation,per_operation,6,0.8333333333333334,0.5,,,0.0,0,0,1,5,1.0393366033842506,1.0,1.1770147152291275,1.2360196203055034,83.33333333333334,153.0170765729835,1.083777599362385
extrapolation_top1,extrapolation,none_ready,3,model_structured,huber,False,0.0,per_operation,per_operation,per_operation,per_operation,6,0.8333333333333334,0.75,0.6324555320336759,1.0,0.5,1,0,1,4,1.0986898582254099,1.0,1.4441043620143448,1.5921391493524597,83.33333333333334,258.078513672751,1.235132142952136
extrapolation_top1,extrapolation,none_ready,5,model_structured,huber,False,0.0,per_operation,per_operation,per_operation,per_operation,6,0.8333333333333334,0.8333333333333333,0.7071067811865476,1.0,0.6666666666666666,2,0,1,3,1.3799718316159508,1.0,2.709873242271779,3.2798309896957054,83.33333333333334,579.7394247581509,1.7832673671977994
extrapolation_top1,extrapolation,none_ready,10,model_structured,huber,False,0.0,per_operation,per_operation,per_operation,per_operation,6,1.0,1.0,1.0,1.0,1.0,3,0,0,3,1.0,1.0,1.0,1.0,100.0,605.8540665335205,1.0
extrapolation_top1,extrapolation,none_ready,30,model_structured,huber,False,0.0,per_operation,per_operation,per_operation,per_operation,6,1.0,1.0,1.0,1.0,1.0,3,0,0,3,1.0,1.0,1.0,1.0,100.0,2704.5003202366056,1.0
extrapolation_top1,extrapolation,none_ready,100,model_structured,huber,False,0.0,per_operation,per_operation,per_operation,per_operation,6,1.0,1.0,1.0,1.0,1.0,3,0,0,3,1.0,1.0,1.0,1.0,100.0,22342.677545452185,1.0
extrapolation_top1,extrapolation,none_ready,1000,model_structured,huber,False,0.0,per_operation,per_operation,per_operation,per_operation,6,1.0,1.0,1.0,1.0,1.0,3,0,0,3,1.0,1.0,1.0,1.0,100.0,1978280.3671749579,1.0
extrapolation_top1,extrapolation,cpu_ready,1,model_structured,tree,False,0.0,per_operation,per_operation,per_operation,per_operation,6,1.0,1.0,,,,0,0,0,6,1.0,1.0,1.0,1.0,100.0,36.38795149086501,1.0
extrapolation_top1,extrapolation,cpu_ready,2,model_structured,tree,False,0.0,per_operation,per_operation,per_operation,per_operation,6,0.8333333333333334,0.5,,,0.0,0,0,1,5,1.0274876620987448,1.0,1.123694479444351,1.164925972592468,83.33333333333334,145.55180596346003,1.0602062165177653
extrapolation_top1,extrapolation,cpu_ready,3,model_structured,tree,False,0.0,per_operation,per_operation,per_operation,per_operation,6,0.6666666666666666,0.5,,,0.0,0,0,2,4,1.3203084136565544,1.0,2.1486589344364893,2.3363926279033156,66.66666666666666,327.49156341778513,1.6070886039330279
extrapolation_top1,extrapolation,cpu_ready,5,model_structured,tree,False,0.0,per_operation,per_operation,per_operation,per_operation,6,0.5,0.5,,,0.0,0,0,3,3,2.137498643341374,1.1509573379298934,4.7565270994197615,5.251515606745295,50.0,909.6987872716254,2.816168050162741
extrapolation_top1,extrapolation,cpu_ready,10,model_structured,tree,False,0.0,per_operation,per_operation,per_operation,per_operation,6,0.5,0.5,,,0.0,0,0,3,3,4.431984077256187,1.962062614556564,11.878766666340903,13.423643715469808,50.0,3638.7951490865016,6.04542857185179
extrapolation_top1,extrapolation,cpu_ready,30,model_structured,tree,False,0.0,per_operation,per_operation,per_operation,per_operation,6,0.5,0.5,,,0.0,0,0,3,3,10.462360365839826,3.782493234781823,31.915932441631803,37.22727702052595,50.0,32749.15634177851,12.160564022258857
extrapolation_top1,extrapolation,cpu_ready,100,model_structured,tree,False,0.0,per_operation,per_operation,per_operation,per_operation,6,1.0,1.0,1.0,1.0,1.0,3,0,0,3,1.0,1.0,1.0,1.0,100.0,22305.01569622834,1.0
extrapolation_top1,extrapolation,cpu_ready,1000,model_structured,tree,False,0.0,per_operation,per_operation,per_operation,per_operation,6,1.0,1.0,1.0,1.0,1.0,3,0,0,3,1.0,1.0,1.0,1.0,100.0,1977905.541993414,1.0
extrapolation_top1,extrapolation,gpu_ready,1,model_structured,tree,False,0.16666666666666666,per_operation,per_operation,per_operation,per_operation,6,0.8333333333333334,0.8333333333333333,0.7071067811865476,0.75,1.0,3,1,0,2,3.348676667706002,1.0,11.569045004677008,15.09206000623601,83.33333333333334,18.88246823561994,7.477793381581748
extrapolation_top1,extrapolation,gpu_ready,2,model_structured,tree,False,0.0,per_operation,per_operation,per_operation,per_operation,6,1.0,1.0,1.0,1.0,1.0,3,0,0,3,1.0,1.0,1.0,1.0,100.0,8.753534204407382,1.0
extrapolation_top1,extrapolation,gpu_ready,3,model_structured,tree,False,0.0,per_operation,per_operation,per_operation,per_operation,6,1.0,1.0,1.0,1.0,1.0,3,0,0,3,1.0,1.0,1.0,1.0,100.0,18.884442142901623,1.0
extrapolation_top1,extrapolation,gpu_ready,5,model_structured,tree,False,0.0,per_operation,per_operation,per_operation,per_operation,6,1.0,1.0,1.0,1.0,1.0,3,0,0,3,1.0,1.0,1.0,1.0,100.0,50.853796436323236,1.0
extrapolation_top1,extrapolation,gpu_ready,10,model_structured,tree,False,0.0,per_operation,per_operation,per_operation,per_operation,6,1.0,1.0,1.0,1.0,1.0,3,0,0,3,1.0,1.0,1.0,1.0,100.0,199.07115626573716,1.0
extrapolation_top1,extrapolation,gpu_ready,30,model_structured,tree,False,0.0,per_operation,per_operation,per_operation,per_operation,6,1.0,1.0,1.0,1.0,1.0,3,0,0,3,1.0,1.0,1.0,1.0,100.0,1767.5687969528199,1.0
extrapolation_top1,extrapolation,gpu_ready,100,model_structured,tree,False,0.0,per_operation,per_operation,per_operation,per_operation,6,1.0,1.0,1.0,1.0,1.0,3,0,0,3,1.0,1.0,1.0,1.0,100.0,19550.22587661239,1.0
extrapolation_top1,extrapolation,gpu_ready,1000,model_structured,tree,False,0.0,per_operation,per_operation,per_operation,per_operation,6,1.0,1.0,1.0,1.0,1.0,3,0,0,3,1.0,1.0,1.0,1.0,100.0,1951631.2279203977,1.0
extrapolation_top1,extrapolation,none_ready,1,model_structured,tree,False,0.0,per_operation,per_operation,per_operation,per_operation,6,1.0,1.0,,,,0,0,0,6,1.0,1.0,1.0,1.0,100.0,40.27724387506998,1.0
extrapolation_top1,extrapolation,none_ready,2,model_structured,tree,False,0.0,per_operation,per_operation,per_operation,per_operation,6,0.8333333333333334,0.5,,,0.0,0,0,1,5,1.0393366033842506,1.0,1.1770147152291275,1.2360196203055034,83.33333333333334,153.0170765729835,1.083777599362385
extrapolation_top1,extrapolation,none_ready,3,model_structured,tree,False,0.0,per_operation,per_operation,per_operation,per_operation,6,0.6666666666666666,0.5,,,0.0,0,0,2,4,1.3371871485474618,1.0,2.221272593787348,2.4309837419323106,66.66666666666666,338.5328122526271,1.6201765575393914
extrapolation_top1,extrapolation,none_ready,5,model_structured,tree,False,0.0,per_operation,per_operation,per_operation,per_operation,6,0.5,0.5,,,0.0,0,0,3,3,2.168588175551364,1.1765590906707826,4.853892659127111,5.378579882270913,50.0,927.8919925571043,2.8541779978160156
extrapolation_top1,extrapolation,none_ready,10,model_structured,tree,False,0.0,per_operation,per_operation,per_operation,per_operation,6,0.5,0.5,,,0.0,0,0,3,3,4.470033093782499,1.990675574300087,12.00249120236143,13.58555869767545,50.0,3674.8682454985724,6.065599702127692
extrapolation_top1,extrapolation,none_ready,30,model_structured,tree,False,0.0,per_operation,per_operation,per_operation,per_operation,6,0.5,0.5,,,0.0,0,0,3,3,10.495493495578929,3.8038374508922743,32.02965012806202,37.37665722027954,50.0,32856.749002696946,12.148916661922394
extrapolation_top1,extrapolation,none_ready,100,model_structured,tree,False,0.0,per_operation,per_operation,per_operation,per_operation,6,1.0,1.0,1.0,1.0,1.0,3,0,0,3,1.0,1.0,1.0,1.0,100.0,22342.677545452185,1.0
extrapolation_top1,extrapolation,none_ready,1000,model_structured,tree,False,0.0,per_operation,per_operation,per_operation,per_operation,6,1.0,1.0,1.0,1.0,1.0,3,0,0,3,1.0,1.0,1.0,1.0,100.0,1978280.3671749579,1.0
extrapolation_top1,extrapolation,cpu_ready,1,model_structured,random_forest,False,0.0,per_operation,per_operation,per_operation,per_operation,6,1.0,1.0,,,,0,0,0,6,1.0,1.0,1.0,1.0,100.0,36.38795149086501,1.0
extrapolation_top1,extrapolation,cpu_ready,2,model_structured,random_forest,False,0.0,per_operation,per_operation,per_operation,per_operation,6,0.8333333333333334,0.5,,,0.0,0,0,1,5,1.0274876620987448,1.0,1.123694479444351,1.164925972592468,83.33333333333334,145.55180596346003,1.0602062165177653
extrapolation_top1,extrapolation,cpu_ready,3,model_structured,random_forest,False,0.0,per_operation,per_operation,per_operation,per_operation,6,0.6666666666666666,0.5,,,0.0,0,0,2,4,1.3203084136565544,1.0,2.1486589344364893,2.3363926279033156,66.66666666666666,327.49156341778513,1.6070886039330279
extrapolation_top1,extrapolation,cpu_ready,5,model_structured,random_forest,False,0.0,per_operation,per_operation,per_operation,per_operation,6,0.5,0.5,,,0.0,0,0,3,3,2.137498643341374,1.1509573379298934,4.7565270994197615,5.251515606745295,50.0,909.6987872716254,2.816168050162741
extrapolation_top1,extrapolation,cpu_ready,10,model_structured,random_forest,False,0.0,per_operation,per_operation,per_operation,per_operation,6,0.8333333333333334,0.8333333333333333,0.7071067811865476,1.0,0.6666666666666666,2,0,1,3,1.3206875381855214,1.0,2.443093921834846,2.924125229113128,83.33333333333334,1028.111680714743,1.7080861864971448
extrapolation_top1,extrapolation,cpu_ready,30,model_structured,random_forest,False,0.0,per_operation,per_operation,per_operation,per_operation,6,1.0,1.0,1.0,1.0,1.0,3,0,0,3,1.0,1.0,1.0,1.0,100.0,2693.062285748755,1.0
extrapolation_top1,extrapolation,cpu_ready,100,model_structured,random_forest,False,0.0,per_operation,per_operation,per_operation,per_operation,6,1.0,1.0,1.0,1.0,1.0,3,0,0,3,1.0,1.0,1.0,1.0,100.0,22305.01569622834,1.0
extrapolation_top1,extrapolation,cpu_ready,1000,model_structured,random_forest,False,0.0,per_operation,per_operation,per_operation,per_operation,6,1.0,1.0,1.0,1.0,1.0,3,0,0,3,1.0,1.0,1.0,1.0,100.0,1977905.541993414,1.0
extrapolation_top1,extrapolation,gpu_ready,1,model_structured,random_forest,False,0.0,per_operation,per_operation,per_operation,per_operation,6,1.0,1.0,1.0,1.0,1.0,3,0,0,3,1.0,1.0,1.0,1.0,100.0,2.5251390713908446,1.0
extrapolation_top1,extrapolation,gpu_ready,2,model_structured,random_forest,False,0.0,per_operation,per_operation,per_operation,per_operation,6,1.0,1.0,1.0,1.0,1.0,3,0,0,3,1.0,1.0,1.0,1.0,100.0,8.753534204407382,1.0
extrapolation_top1,extrapolation,gpu_ready,3,model_structured,random_forest,False,0.0,per_operation,per_operation,per_operation,per_operation,6,1.0,1.0,1.0,1.0,1.0,3,0,0,3,1.0,1.0,1.0,1.0,100.0,18.884442142901623,1.0
extrapolation_top1,extrapolation,gpu_ready,5,model_structured,random_forest,False,0.0,per_operation,per_operation,per_operation,per_operation,6,1.0,1.0,1.0,1.0,1.0,3,0,0,3,1.0,1.0,1.0,1.0,100.0,50.853796436323236,1.0
extrapolation_top1,extrapolation,gpu_ready,10,model_structured,random_forest,False,0.0,per_operation,per_operation,per_operation,per_operation,6,1.0,1.0,1.0,1.0,1.0,3,0,0,3,1.0,1.0,1.0,1.0,100.0,199.07115626573716,1.0
extrapolation_top1,extrapolation,gpu_ready,30,model_structured,random_forest,False,0.0,per_operation,per_operation,per_operation,per_operation,6,1.0,1.0,1.0,1.0,1.0,3,0,0,3,1.0,1.0,1.0,1.0,100.0,1767.5687969528199,1.0
extrapolation_top1,extrapolation,gpu_ready,100,model_structured,random_forest,False,0.0,per_operation,per_operation,per_operation,per_operation,6,1.0,1.0,1.0,1.0,1.0,3,0,0,3,1.0,1.0,1.0,1.0,100.0,19550.22587661239,1.0
extrapolation_top1,extrapolation,gpu_ready,1000,model_structured,random_forest,False,0.0,per_operation,per_operation,per_operation,per_operation,6,1.0,1.0,1.0,1.0,1.0,3,0,0,3,1.0,1.0,1.0,1.0,100.0,1951631.2279203977,1.0
extrapolation_top1,extrapolation,none_ready,1,model_structured,random_forest,False,0.0,per_operation,per_operation,per_operation,per_operation,6,1.0,1.0,,,,0,0,0,6,1.0,1.0,1.0,1.0,100.0,40.27724387506998,1.0
extrapolation_top1,extrapolation,none_ready,2,model_structured,random_forest,False,0.0,per_operation,per_operation,per_operation,per_operation,6,0.8333333333333334,0.5,,,0.0,0,0,1,5,1.0393366033842506,1.0,1.1770147152291275,1.2360196203055034,83.33333333333334,153.0170765729835,1.083777599362385
extrapolation_top1,extrapolation,none_ready,3,model_structured,random_forest,False,0.0,per_operation,per_operation,per_operation,per_operation,6,0.6666666666666666,0.5,,,0.0,0,0,2,4,1.3371871485474618,1.0,2.221272593787348,2.4309837419323106,66.66666666666666,338.5328122526271,1.6201765575393914
extrapolation_top1,extrapolation,none_ready,5,model_structured,random_forest,False,0.0,per_operation,per_operation,per_operation,per_operation,6,0.5,0.5,,,0.0,0,0,3,3,2.168588175551364,1.1765590906707826,4.853892659127111,5.378579882270913,50.0,927.8919925571043,2.8541779978160156
extrapolation_top1,extrapolation,none_ready,10,model_structured,random_forest,False,0.0,per_operation,per_operation,per_operation,per_operation,6,0.8333333333333334,0.8333333333333333,0.7071067811865476,1.0,0.6666666666666666,2,0,1,3,1.3302251914333623,1.0,2.4860133614501305,2.981351148600174,83.33333333333334,1044.733017200697,1.724397136059983
extrapolation_top1,extrapolation,none_ready,30,model_structured,random_forest,False,0.0,per_operation,per_operation,per_operation,per_operation,6,1.0,1.0,1.0,1.0,1.0,3,0,0,3,1.0,1.0,1.0,1.0,100.0,2704.5003202366056,1.0
extrapolation_top1,extrapolation,none_ready,100,model_structured,random_forest,False,0.0,per_operation,per_operation,per_operation,per_operation,6,1.0,1.0,1.0,1.0,1.0,3,0,0,3,1.0,1.0,1.0,1.0,100.0,22342.677545452185,1.0
extrapolation_top1,extrapolation,none_ready,1000,model_structured,random_forest,False,0.0,per_operation,per_operation,per_operation,per_operation,6,1.0,1.0,1.0,1.0,1.0,3,0,0,3,1.0,1.0,1.0,1.0,100.0,1978280.3671749579,1.0
extrapolation_top1,extrapolation,cpu_ready,1,model_structured,ridge,True,0.0,per_operation,per_operation,per_operation,per_operation,6,0.8333333333333334,0.8333333333333334,,0.0,,0,1,0,5,1.4995529115230941,1.0,3.247988101853924,3.997317469138565,83.33333333333334,80.19778357788009,2.20396533171188
extrapolation_top1,extrapolation,cpu_ready,2,model_structured,ridge,True,0.0,per_operation,per_operation,per_operation,per_operation,6,0.8333333333333334,0.9,0.6324555320336759,0.5,1.0,1,1,0,4,1.033384914816587,1.0,1.150232116674641,1.2003094888995214,83.33333333333334,148.99748823944657,1.0853047286589552
extrapolation_top1,extrapolation,cpu_ready,3,model_structured,ridge,True,0.0,per_operation,per_operation,per_operation,per_operation,6,1.0,1.0,1.0,1.0,1.0,2,0,0,4,1.0,1.0,1.0,1.0,100.0,203.77940744294685,1.0
extrapolation_top1,extrapolation,cpu_ready,5,model_structured,ridge,True,0.0,per_operation,per_operation,per_operation,per_operation,6,1.0,1.0,1.0,1.0,1.0,3,0,0,3,1.0,1.0,1.0,1.0,100.0,323.0271670822541,1.0
extrapolation_top1,extrapolation,cpu_ready,10,model_structured,ridge,True,0.0,per_operation,per_operation,per_operation,per_operation,6,1.0,1.0,1.0,1.0,1.0,3,0,0,3,1.0,1.0,1.0,1.0,100.0,601.9085505416688,1.0
extrapolation_top1,extrapolation,cpu_ready,30,model_structured,ridge,True,0.0,per_operation,per_operation,per_operation,per_operation,6,1.0,1.0,1.0,1.0,1.0,3,0,0,3,1.0,1.0,1.0,1.0,100.0,2693.062285748755,1.0
extrapolation_top1,extrapolation,cpu_ready,100,model_structured,ridge,True,0.0,per_operation,per_operation,per_operation,per_operation,6,1.0,1.0,1.0,1.0,1.0,3,0,0,3,1.0,1.0,1.0,1.0,100.0,22305.01569622834,1.0
extrapolation_top1,extrapolation,cpu_ready,1000,model_structured,ridge,True,0.16666666666666666,per_operation,per_operation,per_operation,per_operation,6,1.0,1.0,1.0,1.0,1.0,3,0,0,3,1.0,1.0,1.0,1.0,100.0,1977905.541993414,1.0
extrapolation_top1,extrapolation,gpu_ready,1,model_structured,ridge,True,0.0,per_operation,per_operation,per_operation,per_operation,6,1.0,1.0,1.0,1.0,1.0,3,0,0,3,1.0,1.0,1.0,1.0,100.0,2.5251390713908446,1.0
extrapolation_top1,extrapolation,gpu_ready,2,model_structured,ridge,True,0.0,per_operation,per_operation,per_operation,per_operation,6,1.0,1.0,1.0,1.0,1.0,3,0,0,3,1.0,1.0,1.0,1.0,100.0,8.753534204407382,1.0
extrapolation_top1,extrapolation,gpu_ready,3,model_structured,ridge,True,0.16666666666666666,per_operation,per_operation,per_operation,per_operation,6,0.8333333333333334,0.8333333333333333,0.7071067811865476,0.75,1.0,3,1,0,2,1.239746557849201,1.0,2.078859510321405,2.438479347095207,83.33333333333334,19.62282665541447,1.039100149579499
extrapolation_top1,extrapolation,gpu_ready,5,model_structured,ridge,True,0.16666666666666666,per_operation,per_operation,per_operation,per_operation,6,0.8333333333333334,0.8333333333333333,0.7071067811865476,0.75,1.0,3,1,0,2,1.2923770248917366,1.0,2.315696612012814,2.754262149350419,83.33333333333334,53.06834265154033,1.0435473134830757
extrapolation_top1,extrapolation,gpu_ready,10,model_structured,ridge,True,0.16666666666666666,per_operation,per_operation,per_operation,per_operation,6,0.8333333333333334,0.8333333333333333,0.7071067811865476,0.75,1.0,3,1,0,2,1.338969559373683,1.0,2.525363017181573,3.0338173562420976,83.33333333333334,208.3946361424164,1.0468349109513055
extrapolation_top1,extrapolation,gpu_ready,30,model_structured,ridge,True,0.16666666666666666,per_operation,per_operation,per_operation,per_operation,6,0.8333333333333334,0.8333333333333333,0.7071067811865476,0.75,1.0,3,1,0,2,1.3741523877495727,1.0,2.683685744873077,3.2449143264974363,83.33333333333334,1854.1641458282268,1.0489912183473096
extrapolation_top1,extrapolation,gpu_ready,100,model_structured,ridge,True,0.16666666666666666,per_operation,per_operation,per_operation,per_operation,6,0.8333333333333334,0.8333333333333333,0.7071067811865476,0.75,1.0,3,1,0,2,1.387352200552982,1.0,2.743084902488418,3.3241132033178906,83.33333333333334,20522.608059829618,1.049737644432051
extrapolation_top1,extrapolation,gpu_ready,1000,model_structured,ridge,True,0.16666666666666666,per_operation,per_operation,per_operation,per_operation,6,0.8333333333333334,0.8333333333333333,0.7071067811865476,0.75,1.0,3,1,0,2,1.3925750837452986,1.0,2.766587876853843,3.355450502471791,83.33333333333334,2049260.188553851,1.0500242869845262
extrapolation_top1,extrapolation,none_ready,1,model_structured,ridge,True,0.0,per_operation,per_operation,per_operation,per_operation,6,1.0,1.0,,,,0,0,0,6,1.0,1.0,1.0,1.0,100.0,40.27724387506998,1.0
extrapolation_top1,extrapolation,none_ready,2,model_structured,ridge,True,0.0,per_operation,per_operation,per_operation,per_operation,6,0.8333333333333334,0.9,0.6324555320336759,0.5,1.0,1,1,0,4,1.0321278040219228,1.0,1.144575118098653,1.1927668241315372,83.33333333333334,152.53008802383596,1.0803283942636301
extrapolation_top1,extrapolation,none_ready,3,model_structured,ridge,True,0.0,per_operation,per_operation,per_operation,per_operation,6,1.0,1.0,1.0,1.0,1.0,2,0,0,4,1.0,1.0,1.0,1.0,100.0,208.9480993150318,1.0
extrapolation_top1,extrapolation,none_ready,5,model_structured,ridge,True,0.0,per_operation,per_operation,per_operation,per_operation,6,1.0,1.0,1.0,1.0,1.0,3,0,0,3,1.0,1.0,1.0,1.0,100.0,325.09955345010604,1.0
extrapolation_top1,extrapolation,none_ready,10,model_structured,ridge,True,0.0,per_operation,per_operation,per_operation,per_operation,6,1.0,1.0,1.0,1.0,1.0,3,0,0,3,1.0,1.0,1.0,1.0,100.0,605.8540665335205,1.0
extrapolation_top1,extrapolation,none_ready,30,model_structured,ridge,True,0.0,per_operation,per_operation,per_operation,per_operation,6,1.0,1.0,1.0,1.0,1.0,3,0,0,3,1.0,1.0,1.0,1.0,100.0,2704.5003202366056,1.0
extrapolation_top1,extrapolation,none_ready,100,model_structured,ridge,True,0.0,per_operation,per_operation,per_operation,per_operation,6,1.0,1.0,1.0,1.0,1.0,3,0,0,3,1.0,1.0,1.0,1.0,100.0,22342.677545452185,1.0
extrapolation_top1,extrapolation,none_ready,1000,model_structured,ridge,True,0.16666666666666666,per_operation,per_operation,per_operation,per_operation,6,1.0,1.0,1.0,1.0,1.0,3,0,0,3,1.0,1.0,1.0,1.0,100.0,1978280.3671749579,1.0
extrapolation_top1,extrapolation,cpu_ready,1,model_structured,elasticnet,True,0.0,per_operation,per_operation,per_operation,per_operation,6,1.0,1.0,,,,0,0,0,6,1.0,1.0,1.0,1.0,100.0,36.38795149086501,1.0
extrapolation_top1,extrapolation,cpu_ready,2,model_structured,elasticnet,True,0.0,per_operation,per_operation,per_operation,per_operation,6,0.8333333333333334,0.5,,,0.0,0,0,1,5,1.0274876620987448,1.0,1.123694479444351,1.164925972592468,83.33333333333334,145.55180596346003,1.0602062165177653
extrapolation_top1,extrapolation,cpu_ready,3,model_structured,elasticnet,True,0.0,per_operation,per_operation,per_operation,per_operation,6,0.8333333333333334,0.75,0.6324555320336759,1.0,0.5,1,0,1,4,1.097576309006002,1.0,1.4390933905270082,1.5854578540360111,83.33333333333334,252.3554676295183,1.2383757063390792
extrapolation_top1,extrapolation,cpu_ready,5,model_structured,elasticnet,True,0.0,per_operation,per_operation,per_operation,per_operation,6,0.8333333333333334,0.8333333333333333,0.7071067811865476,1.0,0.6666666666666666,2,0,1,3,1.0503191126432978,1.0,1.2264360068948403,1.301914675859787,83.33333333333334,360.57812144072886,1.1162470472612385
extrapolation_top1,extrapolation,cpu_ready,10,model_structured,elasticnet,True,0.0,per_operation,per_operation,per_operation,per_operation,6,0.8333333333333334,0.8333333333333333,0.7071067811865476,1.0,0.6666666666666666,2,0,1,3,1.3206875381855214,1.0,2.443093921834846,2.924125229113128,83.33333333333334,1028.111680714743,1.7080861864971448
extrapolation_top1,extrapolation,cpu_ready,30,model_structured,elasticnet,True,0.0,per_operation,per_operation,per_operation,per_operation,6,1.0,1.0,1.0,1.0,1.0,3,0,0,3,1.0,1.0,1.0,1.0,100.0,2693.062285748755,1.0
extrapolation_top1,extrapolation,cpu_ready,100,model_structured,elasticnet,True,0.0,per_operation,per_operation,per_operation,per_operation,6,1.0,1.0,1.0,1.0,1.0,3,0,0,3,1.0,1.0,1.0,1.0,100.0,22305.01569622834,1.0
extrapolation_top1,extrapolation,cpu_ready,1000,model_structured,elasticnet,True,0.0,per_operation,per_operation,per_operation,per_operation,6,1.0,1.0,1.0,1.0,1.0,3,0,0,3,1.0,1.0,1.0,1.0,100.0,1977905.541993414,1.0
extrapolation_top1,extrapolation,gpu_ready,1,model_structured,elasticnet,True,0.0,per_operation,per_operation,per_operation,per_operation,6,0.8333333333333334,0.8333333333333333,0.7071067811865476,0.75,1.0,3,1,0,2,1.0761114674448835,1.0,1.3425016035019752,1.4566688046693004,83.33333333333334,2.568740030845513,1.0172667557001733
extrapolation_top1,extrapolation,gpu_ready,2,model_structured,elasticnet,True,0.0,per_operation,per_operation,per_operation,per_operation,6,1.0,1.0,1.0,1.0,1.0,3,0,0,3,1.0,1.0,1.0,1.0,100.0,8.753534204407382,1.0
extrapolation_top1,extrapolation,gpu_ready,3,model_structured,elasticnet,True,0.0,per_operation,per_operation,per_operation,per_operation,6,1.0,1.0,1.0,1.0,1.0,3,0,0,3,1.0,1.0,1.0,1.0,100.0,18.884442142901623,1.0
extrapolation_top1,extrapolation,gpu_ready,5,model_structured,elasticnet,True,0.0,per_operation,per_operation,per_operation,per_operation,6,1.0,1.0,1.0,1.0,1.0,3,0,0,3,1.0,1.0,1.0,1.0,100.0,50.853796436323236,1.0
extrapolation_top1,extrapolation,gpu_ready,10,model_structured,elasticnet,True,0.0,per_operation,per_operation,per_operation,per_operation,6,1.0,1.0,1.0,1.0,1.0,3,0,0,3,1.0,1.0,1.0,1.0,100.0,199.07115626573716,1.0
extrapolation_top1,extrapolation,gpu_ready,30,model_structured,elasticnet,True,0.0,per_operation,per_operation,per_operation,per_operation,6,1.0,1.0,1.0,1.0,1.0,3,0,0,3,1.0,1.0,1.0,1.0,100.0,1767.5687969528199,1.0
extrapolation_top1,extrapolation,gpu_ready,100,model_structured,elasticnet,True,0.0,per_operation,per_operation,per_operation,per_operation,6,1.0,1.0,1.0,1.0,1.0,3,0,0,3,1.0,1.0,1.0,1.0,100.0,19550.22587661239,1.0
extrapolation_top1,extrapolation,gpu_ready,1000,model_structured,elasticnet,True,0.0,per_operation,per_operation,per_operation,per_operation,6,1.0,1.0,1.0,1.0,1.0,3,0,0,3,1.0,1.0,1.0,1.0,100.0,1951631.2279203977,1.0
extrapolation_top1,extrapolation,none_ready,1,model_structured,elasticnet,True,0.0,per_operation,per_operation,per_operation,per_operation,6,1.0,1.0,,,,0,0,0,6,1.0,1.0,1.0,1.0,100.0,40.27724387506998,1.0
extrapolation_top1,extrapolation,none_ready,2,model_structured,elasticnet,True,0.16666666666666666,per_operation,per_operation,per_operation,per_operation,6,0.8333333333333334,0.5,,,0.0,0,0,1,5,1.0393366033842506,1.0,1.1770147152291275,1.2360196203055034,83.33333333333334,153.0170765729835,1.083777599362385
extrapolation_top1,extrapolation,none_ready,3,model_structured,elasticnet,True,0.0,per_operation,per_operation,per_operation,per_operation,6,1.0,1.0,1.0,1.0,1.0,2,0,0,4,1.0,1.0,1.0,1.0,100.0,208.9480993150318,1.0
extrapolation_top1,extrapolation,none_ready,5,model_structured,elasticnet,True,0.0,per_operation,per_operation,per_operation,per_operation,6,0.8333333333333334,0.8333333333333333,0.7071067811865476,1.0,0.6666666666666666,2,0,1,3,1.0588530302235941,1.0,1.2648386360061739,1.3531181813415651,83.33333333333334,369.0189974882051,1.135095368701697
extrapolation_top1,extrapolation,none_ready,10,model_structured,elasticnet,True,0.0,per_operation,per_operation,per_operation,per_operation,6,0.8333333333333334,0.8333333333333333,0.7071067811865476,1.0,0.6666666666666666,2,0,1,3,1.3302251914333623,1.0,2.4860133614501305,2.981351148600174,83.33333333333334,1044.733017200697,1.724397136059983
extrapolation_top1,extrapolation,none_ready,30,model_structured,elasticnet,True,0.0,per_operation,per_operation,per_operation,per_operation,6,1.0,1.0,1.0,1.0,1.0,3,0,0,3,1.0,1.0,1.0,1.0,100.0,2704.5003202366056,1.0
extrapolation_top1,extrapolation,none_ready,100,model_structured,elasticnet,True,0.0,per_operation,per_operation,per_operation,per_operation,6,1.0,1.0,1.0,1.0,1.0,3,0,0,3,1.0,1.0,1.0,1.0,100.0,22342.677545452185,1.0
extrapolation_top1,extrapolation,none_ready,1000,model_structured,elasticnet,True,0.0,per_operation,per_operation,per_operation,per_operation,6,1.0,1.0,1.0,1.0,1.0,3,0,0,3,1.0,1.0,1.0,1.0,100.0,1978280.3671749579,1.0
extrapolation_top1,extrapolation,cpu_ready,1,model_structured,huber,True,0.0,per_operation,per_operation,per_operation,per_operation,6,1.0,1.0,,,,0,0,0,6,1.0,1.0,1.0,1.0,100.0,36.38795149086501,1.0
extrapolation_top1,extrapolation,cpu_ready,2,model_structured,huber,True,0.0,per_operation,per_operation,per_operation,per_operation,6,0.8333333333333334,0.5,,,0.0,0,0,1,5,1.0274876620987448,1.0,1.123694479444351,1.164925972592468,83.33333333333334,145.55180596346003,1.0602062165177653
extrapolation_top1,extrapolation,cpu_ready,3,model_structured,huber,True,0.0,per_operation,per_operation,per_operation,per_operation,6,0.8333333333333334,0.75,0.6324555320336759,1.0,0.5,1,0,1,4,1.097576309006002,1.0,1.4390933905270082,1.5854578540360111,83.33333333333334,252.3554676295183,1.2383757063390792
extrapolation_top1,extrapolation,cpu_ready,5,model_structured,huber,True,0.0,per_operation,per_operation,per_operation,per_operation,6,0.8333333333333334,0.8333333333333333,0.7071067811865476,1.0,0.6666666666666666,2,0,1,3,1.3785935962405267,1.0,2.7036711830823705,3.2715615774431606,83.33333333333334,576.7434076118341,1.7854331349937973
extrapolation_top1,extrapolation,cpu_ready,10,model_structured,huber,True,0.0,per_operation,per_operation,per_operation,per_operation,6,1.0,1.0,1.0,1.0,1.0,3,0,0,3,1.0,1.0,1.0,1.0,100.0,601.9085505416688,1.0
extrapolation_top1,extrapolation,cpu_ready,30,model_structured,huber,True,0.0,per_operation,per_operation,per_operation,per_operation,6,1.0,1.0,1.0,1.0,1.0,3,0,0,3,1.0,1.0,1.0,1.0,100.0,2693.062285748755,1.0
extrapolation_top1,extrapolation,cpu_ready,100,model_structured,huber,True,0.0,per_operation,per_operation,per_operation,per_operation,6,1.0,1.0,1.0,1.0,1.0,3,0,0,3,1.0,1.0,1.0,1.0,100.0,22305.01569622834,1.0
extrapolation_top1,extrapolation,cpu_ready,1000,model_structured,huber,True,0.0,per_operation,per_operation,per_operation,per_operation,6,1.0,1.0,1.0,1.0,1.0,3,0,0,3,1.0,1.0,1.0,1.0,100.0,1977905.541993414,1.0
extrapolation_top1,extrapolation,gpu_ready,1,model_structured,huber,True,0.0,per_operation,per_operation,per_operation,per_operation,6,1.0,1.0,1.0,1.0,1.0,3,0,0,3,1.0,1.0,1.0,1.0,100.0,2.5251390713908446,1.0
extrapolation_top1,extrapolation,gpu_ready,2,model_structured,huber,True,0.0,per_operation,per_operation,per_operation,per_operation,6,1.0,1.0,1.0,1.0,1.0,3,0,0,3,1.0,1.0,1.0,1.0,100.0,8.753534204407382,1.0
extrapolation_top1,extrapolation,gpu_ready,3,model_structured,huber,True,0.0,per_operation,per_operation,per_operation,per_operation,6,1.0,1.0,1.0,1.0,1.0,3,0,0,3,1.0,1.0,1.0,1.0,100.0,18.884442142901623,1.0
extrapolation_top1,extrapolation,gpu_ready,5,model_structured,huber,True,0.0,per_operation,per_operation,per_operation,per_operation,6,1.0,1.0,1.0,1.0,1.0,3,0,0,3,1.0,1.0,1.0,1.0,100.0,50.853796436323236,1.0
extrapolation_top1,extrapolation,gpu_ready,10,model_structured,huber,True,0.0,per_operation,per_operation,per_operation,per_operation,6,1.0,1.0,1.0,1.0,1.0,3,0,0,3,1.0,1.0,1.0,1.0,100.0,199.07115626573716,1.0
extrapolation_top1,extrapolation,gpu_ready,30,model_structured,huber,True,0.0,per_operation,per_operation,per_operation,per_operation,6,1.0,1.0,1.0,1.0,1.0,3,0,0,3,1.0,1.0,1.0,1.0,100.0,1767.5687969528199,1.0
extrapolation_top1,extrapolation,gpu_ready,100,model_structured,huber,True,0.0,per_operation,per_operation,per_operation,per_operation,6,1.0,1.0,1.0,1.0,1.0,3,0,0,3,1.0,1.0,1.0,1.0,100.0,19550.22587661239,1.0
extrapolation_top1,extrapolation,gpu_ready,1000,model_structured,huber,True,0.0,per_operation,per_operation,per_operation,per_operation,6,1.0,1.0,1.0,1.0,1.0,3,0,0,3,1.0,1.0,1.0,1.0,100.0,1951631.2279203977,1.0
extrapolation_top1,extrapolation,none_ready,1,model_structured,huber,True,0.0,per_operation,per_operation,per_operation,per_operation,6,1.0,1.0,,,,0,0,0,6,1.0,1.0,1.0,1.0,100.0,40.27724387506998,1.0
extrapolation_top1,extrapolation,none_ready,2,model_structured,huber,True,0.0,per_operation,per_operation,per_operation,per_operation,6,1.0,1.0,1.0,1.0,1.0,1,0,0,5,1.0,1.0,1.0,1.0,100.0,141.18863193242552,1.0
extrapolation_top1,extrapolation,none_ready,3,model_structured,huber,True,0.0,per_operation,per_operation,per_operation,per_operation,6,0.8333333333333334,0.75,0.6324555320336759,1.0,0.5,1,0,1,4,1.0986898582254099,1.0,1.4441043620143448,1.5921391493524597,83.33333333333334,258.078513672751,1.235132142952136
extrapolation_top1,extrapolation,none_ready,5,model_structured,huber,True,0.0,per_operation,per_operation,per_operation,per_operation,6,1.0,1.0,1.0,1.0,1.0,3,0,0,3,1.0,1.0,1.0,1.0,100.0,325.09955345010604,1.0
extrapolation_top1,extrapolation,none_ready,10,model_structured,huber,True,0.0,per_operation,per_operation,per_operation,per_operation,6,1.0,1.0,1.0,1.0,1.0,3,0,0,3,1.0,1.0,1.0,1.0,100.0,605.8540665335205,1.0
extrapolation_top1,extrapolation,none_ready,30,model_structured,huber,True,0.0,per_operation,per_operation,per_operation,per_operation,6,1.0,1.0,1.0,1.0,1.0,3,0,0,3,1.0,1.0,1.0,1.0,100.0,2704.5003202366056,1.0
extrapolation_top1,extrapolation,none_ready,100,model_structured,huber,True,0.0,per_operation,per_operation,per_operation,per_operation,6,1.0,1.0,1.0,1.0,1.0,3,0,0,3,1.0,1.0,1.0,1.0,100.0,22342.677545452185,1.0
extrapolation_top1,extrapolation,none_ready,1000,model_structured,huber,True,0.0,per_operation,per_operation,per_operation,per_operation,6,1.0,1.0,1.0,1.0,1.0,3,0,0,3,1.0,1.0,1.0,1.0,100.0,1978280.3671749579,1.0
extrapolation_top1,extrapolation,cpu_ready,1,model_structured,tree,True,0.0,per_operation,per_operation,per_operation,per_operation,6,1.0,1.0,,,,0,0,0,6,1.0,1.0,1.0,1.0,100.0,36.38795149086501,1.0
extrapolation_top1,extrapolation,cpu_ready,2,model_structured,tree,True,0.0,per_operation,per_operation,per_operation,per_operation,6,0.8333333333333334,0.5,,,0.0,0,0,1,5,1.0274876620987448,1.0,1.123694479444351,1.164925972592468,83.33333333333334,145.55180596346003,1.0602062165177653
extrapolation_top1,extrapolation,cpu_ready,3,model_structured,tree,True,0.0,per_operation,per_operation,per_operation,per_operation,6,0.6666666666666666,0.5,,,0.0,0,0,2,4,1.3203084136565544,1.0,2.1486589344364893,2.3363926279033156,66.66666666666666,327.49156341778513,1.6070886039330279
extrapolation_top1,extrapolation,cpu_ready,5,model_structured,tree,True,0.0,per_operation,per_operation,per_operation,per_operation,6,0.5,0.5,,,0.0,0,0,3,3,2.137498643341374,1.1509573379298934,4.7565270994197615,5.251515606745295,50.0,909.6987872716254,2.816168050162741
extrapolation_top1,extrapolation,cpu_ready,10,model_structured,tree,True,0.0,per_operation,per_operation,per_operation,per_operation,6,0.5,0.5,,,0.0,0,0,3,3,4.431984077256187,1.962062614556564,11.878766666340903,13.423643715469808,50.0,3638.7951490865016,6.04542857185179
extrapolation_top1,extrapolation,cpu_ready,30,model_structured,tree,True,0.16666666666666666,per_operation,per_operation,per_operation,per_operation,6,0.6666666666666666,0.6666666666666666,0.4472135954999579,1.0,0.3333333333333333,1,0,2,3,4.424480862418834,1.0,13.627670646102931,15.981898704949359,66.66666666666666,19966.097101050582,7.4139009731441785
extrapolation_top1,extrapolation,cpu_ready,100,model_structured,tree,True,0.0,per_operation,per_operation,per_operation,per_operation,6,1.0,1.0,1.0,1.0,1.0,3,0,0,3,1.0,1.0,1.0,1.0,100.0,22305.01569622834,1.0
extrapolation_top1,extrapolation,cpu_ready,1000,model_structured,tree,True,0.0,per_operation,per_operation,per_operation,per_operation,6,1.0,1.0,1.0,1.0,1.0,3,0,0,3,1.0,1.0,1.0,1.0,100.0,1977905.541993414,1.0
extrapolation_top1,extrapolation,gpu_ready,1,model_structured,tree,True,0.0,per_operation,per_operation,per_operation,per_operation,6,0.8333333333333334,0.8333333333333333,0.7071067811865476,0.75,1.0,3,1,0,2,3.348676667706002,1.0,11.569045004677008,15.09206000623601,83.33333333333334,18.88246823561994,7.477793381581748
extrapolation_top1,extrapolation,gpu_ready,2,model_structured,tree,True,0.0,per_operation,per_operation,per_operation,per_operation,6,0.8333333333333334,0.8333333333333333,0.7071067811865476,0.75,1.0,3,1,0,2,4.453078398241028,1.0,16.53885279208463,21.71847038944617,83.33333333333334,75.59945006899342,8.636448810690577
extrapolation_top1,extrapolation,gpu_ready,3,model_structured,tree,True,0.0,per_operation,per_operation,per_operation,per_operation,6,1.0,1.0,1.0,1.0,1.0,3,0,0,3,1.0,1.0,1.0,1.0,100.0,18.884442142901623,1.0
extrapolation_top1,extrapolation,gpu_ready,5,model_structured,tree,True,0.0,per_operation,per_operation,per_operation,per_operation,6,1.0,1.0,1.0,1.0,1.0,3,0,0,3,1.0,1.0,1.0,1.0,100.0,50.853796436323236,1.0
extrapolation_top1,extrapolation,gpu_ready,10,model_structured,tree,True,0.0,per_operation,per_operation,per_operation,per_operation,6,1.0,1.0,1.0,1.0,1.0,3,0,0,3,1.0,1.0,1.0,1.0,100.0,199.07115626573716,1.0
extrapolation_top1,extrapolation,gpu_ready,30,model_structured,tree,True,0.0,per_operation,per_operation,per_operation,per_operation,6,1.0,1.0,1.0,1.0,1.0,3,0,0,3,1.0,1.0,1.0,1.0,100.0,1767.5687969528199,1.0
extrapolation_top1,extrapolation,gpu_ready,100,model_structured,tree,True,0.0,per_operation,per_operation,per_operation,per_operation,6,1.0,1.0,1.0,1.0,1.0,3,0,0,3,1.0,1.0,1.0,1.0,100.0,19550.22587661239,1.0
extrapolation_top1,extrapolation,gpu_ready,1000,model_structured,tree,True,0.0,per_operation,per_operation,per_operation,per_operation,6,1.0,1.0,1.0,1.0,1.0,3,0,0,3,1.0,1.0,1.0,1.0,100.0,1951631.2279203977,1.0
extrapolation_top1,extrapolation,none_ready,1,model_structured,tree,True,0.0,per_operation,per_operation,per_operation,per_operation,6,1.0,1.0,,,,0,0,0,6,1.0,1.0,1.0,1.0,100.0,40.27724387506998,1.0
extrapolation_top1,extrapolation,none_ready,2,model_structured,tree,True,0.0,per_operation,per_operation,per_operation,per_operation,6,0.8333333333333334,0.5,,,0.0,0,0,1,5,1.0393366033842506,1.0,1.1770147152291275,1.2360196203055034,83.33333333333334,153.0170765729835,1.083777599362385
extrapolation_top1,extrapolation,none_ready,3,model_structured,tree,True,0.0,per_operation,per_operation,per_operation,per_operation,6,0.6666666666666666,0.5,,,0.0,0,0,2,4,1.3371871485474618,1.0,2.221272593787348,2.4309837419323106,66.66666666666666,338.5328122526271,1.6201765575393914
extrapolation_top1,extrapolation,none_ready,5,model_structured,tree,True,0.0,per_operation,per_operation,per_operation,per_operation,6,0.5,0.5,,,0.0,0,0,3,3,2.168588175551364,1.1765590906707826,4.853892659127111,5.378579882270913,50.0,927.8919925571043,2.8541779978160156
extrapolation_top1,extrapolation,none_ready,10,model_structured,tree,True,0.0,per_operation,per_operation,per_operation,per_operation,6,0.5,0.5,,,0.0,0,0,3,3,4.470033093782499,1.990675574300087,12.00249120236143,13.58555869767545,50.0,3674.8682454985724,6.065599702127692
extrapolation_top1,extrapolation,none_ready,30,model_structured,tree,True,0.0,per_operation,per_operation,per_operation,per_operation,6,1.0,1.0,1.0,1.0,1.0,3,0,0,3,1.0,1.0,1.0,1.0,100.0,2704.5003202366056,1.0
extrapolation_top1,extrapolation,none_ready,100,model_structured,tree,True,0.0,per_operation,per_operation,per_operation,per_operation,6,1.0,1.0,1.0,1.0,1.0,3,0,0,3,1.0,1.0,1.0,1.0,100.0,22342.677545452185,1.0
extrapolation_top1,extrapolation,none_ready,1000,model_structured,tree,True,0.0,per_operation,per_operation,per_operation,per_operation,6,1.0,1.0,1.0,1.0,1.0,3,0,0,3,1.0,1.0,1.0,1.0,100.0,1978280.3671749579,1.0
extrapolation_top1,extrapolation,cpu_ready,1,model_structured,random_forest,True,0.0,per_operation,per_operation,per_operation,per_operation,6,1.0,1.0,,,,0,0,0,6,1.0,1.0,1.0,1.0,100.0,36.38795149086501,1.0
extrapolation_top1,extrapolation,cpu_ready,2,model_structured,random_forest,True,0.0,per_operation,per_operation,per_operation,per_operation,6,0.8333333333333334,0.5,,,0.0,0,0,1,5,1.0274876620987448,1.0,1.123694479444351,1.164925972592468,83.33333333333334,145.55180596346003,1.0602062165177653
extrapolation_top1,extrapolation,cpu_ready,3,model_structured,random_forest,True,0.0,per_operation,per_operation,per_operation,per_operation,6,0.6666666666666666,0.5,,,0.0,0,0,2,4,1.3203084136565544,1.0,2.1486589344364893,2.3363926279033156,66.66666666666666,327.49156341778513,1.6070886039330279
extrapolation_top1,extrapolation,cpu_ready,5,model_structured,random_forest,True,0.0,per_operation,per_operation,per_operation,per_operation,6,0.5,0.5,,,0.0,0,0,3,3,2.137498643341374,1.1509573379298934,4.7565270994197615,5.251515606745295,50.0,909.6987872716254,2.816168050162741
extrapolation_top1,extrapolation,cpu_ready,10,model_structured,random_forest,True,0.0,per_operation,per_operation,per_operation,per_operation,6,0.8333333333333334,0.8333333333333333,0.7071067811865476,1.0,0.6666666666666666,2,0,1,3,1.3206875381855214,1.0,2.443093921834846,2.924125229113128,83.33333333333334,1028.111680714743,1.7080861864971448
extrapolation_top1,extrapolation,cpu_ready,30,model_structured,random_forest,True,0.0,per_operation,per_operation,per_operation,per_operation,6,1.0,1.0,1.0,1.0,1.0,3,0,0,3,1.0,1.0,1.0,1.0,100.0,2693.062285748755,1.0
extrapolation_top1,extrapolation,cpu_ready,100,model_structured,random_forest,True,0.0,per_operation,per_operation,per_operation,per_operation,6,1.0,1.0,1.0,1.0,1.0,3,0,0,3,1.0,1.0,1.0,1.0,100.0,22305.01569622834,1.0
extrapolation_top1,extrapolation,cpu_ready,1000,model_structured,random_forest,True,0.0,per_operation,per_operation,per_operation,per_operation,6,1.0,1.0,1.0,1.0,1.0,3,0,0,3,1.0,1.0,1.0,1.0,100.0,1977905.541993414,1.0
extrapolation_top1,extrapolation,gpu_ready,1,model_structured,random_forest,True,0.0,per_operation,per_operation,per_operation,per_operation,6,0.8333333333333334,0.8333333333333333,0.7071067811865476,0.75,1.0,3,1,0,2,3.348676667706002,1.0,11.569045004677008,15.09206000623601,83.33333333333334,18.88246823561994,7.477793381581748
extrapolation_top1,extrapolation,gpu_ready,2,model_structured,random_forest,True,0.0,per_operation,per_operation,per_operation,per_operation,6,1.0,1.0,1.0,1.0,1.0,3,0,0,3,1.0,1.0,1.0,1.0,100.0,8.753534204407382,1.0
extrapolation_top1,extrapolation,gpu_ready,3,model_structured,random_forest,True,0.0,per_operation,per_operation,per_operation,per_operation,6,1.0,1.0,1.0,1.0,1.0,3,0,0,3,1.0,1.0,1.0,1.0,100.0,18.884442142901623,1.0
extrapolation_top1,extrapolation,gpu_ready,5,model_structured,random_forest,True,0.0,per_operation,per_operation,per_operation,per_operation,6,1.0,1.0,1.0,1.0,1.0,3,0,0,3,1.0,1.0,1.0,1.0,100.0,50.853796436323236,1.0
extrapolation_top1,extrapolation,gpu_ready,10,model_structured,random_forest,True,0.0,per_operation,per_operation,per_operation,per_operation,6,1.0,1.0,1.0,1.0,1.0,3,0,0,3,1.0,1.0,1.0,1.0,100.0,199.07115626573716,1.0
extrapolation_top1,extrapolation,gpu_ready,30,model_structured,random_forest,True,0.0,per_operation,per_operation,per_operation,per_operation,6,1.0,1.0,1.0,1.0,1.0,3,0,0,3,1.0,1.0,1.0,1.0,100.0,1767.5687969528199,1.0
extrapolation_top1,extrapolation,gpu_ready,100,model_structured,random_forest,True,0.0,per_operation,per_operation,per_operation,per_operation,6,1.0,1.0,1.0,1.0,1.0,3,0,0,3,1.0,1.0,1.0,1.0,100.0,19550.22587661239,1.0
extrapolation_top1,extrapolation,gpu_ready,1000,model_structured,random_forest,True,0.0,per_operation,per_operation,per_operation,per_operation,6,1.0,1.0,1.0,1.0,1.0,3,0,0,3,1.0,1.0,1.0,1.0,100.0,1951631.2279203977,1.0
extrapolation_top1,extrapolation,none_ready,1,model_structured,random_forest,True,0.0,per_operation,per_operation,per_operation,per_operation,6,1.0,1.0,,,,0,0,0,6,1.0,1.0,1.0,1.0,100.0,40.27724387506998,1.0
extrapolation_top1,extrapolation,none_ready,2,model_structured,random_forest,True,0.0,per_operation,per_operation,per_operation,per_operation,6,0.8333333333333334,0.5,,,0.0,0,0,1,5,1.0393366033842506,1.0,1.1770147152291275,1.2360196203055034,83.33333333333334,153.0170765729835,1.083777599362385
extrapolation_top1,extrapolation,none_ready,3,model_structured,random_forest,True,0.0,per_operation,per_operation,per_operation,per_operation,6,0.6666666666666666,0.5,,,0.0,0,0,2,4,1.3371871485474618,1.0,2.221272593787348,2.4309837419323106,66.66666666666666,338.5328122526271,1.6201765575393914
extrapolation_top1,extrapolation,none_ready,5,model_structured,random_forest,True,0.0,per_operation,per_operation,per_operation,per_operation,6,0.8333333333333334,0.8333333333333333,0.7071067811865476,1.0,0.6666666666666666,2,0,1,3,1.0588530302235941,1.0,1.2648386360061739,1.3531181813415651,83.33333333333334,369.0189974882051,1.135095368701697
extrapolation_top1,extrapolation,none_ready,10,model_structured,random_forest,True,0.0,per_operation,per_operation,per_operation,per_operation,6,0.8333333333333334,0.8333333333333333,0.7071067811865476,1.0,0.6666666666666666,2,0,1,3,1.3302251914333623,1.0,2.4860133614501305,2.981351148600174,83.33333333333334,1044.733017200697,1.724397136059983
extrapolation_top1,extrapolation,none_ready,30,model_structured,random_forest,True,0.0,per_operation,per_operation,per_operation,per_operation,6,1.0,1.0,1.0,1.0,1.0,3,0,0,3,1.0,1.0,1.0,1.0,100.0,2704.5003202366056,1.0
extrapolation_top1,extrapolation,none_ready,100,model_structured,random_forest,True,0.0,per_operation,per_operation,per_operation,per_operation,6,1.0,1.0,1.0,1.0,1.0,3,0,0,3,1.0,1.0,1.0,1.0,100.0,22342.677545452185,1.0
extrapolation_top1,extrapolation,none_ready,1000,model_structured,random_forest,True,0.0,per_operation,per_operation,per_operation,per_operation,6,1.0,1.0,1.0,1.0,1.0,3,0,0,3,1.0,1.0,1.0,1.0,100.0,1978280.3671749579,1.0
extrapolation_top2,extrapolation,cpu_ready,1,model_structured,ridge,False,0.0,per_operation,per_operation,constant,constant,12,0.75,0.75,,0.0,,0,3,0,9,3.13457376239313,1.0,11.908800047252194,21.578389864946658,75.0,172.68171531214378,3.867248624490731
extrapolation_top2,extrapolation,cpu_ready,2,model_structured,ridge,False,0.0,per_operation,per_operation,constant,constant,12,0.75,0.8636363636363636,0.42640143271122083,0.25,1.0,1,3,0,8,1.6028407563668232,1.0,4.371817845113314,5.967609280129816,75.0,288.16939317156437,1.6916920263798532
extrapolation_top2,extrapolation,cpu_ready,3,model_structured,ridge,False,0.0,per_operation,per_operation,constant,constant,12,0.75,0.85,0.5291502622129182,0.4,1.0,2,3,0,7,1.2792257878047124,1.0,2.320601224386316,2.919440013387752,75.0,388.22594725933914,1.3956982622239416
extrapolation_top2,extrapolation,cpu_ready,5,model_structured,ridge,False,0.0,per_operation,per_operation,constant,constant,12,0.9166666666666666,0.9375,0.8366600265340756,0.8,1.0,4,1,0,7,1.021404777845415,1.0,1.1155858003652406,1.2568573341449794,91.66666666666666,521.0862374684577,1.0337102432468448
extrapolation_top2,extrapolation,cpu_ready,10,model_structured,ridge,False,0.0,per_operation,per_operation,constant,constant,12,1.0,1.0,1.0,1.0,1.0,6,0,0,6,1.0,1.0,1.0,1.0,100.0,961.8423283114505,1.0
extrapolation_top2,extrapolation,cpu_ready,30,model_structured,ridge,False,0.0,per_operation,per_operation,constant,constant,12,1.0,1.0,1.0,1.0,1.0,6,0,0,6,1.0,1.0,1.0,1.0,100.0,3731.531101325273,1.0
extrapolation_top2,extrapolation,cpu_ready,100,model_structured,ridge,False,0.0,per_operation,per_operation,constant,constant,12,1.0,1.0,1.0,1.0,1.0,6,0,0,6,1.0,1.0,1.0,1.0,100.0,28637.27256905126,1.0
extrapolation_top2,extrapolation,cpu_ready,1000,model_structured,ridge,False,0.0,per_operation,per_operation,constant,constant,12,0.9166666666666666,0.9166666666666667,0.8451542547285166,0.8571428571428571,1.0,6,1,0,5,1.2069225851214374,1.0,2.11738195965576,3.4830710214572487,91.66666666666666,2559590.12081754,1.0418479030743857
extrapolation_top2,extrapolation,gpu_ready,1,model_structured,ridge,False,0.0,per_operation,per_operation,constant,constant,12,0.9166666666666666,0.9,0.8366600265340756,0.875,1.0,7,1,0,4,1.0380557337224416,1.0,1.2055009621011847,1.4566688046693004,91.66666666666666,3.2455594822304064,1.0136169657241128
extrapolation_top2,extrapolation,gpu_ready,2,model_structured,ridge,False,0.0,per_operation,per_operation,constant,constant,12,0.8333333333333334,0.8333333333333333,0.7071067811865476,0.75,1.0,6,2,0,4,1.1263060033479404,1.0,1.7220857521246047,2.1153386997180204,83.33333333333334,11.311441480484703,1.0313014806092007
extrapolation_top2,extrapolation,gpu_ready,3,model_structured,ridge,False,0.0,per_operation,per_operation,constant,constant,12,0.8333333333333334,0.8333333333333333,0.7071067811865476,0.75,1.0,6,2,0,4,1.1857986136445462,1.0,2.082422915344485,2.438479347095207,83.33333333333334,24.462762467856322,1.0387331405385336
extrapolation_top2,extrapolation,gpu_ready,5,model_structured,ridge,False,0.0,per_operation,per_operation,constant,constant,12,0.8333333333333334,0.8333333333333333,0.7071067811865476,0.75,1.0,6,2,0,4,1.2491989195524458,1.0,2.469286654111099,2.754262149350419,83.33333333333334,66.02172140995155,1.0445989610198751
extrapolation_top2,extrapolation,gpu_ready,10,model_structured,ridge,False,0.0,per_operation,per_operation,constant,constant,12,0.8333333333333334,0.8333333333333333,0.7071067811865476,0.75,1.0,6,2,0,4,1.3103109694056327,1.0,2.8446706624529665,3.0338173562420976,83.33333333333334,258.9143010747429,1.0488984544447781
extrapolation_top2,extrapolation,gpu_ready,30,model_structured,ridge,False,0.0,per_operation,per_operation,constant,constant,12,0.8333333333333334,0.8333333333333333,0.7071067811865476,0.75,1.0,6,2,0,4,1.3599785612651152,1.0,3.1513670717000166,3.2449143264974363,83.33333333333334,2301.8443670132406,1.0516964802109958
extrapolation_top2,extrapolation,gpu_ready,100,model_structured,ridge,False,0.0,per_operation,per_operation,constant,constant,12,0.9166666666666666,0.9166666666666667,0.8451542547285166,0.8571428571428571,1.0,6,1,0,5,1.1936761002764908,1.0,2.045850941493049,3.3241132033178906,91.66666666666666,25169.392994915153,1.0401860457386387
extrapolation_top2,extrapolation,gpu_ready,1000,model_structured,ridge,False,0.0,per_operation,per_operation,constant,constant,12,0.9166666666666666,0.9166666666666667,0.8451542547285166,0.8571428571428571,1.0,6,1,0,5,1.1962875418726493,1.0,2.0599527261123045,3.355450502471791,91.66666666666666,2512715.132965369,1.0404246282190364
extrapolation_top2,extrapolation,none_ready,1,model_structured,ridge,False,0.0,per_operation,per_operation,constant,constant,12,0.75,0.75,,0.0,,0,3,0,9,3.0977327551377756,1.0,11.85557966149709,21.52121219354136,75.0,176.1396114384936,3.5150552134460478
extrapolation_top2,extrapolation,none_ready,2,model_structured,ridge,False,0.0,per_operation,per_operation,constant,constant,12,0.75,0.8636363636363636,0.42640143271122083,0.25,1.0,1,3,0,8,1.5783742419474762,1.0,4.215284537003631,5.959637065773626,75.0,292.0629876548844,1.6481603268634726
extrapolation_top2,extrapolation,none_ready,3,model_structured,ridge,False,0.0,per_operation,per_operation,constant,constant,12,0.75,0.85,0.5291502622129182,0.4,1.0,2,3,0,7,1.2632580833289064,1.0,2.269956214633523,2.9168327521313437,75.0,392.0526747554705,1.3628191229723527
extrapolation_top2,extrapolation,none_ready,5,model_structured,ridge,False,0.0,per_operation,per_operation,constant,constant,12,0.9166666666666666,0.9375,0.8366600265340756,0.8,1.0,4,1,0,7,1.0213485310022776,1.0,1.1152820674122996,1.2561823720273328,91.66666666666666,527.2281141403205,1.0332324774291468
extrapolation_top2,extrapolation,none_ready,10,model_structured,ridge,False,0.0,per_operation,per_operation,constant,constant,12,1.0,1.0,1.0,1.0,1.0,6,0,0,6,1.0,1.0,1.0,1.0,100.0,967.2287076394058,1.0
extrapolation_top2,extrapolation,none_ready,30,model_structured,ridge,False,0.0,per_operation,per_operation,constant,constant,12,1.0,1.0,1.0,1.0,1.0,6,0,0,6,1.0,1.0,1.0,1.0,100.0,3747.1088846093057,1.0
extrapolation_top2,extrapolation,none_ready,100,model_structured,ridge,False,0.0,per_operation,per_operation,constant,constant,12,1.0,1.0,1.0,1.0,1.0,6,0,0,6,1.0,1.0,1.0,1.0,100.0,28688.52026618156,1.0
extrapolation_top2,extrapolation,none_ready,1000,model_structured,ridge,False,0.0,per_operation,per_operation,constant,constant,12,0.9166666666666666,0.9166666666666667,0.8451542547285166,0.8571428571428571,1.0,6,1,0,5,1.2066193040862863,1.0,2.115744242065944,3.479431649035435,91.66666666666666,2560056.673620388,1.041821595756586
extrapolation_top2,extrapolation,cpu_ready,1,model_structured,elasticnet,False,0.0,per_operation,per_operation,constant,constant,12,1.0,1.0,,,,0,0,0,12,1.0,1.0,1.0,1.0,100.0,44.65234384429675,1.0
extrapolation_top2,extrapolation,cpu_ready,2,model_structured,elasticnet,False,0.0,per_operation,per_operation,constant,constant,12,0.9166666666666666,0.5,,,0.0,0,0,1,11,1.0137438310493723,1.0,1.0742166876666106,1.164925972592468,91.66666666666666,178.609375377187,1.0485223737219873
extrapolation_top2,extrapolation,cpu_ready,3,model_structured,elasticnet,False,0.0,per_operation,per_operation,constant,constant,12,1.0,1.0,1.0,1.0,1.0,2,0,0,10,1.0,1.0,1.0,1.0,100.0,278.15893862383257,1.0
extrapolation_top2,extrapolation,cpu_ready,5,model_structured,elasticnet,False,0.0,per_operation,per_operation,constant,constant,12,0.8333333333333334,0.75,0.6324555320336759,1.0,0.5,2,0,2,8,1.054491678857997,1.0,1.3244465334191624,1.351985470436177,83.33333333333334,567.1879302765225,1.1251649558453531
extrapolation_top2,extrapolation,cpu_ready,10,model_structured,elasticnet,False,0.0,per_operation,per_operation,constant,constant,12,0.8333333333333334,0.8333333333333333,0.7071067811865476,1.0,0.6666666666666666,4,0,2,6,1.1764549166315932,1.0,1.9721899268572005,2.924125229113128,83.33333333333334,1414.197509683192,1.4703007635002585
extrapolation_top2,extrapolation,cpu_ready,30,model_structured,elasticnet,False,0.0,per_operation,per_operation,constant,constant,12,0.8333333333333334,0.8333333333333333,0.7071067811865476,1.0,0.6666666666666666,4,0,2,6,1.680389860383503,1.0,4.934074431574754,6.564986469563646,83.33333333333334,9722.15616257341,2.6054067080187364
extrapolation_top2,extrapolation,cpu_ready,100,model_structured,elasticnet,False,0.0,per_operation,per_operation,constant,constant,12,1.0,1.0,1.0,1.0,1.0,6,0,0,6,1.0,1.0,1.0,1.0,100.0,28637.27256905126,1.0
extrapolation_top2,extrapolation,cpu_ready,1000,model_structured,elasticnet,False,0.0,per_operation,per_operation,constant,constant,12,1.0,1.0,1.0,1.0,1.0,6,0,0,6,1.0,1.0,1.0,1.0,100.0,2456779.0684844246,1.0
extrapolation_top2,extrapolation,gpu_ready,1,model_structured,elasticnet,False,0.0,per_operation,per_operation,constant,constant,12,0.9166666666666666,0.9,0.8366600265340756,0.875,1.0,7,1,0,4,1.0380557337224416,1.0,1.2055009621011847,1.4566688046693004,91.66666666666666,3.2455594822304064,1.0136169657241128
extrapolation_top2,extrapolation,gpu_ready,2,model_structured,elasticnet,False,0.0,per_operation,per_operation,constant,constant,12,0.8333333333333334,0.8333333333333333,0.7071067811865476,0.75,1.0,6,2,0,4,1.1263060033479404,1.0,1.7220857521246047,2.1153386997180204,83.33333333333334,11.311441480484703,1.0313014806092007
extrapolation_top2,extrapolation,gpu_ready,3,model_structured,elasticnet,False,0.0,per_operation,per_operation,constant,constant,12,0.9166666666666666,0.9166666666666667,0.8451542547285166,0.8571428571428571,1.0,6,1,0,5,1.0659253347199458,1.0,1.3559968074877067,1.7911040166393493,91.66666666666666,23.724377955343474,1.0073799986104586
extrapolation_top2,extrapolation,gpu_ready,5,model_structured,elasticnet,False,0.0,per_operation,per_operation,constant,constant,12,0.9166666666666666,0.9166666666666667,0.8451542547285166,0.8571428571428571,1.0,6,1,0,5,1.1030104071065774,1.0,1.5562561983755172,2.236124885278929,91.66666666666666,63.80717519473447,1.009560300619276
extrapolation_top2,extrapolation,gpu_ready,10,model_structured,elasticnet,False,0.0,per_operation,per_operation,constant,constant,12,1.0,1.0,1.0,1.0,1.0,6,0,0,6,1.0,1.0,1.0,1.0,100.0,246.8440104736317,1.0
extrapolation_top2,extrapolation,gpu_ready,30,model_structured,elasticnet,False,0.0,per_operation,per_operation,constant,constant,12,1.0,1.0,1.0,1.0,1.0,6,0,0,6,1.0,1.0,1.0,1.0,100.0,2188.696463595119,1.0
extrapolation_top2,extrapolation,gpu_ready,100,model_structured,elasticnet,False,0.0,per_operation,per_operation,constant,constant,12,1.0,1.0,1.0,1.0,1.0,6,0,0,6,1.0,1.0,1.0,1.0,100.0,24197.010811697925,1.0
extrapolation_top2,extrapolation,gpu_ready,1000,model_structured,elasticnet,False,0.0,per_operation,per_operation,constant,constant,12,1.0,1.0,1.0,1.0,1.0,6,0,0,6,1.0,1.0,1.0,1.0,100.0,2415086.1723319157,1.0
extrapolation_top2,extrapolation,none_ready,1,model_structured,elasticnet,False,0.0,per_operation,per_operation,constant,constant,12,1.0,1.0,,,,0,0,0,12,1.0,1.0,1.0,1.0,100.0,50.110055388237264,1.0
extrapolation_top2,extrapolation,none_ready,2,model_structured,elasticnet,False,0.0,per_operation,per_operation,constant,constant,12,0.9166666666666666,0.5,,,0.0,0,0,1,11,1.0196683016921253,1.0,1.1062088291374763,1.2360196203055034,91.66666666666666,189.03389176516762,1.0667498930337074
extrapolation_top2,extrapolation,none_ready,3,model_structured,elasticnet,False,0.0,per_operation,per_operation,constant,constant,12,1.0,1.0,1.0,1.0,1.0,2,0,0,10,1.0,1.0,1.0,1.0,100.0,287.67770289309624,1.0
extrapolation_top2,extrapolation,none_ready,5,model_structured,elasticnet,False,0.0,per_operation,per_operation,constant,constant,12,0.8333333333333334,0.75,0.6324555320336759,1.0,0.5,2,0,2,8,1.0622341988803112,1.0,1.3713764920878369,1.393692205222169,83.33333333333334,582.7605319586204,1.1420618362989614
extrapolation_top2,extrapolation,none_ready,10,model_structured,elasticnet,False,0.0,per_operation,per_operation,constant,constant,12,0.8333333333333334,0.8333333333333333,0.7071067811865476,1.0,0.6666666666666666,4,0,2,6,1.1852548306541113,1.0,2.0245467674571156,2.981351148600174,83.33333333333334,1438.8030797884855,1.4875520840360419
extrapolation_top2,extrapolation,none_ready,30,model_structured,elasticnet,False,0.08333333333333333,per_operation,per_operation,constant,constant,12,0.8333333333333334,0.8333333333333333,0.7071067811865476,1.0,0.6666666666666666,4,0,2,6,1.6879743372381883,1.0,4.979863135593586,6.607674901784549,83.33333333333334,9795.14254769393,2.614053354020756
extrapolation_top2,extrapolation,none_ready,100,model_structured,elasticnet,False,0.0,per_operation,per_operation,constant,constant,12,1.0,1.0,1.0,1.0,1.0,6,0,0,6,1.0,1.0,1.0,1.0,100.0,28688.52026618156,1.0
extrapolation_top2,extrapolation,none_ready,1000,model_structured,elasticnet,False,0.0,per_operation,per_operation,constant,constant,12,1.0,1.0,1.0,1.0,1.0,6,0,0,6,1.0,1.0,1.0,1.0,100.0,2457288.9293595776,1.0
extrapolation_top2,extrapolation,cpu_ready,1,model_structured,huber,False,0.0,per_operation,per_operation,constant,constant,12,1.0,1.0,,,,0,0,0,12,1.0,1.0,1.0,1.0,100.0,44.65234384429675,1.0
extrapolation_top2,extrapolation,cpu_ready,2,model_structured,huber,False,0.0,per_operation,per_operation,constant,constant,12,0.9166666666666666,0.5,,,0.0,0,0,1,11,1.0137438310493723,1.0,1.0742166876666106,1.164925972592468,91.66666666666666,178.609375377187,1.0485223737219873
extrapolation_top2,extrapolation,cpu_ready,3,model_structured,huber,False,0.08333333333333333,per_operation,per_operation,constant,constant,12,0.8333333333333334,0.5,,,0.0,0,0,2,10,1.1601542068282773,1.0,1.9233785022762975,2.3363926279033156,83.33333333333334,401.8710945986708,1.4447534801034743
extrapolation_top2,extrapolation,cpu_ready,5,model_structured,huber,False,0.08333333333333333,per_operation,per_operation,constant,constant,12,0.8333333333333334,0.75,0.6324555320336759,1.0,0.5,2,0,2,8,1.2144563544419122,1.0,2.1882557815723036,3.2715615774431606,83.33333333333334,795.3603301478405,1.5778043272458955
extrapolation_top2,extrapolation,cpu_ready,10,model_structured,huber,False,0.0,per_operation,per_operation,constant,constant,12,0.8333333333333334,0.8333333333333333,0.7071067811865476,1.0,0.6666666666666666,4,0,2,6,1.6171683277720958,1.0,4.44889741140041,7.244135518954188,83.33333333333334,2363.9324591076816,2.4577130674397036
extrapolation_top2,extrapolation,cpu_ready,30,model_structured,huber,False,0.0,per_operation,per_operation,constant,constant,12,0.9166666666666666,0.9166666666666667,0.8451542547285166,1.0,0.8333333333333334,5,0,1,6,2.24849155874578,1.0,7.7418544172272,15.981898704949359,91.66666666666666,16063.142651999933,4.304705552714012
extrapolation_top2,extrapolation,cpu_ready,100,model_structured,huber,False,0.0,per_operation,per_operation,constant,constant,12,0.9166666666666666,0.9166666666666667,0.8451542547285166,1.0,0.8333333333333334,5,0,1,6,2.8541209290096226,1.0,11.012253016651947,23.249451148115472,91.66666666666666,168513.99294583907,5.884428851927566
extrapolation_top2,extrapolation,cpu_ready,1000,model_structured,huber,False,0.0,per_operation,per_operation,constant,constant,12,0.9166666666666666,0.9166666666666667,0.8451542547285166,1.0,0.8333333333333334,5,0,1,6,3.204934981841511,1.0,12.90664890194414,27.45921978209813,91.66666666666666,16540833.159344047,6.732731229897692
extrapolation_top2,extrapolation,gpu_ready,1,model_structured,huber,False,0.0,per_operation,per_operation,constant,constant,12,0.8333333333333334,0.8285714285714285,0.6571428571428571,0.8571428571428571,0.8571428571428571,6,1,1,4,3.3173814612205432,1.0,13.559526771057845,28.351908729977218,83.33333333333334,17.52492305473865,5.473188653157978
extrapolation_top2,extrapolation,gpu_ready,2,model_structured,huber,False,0.0,per_operation,per_operation,constant,constant,12,0.8333333333333334,0.8333333333333334,0.6666666666666666,0.8333333333333334,0.8333333333333334,5,1,1,5,3.2978979216442474,1.0,13.448682110924642,28.1744417192737,83.33333333333334,67.76498091540678,6.178357132650663
extrapolation_top2,extrapolation,gpu_ready,3,model_structured,huber,False,0.0,per_operation,per_operation,constant,constant,12,0.8333333333333334,0.8333333333333334,0.6666666666666666,0.8333333333333334,0.8333333333333334,5,1,1,5,3.3255402961799887,1.0,13.637028001035851,28.115379537520507,83.33333333333334,151.12730620459087,6.417138767598047
extrapolation_top2,extrapolation,gpu_ready,5,model_structured,huber,False,0.08333333333333333,per_operation,per_operation,constant,constant,12,0.8333333333333334,0.8333333333333334,0.6666666666666666,0.8333333333333334,0.8333333333333334,5,1,1,5,3.3586906944375117,1.0,13.86054223849044,28.068163447971216,83.33333333333334,417.08795619014296,6.599186394804519
extrapolation_top2,extrapolation,gpu_ready,10,model_structured,huber,False,0.0,per_operation,per_operation,constant,constant,12,0.9166666666666666,0.9166666666666667,0.8451542547285166,1.0,0.8333333333333334,5,0,1,6,3.252730917782527,1.0,13.164746956025626,28.032771013390324,91.66666666666666,1658.1194336381639,6.717276349775102
extrapolation_top2,extrapolation,gpu_ready,30,model_structured,huber,False,0.0,per_operation,per_operation,constant,constant,12,0.9166666666666666,0.9166666666666667,0.8451542547285166,1.0,0.8333333333333334,5,0,1,6,3.250765450487599,1.0,13.154133432633017,28.00918540585119,91.66666666666666,14879.093459775015,6.798153013568106
extrapolation_top2,extrapolation,gpu_ready,100,model_structured,huber,False,0.0,per_operation,per_operation,constant,constant,12,0.9166666666666666,0.9166666666666667,0.8451542547285166,1.0,0.8333333333333334,5,0,1,6,3.250077684178733,1.0,13.150419494565137,28.000932210144793,91.66666666666666,165158.33516810133,6.82556768905754
extrapolation_top2,extrapolation,gpu_ready,1000,model_structured,huber,False,0.0,per_operation,per_operation,constant,constant,12,0.9166666666666666,0.9166666666666667,0.8451542547285166,1.0,0.8333333333333334,5,0,1,6,3.249812423292031,1.0,13.148987085776948,27.997749079504374,91.66666666666666,16509556.819752574,6.836011488489278
extrapolation_top2,extrapolation,none_ready,1,model_structured,huber,False,0.0,per_operation,per_operation,constant,constant,12,1.0,1.0,,,,0,0,0,12,1.0,1.0,1.0,1.0,100.0,50.110055388237264,1.0
extrapolation_top2,extrapolation,none_ready,2,model_structured,huber,False,0.0,per_operation,per_operation,constant,constant,12,0.9166666666666666,0.5,,,0.0,0,0,1,11,1.0196683016921253,1.0,1.1062088291374763,1.2360196203055034,91.66666666666666,189.03389176516762,1.0667498930337074
extrapolation_top2,extrapolation,none_ready,3,model_structured,huber,False,0.08333333333333333,per_operation,per_operation,constant,constant,12,0.8333333333333334,0.5,,,0.0,0,0,2,10,1.168593574273731,1.0,1.969619216013392,2.4309837419323106,83.33333333333334,417.26241583069145,1.4504510138755875
extrapolation_top2,extrapolation,none_ready,5,model_structured,huber,False,0.08333333333333333,per_operation,per_operation,constant,constant,12,0.8333333333333334,0.75,0.6324555320336759,1.0,0.5,2,0,2,8,1.2194124309197727,1.0,2.220138945100927,3.2798309896957054,83.33333333333334,808.8298746419098,1.58510002175746
extrapolation_top2,extrapolation,none_ready,10,model_structured,huber,False,0.0,per_operation,per_operation,constant,constant,12,0.8333333333333334,0.8333333333333333,0.7071067811865476,1.0,0.6666666666666666,4,0,2,6,1.6179795615227632,1.0,4.453336234408296,7.2532887164193705,83.33333333333334,2371.2368538890596,2.451578241175493
extrapolation_top2,extrapolation,none_ready,30,model_structured,huber,False,0.0,per_operation,per_operation,constant,constant,12,0.9166666666666666,0.9166666666666667,0.8451542547285166,1.0,0.8333333333333334,5,0,1,6,2.2490524042841233,1.0,7.744882983134256,15.988628851409482,91.66666666666666,16084.260023653895,4.292445327574442
extrapolation_top2,extrapolation,none_ready,100,model_structured,huber,False,0.0,per_operation,per_operation,constant,constant,12,0.9166666666666666,0.9166666666666667,0.8451542547285166,1.0,0.8333333333333334,5,0,1,6,2.854365680163784,1.0,11.013574672884417,23.252388161965406,91.66666666666666,168583.70491259545,5.876347171217622
extrapolation_top2,extrapolation,none_ready,1000,model_structured,huber,False,0.0,per_operation,per_operation,constant,constant,12,0.9166666666666666,0.9166666666666667,0.8451542547285166,1.0,0.8333333333333334,5,0,1,6,3.2049638880371725,1.0,12.906804995400716,27.459566656446075,91.66666666666666,16541527.65896212,6.731616889379467
extrapolation_top2,extrapolation,cpu_ready,1,model_structured,tree,False,0.0,per_operation,per_operation,constant,constant,12,1.0,1.0,,,,0,0,0,12,1.0,1.0,1.0,1.0,100.0,44.65234384429675,1.0
extrapolation_top2,extrapolation,cpu_ready,2,model_structured,tree,False,0.0,per_operation,per_operation,constant,constant,12,0.9166666666666666,0.5,,,0.0,0,0,1,11,1.0137438310493723,1.0,1.0742166876666106,1.164925972592468,91.66666666666666,178.609375377187,1.0485223737219873
extrapolation_top2,extrapolation,cpu_ready,3,model_structured,tree,False,0.0,per_operation,per_operation,constant,constant,12,0.8333333333333334,0.5,,,0.0,0,0,2,10,1.1601542068282773,1.0,1.9233785022762975,2.3363926279033156,83.33333333333334,401.8710945986708,1.4447534801034743
extrapolation_top2,extrapolation,cpu_ready,5,model_structured,tree,False,0.0,per_operation,per_operation,constant,constant,12,0.6666666666666666,0.5,,,0.0,0,0,4,8,1.598081444207035,1.0,4.16254089062912,5.251515606745295,66.66666666666666,1116.308596107419,2.21448878793425
extrapolation_top2,extrapolation,cpu_ready,10,model_structured,tree,False,0.0,per_operation,per_operation,constant,constant,12,0.5,0.5,,,0.0,0,0,6,6,3.092306689484392,1.0966668852329944,10.024914207386212,13.423643715469808,50.0,4465.234384429676,4.642376669228685
extrapolation_top2,extrapolation,cpu_ready,30,model_structured,tree,False,0.0,per_operation,per_operation,constant,constant,12,0.5,0.5,,,0.0,0,0,6,6,7.745867592704094,2.299845927519195,26.017419948405895,37.22727702052595,50.0,40187.10945986708,10.769603245593858
extrapolation_top2,extrapolation,cpu_ready,100,model_structured,tree,False,0.0,per_operation,per_operation,constant,constant,12,0.5833333333333334,0.5833333333333334,0.19245008972987526,0.6666666666666666,0.3333333333333333,2,1,4,5,9.633752249843857,1.0,41.278538682145864,63.31409011262751,58.333333333333336,384530.8442684034,13.427635028482838
extrapolation_top2,extrapolation,cpu_ready,1000,model_structured,tree,False,0.0,per_operation,per_operation,constant,constant,12,0.5833333333333334,0.5833333333333334,0.19245008972987526,0.6666666666666666,0.3333333333333333,2,1,4,5,11.618716501429533,1.0,51.68249848839137,81.2887280183054,58.333333333333336,38329567.95769557,15.60155263832531
extrapolation_top2,extrapolation,gpu_ready,1,model_structured,tree,False,0.0,per_operation,per_operation,constant,constant,12,0.5833333333333334,0.5571428571428572,0.11952286093343936,0.625,0.7142857142857143,5,3,2,2,12.773418836656175,1.0,57.948209657483545,94.12146634665805,58.333333333333336,51.65563579524542,16.132512469420057
extrapolation_top2,extrapolation,gpu_ready,2,model_structured,tree,False,0.0,per_operation,per_operation,constant,constant,12,0.5,0.5,0.0,0.5,0.6666666666666666,4,4,2,2,13.492588251310965,1.2001666702286329,55.48289679510897,88.85989744335218,50.0,202.79174679578395,18.48919336113264
extrapolation_top2,extrapolation,gpu_ready,3,model_structured,tree,False,0.0,per_operation,per_operation,constant,constant,12,0.5833333333333334,0.5833333333333334,0.19245008972987526,0.6666666666666666,0.3333333333333333,2,1,4,5,12.22962574194778,1.0,54.67622784220959,87.13948688127412,58.333333333333336,358.30080791961177,15.214100368135828
extrapolation_top2,extrapolation,gpu_ready,5,model_structured,tree,False,0.0,per_operation,per_operation,constant,constant,12,0.5833333333333334,0.5833333333333334,0.19245008972987526,0.6666666666666666,0.3333333333333333,2,1,4,5,12.080796717708184,1.0,54.03632940033127,85.7751988976603,58.333333333333336,980.0396093754973,15.506235460829073
extrapolation_top2,extrapolation,gpu_ready,10,model_structured,tree,False,0.0,per_operation,per_operation,constant,constant,12,0.5833333333333334,0.5833333333333334,0.19245008972987526,0.6666666666666666,0.3333333333333333,2,1,4,5,11.980667347546396,1.0,53.55957698917986,84.75900651514495,58.333333333333336,3875.4948396223554,15.700177744585552
extrapolation_top2,extrapolation,gpu_ready,30,model_structured,tree,False,0.0,per_operation,per_operation,constant,constant,12,0.5833333333333334,0.5833333333333334,0.19245008972987526,0.6666666666666666,0.3333333333333333,2,1,4,5,11.921489813699866,1.0,53.2432522485348,84.08488950070374,58.333333333333336,34616.00471214041,15.815808764674795
extrapolation_top2,extrapolation,gpu_ready,100,model_structured,tree,False,0.0,per_operation,per_operation,constant,constant,12,0.5833333333333334,0.5833333333333334,0.19245008972987526,0.6666666666666666,0.3333333333333333,2,1,4,5,11.902576204299306,1.0,53.13282401713221,83.84958067011691,58.333333333333336,383607.2700552396,15.853498311857042
extrapolation_top2,extrapolation,gpu_ready,1000,model_structured,tree,False,0.0,per_operation,per_operation,constant,constant,12,0.5833333333333334,0.5833333333333334,0.19245008972987526,0.6666666666666666,0.3333333333333333,2,1,4,5,11.895564111897285,1.0,53.090269822875264,83.75890628699533,58.333333333333336,38321708.73383899,15.867636183282437
extrapolation_top2,extrapolation,none_ready,1,model_structured,tree,False,0.0,per_operation,per_operation,constant,constant,12,1.0,1.0,,,,0,0,0,12,1.0,1.0,1.0,1.0,100.0,50.110055388237264,1.0
extrapolation_top2,extrapolation,none_ready,2,model_structured,tree,False,0.0,per_operation,per_operation,constant,constant,12,0.9166666666666666,0.5,,,0.0,0,0,1,11,1.0196683016921253,1.0,1.1062088291374763,1.2360196203055034,91.66666666666666,189.03389176516762,1.0667498930337074
extrapolation_top2,extrapolation,none_ready,3,model_structured,tree,False,0.0,per_operation,per_operation,constant,constant,12,0.8333333333333334,0.5,,,0.0,0,0,2,10,1.168593574273731,1.0,1.969619216013392,2.4309837419323106,83.33333333333334,417.26241583069145,1.4504510138755875
extrapolation_top2,extrapolation,none_ready,5,model_structured,tree,False,0.0,per_operation,per_operation,constant,constant,12,0.6666666666666666,0.5,,,0.0,0,0,4,8,1.6171017715441962,1.0,4.224267991354548,5.378579882270913,66.66666666666666,1141.63352702752,2.2373101999125917
extrapolation_top2,extrapolation,none_ready,10,model_structured,tree,False,0.0,per_operation,per_operation,constant,constant,12,0.5,0.5,,,0.0,0,0,6,6,3.120738274312386,1.1208534096245804,10.102810207984602,13.58555869767545,50.0,4515.393339569977,4.668382259445269
extrapolation_top2,extrapolation,none_ready,30,model_structured,tree,False,0.0,per_operation,per_operation,constant,constant,12,0.5,0.5,,,0.0,0,0,6,6,7.773683590126473,2.3240085725368558,26.131976100518163,37.37665722027954,50.0,40336.604511888174,10.764727088013053
extrapolation_top2,extrapolation,none_ready,100,model_structured,tree,False,0.0,per_operation,per_operation,constant,constant,12,0.5833333333333334,0.5833333333333334,0.19245008972987526,0.6666666666666666,0.3333333333333333,2,1,4,5,9.633738673084023,1.0,41.314427917022876,63.390254284315404,58.333333333333336,384964.3352930304,13.418758852711965
extrapolation_top2,extrapolation,none_ready,1000,model_structured,tree,False,0.0,per_operation,per_operation,constant,constant,12,0.5833333333333334,0.5833333333333334,0.19245008972987526,0.6666666666666666,0.3333333333333333,2,1,4,5,11.619406063313528,1.0,51.687088496523764,81.29850407884102,58.333333333333336,38333898.7884733,15.600077927532901
extrapolation_top2,extrapolation,cpu_ready,1,model_structured,random_forest,False,0.0,per_operation,per_operation,constant,constant,12,1.0,1.0,,,,0,0,0,12,1.0,1.0,1.0,1.0,100.0,44.65234384429675,1.0
extrapolation_top2,extrapolation,cpu_ready,2,model_structured,random_forest,False,0.0,per_operation,per_operation,constant,constant,12,0.9166666666666666,0.5,,,0.0,0,0,1,11,1.0137438310493723,1.0,1.0742166876666106,1.164925972592468,91.66666666666666,178.609375377187,1.0485223737219873
extrapolation_top2,extrapolation,cpu_ready,3,model_structured,random_forest,False,0.0,per_operation,per_operation,constant,constant,12,0.8333333333333334,0.5,,,0.0,0,0,2,10,1.1601542068282773,1.0,1.9233785022762975,2.3363926279033156,83.33333333333334,401.8710945986708,1.4447534801034743
extrapolation_top2,extrapolation,cpu_ready,5,model_structured,random_forest,False,0.0,per_operation,per_operation,constant,constant,12,0.6666666666666666,0.5,,,0.0,0,0,4,8,1.598081444207035,1.0,4.16254089062912,5.251515606745295,66.66666666666666,1116.308596107419,2.21448878793425
extrapolation_top2,extrapolation,cpu_ready,10,model_structured,random_forest,False,0.0,per_operation,per_operation,constant,constant,12,0.5,0.5,,,0.0,0,0,6,6,3.092306689484392,1.0966668852329944,10.024914207386212,13.423643715469808,50.0,4465.234384429676,4.642376669228685
extrapolation_top2,extrapolation,cpu_ready,30,model_structured,random_forest,False,0.08333333333333333,per_operation,per_operation,constant,constant,12,0.6666666666666666,0.6666666666666666,0.4472135954999579,1.0,0.3333333333333333,2,0,4,6,3.4064512820285633,1.0,10.893815512362455,15.981898704949359,66.66666666666666,24081.60076576858,6.4535441650790135
extrapolation_top2,extrapolation,cpu_ready,100,model_structured,random_forest,False,0.0,per_operation,per_operation,constant,constant,12,1.0,1.0,1.0,1.0,1.0,6,0,0,6,1.0,1.0,1.0,1.0,100.0,28637.27256905126,1.0
extrapolation_top2,extrapolation,cpu_ready,1000,model_structured,random_forest,False,0.0,per_operation,per_operation,constant,constant,12,1.0,1.0,1.0,1.0,1.0,6,0,0,6,1.0,1.0,1.0,1.0,100.0,2456779.0684844246,1.0
extrapolation_top2,extrapolation,gpu_ready,1,model_structured,random_forest,False,0.0,per_operation,per_operation,constant,constant,12,0.75,0.7,0.5291502622129182,0.7,1.0,7,3,0,2,2.733970913603235,1.0,10.78383418658963,15.09206000623601,75.0,21.14737888199952,6.604513684851582
extrapolation_top2,extrapolation,gpu_ready,2,model_structured,random_forest,False,0.0,per_operation,per_operation,constant,constant,12,0.8333333333333334,0.8333333333333333,0.7071067811865476,0.75,1.0,6,2,0,4,2.759900310825286,1.0,10.543495012502259,21.71847038944617,83.33333333333334,77.86403687779274,7.099121421157376
extrapolation_top2,extrapolation,gpu_ready,3,model_structured,random_forest,False,0.0,per_operation,per_operation,constant,constant,12,0.9166666666666666,0.9166666666666667,0.8451542547285166,0.8571428571428571,1.0,6,1,0,5,2.9940383128171884,1.0,11.7678068892128,24.92845975380626,91.66666666666666,174.88866209027395,7.426088916013244
extrapolation_top2,extrapolation,gpu_ready,5,model_structured,random_forest,False,0.0,per_operation,per_operation,constant,constant,12,0.9166666666666666,0.9166666666666667,0.8451542547285166,0.8571428571428571,1.0,6,1,0,5,3.2533461214247192,1.0,13.168069055693463,28.04015345709663,91.66666666666666,485.5361207643623,7.6821766602956805
extrapolation_top2,extrapolation,gpu_ready,10,model_structured,random_forest,False,0.0,per_operation,per_operation,constant,constant,12,1.0,1.0,1.0,1.0,1.0,6,0,0,6,1.0,1.0,1.0,1.0,100.0,246.8440104736317,1.0
extrapolation_top2,extrapolation,gpu_ready,30,model_structured,random_forest,False,0.0,per_operation,per_operation,constant,constant,12,1.0,1.0,1.0,1.0,1.0,6,0,0,6,1.0,1.0,1.0,1.0,100.0,2188.696463595119,1.0
extrapolation_top2,extrapolation,gpu_ready,100,model_structured,random_forest,False,0.0,per_operation,per_operation,constant,constant,12,1.0,1.0,1.0,1.0,1.0,6,0,0,6,1.0,1.0,1.0,1.0,100.0,24197.010811697925,1.0
extrapolation_top2,extrapolation,gpu_ready,1000,model_structured,random_forest,False,0.0,per_operation,per_operation,constant,constant,12,1.0,1.0,1.0,1.0,1.0,6,0,0,6,1.0,1.0,1.0,1.0,100.0,2415086.1723319157,1.0
extrapolation_top2,extrapolation,none_ready,1,model_structured,random_forest,False,0.0,per_operation,per_operation,constant,constant,12,1.0,1.0,,,,0,0,0,12,1.0,1.0,1.0,1.0,100.0,50.110055388237264,1.0
extrapolation_top2,extrapolation,none_ready,2,model_structured,random_forest,False,0.0,per_operation,per_operation,constant,constant,12,0.9166666666666666,0.5,,,0.0,0,0,1,11,1.0196683016921253,1.0,1.1062088291374763,1.2360196203055034,91.66666666666666,189.03389176516762,1.0667498930337074
extrapolation_top2,extrapolation,none_ready,3,model_structured,random_forest,False,0.0,per_operation,per_operation,constant,constant,12,0.8333333333333334,0.5,,,0.0,0,0,2,10,1.168593574273731,1.0,1.969619216013392,2.4309837419323106,83.33333333333334,417.26241583069145,1.4504510138755875
extrapolation_top2,extrapolation,none_ready,5,model_structured,random_forest,False,0.0,per_operation,per_operation,constant,constant,12,0.6666666666666666,0.5,,,0.0,0,0,4,8,1.6171017715441962,1.0,4.224267991354548,5.378579882270913,66.66666666666666,1141.63352702752,2.2373101999125917
extrapolation_top2,extrapolation,none_ready,10,model_structured,random_forest,False,0.0,per_operation,per_operation,constant,constant,12,0.5,0.5,,,0.0,0,0,6,6,3.120738274312386,1.1208534096245804,10.102810207984602,13.58555869767545,50.0,4515.393339569977,4.668382259445269
extrapolation_top2,extrapolation,none_ready,30,model_structured,random_forest,False,0.08333333333333333,per_operation,per_operation,constant,constant,12,0.6666666666666666,0.6666666666666666,0.4472135954999579,1.0,0.3333333333333333,2,0,4,6,3.414646950346756,1.0,10.897176361375589,15.988628851409482,66.66666666666666,24160.34051558588,6.447728438002136
extrapolation_top2,extrapolation,none_ready,100,model_structured,random_forest,False,0.0,per_operation,per_operation,constant,constant,12,1.0,1.0,1.0,1.0,1.0,6,0,0,6,1.0,1.0,1.0,1.0,100.0,28688.52026618156,1.0
extrapolation_top2,extrapolation,none_ready,1000,model_structured,random_forest,False,0.0,per_operation,per_operation,constant,constant,12,1.0,1.0,1.0,1.0,1.0,6,0,0,6,1.0,1.0,1.0,1.0,100.0,2457288.9293595776,1.0
extrapolation_top2,extrapolation,cpu_ready,1,model_structured,ridge,True,0.0,per_operation,per_operation,constant,constant,12,0.5833333333333334,0.5833333333333334,,0.0,,0,5,0,7,21.17634878920599,1.0,105.56078952647962,208.20594466835354,58.333333333333336,339.865733864062,7.6113750052892595
extrapolation_top2,extrapolation,cpu_ready,2,model_structured,ridge,True,0.0,per_operation,per_operation,constant,constant,12,0.6666666666666666,0.8181818181818181,0.3567530340063379,0.2,1.0,1,4,0,7,1.8426594896788708,1.0,4.818227815917928,5.967609280129816,66.66666666666666,333.3464378563967,1.9569028644484068
extrapolation_top2,extrapolation,cpu_ready,3,model_structured,ridge,True,0.0,per_operation,per_operation,constant,constant,12,0.75,0.85,0.5291502622129182,0.4,1.0,2,3,0,7,1.2792257878047124,1.0,2.320601224386316,2.919440013387752,75.0,388.22594725933914,1.3956982622239416
extrapolation_top2,extrapolation,cpu_ready,5,model_structured,ridge,True,0.08333333333333333,per_operation,per_operation,constant,constant,12,0.9166666666666666,0.9375,0.8366600265340756,0.8,1.0,4,1,0,7,1.021404777845415,1.0,1.1155858003652406,1.2568573341449794,91.66666666666666,521.0862374684577,1.0337102432468448
extrapolation_top2,extrapolation,cpu_ready,10,model_structured,ridge,True,0.0,per_operation,per_operation,constant,constant,12,1.0,1.0,1.0,1.0,1.0,6,0,0,6,1.0,1.0,1.0,1.0,100.0,961.8423283114505,1.0
extrapolation_top2,extrapolation,cpu_ready,30,model_structured,ridge,True,0.0,per_operation,per_operation,constant,constant,12,1.0,1.0,1.0,1.0,1.0,6,0,0,6,1.0,1.0,1.0,1.0,100.0,3731.531101325273,1.0
extrapolation_top2,extrapolation,cpu_ready,100,model_structured,ridge,True,0.0,per_operation,per_operation,constant,constant,12,1.0,1.0,1.0,1.0,1.0,6,0,0,6,1.0,1.0,1.0,1.0,100.0,28637.27256905126,1.0
extrapolation_top2,extrapolation,cpu_ready,1000,model_structured,ridge,True,0.0,per_operation,per_operation,constant,constant,12,0.9166666666666666,0.9166666666666667,0.8451542547285166,0.8571428571428571,1.0,6,1,0,5,1.2069225851214374,1.0,2.11738195965576,3.4830710214572487,91.66666666666666,2559590.12081754,1.0418479030743857
extrapolation_top2,extrapolation,gpu_ready,1,model_structured,ridge,True,0.08333333333333333,per_operation,per_operation,constant,constant,12,0.9166666666666666,0.9285714285714286,0.8451542547285166,1.0,0.8571428571428571,6,0,1,5,3.2793257274981014,1.0,13.308358928489728,28.351908729977218,91.66666666666666,17.481322095283982,5.459571687433865
extrapolation_top2,extrapolation,gpu_ready,2,model_structured,ridge,True,0.08333333333333333,per_operation,per_operation,constant,constant,12,0.9166666666666666,0.9166666666666667,0.8451542547285166,0.8571428571428571,1.0,6,1,0,5,1.033361111704772,1.0,1.1801500032057692,1.4003333404572658,91.66666666666666,11.018121013206704,1.004558484792206
extrapolation_top2,extrapolation,gpu_ready,3,model_structured,ridge,True,0.0,per_operation,per_operation,constant,constant,12,1.0,1.0,1.0,1.0,1.0,6,0,0,6,1.0,1.0,1.0,1.0,100.0,23.550574746439253,1.0
extrapolation_top2,extrapolation,gpu_ready,5,model_structured,ridge,True,0.08333333333333333,per_operation,per_operation,constant,constant,12,0.9166666666666666,0.9166666666666667,0.8451542547285166,0.8571428571428571,1.0,6,1,0,5,1.1461885124458682,1.0,1.7894179672076873,2.754262149350419,91.66666666666666,65.41748234057226,1.0350386604005992
extrapolation_top2,extrapolation,gpu_ready,10,model_structured,ridge,True,0.0,per_operation,per_operation,constant,constant,12,0.9166666666666666,0.9166666666666667,0.8451542547285166,0.8571428571428571,1.0,6,1,0,5,1.1694847796868415,1.0,1.9152178103089423,3.0338173562420976,91.66666666666666,256.1674903503109,1.0377707356917019
extrapolation_top2,extrapolation,gpu_ready,30,model_structured,ridge,True,0.0,per_operation,per_operation,constant,constant,12,0.9166666666666666,0.9166666666666667,0.8451542547285166,0.8571428571428571,1.0,6,1,0,5,1.1870761938747865,1.0,2.0102114469238446,3.2449143264974363,91.66666666666666,2275.291812470526,1.0395648050406985
extrapolation_top2,extrapolation,gpu_ready,100,model_structured,ridge,True,0.0,per_operation,per_operation,constant,constant,12,0.9166666666666666,0.9166666666666667,0.8451542547285166,0.8571428571428571,1.0,6,1,0,5,1.1936761002764908,1.0,2.045850941493049,3.3241132033178906,91.66666666666666,25169.392994915153,1.0401860457386387
extrapolation_top2,extrapolation,gpu_ready,1000,model_structured,ridge,True,0.0,per_operation,per_operation,constant,constant,12,0.9166666666666666,0.9166666666666667,0.8451542547285166,0.8571428571428571,1.0,6,1,0,5,1.1962875418726493,1.0,2.0599527261123045,3.355450502471791,91.66666666666666,2512715.132965369,1.0404246282190364
extrapolation_top2,extrapolation,none_ready,1,model_structured,ridge,True,0.0,per_operation,per_operation,constant,constant,12,1.0,1.0,,,,0,0,0,12,1.0,1.0,1.0,1.0,100.0,50.110055388237264,1.0
extrapolation_top2,extrapolation,none_ready,2,model_structured,ridge,True,0.0,per_operation,per_operation,constant,constant,12,0.75,0.8636363636363636,0.42640143271122083,0.25,1.0,1,3,0,8,1.5783742419474762,1.0,4.215284537003631,5.959637065773626,75.0,292.0629876548844,1.6481603268634726
extrapolation_top2,extrapolation,none_ready,3,model_structured,ridge,True,0.0,per_operation,per_operation,constant,constant,12,0.75,0.85,0.5291502622129182,0.4,1.0,2,3,0,7,1.2632580833289064,1.0,2.269956214633523,2.9168327521313437,75.0,392.0526747554705,1.3628191229723527
extrapolation_top2,extrapolation,none_ready,5,model_structured,ridge,True,0.0,per_operation,per_operation,constant,constant,12,0.9166666666666666,0.9375,0.8366600265340756,0.8,1.0,4,1,0,7,1.0213485310022776,1.0,1.1152820674122996,1.2561823720273328,91.66666666666666,527.2281141403205,1.0332324774291468
extrapolation_top2,extrapolation,none_ready,10,model_structured,ridge,True,0.0,per_operation,per_operation,constant,constant,12,1.0,1.0,1.0,1.0,1.0,6,0,0,6,1.0,1.0,1.0,1.0,100.0,967.2287076394058,1.0
extrapolation_top2,extrapolation,none_ready,30,model_structured,ridge,True,0.0,per_operation,per_operation,constant,constant,12,1.0,1.0,1.0,1.0,1.0,6,0,0,6,1.0,1.0,1.0,1.0,100.0,3747.1088846093057,1.0
extrapolation_top2,extrapolation,none_ready,100,model_structured,ridge,True,0.0,per_operation,per_operation,constant,constant,12,1.0,1.0,1.0,1.0,1.0,6,0,0,6,1.0,1.0,1.0,1.0,100.0,28688.52026618156,1.0
extrapolation_top2,extrapolation,none_ready,1000,model_structured,ridge,True,0.0,per_operation,per_operation,constant,constant,12,0.9166666666666666,0.9166666666666667,0.8451542547285166,0.8571428571428571,1.0,6,1,0,5,1.2066193040862863,1.0,2.115744242065944,3.479431649035435,91.66666666666666,2560056.673620388,1.041821595756586
extrapolation_top2,extrapolation,cpu_ready,1,model_structured,elasticnet,True,0.0,per_operation,per_operation,constant,constant,12,0.9166666666666666,0.9166666666666666,,0.0,,0,1,0,11,18.26716205569613,1.0,94.24267510075894,208.20594466835354,91.66666666666666,151.6295991491007,3.3957814102174546
extrapolation_top2,extrapolation,cpu_ready,2,model_structured,elasticnet,True,0.0,per_operation,per_operation,constant,constant,12,1.0,1.0,1.0,1.0,1.0,1,0,0,11,1.0,1.0,1.0,1.0,100.0,170.34388569427395,1.0
extrapolation_top2,extrapolation,cpu_ready,3,model_structured,elasticnet,True,0.0,per_operation,per_operation,constant,constant,12,1.0,1.0,1.0,1.0,1.0,2,0,0,10,1.0,1.0,1.0,1.0,100.0,278.15893862383257,1.0
extrapolation_top2,extrapolation,cpu_ready,5,model_structured,elasticnet,True,0.0,per_operation,per_operation,constant,constant,12,0.9166666666666666,0.875,0.816496580927726,1.0,0.75,3,0,1,8,1.025159556321649,1.0,1.1358616041369038,1.301914675859787,91.66666666666666,541.6440896182605,1.0744920962653515
extrapolation_top2,extrapolation,cpu_ready,10,model_structured,elasticnet,True,0.0,per_operation,per_operation,constant,constant,12,0.8333333333333334,0.8333333333333333,0.7071067811865476,1.0,0.6666666666666666,4,0,2,6,1.1764549166315932,1.0,1.9721899268572005,2.924125229113128,83.33333333333334,1414.197509683192,1.4703007635002585
extrapolation_top2,extrapolation,cpu_ready,30,model_structured,elasticnet,True,0.0,per_operation,per_operation,constant,constant,12,0.9166666666666666,0.9166666666666667,0.8451542547285166,1.0,0.8333333333333334,5,0,1,6,1.4637488724636372,1.0,3.5042439113036368,6.564986469563646,91.66666666666666,8672.954365952442,2.324234779356977
extrapolation_top2,extrapolation,cpu_ready,100,model_structured,elasticnet,True,0.0,per_operation,per_operation,constant,constant,12,1.0,1.0,1.0,1.0,1.0,6,0,0,6,1.0,1.0,1.0,1.0,100.0,28637.27256905126,1.0
extrapolation_top2,extrapolation,cpu_ready,1000,model_structured,elasticnet,True,0.0,per_operation,per_operation,constant,constant,12,1.0,1.0,1.0,1.0,1.0,6,0,0,6,1.0,1.0,1.0,1.0,100.0,2456779.0684844246,1.0
extrapolation_top2,extrapolation,gpu_ready,1,model_structured,elasticnet,True,0.0,per_operation,per_operation,constant,constant,12,1.0,1.0,1.0,1.0,1.0,7,0,0,5,1.0,1.0,1.0,1.0,100.0,3.201958522775738,1.0
extrapolation_top2,extrapolation,gpu_ready,2,model_structured,elasticnet,True,0.0,per_operation,per_operation,constant,constant,12,1.0,1.0,1.0,1.0,1.0,6,0,0,6,1.0,1.0,1.0,1.0,100.0,10.968122991351583,1.0
extrapolation_top2,extrapolation,gpu_ready,3,model_structured,elasticnet,True,0.0,per_operation,per_operation,constant,constant,12,1.0,1.0,1.0,1.0,1.0,6,0,0,6,1.0,1.0,1.0,1.0,100.0,23.550574746439253,1.0
extrapolation_top2,extrapolation,gpu_ready,5,model_structured,elasticnet,True,0.0,per_operation,per_operation,constant,constant,12,1.0,1.0,1.0,1.0,1.0,6,0,0,6,1.0,1.0,1.0,1.0,100.0,63.20293612535518,1.0
extrapolation_top2,extrapolation,gpu_ready,10,model_structured,elasticnet,True,0.0,per_operation,per_operation,constant,constant,12,1.0,1.0,1.0,1.0,1.0,6,0,0,6,1.0,1.0,1.0,1.0,100.0,246.8440104736317,1.0
extrapolation_top2,extrapolation,gpu_ready,30,model_structured,elasticnet,True,0.0,per_operation,per_operation,constant,constant,12,1.0,1.0,1.0,1.0,1.0,6,0,0,6,1.0,1.0,1.0,1.0,100.0,2188.696463595119,1.0
extrapolation_top2,extrapolation,gpu_ready,100,model_structured,elasticnet,True,0.0,per_operation,per_operation,constant,constant,12,1.0,1.0,1.0,1.0,1.0,6,0,0,6,1.0,1.0,1.0,1.0,100.0,24197.010811697925,1.0
extrapolation_top2,extrapolation,gpu_ready,1000,model_structured,elasticnet,True,0.0,per_operation,per_operation,constant,constant,12,1.0,1.0,1.0,1.0,1.0,6,0,0,6,1.0,1.0,1.0,1.0,100.0,2415086.1723319157,1.0
extrapolation_top2,extrapolation,none_ready,1,model_structured,elasticnet,True,0.0,per_operation,per_operation,constant,constant,12,1.0,1.0,,,,0,0,0,12,1.0,1.0,1.0,1.0,100.0,50.110055388237264,1.0
extrapolation_top2,extrapolation,none_ready,2,model_structured,elasticnet,True,0.0,per_operation,per_operation,constant,constant,12,1.0,1.0,1.0,1.0,1.0,1,0,0,11,1.0,1.0,1.0,1.0,100.0,177.20544712460963,1.0
extrapolation_top2,extrapolation,none_ready,3,model_structured,elasticnet,True,0.0,per_operation,per_operation,constant,constant,12,1.0,1.0,1.0,1.0,1.0,2,0,0,10,1.0,1.0,1.0,1.0,100.0,287.67770289309624,1.0
extrapolation_top2,extrapolation,none_ready,5,model_structured,elasticnet,True,0.0,per_operation,per_operation,constant,constant,12,0.9166666666666666,0.875,0.816496580927726,1.0,0.75,3,0,1,8,1.029426515111797,1.0,1.158903181603704,1.3531181813415651,91.66666666666666,554.1900033338649,1.0860708956023508
extrapolation_top2,extrapolation,none_ready,10,model_structured,elasticnet,True,0.0,per_operation,per_operation,constant,constant,12,0.8333333333333334,0.8333333333333333,0.7071067811865476,1.0,0.6666666666666666,4,0,2,6,1.1852548306541113,1.0,2.0245467674571156,2.981351148600174,83.33333333333334,1438.8030797884855,1.4875520840360419
extrapolation_top2,extrapolation,none_ready,30,model_structured,elasticnet,True,0.0,per_operation,per_operation,constant,constant,12,0.9166666666666666,0.9166666666666667,0.8451542547285166,1.0,0.8333333333333334,5,0,1,6,1.467306241815379,1.0,3.523453705803043,6.607674901784549,91.66666666666666,8726.43729298849,2.3288454010053026
extrapolation_top2,extrapolation,none_ready,100,model_structured,elasticnet,True,0.0,per_operation,per_operation,constant,constant,12,1.0,1.0,1.0,1.0,1.0,6,0,0,6,1.0,1.0,1.0,1.0,100.0,28688.52026618156,1.0
extrapolation_top2,extrapolation,none_ready,1000,model_structured,elasticnet,True,0.0,per_operation,per_operation,constant,constant,12,1.0,1.0,1.0,1.0,1.0,6,0,0,6,1.0,1.0,1.0,1.0,100.0,2457288.9293595776,1.0
extrapolation_top2,extrapolation,cpu_ready,1,model_structured,huber,True,0.0,per_operation,per_operation,constant,constant,12,0.9166666666666666,0.9166666666666666,,0.0,,0,1,0,11,18.26716205569613,1.0,94.24267510075894,208.20594466835354,91.66666666666666,151.6295991491007,3.3957814102174546
extrapolation_top2,extrapolation,cpu_ready,2,model_structured,huber,True,0.0,per_operation,per_operation,constant,constant,12,0.8333333333333334,0.45454545454545453,-0.09090909090909091,0.0,0.0,0,1,1,10,1.1859246899970843,1.0,2.0204859232435006,3.066170307372543,83.33333333333334,232.14037781007823,1.362774935325322
extrapolation_top2,extrapolation,cpu_ready,3,model_structured,huber,True,0.0,per_operation,per_operation,constant,constant,12,0.8333333333333334,0.7,0.4,0.5,0.5,1,1,1,9,1.098840423258457,1.0,1.5922840709992687,1.6006272250654723,83.33333333333334,361.74779470428933,1.3005075317514707
extrapolation_top2,extrapolation,cpu_ready,5,model_structured,huber,True,0.0,per_operation,per_operation,constant,constant,12,0.9166666666666666,0.875,0.816496580927726,1.0,0.75,3,0,1,8,1.1892967981202633,1.0,2.0222027098494206,3.2715615774431606,91.66666666666666,757.8093757893656,1.503312230980544
extrapolation_top2,extrapolation,cpu_ready,10,model_structured,huber,True,0.0,per_operation,per_operation,constant,constant,12,0.8333333333333334,0.8333333333333333,0.7071067811865476,1.0,0.6666666666666666,4,0,2,6,1.6171683277720958,1.0,4.44889741140041,7.244135518954188,83.33333333333334,2363.9324591076816,2.4577130674397036
extrapolation_top2,extrapolation,cpu_ready,30,model_structured,huber,True,0.0,per_operation,per_operation,constant,constant,12,0.9166666666666666,0.9166666666666667,0.8451542547285166,1.0,0.8333333333333334,5,0,1,6,2.24849155874578,1.0,7.7418544172272,15.981898704949359,91.66666666666666,16063.142651999933,4.304705552714012
extrapolation_top2,extrapolation,cpu_ready,100,model_structured,huber,True,0.0,per_operation,per_operation,constant,constant,12,0.9166666666666666,0.9166666666666667,0.8451542547285166,1.0,0.8333333333333334,5,0,1,6,2.8541209290096226,1.0,11.012253016651947,23.249451148115472,91.66666666666666,168513.99294583907,5.884428851927566
extrapolation_top2,extrapolation,cpu_ready,1000,model_structured,huber,True,0.0,per_operation,per_operation,constant,constant,12,0.9166666666666666,0.9166666666666667,0.8451542547285166,1.0,0.8333333333333334,5,0,1,6,3.204934981841511,1.0,12.90664890194414,27.45921978209813,91.66666666666666,16540833.159344047,6.732731229897692
extrapolation_top2,extrapolation,gpu_ready,1,model_structured,huber,True,0.0,per_operation,per_operation,constant,constant,12,0.8333333333333334,0.8571428571428572,0.7142857142857143,1.0,0.7142857142857143,5,0,2,5,2.1105083928219344,1.0,7.026170468652769,14.031849239719893,83.33333333333334,10.45867174961066,3.2663357989235187
extrapolation_top2,extrapolation,gpu_ready,2,model_structured,huber,True,0.0,per_operation,per_operation,constant,constant,12,0.9166666666666666,0.9166666666666667,0.8451542547285166,1.0,0.8333333333333334,5,0,1,6,1.9845521866446074,1.0,6.316581807880873,12.814626239735292,91.66666666666666,37.23710563185461,3.3950299117922222
extrapolation_top2,extrapolation,gpu_ready,3,model_structured,huber,True,0.0,per_operation,per_operation,constant,constant,12,1.0,1.0,1.0,1.0,1.0,6,0,0,6,1.0,1.0,1.0,1.0,100.0,23.550574746439253,1.0
extrapolation_top2,extrapolation,gpu_ready,5,model_structured,huber,True,0.0,per_operation,per_operation,constant,constant,12,1.0,1.0,1.0,1.0,1.0,6,0,0,6,1.0,1.0,1.0,1.0,100.0,63.20293612535518,1.0
extrapolation_top2,extrapolation,gpu_ready,10,model_structured,huber,True,0.0,per_operation,per_operation,constant,constant,12,1.0,1.0,1.0,1.0,1.0,6,0,0,6,1.0,1.0,1.0,1.0,100.0,246.8440104736317,1.0
extrapolation_top2,extrapolation,gpu_ready,30,model_structured,huber,True,0.0,per_operation,per_operation,constant,constant,12,1.0,1.0,1.0,1.0,1.0,6,0,0,6,1.0,1.0,1.0,1.0,100.0,2188.696463595119,1.0
extrapolation_top2,extrapolation,gpu_ready,100,model_structured,huber,True,0.0,per_operation,per_operation,constant,constant,12,1.0,1.0,1.0,1.0,1.0,6,0,0,6,1.0,1.0,1.0,1.0,100.0,24197.010811697925,1.0
extrapolation_top2,extrapolation,gpu_ready,1000,model_structured,huber,True,0.0,per_operation,per_operation,constant,constant,12,0.9166666666666666,0.9166666666666667,0.8451542547285166,1.0,0.8333333333333334,5,0,1,6,3.249812423292031,1.0,13.148987085776948,27.997749079504374,91.66666666666666,16509556.819752574,6.836011488489278
extrapolation_top2,extrapolation,none_ready,1,model_structured,huber,True,0.0,per_operation,per_operation,constant,constant,12,1.0,1.0,,,,0,0,0,12,1.0,1.0,1.0,1.0,100.0,50.110055388237264,1.0
extrapolation_top2,extrapolation,none_ready,2,model_structured,huber,True,0.08333333333333333,per_operation,per_operation,constant,constant,12,0.9166666666666666,0.5,,,0.0,0,0,1,11,1.0196683016921253,1.0,1.1062088291374763,1.2360196203055034,91.66666666666666,189.03389176516762,1.0667498930337074
extrapolation_top2,extrapolation,none_ready,3,model_structured,huber,True,0.0,per_operation,per_operation,constant,constant,12,0.9166666666666666,0.75,0.674199862463242,1.0,0.5,1,0,1,10,1.0493449291127048,1.0,1.2664626172086064,1.5921391493524597,91.66666666666666,336.80811725081537,1.1707828374032048
extrapolation_top2,extrapolation,none_ready,5,model_structured,huber,True,0.0,per_operation,per_operation,constant,constant,12,0.9166666666666666,0.875,0.816496580927726,1.0,0.75,3,0,1,8,1.1899859158079755,1.0,2.0259239453630657,3.2798309896957054,91.66666666666666,764.9104306038107,1.4990291261551092
extrapolation_top2,extrapolation,none_ready,10,model_structured,huber,True,0.0,per_operation,per_operation,constant,constant,12,0.8333333333333334,0.8333333333333333,0.7071067811865476,1.0,0.6666666666666666,4,0,2,6,1.6179795615227632,1.0,4.453336234408296,7.2532887164193705,83.33333333333334,2371.2368538890596,2.451578241175493
extrapolation_top2,extrapolation,none_ready,30,model_structured,huber,True,0.0,per_operation,per_operation,constant,constant,12,0.9166666666666666,0.9166666666666667,0.8451542547285166,1.0,0.8333333333333334,5,0,1,6,2.2490524042841233,1.0,7.744882983134256,15.988628851409482,91.66666666666666,16084.260023653895,4.292445327574442
extrapolation_top2,extrapolation,none_ready,100,model_structured,huber,True,0.0,per_operation,per_operation,constant,constant,12,0.9166666666666666,0.9166666666666667,0.8451542547285166,1.0,0.8333333333333334,5,0,1,6,2.854365680163784,1.0,11.013574672884417,23.252388161965406,91.66666666666666,168583.70491259545,5.876347171217622
extrapolation_top2,extrapolation,none_ready,1000,model_structured,huber,True,0.0,per_operation,per_operation,constant,constant,12,0.9166666666666666,0.9166666666666667,0.8451542547285166,1.0,0.8333333333333334,5,0,1,6,3.2049638880371725,1.0,12.906804995400716,27.459566656446075,91.66666666666666,16541527.65896212,6.731616889379467
extrapolation_top2,extrapolation,cpu_ready,1,model_structured,tree,True,0.0,per_operation,per_operation,constant,constant,12,1.0,1.0,,,,0,0,0,12,1.0,1.0,1.0,1.0,100.0,44.65234384429675,1.0
extrapolation_top2,extrapolation,cpu_ready,2,model_structured,tree,True,0.0,per_operation,per_operation,constant,constant,12,0.9166666666666666,0.5,,,0.0,0,0,1,11,1.0137438310493723,1.0,1.0742166876666106,1.164925972592468,91.66666666666666,178.609375377187,1.0485223737219873
extrapolation_top2,extrapolation,cpu_ready,3,model_structured,tree,True,0.0,per_operation,per_operation,constant,constant,12,0.8333333333333334,0.5,,,0.0,0,0,2,10,1.1601542068282773,1.0,1.9233785022762975,2.3363926279033156,83.33333333333334,401.8710945986708,1.4447534801034743
extrapolation_top2,extrapolation,cpu_ready,5,model_structured,tree,True,0.0,per_operation,per_operation,constant,constant,12,0.6666666666666666,0.5,,,0.0,0,0,4,8,1.598081444207035,1.0,4.16254089062912,5.251515606745295,66.66666666666666,1116.308596107419,2.21448878793425
extrapolation_top2,extrapolation,cpu_ready,10,model_structured,tree,True,0.0,per_operation,per_operation,constant,constant,12,0.5,0.5,,,0.0,0,0,6,6,3.092306689484392,1.0966668852329944,10.024914207386212,13.423643715469808,50.0,4465.234384429676,4.642376669228685
extrapolation_top2,extrapolation,cpu_ready,30,model_structured,tree,True,0.08333333333333333,per_operation,per_operation,constant,constant,12,0.5,0.5,,,0.0,0,0,6,6,7.745867592704094,2.299845927519195,26.017419948405895,37.22727702052595,50.0,40187.10945986708,10.769603245593858
extrapolation_top2,extrapolation,cpu_ready,100,model_structured,tree,True,0.0,per_operation,per_operation,constant,constant,12,0.5833333333333334,0.5833333333333334,0.19245008972987526,0.6666666666666666,0.3333333333333333,2,1,4,5,9.633752249843857,1.0,41.278538682145864,63.31409011262751,58.333333333333336,384530.8442684034,13.427635028482838
extrapolation_top2,extrapolation,cpu_ready,1000,model_structured,tree,True,0.0,per_operation,per_operation,constant,constant,12,0.5833333333333334,0.5833333333333334,0.19245008972987526,0.6666666666666666,0.3333333333333333,2,1,4,5,11.618716501429533,1.0,51.68249848839137,81.2887280183054,58.333333333333336,38329567.95769557,15.60155263832531
extrapolation_top2,extrapolation,gpu_ready,1,model_structured,tree,True,0.0,per_operation,per_operation,constant,constant,12,0.8333333333333334,0.8,0.6831300510639732,0.7777777777777778,1.0,7,2,0,3,2.6959151798807937,1.0,10.78383418658963,15.09206000623601,83.33333333333334,21.10377792254485,6.590896719127469
extrapolation_top2,extrapolation,gpu_ready,2,model_structured,tree,True,0.0,per_operation,per_operation,constant,constant,12,0.8333333333333334,0.8333333333333333,0.7071067811865476,0.75,1.0,6,2,0,4,2.759900310825286,1.0,10.543495012502259,21.71847038944617,83.33333333333334,77.86403687779274,7.099121421157376
extrapolation_top2,extrapolation,gpu_ready,3,model_structured,tree,True,0.0,per_operation,per_operation,constant,constant,12,0.8333333333333334,0.8333333333333333,0.7071067811865476,0.75,1.0,6,2,0,4,3.0599636475371343,1.0,12.202914098364442,24.92845975380626,83.33333333333334,175.06246529917817,7.4334689146237025
extrapolation_top2,extrapolation,gpu_ready,5,model_structured,tree,True,0.0,per_operation,per_operation,constant,constant,12,0.8333333333333334,0.8333333333333333,0.7071067811865476,0.75,1.0,6,2,0,4,3.3563565285312964,1.0,13.847937742596876,28.04015345709663,83.33333333333334,486.14035983374157,7.691736960914956
extrapolation_top2,extrapolation,gpu_ready,10,model_structured,tree,True,0.0,per_operation,per_operation,constant,constant,12,0.9166666666666666,0.9166666666666667,0.8451542547285166,0.8571428571428571,1.0,6,1,0,5,1.1408261897187912,1.0,1.760461424481472,2.6899142766254958,91.66666666666666,249.59082119806368,1.0111277187530763
extrapolation_top2,extrapolation,gpu_ready,30,model_structured,tree,True,0.0,per_operation,per_operation,constant,constant,12,0.75,0.75,0.50709255283711,0.8,0.6666666666666666,4,1,2,5,2.746983571486956,1.0,10.316117398596298,11.728185484414444,75.0,8893.830226300559,4.063528394289856
extrapolation_top2,extrapolation,gpu_ready,100,model_structured,tree,True,0.0,per_operation,per_operation,constant,constant,12,0.5833333333333334,0.5833333333333334,0.19245008972987526,0.6666666666666666,0.3333333333333333,2,1,4,5,11.902576204299306,1.0,53.13282401713221,83.84958067011691,58.333333333333336,383607.2700552396,15.853498311857042
extrapolation_top2,extrapolation,gpu_ready,1000,model_structured,tree,True,0.0,per_operation,per_operation,constant,constant,12,0.5833333333333334,0.5833333333333334,0.19245008972987526,0.6666666666666666,0.3333333333333333,2,1,4,5,11.895564111897285,1.0,53.090269822875264,83.75890628699533,58.333333333333336,38321708.73383899,15.867636183282437
extrapolation_top2,extrapolation,none_ready,1,model_structured,tree,True,0.0,per_operation,per_operation,constant,constant,12,1.0,1.0,,,,0,0,0,12,1.0,1.0,1.0,1.0,100.0,50.110055388237264,1.0
extrapolation_top2,extrapolation,none_ready,2,model_structured,tree,True,0.0,per_operation,per_operation,constant,constant,12,0.9166666666666666,0.5,,,0.0,0,0,1,11,1.0196683016921253,1.0,1.1062088291374763,1.2360196203055034,91.66666666666666,189.03389176516762,1.0667498930337074
extrapolation_top2,extrapolation,none_ready,3,model_structured,tree,True,0.0,per_operation,per_operation,constant,constant,12,0.8333333333333334,0.5,,,0.0,0,0,2,10,1.168593574273731,1.0,1.969619216013392,2.4309837419323106,83.33333333333334,417.26241583069145,1.4504510138755875
extrapolation_top2,extrapolation,none_ready,5,model_structured,tree,True,0.0,per_operation,per_operation,constant,constant,12,0.6666666666666666,0.5,,,0.0,0,0,4,8,1.6171017715441962,1.0,4.224267991354548,5.378579882270913,66.66666666666666,1141.63352702752,2.2373101999125917
extrapolation_top2,extrapolation,none_ready,10,model_structured,tree,True,0.0,per_operation,per_operation,constant,constant,12,0.5,0.5,,,0.0,0,0,6,6,3.120738274312386,1.1208534096245804,10.102810207984602,13.58555869767545,50.0,4515.393339569977,4.668382259445269
extrapolation_top2,extrapolation,none_ready,30,model_structured,tree,True,0.08333333333333333,per_operation,per_operation,constant,constant,12,0.6666666666666666,0.6666666666666666,0.4472135954999579,1.0,0.3333333333333333,2,0,4,6,5.9684148432122734,1.0,25.613241617400995,37.37665722027954,66.66666666666666,34968.062821775085,9.332011398281278
extrapolation_top2,extrapolation,none_ready,100,model_structured,tree,True,0.0,per_operation,per_operation,constant,constant,12,0.5833333333333334,0.5833333333333334,0.19245008972987526,0.6666666666666666,0.3333333333333333,2,1,4,5,9.633738673084023,1.0,41.314427917022876,63.390254284315404,58.333333333333336,384964.3352930304,13.418758852711965
extrapolation_top2,extrapolation,none_ready,1000,model_structured,tree,True,0.0,per_operation,per_operation,constant,constant,12,0.5833333333333334,0.5833333333333334,0.19245008972987526,0.6666666666666666,0.3333333333333333,2,1,4,5,11.619406063313528,1.0,51.687088496523764,81.29850407884102,58.333333333333336,38333898.7884733,15.600077927532901
extrapolation_top2,extrapolation,cpu_ready,1,model_structured,random_forest,True,0.0,per_operation,per_operation,constant,constant,12,1.0,1.0,,,,0,0,0,12,1.0,1.0,1.0,1.0,100.0,44.65234384429675,1.0
extrapolation_top2,extrapolation,cpu_ready,2,model_structured,random_forest,True,0.0,per_operation,per_operation,constant,constant,12,0.9166666666666666,0.5,,,0.0,0,0,1,11,1.0137438310493723,1.0,1.0742166876666106,1.164925972592468,91.66666666666666,178.609375377187,1.0485223737219873
extrapolation_top2,extrapolation,cpu_ready,3,model_structured,random_forest,True,0.0,per_operation,per_operation,constant,constant,12,0.8333333333333334,0.5,,,0.0,0,0,2,10,1.1601542068282773,1.0,1.9233785022762975,2.3363926279033156,83.33333333333334,401.8710945986708,1.4447534801034743
extrapolation_top2,extrapolation,cpu_ready,5,model_structured,random_forest,True,0.0,per_operation,per_operation,constant,constant,12,0.6666666666666666,0.5,,,0.0,0,0,4,8,1.598081444207035,1.0,4.16254089062912,5.251515606745295,66.66666666666666,1116.308596107419,2.21448878793425
extrapolation_top2,extrapolation,cpu_ready,10,model_structured,random_forest,True,0.0,per_operation,per_operation,constant,constant,12,0.5,0.5,,,0.0,0,0,6,6,3.092306689484392,1.0966668852329944,10.024914207386212,13.423643715469808,50.0,4465.234384429676,4.642376669228685
extrapolation_top2,extrapolation,cpu_ready,30,model_structured,random_forest,True,0.0,per_operation,per_operation,constant,constant,12,0.75,0.75,0.5773502691896257,1.0,0.5,3,0,3,6,2.928881419129283,1.0,10.802596975487209,15.981898704949359,75.0,22053.76771324807,5.910112260732748
extrapolation_top2,extrapolation,cpu_ready,100,model_structured,random_forest,True,0.0,per_operation,per_operation,constant,constant,12,1.0,1.0,1.0,1.0,1.0,6,0,0,6,1.0,1.0,1.0,1.0,100.0,28637.27256905126,1.0
extrapolation_top2,extrapolation,cpu_ready,1000,model_structured,random_forest,True,0.0,per_operation,per_operation,constant,constant,12,1.0,1.0,1.0,1.0,1.0,6,0,0,6,1.0,1.0,1.0,1.0,100.0,2456779.0684844246,1.0
extrapolation_top2,extrapolation,gpu_ready,1,model_structured,random_forest,True,0.0,per_operation,per_operation,constant,constant,12,0.75,0.7285714285714285,0.47809144373375745,0.75,0.8571428571428571,6,2,1,3,2.720436136059403,1.0,10.78383418658963,15.09206000623601,75.0,21.116643258946542,6.594914677608249
extrapolation_top2,extrapolation,gpu_ready,2,model_structured,random_forest,True,0.0,per_operation,per_operation,constant,constant,12,0.9166666666666666,0.9166666666666667,0.8451542547285166,0.8571428571428571,1.0,6,1,0,5,2.726539199120514,1.0,10.323311675250762,21.71847038944617,91.66666666666666,77.81403885593762,7.09456293636517
extrapolation_top2,extrapolation,gpu_ready,3,model_structured,random_forest,True,0.0,per_operation,per_operation,constant,constant,12,0.9166666666666666,0.9166666666666667,0.8451542547285166,0.8571428571428571,1.0,6,1,0,5,2.9940383128171884,1.0,11.7678068892128,24.92845975380626,91.66666666666666,174.88866209027395,7.426088916013244
extrapolation_top2,extrapolation,gpu_ready,5,model_structured,random_forest,True,0.0,per_operation,per_operation,constant,constant,12,0.9166666666666666,0.9166666666666667,0.8451542547285166,0.8571428571428571,1.0,6,1,0,5,3.2533461214247192,1.0,13.168069055693463,28.04015345709663,91.66666666666666,485.5361207643623,7.6821766602956805
extrapolation_top2,extrapolation,gpu_ready,10,model_structured,random_forest,True,0.0,per_operation,per_operation,constant,constant,12,0.9166666666666666,0.9166666666666667,0.8451542547285166,0.8571428571428571,1.0,6,1,0,5,3.48120637739814,1.0,14.398514437949936,30.774476528777683,91.66666666666666,1941.7276719811746,7.866213436799566
extrapolation_top2,extrapolation,gpu_ready,30,model_structured,random_forest,True,0.0,per_operation,per_operation,constant,constant,12,1.0,1.0,1.0,1.0,1.0,6,0,0,6,1.0,1.0,1.0,1.0,100.0,2188.696463595119,1.0
extrapolation_top2,extrapolation,gpu_ready,100,model_structured,random_forest,True,0.0,per_operation,per_operation,constant,constant,12,1.0,1.0,1.0,1.0,1.0,6,0,0,6,1.0,1.0,1.0,1.0,100.0,24197.010811697925,1.0
extrapolation_top2,extrapolation,gpu_ready,1000,model_structured,random_forest,True,0.0,per_operation,per_operation,constant,constant,12,1.0,1.0,1.0,1.0,1.0,6,0,0,6,1.0,1.0,1.0,1.0,100.0,2415086.1723319157,1.0
extrapolation_top2,extrapolation,none_ready,1,model_structured,random_forest,True,0.0,per_operation,per_operation,constant,constant,12,1.0,1.0,,,,0,0,0,12,1.0,1.0,1.0,1.0,100.0,50.110055388237264,1.0
extrapolation_top2,extrapolation,none_ready,2,model_structured,random_forest,True,0.0,per_operation,per_operation,constant,constant,12,0.9166666666666666,0.5,,,0.0,0,0,1,11,1.0196683016921253,1.0,1.1062088291374763,1.2360196203055034,91.66666666666666,189.03389176516762,1.0667498930337074
extrapolation_top2,extrapolation,none_ready,3,model_structured,random_forest,True,0.0,per_operation,per_operation,constant,constant,12,0.8333333333333334,0.5,,,0.0,0,0,2,10,1.168593574273731,1.0,1.969619216013392,2.4309837419323106,83.33333333333334,417.26241583069145,1.4504510138755875
extrapolation_top2,extrapolation,none_ready,5,model_structured,random_forest,True,0.0,per_operation,per_operation,constant,constant,12,0.6666666666666666,0.5,,,0.0,0,0,4,8,1.6171017715441962,1.0,4.224267991354548,5.378579882270913,66.66666666666666,1141.63352702752,2.2373101999125917
extrapolation_top2,extrapolation,none_ready,10,model_structured,random_forest,True,0.08333333333333333,per_operation,per_operation,constant,constant,12,0.5,0.5,,,0.0,0,0,6,6,3.120738274312386,1.1208534096245804,10.102810207984602,13.58555869767545,50.0,4515.393339569977,4.668382259445269
extrapolation_top2,extrapolation,none_ready,30,model_structured,random_forest,True,0.08333333333333333,per_operation,per_operation,constant,constant,12,0.9166666666666666,0.9166666666666667,0.8451542547285166,1.0,0.8333333333333334,5,0,1,6,1.2206680954228093,1.0,2.191607715283168,3.6480171450737116,91.66666666666666,4815.814139314746,1.2852079530154539
extrapolation_top2,extrapolation,none_ready,100,model_structured,random_forest,True,0.0,per_operation,per_operation,constant,constant,12,1.0,1.0,1.0,1.0,1.0,6,0,0,6,1.0,1.0,1.0,1.0,100.0,28688.52026618156,1.0
extrapolation_top2,extrapolation,none_ready,1000,model_structured,random_forest,True,0.0,per_operation,per_operation,constant,constant,12,1.0,1.0,1.0,1.0,1.0,6,0,0,6,1.0,1.0,1.0,1.0,100.0,2457288.9293595776,1.0
