run_id,repetition,kernel_ref,node_id,freq_level_id,gpu_freq_level_id,binary_checksum,roofline_calibration_ref,operational_intensity,i_ridge_used,phase_label_train,kernel_family,granularity,phase_quality_status,phase_quality_reason,training_eligible,gpu_freq_mhz_requested,gpu_freq_mhz_applied,gpu_frequency_quality_status,gpu_frequency_valid_fraction,n_nvml_samples,n_nvml_samples_warmup_excluded,usable_sample_fraction,covered_duration_ns,gpu_energy_delta_mj_sum,gpu_energy_covered,gpu_util_pct_median,gpu_util_pct_trimmed_mean,gpu_util_pct_std,gpu_util_pct_iqr,gpu_util_pct_min,gpu_util_pct_max,gpu_util_pct_n_distinct,gpu_util_pct_valid_frac,gpu_mem_util_pct_median,gpu_mem_util_pct_trimmed_mean,gpu_mem_util_pct_std,gpu_mem_util_pct_iqr,gpu_mem_util_pct_min,gpu_mem_util_pct_max,gpu_mem_util_pct_n_distinct,gpu_mem_util_pct_valid_frac,gpu_power_mw_median,gpu_power_mw_trimmed_mean,gpu_power_mw_std,gpu_power_mw_iqr,gpu_power_mw_min,gpu_power_mw_max,gpu_power_mw_n_distinct,gpu_power_mw_valid_frac,gpu_sm_clock_mhz_median,gpu_sm_clock_mhz_trimmed_mean,gpu_sm_clock_mhz_std,gpu_sm_clock_mhz_iqr,gpu_sm_clock_mhz_min,gpu_sm_clock_mhz_max,gpu_sm_clock_mhz_n_distinct,gpu_sm_clock_mhz_valid_frac,gpu_temperature_c_median,gpu_temperature_c_trimmed_mean,gpu_temperature_c_std,gpu_temperature_c_iqr,gpu_temperature_c_min,gpu_temperature_c_max,gpu_temperature_c_n_distinct,gpu_temperature_c_valid_frac,source_file,n_nvml_samples_transition_excluded,quality_gate_relaxed
pacca_gpu_conv2d_extra_20260916__gpu_cutlass_simt_conv2d__REF__gpuF0__rep01,1,gpu_cutlass_simt_conv2d,pacca-a100,REF,F0,sha256:e60ca315b94f31a3125de7270947e2b458eac300197cf1b974be6ac1b7dee743,/home/latorresn/hyperion-results/final/campaigns/gpu_conv2d_extra/roofline_calibration_gpu_fp32_F0.json,438.06,15.148710306531704,compute_bound,gpu_cutlass_simt_conv2d,run,ok,,True,1410,1410,valid,1.0,5217,0,0.9946615824594852,30814790436,7525492.0,True,100.0,100.0,13.12432334987344,0.0,0.0,100.0,4.0,1.0,3.0,3.0,0.4027059502914078,0.0,0.0,3.0,3.0,1.0,247868.0,247793.2811976048,23816.013018906087,5607.0,70799.0,260455.0,282.0,1.0,1380.0,1384.005988023952,7.823876494004483,15.0,1365.0,1410.0,4.0,1.0,56.0,55.78538922155688,2.1957676465803786,2.0,43.0,58.0,11.0,1.0,tmp/remote_gpu_runs_20260917/gpu_conv2d_extra/pacca_gpu_conv2d_extra_20260916__gpu_cutlass_simt_conv2d__REF__gpuF0__rep01/training_gpu_phases.csv,28.0,False
pacca_gpu_conv2d_extra_20260916__gpu_cutlass_simt_conv2d__REF__gpuF0__rep02,2,gpu_cutlass_simt_conv2d,pacca-a100,REF,F0,sha256:e60ca315b94f31a3125de7270947e2b458eac300197cf1b974be6ac1b7dee743,/home/latorresn/hyperion-results/final/campaigns/gpu_conv2d_extra/roofline_calibration_gpu_fp32_F0.json,438.06,15.148710306531704,compute_bound,gpu_cutlass_simt_conv2d,run,ok,,True,1410,1410,valid,1.0,5296,0,0.9960504043633628,31269448595,7607833.0,True,100.0,100.0,15.504032413255354,0.0,0.0,100.0,4.0,1.0,3.0,3.0,0.466616679433997,0.0,0.0,3.0,3.0,1.0,248575.0,248373.32043416705,28700.50732403892,6591.0,75074.0,266351.0,290.0,1.0,1380.0,1377.441009910335,9.136913825681605,0.0,1365.0,1410.0,4.0,1.0,59.0,59.31736668239736,1.8981039894598128,1.0,48.0,61.0,10.0,1.0,tmp/remote_gpu_runs_20260917/gpu_conv2d_extra/pacca_gpu_conv2d_extra_20260916__gpu_cutlass_simt_conv2d__REF__gpuF0__rep02/training_gpu_phases.csv,21.0,False
pacca_gpu_conv2d_extra_20260916__gpu_cutlass_simt_conv2d__REF__gpuF0__rep03,3,gpu_cutlass_simt_conv2d,pacca-a100,REF,F0,sha256:e60ca315b94f31a3125de7270947e2b458eac300197cf1b974be6ac1b7dee743,/home/latorresn/hyperion-results/final/campaigns/gpu_conv2d_extra/roofline_calibration_gpu_fp32_F0.json,438.06,15.148710306531704,compute_bound,gpu_cutlass_simt_conv2d,run,ok,,True,1410,1410,valid,1.0,5222,0,0.9948561630786816,30822277437,7519937.0,True,100.0,100.0,14.314159193821771,0.0,0.0,100.0,6.0,1.0,3.0,3.0,0.4356776692086994,0.0,0.0,3.0,3.0,1.0,248979.0,248713.6050741982,27875.99521948388,6460.0,67135.0,262024.0,283.0,1.0,1395.0,1392.989468645285,7.397585763081602,0.0,1380.0,1410.0,3.0,1.0,52.0,51.8755385351843,2.70372684876506,4.0,38.0,55.0,14.0,1.0,tmp/remote_gpu_runs_20260917/gpu_conv2d_extra/pacca_gpu_conv2d_extra_20260916__gpu_cutlass_simt_conv2d__REF__gpuF0__rep03/training_gpu_phases.csv,27.0,False
pacca_gpu_conv2d_extra_20260916__gpu_cutlass_simt_conv2d__REF__gpuF1__rep01,1,gpu_cutlass_simt_conv2d,pacca-a100,REF,F1,sha256:e60ca315b94f31a3125de7270947e2b458eac300197cf1b974be6ac1b7dee743,/home/latorresn/hyperion-results/final/campaigns/gpu_conv2d_extra/roofline_calibration_gpu_fp32_F1.json,438.06,13.162540064459604,compute_bound,gpu_cutlass_simt_conv2d,run,ok,,True,1260,1260,valid,1.0,5966,0,0.995494743867846,34259438178,6197997.0,True,100.0,100.0,15.185249290619184,0.0,0.0,100.0,5.0,1.0,2.0,2.0,0.3012194773496989,0.0,0.0,2.0,3.0,1.0,184726.0,184629.79534981147,19457.75817959826,3140.0,59435.0,187625.0,266.0,1.0,1260.0,1260.0,0.0,0.0,1260.0,1260.0,1.0,1.0,53.0,52.89463762044407,1.1981480790074552,0.0,45.0,54.0,9.0,1.0,tmp/remote_gpu_runs_20260917/gpu_conv2d_extra/pacca_gpu_conv2d_extra_20260916__gpu_cutlass_simt_conv2d__REF__gpuF1__rep01/training_gpu_phases.csv,27.0,False
pacca_gpu_conv2d_extra_20260916__gpu_cutlass_simt_conv2d__REF__gpuF1__rep02,2,gpu_cutlass_simt_conv2d,pacca-a100,REF,F1,sha256:e60ca315b94f31a3125de7270947e2b458eac300197cf1b974be6ac1b7dee743,/home/latorresn/hyperion-results/final/campaigns/gpu_conv2d_extra/roofline_calibration_gpu_fp32_F1.json,438.06,13.162540064459604,compute_bound,gpu_cutlass_simt_conv2d,run,ok,,True,1260,1260,valid,1.0,5970,0,0.9954977488744372,34106454663,6144698.0,True,100.0,100.0,14.434107718358405,0.0,0.0,100.0,5.0,1.0,2.0,2.0,0.2892329298456456,0.0,0.0,2.0,3.0,1.0,183256.5,183218.73618090453,18488.690323031435,3029.0,57067.0,186508.0,276.0,1.0,1260.0,1260.0,0.0,0.0,1260.0,1260.0,1.0,1.0,51.0,50.9679648241206,1.2195997728868515,0.0,43.0,52.0,8.0,1.0,tmp/remote_gpu_runs_20260917/gpu_conv2d_extra/pacca_gpu_conv2d_extra_20260916__gpu_cutlass_simt_conv2d__REF__gpuF1__rep02/training_gpu_phases.csv,27.0,False
pacca_gpu_conv2d_extra_20260916__gpu_cutlass_simt_conv2d__REF__gpuF1__rep03,3,gpu_cutlass_simt_conv2d,pacca-a100,REF,F1,sha256:e60ca315b94f31a3125de7270947e2b458eac300197cf1b974be6ac1b7dee743,/home/latorresn/hyperion-results/final/campaigns/gpu_conv2d_extra/roofline_calibration_gpu_fp32_F1.json,438.06,13.162540064459604,compute_bound,gpu_cutlass_simt_conv2d,run,ok,,True,1260,1260,valid,1.0,6047,0,0.995882740447958,34321086938,6083645.0,True,100.0,100.0,14.055810349922162,0.0,0.0,100.0,5.0,1.0,2.0,2.0,0.2777906380177983,0.0,0.0,2.0,2.0,1.0,180951.0,180836.0524901839,18237.318266539143,3059.0,54688.0,184519.0,267.0,1.0,1260.0,1260.0,0.0,0.0,1260.0,1260.0,1.0,1.0,48.0,47.98119446166563,1.759054379563945,2.0,39.0,50.0,10.0,1.0,tmp/remote_gpu_runs_20260917/gpu_conv2d_extra/pacca_gpu_conv2d_extra_20260916__gpu_cutlass_simt_conv2d__REF__gpuF1__rep03/training_gpu_phases.csv,25.0,False
pacca_gpu_conv2d_extra_20260916__gpu_cutlass_simt_conv2d__REF__gpuF2__rep01,1,gpu_cutlass_simt_conv2d,pacca-a100,REF,F2,sha256:e60ca315b94f31a3125de7270947e2b458eac300197cf1b974be6ac1b7dee743,/home/latorresn/hyperion-results/final/campaigns/gpu_conv2d_extra/roofline_calibration_gpu_fp32_F2.json,438.06,11.637463725464848,compute_bound,gpu_cutlass_simt_conv2d,run,ok,,True,1110,1110,valid,1.0,6454,0,0.996295152824946,38851419206,5189981.0,True,100.0,100.0,16.31020806580865,0.0,0.0,100.0,4.0,1.0,2.0,2.0,0.3349383578010716,0.0,0.0,2.0,3.0,1.0,136444.0,136411.6107668474,15101.275967844742,2763.0,47779.0,140233.0,264.0,1.0,1110.0,1110.0,0.0,0.0,1110.0,1110.0,1.0,1.0,41.0,41.23470178156468,1.0958173172886876,1.0,35.0,43.0,8.0,1.0,tmp/remote_gpu_runs_20260917/gpu_conv2d_extra/pacca_gpu_conv2d_extra_20260916__gpu_cutlass_simt_conv2d__REF__gpuF2__rep01/training_gpu_phases.csv,24.0,False
pacca_gpu_conv2d_extra_20260916__gpu_cutlass_simt_conv2d__REF__gpuF2__rep02,2,gpu_cutlass_simt_conv2d,pacca-a100,REF,F2,sha256:e60ca315b94f31a3125de7270947e2b458eac300197cf1b974be6ac1b7dee743,/home/latorresn/hyperion-results/final/campaigns/gpu_conv2d_extra/roofline_calibration_gpu_fp32_F2.json,438.06,11.637463725464848,compute_bound,gpu_cutlass_simt_conv2d,run,ok,,True,1110,1110,valid,1.0,6458,0,0.9959901295496608,38967679848,5259557.0,True,100.0,100.0,16.034722189611962,0.0,0.0,100.0,5.0,1.0,2.0,2.0,0.3219740692031486,0.0,0.0,2.0,3.0,1.0,137721.0,137582.46304179568,15967.020266220678,2982.0,48966.0,141867.0,275.0,1.0,1110.0,1110.0,0.0,0.0,1110.0,1110.0,1.0,1.0,45.0,45.390866873065015,0.8573229686251677,1.0,41.0,46.0,6.0,1.0,tmp/remote_gpu_runs_20260917/gpu_conv2d_extra/pacca_gpu_conv2d_extra_20260916__gpu_cutlass_simt_conv2d__REF__gpuF2__rep02/training_gpu_phases.csv,26.0,False
pacca_gpu_conv2d_extra_20260916__gpu_cutlass_simt_conv2d__REF__gpuF2__rep03,3,gpu_cutlass_simt_conv2d,pacca-a100,REF,F2,sha256:e60ca315b94f31a3125de7270947e2b458eac300197cf1b974be6ac1b7dee743,/home/latorresn/hyperion-results/final/campaigns/gpu_conv2d_extra/roofline_calibration_gpu_fp32_F2.json,438.06,11.637463725464848,compute_bound,gpu_cutlass_simt_conv2d,run,ok,,True,1110,1110,valid,1.0,6425,0,0.9959696171136256,38886400256,5217734.0,True,100.0,100.0,15.415575980961966,0.0,0.0,100.0,5.0,1.0,2.0,2.0,0.302302889329279,0.0,0.0,2.0,3.0,1.0,136681.0,136522.0178953511,15074.444361652082,2497.0,47571.0,141077.0,277.0,1.0,1110.0,1110.0,0.0,0.0,1110.0,1110.0,1.0,1.0,44.0,43.95876288659794,0.9345133845690116,0.0,38.0,45.0,8.0,1.0,tmp/remote_gpu_runs_20260917/gpu_conv2d_extra/pacca_gpu_conv2d_extra_20260916__gpu_cutlass_simt_conv2d__REF__gpuF2__rep03/training_gpu_phases.csv,26.0,False
pacca_gpu_conv2d_extra_20260916__gpu_cutlass_simt_conv2d__REF__gpuF3__rep01,1,gpu_cutlass_simt_conv2d,pacca-a100,REF,F3,sha256:e60ca315b94f31a3125de7270947e2b458eac300197cf1b974be6ac1b7dee743,/home/latorresn/hyperion-results/final/campaigns/gpu_conv2d_extra/roofline_calibration_gpu_fp32_F3.json,438.06,10.127306471805602,compute_bound,gpu_cutlass_simt_conv2d,run,ok,,True,960,960,valid,1.0,7314,0,0.9961863252519748,44914436118,5101463.0,True,100.0,100.0,17.886032298741956,0.0,0.0,100.0,5.0,1.0,2.0,2.0,0.3688389252014702,0.0,0.0,2.0,3.0,1.0,116191.0,116053.94292549556,12775.878810126944,2334.0,44587.0,118165.0,232.0,1.0,960.0,960.0,0.0,0.0,960.0,960.0,1.0,1.0,41.0,41.0,0.7769973180891705,0.0,36.0,41.0,6.0,1.0,tmp/remote_gpu_runs_20260917/gpu_conv2d_extra/pacca_gpu_conv2d_extra_20260916__gpu_cutlass_simt_conv2d__REF__gpuF3__rep01/training_gpu_phases.csv,28.0,False
pacca_gpu_conv2d_extra_20260916__gpu_cutlass_simt_conv2d__REF__gpuF3__rep02,2,gpu_cutlass_simt_conv2d,pacca-a100,REF,F3,sha256:e60ca315b94f31a3125de7270947e2b458eac300197cf1b974be6ac1b7dee743,/home/latorresn/hyperion-results/final/campaigns/gpu_conv2d_extra/roofline_calibration_gpu_fp32_F3.json,438.06,10.127306471805602,compute_bound,gpu_cutlass_simt_conv2d,run,ok,,True,960,960,valid,1.0,7334,0,0.996061388021187,44877059932,5114529.0,True,100.0,100.0,16.80214733381093,0.0,0.0,100.0,5.0,1.0,2.0,2.0,0.3288509264033616,0.0,0.0,2.0,3.0,1.0,116586.0,116459.95296523518,12817.601262521017,2431.0,44586.0,118456.0,219.0,1.0,960.0,960.0,0.0,0.0,960.0,960.0,1.0,1.0,41.0,41.068847989093385,0.7269700381012301,0.0,37.0,42.0,6.0,1.0,tmp/remote_gpu_runs_20260917/gpu_conv2d_extra/pacca_gpu_conv2d_extra_20260916__gpu_cutlass_simt_conv2d__REF__gpuF3__rep02/training_gpu_phases.csv,29.0,False
pacca_gpu_conv2d_extra_20260916__gpu_cutlass_simt_conv2d__REF__gpuF3__rep03,3,gpu_cutlass_simt_conv2d,pacca-a100,REF,F3,sha256:e60ca315b94f31a3125de7270947e2b458eac300197cf1b974be6ac1b7dee743,/home/latorresn/hyperion-results/final/campaigns/gpu_conv2d_extra/roofline_calibration_gpu_fp32_F3.json,438.06,10.127306471805602,compute_bound,gpu_cutlass_simt_conv2d,run,ok,,True,960,960,valid,1.0,7227,0,0.9962779156327544,44849631285,5088666.0,True,100.0,100.0,16.760357876268564,0.0,0.0,100.0,7.0,1.0,2.0,2.0,0.3416825782194043,0.0,0.0,2.0,3.0,1.0,115990.0,115818.0176379042,12870.920702748075,2472.0,44488.0,117872.0,230.0,1.0,960.0,960.0,0.0,0.0,960.0,960.0,1.0,1.0,40.0,40.0,0.6755475714586109,0.0,36.0,41.0,6.0,1.0,tmp/remote_gpu_runs_20260917/gpu_conv2d_extra/pacca_gpu_conv2d_extra_20260916__gpu_cutlass_simt_conv2d__REF__gpuF3__rep03/training_gpu_phases.csv,27.0,False
pacca_gpu_conv2d_extra_20260916__gpu_cutlass_simt_conv2d__REF__gpuF4__rep01,1,gpu_cutlass_simt_conv2d,pacca-a100,REF,F4,sha256:e60ca315b94f31a3125de7270947e2b458eac300197cf1b974be6ac1b7dee743,/home/latorresn/hyperion-results/final/campaigns/gpu_conv2d_extra/roofline_calibration_gpu_fp32_F4.json,438.06,8.40499142371832,compute_bound,gpu_cutlass_simt_conv2d,run,ok,,True,810,810,valid,1.0,7858,0,0.996575776791376,53178197810,5297517.0,True,100.0,100.0,17.739930852922438,0.0,0.0,100.0,6.0,1.0,1.0,1.0,0.1765215959550458,0.0,0.0,1.0,2.0,1.0,101714.0,101596.42127862596,10614.145852318086,2336.0,41920.0,103732.0,252.0,1.0,810.0,810.0,0.0,0.0,810.0,810.0,1.0,1.0,36.0,36.3904262086514,0.7862991172655979,1.0,32.0,37.0,6.0,1.0,tmp/remote_gpu_runs_20260917/gpu_conv2d_extra/pacca_gpu_conv2d_extra_20260916__gpu_cutlass_simt_conv2d__REF__gpuF4__rep01/training_gpu_phases.csv,27.0,False
pacca_gpu_conv2d_extra_20260916__gpu_cutlass_simt_conv2d__REF__gpuF4__rep02,2,gpu_cutlass_simt_conv2d,pacca-a100,REF,F4,sha256:e60ca315b94f31a3125de7270947e2b458eac300197cf1b974be6ac1b7dee743,/home/latorresn/hyperion-results/final/campaigns/gpu_conv2d_extra/roofline_calibration_gpu_fp32_F4.json,438.06,8.40499142371832,compute_bound,gpu_cutlass_simt_conv2d,run,ok,,True,810,810,valid,1.0,7914,0,0.9965999244427654,53237452831,5304621.0,True,100.0,100.0,17.475767783494362,0.0,0.0,100.0,6.0,1.0,1.0,1.0,0.1765875491501271,0.0,0.0,1.0,2.0,1.0,101824.0,101699.57012002528,10785.623880001363,2293.0,41930.0,103799.0,263.0,1.0,810.0,810.0,0.0,0.0,810.0,810.0,1.0,1.0,37.0,36.56554011370815,0.7385054626066108,1.0,33.0,37.0,5.0,1.0,tmp/remote_gpu_runs_20260917/gpu_conv2d_extra/pacca_gpu_conv2d_extra_20260916__gpu_cutlass_simt_conv2d__REF__gpuF4__rep02/training_gpu_phases.csv,27.0,False
pacca_gpu_conv2d_extra_20260916__gpu_cutlass_simt_conv2d__REF__gpuF4__rep03,3,gpu_cutlass_simt_conv2d,pacca-a100,REF,F4,sha256:e60ca315b94f31a3125de7270947e2b458eac300197cf1b974be6ac1b7dee743,/home/latorresn/hyperion-results/final/campaigns/gpu_conv2d_extra/roofline_calibration_gpu_fp32_F4.json,438.06,8.40499142371832,compute_bound,gpu_cutlass_simt_conv2d,run,ok,,True,810,810,valid,1.0,7717,0,0.9966421283740152,53281349497,5316774.0,True,100.0,100.0,17.890553841014196,0.0,0.0,100.0,6.0,1.0,1.0,1.0,0.1800995266189177,0.0,0.0,1.0,2.0,1.0,102019.0,101918.0351417004,10892.563835385172,2219.0,42224.0,103928.0,260.0,1.0,810.0,810.0,0.0,0.0,810.0,810.0,1.0,1.0,38.0,37.60178137651822,0.7624725735081739,1.0,34.0,38.0,5.0,1.0,tmp/remote_gpu_runs_20260917/gpu_conv2d_extra/pacca_gpu_conv2d_extra_20260916__gpu_cutlass_simt_conv2d__REF__gpuF4__rep03/training_gpu_phases.csv,26.0,False
pacca_gpu_conv2d_extra_20260916__gpu_cutlass_simt_conv2d__REF__gpuF5__rep01,1,gpu_cutlass_simt_conv2d,pacca-a100,REF,F5,sha256:e60ca315b94f31a3125de7270947e2b458eac300197cf1b974be6ac1b7dee743,/home/latorresn/hyperion-results/final/campaigns/gpu_conv2d_extra/roofline_calibration_gpu_fp32_F5.json,438.06,6.984068088013361,compute_bound,gpu_cutlass_simt_conv2d,run,ok,,True,660,660,valid,1.0,8843,0,0.9974058199864652,65234184912,5718429.0,True,100.0,100.0,16.910499920285655,0.0,0.0,100.0,6.0,1.0,1.0,1.0,0.1676644887831286,0.0,0.0,1.0,2.0,1.0,89656.0,89405.40438162544,8542.667700223923,2146.0,40656.0,91450.0,244.0,1.0,660.0,660.0,0.0,0.0,660.0,660.0,1.0,1.0,37.0,37.050035335689046,0.6693104175114564,0.0,34.0,38.0,5.0,1.0,tmp/remote_gpu_runs_20260917/gpu_conv2d_extra/pacca_gpu_conv2d_extra_20260916__gpu_cutlass_simt_conv2d__REF__gpuF5__rep01/training_gpu_phases.csv,23.0,False
pacca_gpu_conv2d_extra_20260916__gpu_cutlass_simt_conv2d__REF__gpuF5__rep02,2,gpu_cutlass_simt_conv2d,pacca-a100,REF,F5,sha256:e60ca315b94f31a3125de7270947e2b458eac300197cf1b974be6ac1b7dee743,/home/latorresn/hyperion-results/final/campaigns/gpu_conv2d_extra/roofline_calibration_gpu_fp32_F5.json,438.06,6.984068088013361,compute_bound,gpu_cutlass_simt_conv2d,run,ok,,True,660,660,valid,1.0,8589,0,0.997560975609756,65253019545,5646191.0,True,100.0,100.0,16.919032112175035,0.0,0.0,100.0,5.0,1.0,1.0,1.0,0.1681064544538538,0.0,0.0,1.0,2.0,1.0,88387.0,88194.23119452932,8749.957608459143,2146.0,39934.0,90059.0,256.0,1.0,660.0,660.0,0.0,0.0,660.0,660.0,1.0,1.0,34.0,34.185799505310634,0.6563892422435883,0.0,31.0,35.0,5.0,1.0,tmp/remote_gpu_runs_20260917/gpu_conv2d_extra/pacca_gpu_conv2d_extra_20260916__gpu_cutlass_simt_conv2d__REF__gpuF5__rep02/training_gpu_phases.csv,21.0,False
pacca_gpu_conv2d_extra_20260916__gpu_cutlass_simt_conv2d__REF__gpuF5__rep03,3,gpu_cutlass_simt_conv2d,pacca-a100,REF,F5,sha256:e60ca315b94f31a3125de7270947e2b458eac300197cf1b974be6ac1b7dee743,/home/latorresn/hyperion-results/final/campaigns/gpu_conv2d_extra/roofline_calibration_gpu_fp32_F5.json,438.06,6.984068088013361,compute_bound,gpu_cutlass_simt_conv2d,run,ok,,True,660,660,valid,1.0,8581,0,0.9974427525281878,65187978027,5660105.0,True,100.0,100.0,16.613054523182218,0.0,0.0,100.0,6.0,1.0,1.0,1.0,0.1655490786015113,0.0,0.0,1.0,2.0,1.0,88654.0,88494.65957756738,8471.533453457696,2183.0,39935.0,90630.0,285.0,1.0,660.0,660.0,0.0,0.0,660.0,660.0,1.0,1.0,34.0,33.956008739985435,0.7105747682839835,0.0,30.0,35.0,6.0,1.0,tmp/remote_gpu_runs_20260917/gpu_conv2d_extra/pacca_gpu_conv2d_extra_20260916__gpu_cutlass_simt_conv2d__REF__gpuF5__rep03/training_gpu_phases.csv,22.0,False
pacca_gpu_conv2d_extra_20260916__gpu_cutlass_simt_conv2d__REF__gpuF6__rep01,1,gpu_cutlass_simt_conv2d,pacca-a100,REF,F6,sha256:e60ca315b94f31a3125de7270947e2b458eac300197cf1b974be6ac1b7dee743,/home/latorresn/hyperion-results/final/campaigns/gpu_conv2d_extra/roofline_calibration_gpu_fp32_F6.json,438.06,5.4806039060511305,compute_bound,gpu_cutlass_simt_conv2d,run,ok,,True,510,510,valid,1.0,10646,0,0.9979377577802776,83918916140,6298028.0,True,100.0,100.0,15.907864126741618,0.0,0.0,100.0,7.0,1.0,1.0,1.0,0.1605838235842351,0.0,0.0,1.0,2.0,1.0,76355.0,76128.3777882132,6001.824736988755,2088.0,38934.0,77999.0,298.0,1.0,510.0,510.0,0.0,0.0,510.0,510.0,1.0,1.0,33.0,33.21119981216248,0.4977911159295828,1.0,31.0,34.0,4.0,1.0,tmp/remote_gpu_runs_20260917/gpu_conv2d_extra/pacca_gpu_conv2d_extra_20260916__gpu_cutlass_simt_conv2d__REF__gpuF6__rep01/training_gpu_phases.csv,22.0,False
pacca_gpu_conv2d_extra_20260916__gpu_cutlass_simt_conv2d__REF__gpuF6__rep02,2,gpu_cutlass_simt_conv2d,pacca-a100,REF,F6,sha256:e60ca315b94f31a3125de7270947e2b458eac300197cf1b974be6ac1b7dee743,/home/latorresn/hyperion-results/final/campaigns/gpu_conv2d_extra/roofline_calibration_gpu_fp32_F6.json,438.06,5.4806039060511305,compute_bound,gpu_cutlass_simt_conv2d,run,ok,,True,510,510,valid,1.0,10614,0,0.9980253878702398,83907802476,6267452.0,True,100.0,100.0,14.937513051083608,0.0,0.0,100.0,7.0,1.0,1.0,1.0,0.1513579522580269,0.0,0.0,1.0,2.0,1.0,75934.0,75747.13471502591,5980.271441440031,2045.0,38649.0,77354.0,297.0,1.0,510.0,510.0,0.0,0.0,510.0,510.0,1.0,1.0,33.0,32.719500706547336,0.5232277229895405,1.0,31.0,33.0,3.0,1.0,tmp/remote_gpu_runs_20260917/gpu_conv2d_extra/pacca_gpu_conv2d_extra_20260916__gpu_cutlass_simt_conv2d__REF__gpuF6__rep02/training_gpu_phases.csv,21.0,False
pacca_gpu_conv2d_extra_20260916__gpu_cutlass_simt_conv2d__REF__gpuF6__rep03,3,gpu_cutlass_simt_conv2d,pacca-a100,REF,F6,sha256:e60ca315b94f31a3125de7270947e2b458eac300197cf1b974be6ac1b7dee743,/home/latorresn/hyperion-results/final/campaigns/gpu_conv2d_extra/roofline_calibration_gpu_fp32_F6.json,438.06,5.4806039060511305,compute_bound,gpu_cutlass_simt_conv2d,run,ok,,True,510,510,valid,1.0,10561,0,0.9978269085411944,84056663533,6326462.0,True,100.0,100.0,15.907388279349236,0.0,0.0,100.0,5.0,1.0,1.0,1.0,0.1674687902635878,0.0,0.0,1.0,2.0,1.0,76647.0,76429.12960113623,6256.7912222963805,2172.0,38649.0,78125.0,251.0,1.0,510.0,510.0,0.0,0.0,510.0,510.0,1.0,1.0,32.0,32.0,0.4235530171150937,0.0,30.0,33.0,4.0,1.0,tmp/remote_gpu_runs_20260917/gpu_conv2d_extra/pacca_gpu_conv2d_extra_20260916__gpu_cutlass_simt_conv2d__REF__gpuF6__rep03/training_gpu_phases.csv,23.0,False
pacca_gpu_conv2d_extra_20260916__gpu_cutlass_simt_conv2d__REF__gpuF7__rep01,1,gpu_cutlass_simt_conv2d,pacca-a100,REF,F7,sha256:e60ca315b94f31a3125de7270947e2b458eac300197cf1b974be6ac1b7dee743,/home/latorresn/hyperion-results/final/campaigns/gpu_conv2d_extra/roofline_calibration_gpu_fp32_F7.json,438.06,3.849030754969773,compute_bound,gpu_cutlass_simt_conv2d,run,ok,,True,360,360,valid,1.0,15108,0,0.9985459352280238,118373946520,7524242.0,True,100.0,100.0,13.387046047815112,0.0,0.0,100.0,6.0,1.0,1.0,1.0,0.1395088806215058,0.0,0.0,1.0,2.0,1.0,64571.0,64313.08545665122,3663.3917233060783,1789.0,37563.0,65571.0,281.0,1.0,360.0,360.0,0.0,0.0,360.0,360.0,1.0,1.0,30.0,30.0,0.1432436149264719,0.0,29.0,31.0,3.0,1.0,tmp/remote_gpu_runs_20260917/gpu_conv2d_extra/pacca_gpu_conv2d_extra_20260916__gpu_cutlass_simt_conv2d__REF__gpuF7__rep01/training_gpu_phases.csv,22.0,False
pacca_gpu_conv2d_extra_20260916__gpu_cutlass_simt_conv2d__REF__gpuF7__rep02,2,gpu_cutlass_simt_conv2d,pacca-a100,REF,F7,sha256:e60ca315b94f31a3125de7270947e2b458eac300197cf1b974be6ac1b7dee743,/home/latorresn/hyperion-results/final/campaigns/gpu_conv2d_extra/roofline_calibration_gpu_fp32_F7.json,438.06,3.849030754969773,compute_bound,gpu_cutlass_simt_conv2d,run,ok,,True,360,360,valid,1.0,15013,0,0.998536747588959,118547125529,7489355.0,True,100.0,100.0,13.43538956895135,0.0,0.0,100.0,6.0,1.0,1.0,1.0,0.1461862119817704,0.0,0.0,1.0,2.0,1.0,64178.0,63901.73416035301,3723.5000239913024,1876.0,37465.0,65375.0,264.0,1.0,360.0,360.0,0.0,0.0,360.0,360.0,1.0,1.0,31.0,31.142702522687536,0.4229517722403574,0.0,30.0,32.0,3.0,1.0,tmp/remote_gpu_runs_20260917/gpu_conv2d_extra/pacca_gpu_conv2d_extra_20260916__gpu_cutlass_simt_conv2d__REF__gpuF7__rep02/training_gpu_phases.csv,22.0,False
pacca_gpu_conv2d_extra_20260916__gpu_cutlass_simt_conv2d__REF__gpuF7__rep03,3,gpu_cutlass_simt_conv2d,pacca-a100,REF,F7,sha256:e60ca315b94f31a3125de7270947e2b458eac300197cf1b974be6ac1b7dee743,/home/latorresn/hyperion-results/final/campaigns/gpu_conv2d_extra/roofline_calibration_gpu_fp32_F7.json,438.06,3.849030754969773,compute_bound,gpu_cutlass_simt_conv2d,run,ok,,True,360,360,valid,1.0,15041,0,0.9985394675695412,118385688294,7455271.0,True,100.0,100.0,12.956986641337544,0.0,0.0,100.0,5.0,1.0,1.0,1.0,0.1342129911535006,0.0,0.0,1.0,2.0,1.0,63884.0,63623.42341893127,3669.86699926488,1877.0,37263.0,65083.0,231.0,1.0,360.0,360.0,0.0,0.0,360.0,360.0,1.0,1.0,31.0,30.50469542092579,0.5144064882971281,1.0,29.0,31.0,3.0,1.0,tmp/remote_gpu_runs_20260917/gpu_conv2d_extra/pacca_gpu_conv2d_extra_20260916__gpu_cutlass_simt_conv2d__REF__gpuF7__rep03/training_gpu_phases.csv,22.0,False
pacca_gpu_conv2d_extra_20260916__gpu_cutlass_simt_conv2d__REF__gpuF8__rep01,1,gpu_cutlass_simt_conv2d,pacca-a100,REF,F8,sha256:e60ca315b94f31a3125de7270947e2b458eac300197cf1b974be6ac1b7dee743,/home/latorresn/hyperion-results/final/campaigns/gpu_conv2d_extra/roofline_calibration_gpu_fp32_F8.json,438.06,2.960440893266267,compute_bound,gpu_cutlass_simt_conv2d,run,ok,,True,210,210,valid,1.0,27158,0,0.9991538206835656,202344027585,10435355.0,True,100.0,100.0,10.042109353719397,0.0,0.0,100.0,6.0,1.0,0.0,0.0,0.0,0.0,0.0,0.0,1.0,1.0,52304.0,52046.38807069219,1896.7394965851715,1199.0,36269.0,52832.0,219.0,1.0,210.0,210.0,0.0,0.0,210.0,210.0,1.0,1.0,28.0,28.0,0.0949326514425746,0.0,27.0,28.0,2.0,1.0,tmp/remote_gpu_runs_20260917/gpu_conv2d_extra/pacca_gpu_conv2d_extra_20260916__gpu_cutlass_simt_conv2d__REF__gpuF8__rep01/training_gpu_phases.csv,23.0,False
pacca_gpu_conv2d_extra_20260916__gpu_cutlass_simt_conv2d__REF__gpuF8__rep02,2,gpu_cutlass_simt_conv2d,pacca-a100,REF,F8,sha256:e60ca315b94f31a3125de7270947e2b458eac300197cf1b974be6ac1b7dee743,/home/latorresn/hyperion-results/final/campaigns/gpu_conv2d_extra/roofline_calibration_gpu_fp32_F8.json,438.06,2.960440893266267,compute_bound,gpu_cutlass_simt_conv2d,run,ok,,True,210,210,valid,1.0,26996,0,0.9992227116260132,202262811889,10410881.0,True,100.0,100.0,9.621070029341665,0.0,0.0,100.0,5.0,1.0,0.0,0.0,0.0,0.0,0.0,0.0,1.0,1.0,52220.0,51926.90587091397,1842.086050238951,1164.0,36082.0,52916.0,404.0,1.0,210.0,210.0,0.0,0.0,210.0,210.0,1.0,1.0,27.0,27.46911751088064,0.5533038088265106,1.0,27.0,29.0,3.0,1.0,tmp/remote_gpu_runs_20260917/gpu_conv2d_extra/pacca_gpu_conv2d_extra_20260916__gpu_cutlass_simt_conv2d__REF__gpuF8__rep02/training_gpu_phases.csv,21.0,False
pacca_gpu_conv2d_extra_20260916__gpu_cutlass_simt_conv2d__REF__gpuF8__rep03,3,gpu_cutlass_simt_conv2d,pacca-a100,REF,F8,sha256:e60ca315b94f31a3125de7270947e2b458eac300197cf1b974be6ac1b7dee743,/home/latorresn/hyperion-results/final/campaigns/gpu_conv2d_extra/roofline_calibration_gpu_fp32_F8.json,438.06,2.960440893266267,compute_bound,gpu_cutlass_simt_conv2d,run,ok,,True,210,210,valid,1.0,27065,0,0.99918780226677,202199016730,10418878.0,True,100.0,100.0,9.55018038901006,0.0,0.0,100.0,5.0,1.0,0.0,0.0,0.0,0.0,0.0,0.0,1.0,1.0,52304.0,51986.76160347296,1819.167572627908,1212.0,36082.0,52748.0,256.0,1.0,210.0,210.0,0.0,0.0,210.0,210.0,1.0,1.0,28.0,28.0,0.1010061929839939,0.0,27.0,28.0,2.0,1.0,tmp/remote_gpu_runs_20260917/gpu_conv2d_extra/pacca_gpu_conv2d_extra_20260916__gpu_cutlass_simt_conv2d__REF__gpuF8__rep03/training_gpu_phases.csv,22.0,False
pacca_gpu_conv2d_extra_20260916__gpu_cutlass_simt_conv2d__REF__gpuREF__rep01,1,gpu_cutlass_simt_conv2d,pacca-a100,REF,REF,sha256:e60ca315b94f31a3125de7270947e2b458eac300197cf1b974be6ac1b7dee743,/home/latorresn/hyperion-results/final/campaigns/gpu_conv2d_extra/roofline_calibration_gpu_fp32_REF.json,438.06,15.063121443242895,compute_bound,gpu_cutlass_simt_conv2d,run,ok,,True,,,not_applicable_native,,5208,0,0.9948424068767908,30752861346,7515511.0,True,100.0,100.0,13.360256390981212,0.0,0.0,100.0,5.0,1.0,3.0,3.0,0.4011187266168888,0.0,0.0,3.0,4.0,1.0,248173.0,248233.72000959693,26530.25903510721,7993.0,66536.0,258717.0,282.0,1.0,1395.0,1388.698416506718,8.230774177153313,15.0,1380.0,1410.0,3.0,1.0,54.0,53.9450575815739,2.7423207453289,4.0,40.0,57.0,14.0,1.0,tmp/remote_gpu_runs_20260917/gpu_conv2d_extra/pacca_gpu_conv2d_extra_20260916__gpu_cutlass_simt_conv2d__REF__gpuREF__rep01/training_gpu_phases.csv,27.0,False
pacca_gpu_conv2d_extra_20260916__gpu_cutlass_simt_conv2d__REF__gpuREF__rep02,2,gpu_cutlass_simt_conv2d,pacca-a100,REF,REF,sha256:e60ca315b94f31a3125de7270947e2b458eac300197cf1b974be6ac1b7dee743,/home/latorresn/hyperion-results/final/campaigns/gpu_conv2d_extra/roofline_calibration_gpu_fp32_REF.json,438.06,15.063121443242895,compute_bound,gpu_cutlass_simt_conv2d,run,ok,,True,,,not_applicable_native,,5220,0,0.9946646341463414,30855535570,7526409.0,True,100.0,100.0,15.863792291439768,0.0,0.0,100.0,6.0,1.0,3.0,3.0,0.4750310486113008,0.0,0.0,3.0,4.0,1.0,247689.0,248172.92768199235,26747.73253785965,7291.0,67134.0,261459.0,280.0,1.0,1395.0,1388.0352011494251,8.218750494499654,15.0,1380.0,1410.0,3.0,1.0,54.0,54.08429118773947,2.347825694550635,2.0,41.0,56.0,12.0,1.0,tmp/remote_gpu_runs_20260917/gpu_conv2d_extra/pacca_gpu_conv2d_extra_20260916__gpu_cutlass_simt_conv2d__REF__gpuREF__rep02/training_gpu_phases.csv,28.0,False
pacca_gpu_conv2d_extra_20260916__gpu_cutlass_simt_conv2d__REF__gpuREF__rep03,3,gpu_cutlass_simt_conv2d,pacca-a100,REF,REF,sha256:e60ca315b94f31a3125de7270947e2b458eac300197cf1b974be6ac1b7dee743,/home/latorresn/hyperion-results/final/campaigns/gpu_conv2d_extra/roofline_calibration_gpu_fp32_REF.json,438.06,15.063121443242895,compute_bound,gpu_cutlass_simt_conv2d,run,ok,,True,,,not_applicable_native,,5379,0,0.9950055493895672,30800793190,7529101.0,True,100.0,100.0,13.732252237526977,0.0,0.0,100.0,4.0,1.0,3.0,3.0,0.4175536207461076,0.0,0.0,3.0,3.0,1.0,247573.0,247675.91521486643,22832.413372977528,4245.0,71975.0,263026.0,282.0,1.0,1380.0,1381.8675958188153,7.120026405999489,0.0,1365.0,1410.0,4.0,1.0,56.0,56.48524970963995,2.0920748697804457,3.0,44.0,59.0,11.0,1.0,tmp/remote_gpu_runs_20260917/gpu_conv2d_extra/pacca_gpu_conv2d_extra_20260916__gpu_cutlass_simt_conv2d__REF__gpuREF__rep03/training_gpu_phases.csv,27.0,False
pacca_gpu_final_20260913__dual_axpy_gpu_N10000000__REF__gpuF4__rep01,1,dual_axpy_gpu_N10000000,pacca-a100,REF,F4,sha256:d3166ae3e44a83e8e4358f5676025a84f2db42339e30f9f916edee36436497fb,/home/latorresn/hyperion-results/final/campaigns/gpu/roofline_calibration_gpu_fp64_F4.json,0.0882249289962948,3.847999914788036,memory_bound,dual_axpy,run,ok,,True,810,810,valid,1.0,3819,2457,0.608508604206501,22481581500,944839.0,True,52.0,34.23977755969905,24.19158372480491,52.0,0.0,52.0,12.0,1.0,2.0,1.2417402682368337,0.9565034835328,2.0,0.0,2.0,3.0,1.0,42392.0,42124.51488387308,1036.2399507577757,1844.0,39031.0,44275.0,99.0,1.0,810.0,810.0,0.0,0.0,810.0,810.0,1.0,1.0,29.0,29.0,0.0457209040811042,0.0,28.0,29.0,2.0,1.0,tmp/remote_gpu_runs_20260917/gpu/pacca_gpu_final_20260913__dual_axpy_gpu_N10000000__REF__gpuF4__rep01/training_gpu_phases.csv,,False
pacca_gpu_final_20260913__dual_axpy_gpu_N10000000__REF__gpuF4__rep02,2,dual_axpy_gpu_N10000000,pacca-a100,REF,F4,sha256:d3166ae3e44a83e8e4358f5676025a84f2db42339e30f9f916edee36436497fb,/home/latorresn/hyperion-results/final/campaigns/gpu/roofline_calibration_gpu_fp64_F4.json,0.0882249289962948,3.847999914788036,memory_bound,dual_axpy,run,ok,,True,810,810,valid,1.0,3769,2232,0.6280619896683886,22663283299,942818.0,True,52.0,32.90520384487902,24.500957104508032,52.0,0.0,53.0,16.0,1.0,2.0,1.2234007292011932,0.979149898040423,2.0,0.0,2.0,3.0,1.0,42110.0,41823.47795823666,1059.6465318314172,1850.0,39063.0,44190.0,89.0,1.0,810.0,810.0,0.0,0.0,810.0,810.0,1.0,1.0,27.0,27.0,0.0,0.0,27.0,27.0,1.0,1.0,tmp/remote_gpu_runs_20260917/gpu/pacca_gpu_final_20260913__dual_axpy_gpu_N10000000__REF__gpuF4__rep02/training_gpu_phases.csv,,False
pacca_gpu_final_20260913__dual_axpy_gpu_N10000000__REF__gpuF4__rep03,3,dual_axpy_gpu_N10000000,pacca-a100,REF,F4,sha256:d3166ae3e44a83e8e4358f5676025a84f2db42339e30f9f916edee36436497fb,/home/latorresn/hyperion-results/final/campaigns/gpu/roofline_calibration_gpu_fp64_F4.json,0.0882249289962948,3.847999914788036,memory_bound,dual_axpy,run,ok,,True,810,810,valid,1.0,3685,2458,0.5998697704704542,23074977689,970047.0,True,52.0,31.916581892166835,24.71436812068716,52.0,0.0,52.0,12.0,1.0,2.0,1.1464903357070193,0.9792079659617188,2.0,0.0,2.0,3.0,1.0,42479.0,42220.46829433706,1072.787123556392,1869.0,39847.0,45095.0,98.0,1.0,810.0,810.0,0.0,0.0,810.0,810.0,1.0,1.0,29.0,29.0,0.2013495374036665,0.0,28.0,29.0,2.0,1.0,tmp/remote_gpu_runs_20260917/gpu/pacca_gpu_final_20260913__dual_axpy_gpu_N10000000__REF__gpuF4__rep03/training_gpu_phases.csv,,False
pacca_gpu_final_20260913__dual_axpy_gpu_N10000000__REF__gpuF5__rep01,1,dual_axpy_gpu_N10000000,pacca-a100,REF,F5,sha256:d3166ae3e44a83e8e4358f5676025a84f2db42339e30f9f916edee36436497fb,/home/latorresn/hyperion-results/final/campaigns/gpu/roofline_calibration_gpu_fp64_F5.json,0.0882249289962948,3.227383731801676,memory_bound,dual_axpy,run,ok,,True,660,660,valid,1.0,3788,1582,0.7054003724394786,25707507542,1021737.0,True,64.0,36.7608839050132,30.64063146041123,64.0,0.0,65.0,13.0,1.0,2.0,1.104551451187335,0.9881119871132992,2.0,0.0,2.0,3.0,1.0,40213.0,39769.35686015831,904.4740971915652,1781.0,37148.0,41021.0,72.0,1.0,660.0,660.0,0.0,0.0,660.0,660.0,1.0,1.0,26.0,26.0,0.0,0.0,26.0,26.0,1.0,1.0,tmp/remote_gpu_runs_20260917/gpu/pacca_gpu_final_20260913__dual_axpy_gpu_N10000000__REF__gpuF5__rep01/training_gpu_phases.csv,,False
pacca_gpu_final_20260913__dual_axpy_gpu_N10000000__REF__gpuF5__rep02,2,dual_axpy_gpu_N10000000,pacca-a100,REF,F5,sha256:d3166ae3e44a83e8e4358f5676025a84f2db42339e30f9f916edee36436497fb,/home/latorresn/hyperion-results/final/campaigns/gpu/roofline_calibration_gpu_fp64_F5.json,0.0882249289962948,3.227383731801676,memory_bound,dual_axpy,run,ok,,True,660,660,valid,1.0,3707,1639,0.6934156378600823,25429898808,1013837.0,True,64.0,35.73272665992585,30.76346856082214,64.0,0.0,64.0,13.0,1.0,2.0,1.073474890461746,0.9858973104952488,2.0,0.0,2.0,3.0,1.0,40399.0,40025.34748904617,1130.9734688920482,2075.0,38346.0,42404.0,112.0,1.0,660.0,660.0,0.0,0.0,660.0,660.0,1.0,1.0,26.0,26.0,0.0,0.0,26.0,26.0,1.0,1.0,tmp/remote_gpu_runs_20260917/gpu/pacca_gpu_final_20260913__dual_axpy_gpu_N10000000__REF__gpuF5__rep02/training_gpu_phases.csv,,False
pacca_gpu_final_20260913__dual_axpy_gpu_N10000000__REF__gpuF5__rep03,3,dual_axpy_gpu_N10000000,pacca-a100,REF,F5,sha256:d3166ae3e44a83e8e4358f5676025a84f2db42339e30f9f916edee36436497fb,/home/latorresn/hyperion-results/final/campaigns/gpu/roofline_calibration_gpu_fp64_F5.json,0.0882249289962948,3.227383731801676,memory_bound,dual_axpy,run,ok,,True,660,660,valid,1.0,3533,1617,0.6860194174757281,25634872964,1052237.0,True,64.0,34.12981959674567,30.983980079729417,64.0,0.0,65.0,12.0,1.0,2.0,1.027591085956845,0.9956426367166556,2.0,0.0,2.0,3.0,1.0,41314.0,41096.82737884684,1071.8992493641188,1880.0,38953.0,43602.0,104.0,1.0,660.0,660.0,0.0,0.0,660.0,660.0,1.0,1.0,31.0,31.04350902016272,0.6752085154692152,0.0,30.0,32.0,3.0,1.0,tmp/remote_gpu_runs_20260917/gpu/pacca_gpu_final_20260913__dual_axpy_gpu_N10000000__REF__gpuF5__rep03/training_gpu_phases.csv,,False
pacca_gpu_final_20260913__dual_axpy_gpu_N10000000__REF__gpuF6__rep01,1,dual_axpy_gpu_N10000000,pacca-a100,REF,F6,sha256:d3166ae3e44a83e8e4358f5676025a84f2db42339e30f9f916edee36436497fb,/home/latorresn/hyperion-results/final/campaigns/gpu/roofline_calibration_gpu_fp64_F6.json,0.0882249289962948,2.537117986910783,memory_bound,dual_axpy,run,ok,,True,510,510,valid,1.0,3538,1520,0.6994859628311586,26415876043,1020570.0,True,39.0,34.139830508474574,31.86600088813544,66.0,0.0,67.0,15.0,1.0,1.0,0.9819915254237288,0.992376942076202,2.0,0.0,2.0,3.0,1.0,38463.0,38714.51518361582,1067.523077095187,1680.0,36781.0,41435.0,97.0,1.0,510.0,510.0,0.0,0.0,510.0,510.0,1.0,1.0,26.0,26.0,0.0,0.0,26.0,26.0,1.0,1.0,tmp/remote_gpu_runs_20260917/gpu/pacca_gpu_final_20260913__dual_axpy_gpu_N10000000__REF__gpuF6__rep01/training_gpu_phases.csv,,False
pacca_gpu_final_20260913__dual_axpy_gpu_N10000000__REF__gpuF6__rep02,2,dual_axpy_gpu_N10000000,pacca-a100,REF,F6,sha256:d3166ae3e44a83e8e4358f5676025a84f2db42339e30f9f916edee36436497fb,/home/latorresn/hyperion-results/final/campaigns/gpu/roofline_calibration_gpu_fp64_F6.json,0.0882249289962948,2.537117986910783,memory_bound,dual_axpy,run,ok,,True,510,510,valid,1.0,3910,1568,0.7137641474990872,26670238645,1041593.0,True,64.0,37.00863171355499,31.2371316258962,65.0,0.0,65.0,14.0,1.0,1.0,0.9709079283887468,0.939456513884473,2.0,0.0,2.0,3.0,1.0,39625.0,39220.76758312021,1033.6979512662683,1852.0,37361.0,41539.0,98.0,1.0,510.0,510.0,0.0,0.0,510.0,510.0,1.0,1.0,28.0,27.93829923273657,0.3564435731680664,0.0,27.0,28.0,2.0,1.0,tmp/remote_gpu_runs_20260917/gpu/pacca_gpu_final_20260913__dual_axpy_gpu_N10000000__REF__gpuF6__rep02/training_gpu_phases.csv,,False
pacca_gpu_final_20260913__dual_axpy_gpu_N10000000__REF__gpuF6__rep03,3,dual_axpy_gpu_N10000000,pacca-a100,REF,F6,sha256:d3166ae3e44a83e8e4358f5676025a84f2db42339e30f9f916edee36436497fb,/home/latorresn/hyperion-results/final/campaigns/gpu/roofline_calibration_gpu_fp64_F6.json,0.0882249289962948,2.537117986910783,memory_bound,dual_axpy,run,ok,,True,510,510,valid,1.0,3571,1514,0.7022615535889872,26415787431,1016754.0,True,26.0,34.10885544277214,31.814410011949853,66.0,0.0,66.0,12.0,1.0,1.0,0.9863493174658732,0.988108244190361,2.0,0.0,2.0,3.0,1.0,37944.0,38549.74448722436,988.5840246107298,1673.0,37059.0,41315.0,104.0,1.0,510.0,510.0,0.0,0.0,510.0,510.0,1.0,1.0,26.0,26.0,0.2625649189973099,0.0,25.0,26.0,2.0,1.0,tmp/remote_gpu_runs_20260917/gpu/pacca_gpu_final_20260913__dual_axpy_gpu_N10000000__REF__gpuF6__rep03/training_gpu_phases.csv,,False
pacca_gpu_final_20260913__dual_axpy_gpu_N10000000__REF__gpuF7__rep01,1,dual_axpy_gpu_N10000000,pacca-a100,REF,F7,sha256:d3166ae3e44a83e8e4358f5676025a84f2db42339e30f9f916edee36436497fb,/home/latorresn/hyperion-results/final/campaigns/gpu/roofline_calibration_gpu_fp64_F7.json,0.0882249289962948,1.7704004001452782,memory_bound,dual_axpy,run,ok,,True,360,360,valid,1.0,3550,1500,0.7029702970297029,26389764882,993531.0,True,28.0,34.609154929577464,31.8283010409493,66.0,0.0,67.0,17.0,1.0,1.0,0.991549295774648,0.9880750593713988,2.0,0.0,2.0,3.0,1.0,37367.0,37688.12816901408,1036.2349045018996,1770.0,35685.0,40229.0,107.0,1.0,360.0,360.0,0.0,0.0,360.0,360.0,1.0,1.0,26.0,26.0,0.0,0.0,26.0,26.0,1.0,1.0,tmp/remote_gpu_runs_20260917/gpu/pacca_gpu_final_20260913__dual_axpy_gpu_N10000000__REF__gpuF7__rep01/training_gpu_phases.csv,,False
pacca_gpu_final_20260913__dual_axpy_gpu_N10000000__REF__gpuF7__rep02,2,dual_axpy_gpu_N10000000,pacca-a100,REF,F7,sha256:d3166ae3e44a83e8e4358f5676025a84f2db42339e30f9f916edee36436497fb,/home/latorresn/hyperion-results/final/campaigns/gpu/roofline_calibration_gpu_fp64_F7.json,0.0882249289962948,1.7704004001452782,memory_bound,dual_axpy,run,ok,,True,360,360,valid,1.0,3690,1470,0.7151162790697675,26517256762,1001563.0,True,48.0,34.78963414634146,31.866724919703923,66.0,0.0,67.0,14.0,1.0,1.5,1.0203252032520325,0.9917033046786567,2.0,0.0,2.0,3.0,1.0,38340.0,37871.00304878049,977.9937847673236,1755.0,36370.0,40835.0,95.0,1.0,360.0,360.0,0.0,0.0,360.0,360.0,1.0,1.0,26.0,26.058265582655828,0.3537191695420671,0.0,26.0,27.0,2.0,1.0,tmp/remote_gpu_runs_20260917/gpu/pacca_gpu_final_20260913__dual_axpy_gpu_N10000000__REF__gpuF7__rep02/training_gpu_phases.csv,,False
pacca_gpu_final_20260913__dual_axpy_gpu_N10000000__REF__gpuF7__rep03,3,dual_axpy_gpu_N10000000,pacca-a100,REF,F7,sha256:d3166ae3e44a83e8e4358f5676025a84f2db42339e30f9f916edee36436497fb,/home/latorresn/hyperion-results/final/campaigns/gpu/roofline_calibration_gpu_fp64_F7.json,0.0882249289962948,1.7704004001452782,memory_bound,dual_axpy,run,ok,,True,360,360,valid,1.0,3554,1648,0.68319876970396,26302099101,995756.0,True,41.0,35.036568213783404,31.542035901103905,66.0,0.0,66.0,14.0,1.0,1.0,0.9964838255977496,0.9957664836174662,2.0,0.0,2.0,3.0,1.0,38138.0,37825.68284106892,1025.1498593397855,1786.0,36667.0,40333.0,92.0,1.0,360.0,360.0,0.0,0.0,360.0,360.0,1.0,1.0,26.0,26.0,0.0,0.0,26.0,26.0,1.0,1.0,tmp/remote_gpu_runs_20260917/gpu/pacca_gpu_final_20260913__dual_axpy_gpu_N10000000__REF__gpuF7__rep03/training_gpu_phases.csv,,False
pacca_gpu_final_20260913__dual_axpy_gpu_N10000000__REF__gpuF8__rep01,1,dual_axpy_gpu_N10000000,pacca-a100,REF,F8,sha256:d3166ae3e44a83e8e4358f5676025a84f2db42339e30f9f916edee36436497fb,/home/latorresn/hyperion-results/final/campaigns/gpu/roofline_calibration_gpu_fp64_F8.json,0.0882249289962948,1.3515565388833937,memory_bound,dual_axpy,run,ok,,True,210,210,valid,1.0,3587,1531,0.7008597108245408,26743446313,1013333.0,True,53.0,33.93382096830373,31.49260361010873,65.0,0.0,67.0,12.0,1.0,1.0,0.9045628700801116,0.9564054846392864,2.0,0.0,2.0,3.0,1.0,37869.0,38049.76489028213,1037.828848018193,1667.0,36667.0,40421.0,108.0,1.0,210.0,210.0,0.0,0.0,210.0,210.0,1.0,1.0,31.0,31.104493207941484,0.8410734762642986,2.0,30.0,33.0,4.0,1.0,tmp/remote_gpu_runs_20260917/gpu/pacca_gpu_final_20260913__dual_axpy_gpu_N10000000__REF__gpuF8__rep01/training_gpu_phases.csv,,False
pacca_gpu_final_20260913__dual_axpy_gpu_N10000000__REF__gpuF8__rep02,2,dual_axpy_gpu_N10000000,pacca-a100,REF,F8,sha256:d3166ae3e44a83e8e4358f5676025a84f2db42339e30f9f916edee36436497fb,/home/latorresn/hyperion-results/final/campaigns/gpu/roofline_calibration_gpu_fp64_F8.json,0.0882249289962948,1.3515565388833937,memory_bound,dual_axpy,run,ok,,True,210,210,valid,1.0,3640,1586,0.6965174129353234,26945509127,986312.0,True,25.0,33.83379120879121,31.269133237020824,65.0,0.0,65.0,15.0,1.0,1.0,0.875,0.9422325603598108,2.0,0.0,2.0,3.0,1.0,37059.0,36742.26373626374,1124.9749545320649,1954.0,35174.0,39439.0,110.0,1.0,210.0,210.0,0.0,0.0,210.0,210.0,1.0,1.0,25.0,25.0,0.0,0.0,25.0,25.0,1.0,1.0,tmp/remote_gpu_runs_20260917/gpu/pacca_gpu_final_20260913__dual_axpy_gpu_N10000000__REF__gpuF8__rep02/training_gpu_phases.csv,,False
pacca_gpu_final_20260913__dual_axpy_gpu_N10000000__REF__gpuF8__rep03,3,dual_axpy_gpu_N10000000,pacca-a100,REF,F8,sha256:d3166ae3e44a83e8e4358f5676025a84f2db42339e30f9f916edee36436497fb,/home/latorresn/hyperion-results/final/campaigns/gpu/roofline_calibration_gpu_fp64_F8.json,0.0882249289962948,1.3515565388833937,memory_bound,dual_axpy,run,ok,,True,210,210,valid,1.0,3567,1578,0.6932944606413994,26375474366,975348.0,True,47.0,34.70858143607706,31.78683539738819,66.0,0.0,66.0,14.0,1.0,1.0,0.9821366024518388,0.9877680287743796,2.0,0.0,2.0,3.0,1.0,36370.0,37001.7880910683,1066.7681851381249,1854.0,35675.0,39538.0,99.0,1.0,210.0,210.0,0.0,0.0,210.0,210.0,1.0,1.0,26.0,26.1260945709282,0.4005456415986275,0.0,26.0,27.0,2.0,1.0,tmp/remote_gpu_runs_20260917/gpu/pacca_gpu_final_20260913__dual_axpy_gpu_N10000000__REF__gpuF8__rep03/training_gpu_phases.csv,,False
pacca_gpu_final_20260913__dual_axpy_gpu_N1280000000__REF__gpuF0__rep01,1,dual_axpy_gpu_N1280000000,pacca-a100,REF,F0,sha256:d3166ae3e44a83e8e4358f5676025a84f2db42339e30f9f916edee36436497fb,/home/latorresn/hyperion-results/final/campaigns/gpu/roofline_calibration_gpu_fp64_F0.json,0.0857767715477963,6.853790013388249,memory_bound,dual_axpy,run,ok,,True,1410,1410,valid,1.0,8429,6298,0.5723501052488627,48070004357,3252479.0,True,38.0,31.80741289844329,19.17542412909881,43.0,0.0,100.0,19.0,1.0,1.0,0.7954040029651593,2.516625549015701,1.0,0.0,13.0,7.0,1.0,67342.0,67212.7500370645,8584.013050203423,1972.0,63262.0,216183.0,208.0,1.0,1410.0,1410.0,0.0,0.0,1410.0,1410.0,1.0,1.0,31.0,31.45737583395108,0.4988352580267265,1.0,31.0,32.0,2.0,1.0,tmp/remote_gpu_runs_20260917/gpu/pacca_gpu_final_20260913__dual_axpy_gpu_N1280000000__REF__gpuF0__rep01/training_gpu_phases.csv,,False
pacca_gpu_final_20260913__dual_axpy_gpu_N1280000000__REF__gpuF0__rep02,2,dual_axpy_gpu_N1280000000,pacca-a100,REF,F0,sha256:d3166ae3e44a83e8e4358f5676025a84f2db42339e30f9f916edee36436497fb,/home/latorresn/hyperion-results/final/campaigns/gpu/roofline_calibration_gpu_fp64_F0.json,0.0857767715477963,6.853790013388249,memory_bound,dual_axpy,run,ok,,True,1410,1410,valid,1.0,8587,6306,0.576579601154905,48646583784,3267737.0,True,37.0,31.67151797409402,19.11066906581587,43.0,0.0,100.0,20.0,1.0,1.0,0.7958084703827681,2.566183895444499,1.0,0.0,13.0,7.0,1.0,66828.0,66592.70309998545,10182.195506903645,1869.0,63390.0,201930.0,220.0,1.0,1410.0,1410.0,0.0,0.0,1410.0,1410.0,1.0,1.0,30.0,29.816183961577646,0.4450888577984331,0.0,29.0,31.0,3.0,1.0,tmp/remote_gpu_runs_20260917/gpu/pacca_gpu_final_20260913__dual_axpy_gpu_N1280000000__REF__gpuF0__rep02/training_gpu_phases.csv,,False
pacca_gpu_final_20260913__dual_axpy_gpu_N1280000000__REF__gpuF0__rep03,3,dual_axpy_gpu_N1280000000,pacca-a100,REF,F0,sha256:d3166ae3e44a83e8e4358f5676025a84f2db42339e30f9f916edee36436497fb,/home/latorresn/hyperion-results/final/campaigns/gpu/roofline_calibration_gpu_fp64_F0.json,0.0857767715477963,6.853790013388249,memory_bound,dual_axpy,run,ok,,True,1410,1410,valid,1.0,8559,6311,0.5755884330867519,48628019781,3261333.0,True,37.0,31.58534092568258,19.24793174633804,43.0,0.0,100.0,20.0,1.0,1.0,0.7893123083661848,2.56236289116282,1.0,0.0,13.0,6.0,1.0,66529.0,66466.8522412031,10480.239821257474,1375.0,63585.0,210548.0,200.0,1.0,1410.0,1410.0,0.0,0.0,1410.0,1410.0,1.0,1.0,33.0,33.41465907431742,0.6413365979324578,1.0,33.0,35.0,3.0,1.0,tmp/remote_gpu_runs_20260917/gpu/pacca_gpu_final_20260913__dual_axpy_gpu_N1280000000__REF__gpuF0__rep03/training_gpu_phases.csv,,False
pacca_gpu_final_20260913__dual_axpy_gpu_N1280000000__REF__gpuF1__rep01,1,dual_axpy_gpu_N1280000000,pacca-a100,REF,F1,sha256:d3166ae3e44a83e8e4358f5676025a84f2db42339e30f9f916edee36436497fb,/home/latorresn/hyperion-results/final/campaigns/gpu/roofline_calibration_gpu_fp64_F1.json,0.0857767715477963,6.18031703044422,memory_bound,dual_axpy,run,ok,,True,1260,1260,valid,1.0,8823,6150,0.5892606692045682,49777976305,2665351.0,True,36.0,30.81158804363224,19.722247854608582,43.0,0.0,100.0,22.0,1.0,1.0,0.7662558436039099,2.445612981694485,1.0,0.0,13.0,10.0,1.0,53306.0,53053.14817962884,5074.743190564083,1686.0,50219.0,117211.0,140.0,1.0,1260.0,1260.0,0.0,0.0,1260.0,1260.0,1.0,1.0,28.0,28.25796855078623,0.4609803939277889,1.0,28.0,29.0,2.0,1.0,tmp/remote_gpu_runs_20260917/gpu/pacca_gpu_final_20260913__dual_axpy_gpu_N1280000000__REF__gpuF1__rep01/training_gpu_phases.csv,,False
pacca_gpu_final_20260913__dual_axpy_gpu_N1280000000__REF__gpuF1__rep02,2,dual_axpy_gpu_N1280000000,pacca-a100,REF,F1,sha256:d3166ae3e44a83e8e4358f5676025a84f2db42339e30f9f916edee36436497fb,/home/latorresn/hyperion-results/final/campaigns/gpu/roofline_calibration_gpu_fp64_F1.json,0.0857767715477963,6.18031703044422,memory_bound,dual_axpy,run,ok,,True,1260,1260,valid,1.0,8756,6276,0.5824906865353912,50001901478,2686334.0,True,35.0,30.31615757921781,19.97536039581364,43.0,0.0,100.0,20.0,1.0,1.0,0.754210676562946,2.407022853413387,1.0,0.0,13.0,8.0,1.0,53496.0,53385.63088781045,7201.655941643167,1477.0,50628.0,145348.0,175.0,1.0,1260.0,1260.0,0.0,0.0,1260.0,1260.0,1.0,1.0,29.0,29.0,0.0,0.0,29.0,29.0,1.0,1.0,tmp/remote_gpu_runs_20260917/gpu/pacca_gpu_final_20260913__dual_axpy_gpu_N1280000000__REF__gpuF1__rep02/training_gpu_phases.csv,,False
pacca_gpu_final_20260913__dual_axpy_gpu_N1280000000__REF__gpuF1__rep03,3,dual_axpy_gpu_N1280000000,pacca-a100,REF,F1,sha256:d3166ae3e44a83e8e4358f5676025a84f2db42339e30f9f916edee36436497fb,/home/latorresn/hyperion-results/final/campaigns/gpu/roofline_calibration_gpu_fp64_F1.json,0.0857767715477963,6.18031703044422,memory_bound,dual_axpy,run,ok,,True,1260,1260,valid,1.0,8825,6285,0.5840502978160159,50222499486,2714396.0,True,35.0,30.77807675966577,19.52911750771535,43.0,0.0,100.0,22.0,1.0,1.0,0.7712788556861634,2.547100593349632,1.0,0.0,13.0,6.0,1.0,53789.0,53649.14643818156,5694.364871301282,1283.0,51015.0,142126.0,151.0,1.0,1260.0,1260.0,0.0,0.0,1260.0,1260.0,1.0,1.0,29.0,29.0,0.0757999971012171,0.0,29.0,30.0,2.0,1.0,tmp/remote_gpu_runs_20260917/gpu/pacca_gpu_final_20260913__dual_axpy_gpu_N1280000000__REF__gpuF1__rep03/training_gpu_phases.csv,,False
pacca_gpu_final_20260913__dual_axpy_gpu_N1280000000__REF__gpuF2__rep01,1,dual_axpy_gpu_N1280000000,pacca-a100,REF,F2,sha256:d3166ae3e44a83e8e4358f5676025a84f2db42339e30f9f916edee36436497fb,/home/latorresn/hyperion-results/final/campaigns/gpu/roofline_calibration_gpu_fp64_F2.json,0.0857767715477963,5.402777780507837,memory_bound,dual_axpy,run,ok,,True,1110,1110,valid,1.0,9223,5909,0.6095030399154111,52378431968,2475580.0,True,40.0,30.412657541672317,20.82181394301745,43.0,0.0,100.0,22.0,1.0,1.0,0.7205583412386503,2.342519050765569,1.0,0.0,13.0,9.0,1.0,47052.0,46913.28567556579,6987.598036184241,972.0,44684.0,143414.0,178.0,1.0,1110.0,1110.0,0.0,0.0,1110.0,1110.0,1.0,1.0,29.0,29.20680308984957,0.4415583968249016,1.0,29.0,30.0,2.0,1.0,tmp/remote_gpu_runs_20260917/gpu/pacca_gpu_final_20260913__dual_axpy_gpu_N1280000000__REF__gpuF2__rep01/training_gpu_phases.csv,,False
pacca_gpu_final_20260913__dual_axpy_gpu_N1280000000__REF__gpuF2__rep02,2,dual_axpy_gpu_N1280000000,pacca-a100,REF,F2,sha256:d3166ae3e44a83e8e4358f5676025a84f2db42339e30f9f916edee36436497fb,/home/latorresn/hyperion-results/final/campaigns/gpu/roofline_calibration_gpu_fp64_F2.json,0.0857767715477963,5.402777780507837,memory_bound,dual_axpy,run,ok,,True,1110,1110,valid,1.0,9226,5707,0.6178262907654188,52178391683,2461135.0,True,40.0,30.722974803576268,20.65011639988668,43.0,0.0,100.0,22.0,1.0,1.0,0.7282579246816581,2.469312525361986,1.0,0.0,13.0,8.0,1.0,46943.0,46787.92454619344,5047.107698546582,1051.0,43901.0,148387.0,160.0,1.0,1110.0,1110.0,0.0,0.0,1110.0,1110.0,1.0,1.0,29.0,28.8015442969385,0.4379344004873146,1.0,28.0,29.0,2.0,1.0,tmp/remote_gpu_runs_20260917/gpu/pacca_gpu_final_20260913__dual_axpy_gpu_N1280000000__REF__gpuF2__rep02/training_gpu_phases.csv,,False
pacca_gpu_final_20260913__dual_axpy_gpu_N1280000000__REF__gpuF2__rep03,3,dual_axpy_gpu_N1280000000,pacca-a100,REF,F2,sha256:d3166ae3e44a83e8e4358f5676025a84f2db42339e30f9f916edee36436497fb,/home/latorresn/hyperion-results/final/campaigns/gpu/roofline_calibration_gpu_fp64_F2.json,0.0857767715477963,5.402777780507837,memory_bound,dual_axpy,run,ok,,True,1110,1110,valid,1.0,9309,5970,0.6092676222265855,52529138706,2468335.0,True,39.0,30.398442743992483,20.693238541046533,43.0,0.0,100.0,21.0,1.0,1.0,0.7289569069673781,2.448248451182613,1.0,0.0,13.0,8.0,1.0,46649.0,46516.879044167,6302.683577734264,852.0,44097.0,130099.0,156.0,1.0,1110.0,1110.0,0.0,0.0,1110.0,1110.0,1.0,1.0,28.0,28.0,0.0,0.0,28.0,28.0,1.0,1.0,tmp/remote_gpu_runs_20260917/gpu/pacca_gpu_final_20260913__dual_axpy_gpu_N1280000000__REF__gpuF2__rep03/training_gpu_phases.csv,,False
pacca_gpu_final_20260913__dual_axpy_gpu_N1280000000__REF__gpuF3__rep01,1,dual_axpy_gpu_N1280000000,pacca-a100,REF,F3,sha256:d3166ae3e44a83e8e4358f5676025a84f2db42339e30f9f916edee36436497fb,/home/latorresn/hyperion-results/final/campaigns/gpu/roofline_calibration_gpu_fp64_F3.json,0.0857767715477963,4.6473636179248725,memory_bound,dual_axpy,run,ok,,True,960,960,valid,1.0,9785,3707,0.725244589386303,54578723481,2385355.0,True,46.0,31.9426491250479,22.97101978518516,46.0,0.0,100.0,14.0,1.0,1.0,0.68591135521778,2.5097952336504337,1.0,0.0,13.0,4.0,1.0,43602.0,43291.90394686422,5046.558301713816,1199.0,40645.0,113133.0,80.0,1.0,960.0,960.0,0.0,0.0,960.0,960.0,1.0,1.0,27.0,27.0,0.094405914571083,0.0,27.0,28.0,2.0,1.0,tmp/remote_gpu_runs_20260917/gpu/pacca_gpu_final_20260913__dual_axpy_gpu_N1280000000__REF__gpuF3__rep01/training_gpu_phases.csv,,False
pacca_gpu_final_20260913__dual_axpy_gpu_N1280000000__REF__gpuF3__rep02,2,dual_axpy_gpu_N1280000000,pacca-a100,REF,F3,sha256:d3166ae3e44a83e8e4358f5676025a84f2db42339e30f9f916edee36436497fb,/home/latorresn/hyperion-results/final/campaigns/gpu/roofline_calibration_gpu_fp64_F3.json,0.0857767715477963,4.6473636179248725,memory_bound,dual_axpy,run,ok,,True,960,960,valid,1.0,9608,4138,0.6989669722100975,54902487272,2368146.0,True,45.0,31.823361082206038,22.55571642252643,46.0,0.0,100.0,17.0,1.0,1.0,0.6987513007284079,2.422374800722843,1.0,0.0,13.0,6.0,1.0,42892.0,42779.633975026016,6508.314892240582,870.0,40939.0,142575.0,128.0,1.0,960.0,960.0,0.0,0.0,960.0,960.0,1.0,1.0,27.0,27.0,0.0,0.0,27.0,27.0,1.0,1.0,tmp/remote_gpu_runs_20260917/gpu/pacca_gpu_final_20260913__dual_axpy_gpu_N1280000000__REF__gpuF3__rep02/training_gpu_phases.csv,,False
pacca_gpu_final_20260913__dual_axpy_gpu_N1280000000__REF__gpuF3__rep03,3,dual_axpy_gpu_N1280000000,pacca-a100,REF,F3,sha256:d3166ae3e44a83e8e4358f5676025a84f2db42339e30f9f916edee36436497fb,/home/latorresn/hyperion-results/final/campaigns/gpu/roofline_calibration_gpu_fp64_F3.json,0.0857767715477963,4.6473636179248725,memory_bound,dual_axpy,run,ok,,True,960,960,valid,1.0,9711,3756,0.7210960124749387,55002269354,2376212.0,True,45.0,31.978375595314716,22.706816442177814,46.0,0.0,100.0,19.0,1.0,1.0,0.6972583344059724,2.423091679293952,1.0,0.0,13.0,6.0,1.0,43100.0,42874.019951087655,6873.427159962918,1181.0,39935.0,129339.0,117.0,1.0,960.0,960.0,0.0,0.0,960.0,960.0,1.0,1.0,26.0,26.0,0.1261184110695362,0.0,26.0,27.0,2.0,1.0,tmp/remote_gpu_runs_20260917/gpu/pacca_gpu_final_20260913__dual_axpy_gpu_N1280000000__REF__gpuF3__rep03/training_gpu_phases.csv,,False
pacca_gpu_final_20260913__dual_axpy_gpu_N1280000000__REF__gpuF4__rep01,1,dual_axpy_gpu_N1280000000,pacca-a100,REF,F4,sha256:d3166ae3e44a83e8e4358f5676025a84f2db42339e30f9f916edee36436497fb,/home/latorresn/hyperion-results/final/campaigns/gpu/roofline_calibration_gpu_fp64_F4.json,0.0857767715477963,3.847999914788036,memory_bound,dual_axpy,run,ok,,True,810,810,valid,1.0,9949,2205,0.8185782458449893,57473081973,2398982.0,True,52.0,35.094334882552445,26.26633367905916,53.0,0.0,100.0,18.0,1.0,1.0,0.6598417284260771,2.4156806140649536,1.0,0.0,13.0,6.0,1.0,41608.0,41315.92086421304,5541.149149040208,1170.0,39357.0,137341.0,92.0,1.0,810.0,810.0,0.0,0.0,810.0,810.0,1.0,1.0,26.0,26.0,0.1055020543033949,0.0,26.0,27.0,2.0,1.0,tmp/remote_gpu_runs_20260917/gpu/pacca_gpu_final_20260913__dual_axpy_gpu_N1280000000__REF__gpuF4__rep01/training_gpu_phases.csv,,False
pacca_gpu_final_20260913__dual_axpy_gpu_N1280000000__REF__gpuF4__rep02,2,dual_axpy_gpu_N1280000000,pacca-a100,REF,F4,sha256:d3166ae3e44a83e8e4358f5676025a84f2db42339e30f9f916edee36436497fb,/home/latorresn/hyperion-results/final/campaigns/gpu/roofline_calibration_gpu_fp64_F4.json,0.0857767715477963,3.847999914788036,memory_bound,dual_axpy,run,ok,,True,810,810,valid,1.0,9916,2038,0.8295131336791032,57540005705,2400508.0,True,52.0,34.62263675321402,26.082740912049797,53.0,0.0,100.0,18.0,1.0,1.0,0.6560373077892614,2.412718321391076,1.0,0.0,13.0,6.0,1.0,41695.0,41364.30211746912,8584.83270392041,1160.0,38738.0,147060.0,101.0,1.0,810.0,810.0,0.0,0.0,810.0,810.0,1.0,1.0,26.0,26.241114192084694,0.4550747525703336,1.0,26.0,27.0,2.0,1.0,tmp/remote_gpu_runs_20260917/gpu/pacca_gpu_final_20260913__dual_axpy_gpu_N1280000000__REF__gpuF4__rep02/training_gpu_phases.csv,,False
pacca_gpu_final_20260913__dual_axpy_gpu_N1280000000__REF__gpuF4__rep03,3,dual_axpy_gpu_N1280000000,pacca-a100,REF,F4,sha256:d3166ae3e44a83e8e4358f5676025a84f2db42339e30f9f916edee36436497fb,/home/latorresn/hyperion-results/final/campaigns/gpu/roofline_calibration_gpu_fp64_F4.json,0.0857767715477963,3.847999914788036,memory_bound,dual_axpy,run,ok,,True,810,810,valid,1.0,9792,2096,0.8236877523553163,57764508718,2406390.0,True,52.0,34.48991575185091,26.175678073934733,53.0,0.0,100.0,14.0,1.0,1.0,0.6510084248149094,2.4257735593424448,1.0,0.0,13.0,6.0,1.0,41620.0,41313.81044166454,6642.320126707848,1084.5,38463.0,133428.0,80.0,1.0,810.0,810.0,0.0,0.0,810.0,810.0,1.0,1.0,26.0,26.0,0.0733708774562082,0.0,26.0,27.0,2.0,1.0,tmp/remote_gpu_runs_20260917/gpu/pacca_gpu_final_20260913__dual_axpy_gpu_N1280000000__REF__gpuF4__rep03/training_gpu_phases.csv,,False
pacca_gpu_final_20260913__dual_axpy_gpu_N1280000000__REF__gpuF5__rep01,1,dual_axpy_gpu_N1280000000,pacca-a100,REF,F5,sha256:d3166ae3e44a83e8e4358f5676025a84f2db42339e30f9f916edee36436497fb,/home/latorresn/hyperion-results/final/campaigns/gpu/roofline_calibration_gpu_fp64_F5.json,0.0857767715477963,3.227383731801676,memory_bound,dual_axpy,run,ok,,True,660,660,valid,1.0,8509,1519,0.8485241324291982,60763074870,2431224.0,True,65.0,39.81245410486121,32.55617347666186,65.0,0.0,100.0,18.0,1.0,1.0,0.6008224408870613,2.369395268564079,1.0,0.0,13.0,6.0,1.0,40007.0,39617.361139668086,5280.584761407877,1150.0,37766.0,104695.0,96.0,1.0,660.0,660.0,0.0,0.0,660.0,660.0,1.0,1.0,26.0,26.134234101923923,0.4053794636530102,0.0,26.0,27.0,2.0,1.0,tmp/remote_gpu_runs_20260917/gpu/pacca_gpu_final_20260913__dual_axpy_gpu_N1280000000__REF__gpuF5__rep01/training_gpu_phases.csv,,False
pacca_gpu_final_20260913__dual_axpy_gpu_N1280000000__REF__gpuF5__rep02,2,dual_axpy_gpu_N1280000000,pacca-a100,REF,F5,sha256:d3166ae3e44a83e8e4358f5676025a84f2db42339e30f9f916edee36436497fb,/home/latorresn/hyperion-results/final/campaigns/gpu/roofline_calibration_gpu_fp64_F5.json,0.0857767715477963,3.227383731801676,memory_bound,dual_axpy,run,ok,,True,660,660,valid,1.0,8915,1567,0.8505056286968136,60709135502,2424844.0,True,65.0,40.22108509743446,32.45082528741256,65.0,0.0,100.0,18.0,1.0,1.0,0.6057759708397589,2.409604383228225,1.0,0.0,13.0,4.0,1.0,40007.0,39588.22529090144,3938.026431760734,1244.0,36873.0,93894.0,75.0,1.0,660.0,660.0,0.0,0.0,660.0,660.0,1.0,1.0,26.0,26.0,0.0366637989043387,0.0,26.0,27.0,2.0,1.0,tmp/remote_gpu_runs_20260917/gpu/pacca_gpu_final_20260913__dual_axpy_gpu_N1280000000__REF__gpuF5__rep02/training_gpu_phases.csv,,False
pacca_gpu_final_20260913__dual_axpy_gpu_N1280000000__REF__gpuF5__rep03,3,dual_axpy_gpu_N1280000000,pacca-a100,REF,F5,sha256:d3166ae3e44a83e8e4358f5676025a84f2db42339e30f9f916edee36436497fb,/home/latorresn/hyperion-results/final/campaigns/gpu/roofline_calibration_gpu_fp64_F5.json,0.0857767715477963,3.227383731801676,memory_bound,dual_axpy,run,ok,,True,660,660,valid,1.0,9022,1589,0.8502497408349826,61312738184,2453230.0,True,63.0,39.77805486284289,31.845550219126057,63.0,0.0,100.0,18.0,1.0,1.0,0.6185924078692159,2.383350335636448,1.0,0.0,13.0,6.0,1.0,40017.0,39656.84926572458,7845.271192987843,1074.0,37958.0,137833.0,76.0,1.0,660.0,660.0,0.0,0.0,660.0,660.0,1.0,1.0,26.0,26.2799944582987,0.4679946642688466,1.0,26.0,27.0,2.0,1.0,tmp/remote_gpu_runs_20260917/gpu/pacca_gpu_final_20260913__dual_axpy_gpu_N1280000000__REF__gpuF5__rep03/training_gpu_phases.csv,,False
pacca_gpu_final_20260913__dual_axpy_gpu_N1280000000__REF__gpuF6__rep01,1,dual_axpy_gpu_N1280000000,pacca-a100,REF,F6,sha256:d3166ae3e44a83e8e4358f5676025a84f2db42339e30f9f916edee36436497fb,/home/latorresn/hyperion-results/final/campaigns/gpu/roofline_calibration_gpu_fp64_F6.json,0.0857767715477963,2.537117986910783,memory_bound,dual_axpy,run,ok,,True,510,510,valid,1.0,9079,1425,0.8643373952779894,61759629327,2390607.0,True,67.0,41.49442532690984,33.40634219666381,67.0,0.0,100.0,21.0,1.0,1.0,0.6119752236751549,2.303109097772718,1.0,0.0,13.0,9.0,1.0,38820.0,38403.24666207846,6629.889029425254,1163.0,36361.0,132988.0,86.0,1.0,510.0,510.0,0.0,0.0,510.0,510.0,1.0,1.0,26.0,26.0,0.0,0.0,26.0,26.0,1.0,1.0,tmp/remote_gpu_runs_20260917/gpu/pacca_gpu_final_20260913__dual_axpy_gpu_N1280000000__REF__gpuF6__rep01/training_gpu_phases.csv,,False
pacca_gpu_final_20260913__dual_axpy_gpu_N1280000000__REF__gpuF6__rep02,2,dual_axpy_gpu_N1280000000,pacca-a100,REF,F6,sha256:d3166ae3e44a83e8e4358f5676025a84f2db42339e30f9f916edee36436497fb,/home/latorresn/hyperion-results/final/campaigns/gpu/roofline_calibration_gpu_fp64_F6.json,0.0857767715477963,2.537117986910783,memory_bound,dual_axpy,run,ok,,True,510,510,valid,1.0,8550,1465,0.853719420868697,62125735886,2414012.0,True,64.0,40.844590643274856,32.57418624621211,65.0,0.0,100.0,24.0,1.0,1.0,0.6200292397660818,2.3836279576916355,1.0,0.0,13.0,5.0,1.0,38840.0,38516.06637426901,6066.259992084334,1087.0,36383.0,126642.0,92.0,1.0,510.0,510.0,0.0,0.0,510.0,510.0,1.0,1.0,26.0,26.0,0.0,0.0,26.0,26.0,1.0,1.0,tmp/remote_gpu_runs_20260917/gpu/pacca_gpu_final_20260913__dual_axpy_gpu_N1280000000__REF__gpuF6__rep02/training_gpu_phases.csv,,False
pacca_gpu_final_20260913__dual_axpy_gpu_N1280000000__REF__gpuF6__rep03,3,dual_axpy_gpu_N1280000000,pacca-a100,REF,F6,sha256:d3166ae3e44a83e8e4358f5676025a84f2db42339e30f9f916edee36436497fb,/home/latorresn/hyperion-results/final/campaigns/gpu/roofline_calibration_gpu_fp64_F6.json,0.0857767715477963,2.537117986910783,memory_bound,dual_axpy,run,ok,,True,510,510,valid,1.0,9940,1456,0.8722358722358723,61626708680,2384917.0,True,66.0,42.74157444668008,32.963353531553864,68.0,0.0,100.0,22.0,1.0,1.0,0.6332997987927566,2.3921826016935106,1.0,0.0,13.0,6.0,1.0,38830.0,38406.63820422535,5082.202408474192,1175.0,36676.0,124998.0,93.0,1.0,510.0,510.0,0.0,0.0,510.0,510.0,1.0,1.0,26.0,26.0,0.0,0.0,26.0,26.0,1.0,1.0,tmp/remote_gpu_runs_20260917/gpu/pacca_gpu_final_20260913__dual_axpy_gpu_N1280000000__REF__gpuF6__rep03/training_gpu_phases.csv,,False
pacca_gpu_final_20260913__dual_axpy_gpu_N1280000000__REF__gpuF7__rep01,1,dual_axpy_gpu_N1280000000,pacca-a100,REF,F7,sha256:d3166ae3e44a83e8e4358f5676025a84f2db42339e30f9f916edee36436497fb,/home/latorresn/hyperion-results/final/campaigns/gpu/roofline_calibration_gpu_fp64_F7.json,0.0857767715477963,1.7704004001452782,memory_bound,dual_axpy,run,ok,,True,360,360,valid,1.0,9055,1488,0.8588637010338613,61131416627,2316349.0,True,66.0,41.92449965493444,33.23333230564579,67.0,0.0,100.0,22.0,1.0,1.0,0.6197377501725327,2.4192593035702146,1.0,0.0,13.0,4.0,1.0,37849.0,37490.22512077295,8067.545319332179,1171.0,36555.0,131602.0,71.0,1.0,360.0,360.0,0.0,0.0,360.0,360.0,1.0,1.0,25.0,25.378329882677708,0.4904315129383954,1.0,25.0,26.0,2.0,1.0,tmp/remote_gpu_runs_20260917/gpu/pacca_gpu_final_20260913__dual_axpy_gpu_N1280000000__REF__gpuF7__rep01/training_gpu_phases.csv,,False
pacca_gpu_final_20260913__dual_axpy_gpu_N1280000000__REF__gpuF7__rep02,2,dual_axpy_gpu_N1280000000,pacca-a100,REF,F7,sha256:d3166ae3e44a83e8e4358f5676025a84f2db42339e30f9f916edee36436497fb,/home/latorresn/hyperion-results/final/campaigns/gpu/roofline_calibration_gpu_fp64_F7.json,0.0857767715477963,1.7704004001452782,memory_bound,dual_axpy,run,ok,,True,360,360,valid,1.0,9060,1425,0.8640915593705293,61140435548,2315372.0,True,66.0,41.36796357615894,33.192742710351354,67.0,0.0,100.0,21.0,1.0,1.0,0.6112030905077263,2.3222080782958896,1.0,0.0,13.0,5.0,1.0,37937.0,37540.51862582781,5162.781480393618,1080.0,35984.0,115803.0,74.0,1.0,360.0,360.0,0.0,0.0,360.0,360.0,1.0,1.0,26.0,26.0,0.1501208849067354,0.0,25.0,26.0,2.0,1.0,tmp/remote_gpu_runs_20260917/gpu/pacca_gpu_final_20260913__dual_axpy_gpu_N1280000000__REF__gpuF7__rep02/training_gpu_phases.csv,,False
pacca_gpu_final_20260913__dual_axpy_gpu_N1280000000__REF__gpuF7__rep03,3,dual_axpy_gpu_N1280000000,pacca-a100,REF,F7,sha256:d3166ae3e44a83e8e4358f5676025a84f2db42339e30f9f916edee36436497fb,/home/latorresn/hyperion-results/final/campaigns/gpu/roofline_calibration_gpu_fp64_F7.json,0.0857767715477963,1.7704004001452782,memory_bound,dual_axpy,run,ok,,True,360,360,valid,1.0,8419,1480,0.8504899484796444,61212905275,2314812.0,True,66.0,41.53510464598486,33.44961189760427,67.0,0.0,100.0,23.0,1.0,1.0,0.6125872049873831,2.346187972846387,1.0,0.0,13.0,6.0,1.0,37840.0,37450.14249666024,5770.535055335648,1172.0,36373.0,117593.0,83.0,1.0,360.0,360.0,0.0,0.0,360.0,360.0,1.0,1.0,25.0,25.0,0.1654030071427487,0.0,25.0,26.0,2.0,1.0,tmp/remote_gpu_runs_20260917/gpu/pacca_gpu_final_20260913__dual_axpy_gpu_N1280000000__REF__gpuF7__rep03/training_gpu_phases.csv,,False
pacca_gpu_final_20260913__dual_axpy_gpu_N1280000000__REF__gpuF8__rep01,1,dual_axpy_gpu_N1280000000,pacca-a100,REF,F8,sha256:d3166ae3e44a83e8e4358f5676025a84f2db42339e30f9f916edee36436497fb,/home/latorresn/hyperion-results/final/campaigns/gpu/roofline_calibration_gpu_fp64_F8.json,0.0857767715477963,1.3515565388833937,memory_bound,dual_axpy,run,ok,,True,210,210,valid,1.0,9226,1460,0.8633726370952648,61850530791,2281554.0,True,67.0,41.563803847195885,33.71096826988989,68.0,0.0,100.0,21.0,1.0,1.0,0.6095908967759415,2.312595950672468,1.0,0.0,13.0,8.0,1.0,36946.0,36513.19926849093,5025.813353793922,1172.0,35482.0,109285.0,77.0,1.0,210.0,210.0,0.0,0.0,210.0,210.0,1.0,1.0,25.0,25.0,0.0416079535712497,0.0,25.0,26.0,2.0,1.0,tmp/remote_gpu_runs_20260917/gpu/pacca_gpu_final_20260913__dual_axpy_gpu_N1280000000__REF__gpuF8__rep01/training_gpu_phases.csv,,False
pacca_gpu_final_20260913__dual_axpy_gpu_N1280000000__REF__gpuF8__rep02,2,dual_axpy_gpu_N1280000000,pacca-a100,REF,F8,sha256:d3166ae3e44a83e8e4358f5676025a84f2db42339e30f9f916edee36436497fb,/home/latorresn/hyperion-results/final/campaigns/gpu/roofline_calibration_gpu_fp64_F8.json,0.0857767715477963,1.3515565388833937,memory_bound,dual_axpy,run,ok,,True,210,210,valid,1.0,9746,1486,0.8676994301994302,61621044833,2271336.0,True,65.0,42.095665555270585,33.02660128808168,68.0,0.0,100.0,25.0,1.0,1.0,0.6283662477558348,2.3334304468904272,1.0,0.0,13.0,7.0,1.0,36946.0,36551.50359066427,5376.844839732915,1084.0,35378.0,108663.0,75.0,1.0,210.0,210.0,0.0,0.0,210.0,210.0,1.0,1.0,25.0,25.231597845601435,0.4515311597795965,1.0,25.0,26.0,2.0,1.0,tmp/remote_gpu_runs_20260917/gpu/pacca_gpu_final_20260913__dual_axpy_gpu_N1280000000__REF__gpuF8__rep02/training_gpu_phases.csv,,False
pacca_gpu_final_20260913__dual_axpy_gpu_N1280000000__REF__gpuF8__rep03,3,dual_axpy_gpu_N1280000000,pacca-a100,REF,F8,sha256:d3166ae3e44a83e8e4358f5676025a84f2db42339e30f9f916edee36436497fb,/home/latorresn/hyperion-results/final/campaigns/gpu/roofline_calibration_gpu_fp64_F8.json,0.0857767715477963,1.3515565388833937,memory_bound,dual_axpy,run,ok,,True,210,210,valid,1.0,8958,1445,0.861097760261463,61310756661,2264960.0,True,66.0,41.44810267857143,33.65692475228684,67.0,0.0,100.0,22.0,1.0,1.0,0.6032366071428571,2.392076243364009,1.0,0.0,13.0,5.0,1.0,36955.0,36539.553013392855,5390.824219024119,1265.0,35370.0,106591.0,72.0,1.0,210.0,210.0,0.0,0.0,210.0,210.0,1.0,1.0,25.0,25.0,0.221165398145102,0.0,25.0,26.0,2.0,1.0,tmp/remote_gpu_runs_20260917/gpu/pacca_gpu_final_20260913__dual_axpy_gpu_N1280000000__REF__gpuF8__rep03/training_gpu_phases.csv,,False
pacca_gpu_final_20260913__dual_axpy_gpu_N1280000000__REF__gpuREF__rep01,1,dual_axpy_gpu_N1280000000,pacca-a100,REF,REF,sha256:d3166ae3e44a83e8e4358f5676025a84f2db42339e30f9f916edee36436497fb,/home/latorresn/hyperion-results/final/campaigns/gpu/roofline_calibration_gpu_fp64_REF.json,0.0857767715477963,6.898376612287448,memory_bound,dual_axpy,run,ok,,True,,,not_applicable_native,,8488,6265,0.575340608689758,48172843458,3293611.0,True,38.0,31.59040047114252,18.775777403685467,43.0,0.0,100.0,20.0,1.0,1.0,0.7906360424028268,2.572002409433864,1.0,0.0,13.0,7.0,1.0,68592.0,67974.2046525324,10290.587671212696,3234.0,63861.0,212017.0,242.0,1.0,1410.0,1410.0,0.0,0.0,1410.0,1410.0,1.0,1.0,33.0,33.187720848056536,0.4330807001146283,1.0,33.0,34.0,2.0,1.0,tmp/remote_gpu_runs_20260917/gpu/pacca_gpu_final_20260913__dual_axpy_gpu_N1280000000__REF__gpuREF__rep01/training_gpu_phases.csv,,False
pacca_gpu_final_20260913__dual_axpy_gpu_N1280000000__REF__gpuREF__rep02,2,dual_axpy_gpu_N1280000000,pacca-a100,REF,REF,sha256:d3166ae3e44a83e8e4358f5676025a84f2db42339e30f9f916edee36436497fb,/home/latorresn/hyperion-results/final/campaigns/gpu/roofline_calibration_gpu_fp64_REF.json,0.0857767715477963,6.898376612287448,memory_bound,dual_axpy,run,ok,,True,,,not_applicable_native,,8482,6281,0.5745444692813114,48213488605,3226352.0,True,37.0,31.57883878573534,19.354759656083477,43.0,0.0,100.0,21.0,1.0,1.0,0.792071912761568,2.530524957656317,1.0,0.0,13.0,8.0,1.0,66725.0,66423.82287061597,8330.072359579404,2210.0,62693.0,187567.0,208.0,1.0,1410.0,1410.0,0.0,0.0,1410.0,1410.0,1.0,1.0,30.0,30.0,0.1783570125129253,0.0,30.0,31.0,2.0,1.0,tmp/remote_gpu_runs_20260917/gpu/pacca_gpu_final_20260913__dual_axpy_gpu_N1280000000__REF__gpuREF__rep02/training_gpu_phases.csv,,False
pacca_gpu_final_20260913__dual_axpy_gpu_N1280000000__REF__gpuREF__rep03,3,dual_axpy_gpu_N1280000000,pacca-a100,REF,REF,sha256:d3166ae3e44a83e8e4358f5676025a84f2db42339e30f9f916edee36436497fb,/home/latorresn/hyperion-results/final/campaigns/gpu/roofline_calibration_gpu_fp64_REF.json,0.0857767715477963,6.898376612287448,memory_bound,dual_axpy,run,ok,,True,,,not_applicable_native,,8456,6297,0.5731715583271199,48071930565,3237573.0,True,38.0,32.00280815843926,19.29634206831893,43.0,0.0,100.0,22.0,1.0,1.0,0.7969258054980787,2.598531348761938,1.0,0.0,13.0,5.0,1.0,67116.0,66879.54626071535,9811.85750069781,2089.0,63292.0,210855.0,233.0,1.0,1410.0,1410.0,0.0,0.0,1410.0,1410.0,1.0,1.0,31.0,30.531480934082172,0.5073637721018976,1.0,30.0,32.0,3.0,1.0,tmp/remote_gpu_runs_20260917/gpu/pacca_gpu_final_20260913__dual_axpy_gpu_N1280000000__REF__gpuREF__rep03/training_gpu_phases.csv,,False
pacca_gpu_final_20260913__dual_cholesky_gpu_N2048__REF__gpuF0__rep01,1,dual_cholesky_gpu_N2048,pacca-a100,REF,F0,sha256:0df46019e61e6cffdb3e7df55370bc9407bc1fc2a8bbc7b5fb4b6b90581f0058,/home/latorresn/hyperion-results/final/campaigns/gpu/roofline_calibration_gpu_fp64_F0.json,8.215103509831891,6.853790013388249,compute_bound,dual_cholesky,run,ok,,True,1410,1410,valid,1.0,1774,5009,0.2615361934247383,10013507748,740997.0,True,46.0,41.09014084507042,16.9959204673549,0.0,0.0,47.0,9.0,1.0,1.0,0.8647887323943662,0.4058800728984629,0.0,0.0,1.0,2.0,1.0,74541.0,73966.79859154929,3454.7038402344697,2138.0,65547.0,78481.0,86.0,1.0,1410.0,1410.0,0.0,0.0,1410.0,1410.0,1.0,1.0,30.0,30.08098591549296,0.3708189433517949,0.0,30.0,31.0,2.0,1.0,tmp/remote_gpu_runs_20260917/gpu/pacca_gpu_final_20260913__dual_cholesky_gpu_N2048__REF__gpuF0__rep01/training_gpu_phases.csv,,True
pacca_gpu_final_20260913__dual_cholesky_gpu_N2048__REF__gpuF0__rep02,2,dual_cholesky_gpu_N2048,pacca-a100,REF,F0,sha256:0df46019e61e6cffdb3e7df55370bc9407bc1fc2a8bbc7b5fb4b6b90581f0058,/home/latorresn/hyperion-results/final/campaigns/gpu/roofline_calibration_gpu_fp64_F0.json,8.215103509831891,6.853790013388249,compute_bound,dual_cholesky,run,ok,,True,1410,1410,valid,1.0,1737,5006,0.2576004745662168,9840673589,720204.0,True,46.0,41.85118619698059,15.983596109851169,0.0,0.0,46.0,8.0,1.0,1.0,0.8785046728971962,0.397649406307765,0.0,0.0,1.0,2.0,1.0,74220.0,73626.31631919483,3501.856675197448,3198.0,64269.0,77395.0,86.0,1.0,1410.0,1410.0,0.0,0.0,1410.0,1410.0,1.0,1.0,29.0,29.0,0.1719923616676322,0.0,29.0,30.0,2.0,1.0,tmp/remote_gpu_runs_20260917/gpu/pacca_gpu_final_20260913__dual_cholesky_gpu_N2048__REF__gpuF0__rep02/training_gpu_phases.csv,,True
pacca_gpu_final_20260913__dual_cholesky_gpu_N2048__REF__gpuF0__rep03,3,dual_cholesky_gpu_N2048,pacca-a100,REF,F0,sha256:0df46019e61e6cffdb3e7df55370bc9407bc1fc2a8bbc7b5fb4b6b90581f0058,/home/latorresn/hyperion-results/final/campaigns/gpu/roofline_calibration_gpu_fp64_F0.json,8.215103509831891,6.853790013388249,compute_bound,dual_cholesky,run,ok,,True,1410,1410,valid,1.0,1751,4952,0.261226316574668,9951007467,732452.0,True,46.0,41.58529621698786,16.33434668624304,0.0,0.0,46.0,7.0,1.0,1.0,0.8722341184867951,0.4016184798540404,0.0,0.0,1.0,2.0,1.0,75444.0,74598.63026409707,3847.199544638752,3188.0,63903.0,78792.0,88.0,1.0,1410.0,1410.0,0.0,0.0,1410.0,1410.0,1.0,1.0,30.0,29.6395431834404,0.4873747727383006,1.0,29.0,30.0,2.0,1.0,tmp/remote_gpu_runs_20260917/gpu/pacca_gpu_final_20260913__dual_cholesky_gpu_N2048__REF__gpuF0__rep03/training_gpu_phases.csv,,True
pacca_gpu_final_20260913__dual_cholesky_gpu_N2048__REF__gpuF1__rep01,1,dual_cholesky_gpu_N2048,pacca-a100,REF,F1,sha256:0df46019e61e6cffdb3e7df55370bc9407bc1fc2a8bbc7b5fb4b6b90581f0058,/home/latorresn/hyperion-results/final/campaigns/gpu/roofline_calibration_gpu_fp64_F1.json,8.215103509831891,6.18031703044422,compute_bound,dual_cholesky,run,ok,,True,1260,1260,valid,1.0,2037,4816,0.2972420837589377,11531575716,667679.0,True,47.0,37.4886572654813,19.81511660452812,40.0,0.0,47.0,10.0,1.0,1.0,0.7866339668914776,0.4442159774996251,1.0,0.0,1.0,2.0,1.0,59614.0,58680.25137952177,3235.5551807534152,6906.0,49523.0,62584.0,76.0,1.0,1260.0,1260.0,0.0,0.0,1260.0,1260.0,1.0,1.0,30.0,30.0,0.0,0.0,30.0,30.0,1.0,1.0,tmp/remote_gpu_runs_20260917/gpu/pacca_gpu_final_20260913__dual_cholesky_gpu_N2048__REF__gpuF1__rep01/training_gpu_phases.csv,,True
pacca_gpu_final_20260913__dual_cholesky_gpu_N2048__REF__gpuF1__rep02,2,dual_cholesky_gpu_N2048,pacca-a100,REF,F1,sha256:0df46019e61e6cffdb3e7df55370bc9407bc1fc2a8bbc7b5fb4b6b90581f0058,/home/latorresn/hyperion-results/final/campaigns/gpu/roofline_calibration_gpu_fp64_F1.json,8.215103509831891,6.18031703044422,compute_bound,dual_cholesky,run,ok,,True,1260,1260,valid,1.0,2048,4865,0.2962534355561985,11729750490,672507.0,True,47.0,35.85243902439024,20.147102154918144,42.0,0.0,48.0,11.0,1.0,1.0,0.724390243902439,0.4665966163012222,1.0,0.0,1.0,2.0,1.0,59337.0,58274.71707317073,3163.389606380759,6703.0,50042.0,62584.0,80.0,1.0,1260.0,1260.0,0.0,0.0,1260.0,1260.0,1.0,1.0,30.0,29.72256097560976,0.4671580940101481,1.0,29.0,30.0,2.0,1.0,tmp/remote_gpu_runs_20260917/gpu/pacca_gpu_final_20260913__dual_cholesky_gpu_N2048__REF__gpuF1__rep02/training_gpu_phases.csv,,True
pacca_gpu_final_20260913__dual_cholesky_gpu_N2048__REF__gpuF1__rep03,3,dual_cholesky_gpu_N2048,pacca-a100,REF,F1,sha256:0df46019e61e6cffdb3e7df55370bc9407bc1fc2a8bbc7b5fb4b6b90581f0058,/home/latorresn/hyperion-results/final/campaigns/gpu/roofline_calibration_gpu_fp64_F1.json,8.215103509831891,6.18031703044422,compute_bound,dual_cholesky,run,ok,,True,1260,1260,valid,1.0,2022,4889,0.2925770510779916,11585409438,663484.0,True,47.0,36.41347342398022,19.949947672443024,41.0,0.0,47.0,7.0,1.0,1.0,0.7391841779975278,0.4619178331700935,1.0,0.0,1.0,2.0,1.0,58836.0,57799.07045735476,3163.9669474796115,6613.0,49346.0,61789.0,70.0,1.0,1260.0,1260.0,0.0,0.0,1260.0,1260.0,1.0,1.0,28.0,28.07416563658838,0.3659074443737626,0.0,28.0,29.0,2.0,1.0,tmp/remote_gpu_runs_20260917/gpu/pacca_gpu_final_20260913__dual_cholesky_gpu_N2048__REF__gpuF1__rep03/training_gpu_phases.csv,,True
pacca_gpu_final_20260913__dual_cholesky_gpu_N2048__REF__gpuF2__rep01,1,dual_cholesky_gpu_N2048,pacca-a100,REF,F2,sha256:0df46019e61e6cffdb3e7df55370bc9407bc1fc2a8bbc7b5fb4b6b90581f0058,/home/latorresn/hyperion-results/final/campaigns/gpu/roofline_calibration_gpu_fp64_F2.json,8.215103509831891,5.402777780507837,compute_bound,dual_cholesky,run,ok,,True,1110,1110,valid,1.0,2430,4997,0.3271845967416184,13858772342,695613.0,True,49.0,32.80195473251029,22.7458602217054,47.0,0.0,50.0,12.0,1.0,1.0,0.625,0.4898979485566534,1.0,0.0,1.0,2.0,1.0,51516.0,50441.100823045264,2703.370247286776,5428.0,44795.0,53998.0,76.0,1.0,1110.0,1110.0,0.0,0.0,1110.0,1110.0,1.0,1.0,31.0,31.0,0.1433428501429016,0.0,30.0,31.0,2.0,1.0,tmp/remote_gpu_runs_20260917/gpu/pacca_gpu_final_20260913__dual_cholesky_gpu_N2048__REF__gpuF2__rep01/training_gpu_phases.csv,,True
pacca_gpu_final_20260913__dual_cholesky_gpu_N2048__REF__gpuF2__rep02,2,dual_cholesky_gpu_N2048,pacca-a100,REF,F2,sha256:0df46019e61e6cffdb3e7df55370bc9407bc1fc2a8bbc7b5fb4b6b90581f0058,/home/latorresn/hyperion-results/final/campaigns/gpu/roofline_calibration_gpu_fp64_F2.json,8.215103509831891,5.402777780507837,compute_bound,dual_cholesky,run,ok,,True,1110,1110,valid,1.0,2422,4984,0.3270321361058601,13871012742,678806.0,True,50.0,33.85345717234262,22.94895079275085,47.0,0.0,50.0,11.0,1.0,1.0,0.6460268317853457,0.4861554380328168,1.0,0.0,1.0,2.0,1.0,50415.0,49308.6790505676,2788.311130803417,5718.0,44599.0,53301.0,77.0,1.0,1110.0,1110.0,0.0,0.0,1110.0,1110.0,1.0,1.0,27.0,27.0,0.0,0.0,27.0,27.0,1.0,1.0,tmp/remote_gpu_runs_20260917/gpu/pacca_gpu_final_20260913__dual_cholesky_gpu_N2048__REF__gpuF2__rep02/training_gpu_phases.csv,,True
pacca_gpu_final_20260913__dual_cholesky_gpu_N2048__REF__gpuF2__rep03,3,dual_cholesky_gpu_N2048,pacca-a100,REF,F2,sha256:0df46019e61e6cffdb3e7df55370bc9407bc1fc2a8bbc7b5fb4b6b90581f0058,/home/latorresn/hyperion-results/final/campaigns/gpu/roofline_calibration_gpu_fp64_F2.json,8.215103509831891,5.402777780507837,compute_bound,dual_cholesky,run,ok,,True,1110,1110,valid,1.0,2407,4993,0.3252702702702703,13879316516,681975.0,True,50.0,33.34924753502854,23.027322811403657,46.0,0.0,50.0,9.0,1.0,1.0,0.6336274001037883,0.4884212895092835,1.0,0.0,1.0,2.0,1.0,50121.0,49234.71821484172,2522.699139480502,4752.0,43705.0,53203.0,82.0,1.0,1110.0,1110.0,0.0,0.0,1110.0,1110.0,1.0,1.0,29.0,29.0,0.0,0.0,29.0,29.0,1.0,1.0,tmp/remote_gpu_runs_20260917/gpu/pacca_gpu_final_20260913__dual_cholesky_gpu_N2048__REF__gpuF2__rep03/training_gpu_phases.csv,,True
pacca_gpu_final_20260913__dual_cholesky_gpu_N2048__REF__gpuF3__rep01,1,dual_cholesky_gpu_N2048,pacca-a100,REF,F3,sha256:0df46019e61e6cffdb3e7df55370bc9407bc1fc2a8bbc7b5fb4b6b90581f0058,/home/latorresn/hyperion-results/final/campaigns/gpu/roofline_calibration_gpu_fp64_F3.json,8.215103509831891,4.6473636179248725,compute_bound,dual_cholesky,run,ok,,True,960,960,valid,1.0,2900,3771,0.4347174336681157,16841595051,763356.0,True,55.0,30.93275862068965,26.19210336562976,55.0,0.0,55.0,13.0,1.0,1.0,0.5202586206896552,0.4997372674757798,1.0,0.0,1.0,2.0,1.0,46845.0,45440.956896551725,2718.684134914169,5250.0,40938.0,49456.0,87.0,1.0,960.0,960.0,0.0,0.0,960.0,960.0,1.0,1.0,28.0,28.0,0.0,0.0,28.0,28.0,1.0,1.0,tmp/remote_gpu_runs_20260917/gpu/pacca_gpu_final_20260913__dual_cholesky_gpu_N2048__REF__gpuF3__rep01/training_gpu_phases.csv,,True
pacca_gpu_final_20260913__dual_cholesky_gpu_N2048__REF__gpuF3__rep02,2,dual_cholesky_gpu_N2048,pacca-a100,REF,F3,sha256:0df46019e61e6cffdb3e7df55370bc9407bc1fc2a8bbc7b5fb4b6b90581f0058,/home/latorresn/hyperion-results/final/campaigns/gpu/roofline_calibration_gpu_fp64_F3.json,8.215103509831891,4.6473636179248725,compute_bound,dual_cholesky,run,ok,,True,960,960,valid,1.0,2933,2695,0.5211442786069652,16860398756,758932.0,True,54.0,31.01789518534299,26.071192801150545,55.0,0.0,55.0,14.0,1.0,1.0,0.5202386024712399,0.4997376524309425,1.0,0.0,1.0,2.0,1.0,46569.0,45184.98849595228,2673.6813948923623,5256.0,39935.0,49255.0,89.0,1.0,960.0,960.0,0.0,0.0,960.0,960.0,1.0,1.0,27.0,27.0,0.0,0.0,27.0,27.0,1.0,1.0,tmp/remote_gpu_runs_20260917/gpu/pacca_gpu_final_20260913__dual_cholesky_gpu_N2048__REF__gpuF3__rep02/training_gpu_phases.csv,,False
pacca_gpu_final_20260913__dual_cholesky_gpu_N2048__REF__gpuF3__rep03,3,dual_cholesky_gpu_N2048,pacca-a100,REF,F3,sha256:0df46019e61e6cffdb3e7df55370bc9407bc1fc2a8bbc7b5fb4b6b90581f0058,/home/latorresn/hyperion-results/final/campaigns/gpu/roofline_calibration_gpu_fp64_F3.json,8.215103509831891,4.6473636179248725,compute_bound,dual_cholesky,run,ok,,True,960,960,valid,1.0,2927,3435,0.4600754479723357,16888180739,760388.0,True,54.0,30.47332479726846,26.156495389009567,55.0,0.0,55.0,13.0,1.0,1.0,0.5253947930004268,0.499586602296185,1.0,0.0,1.0,2.0,1.0,46747.0,45286.33973538199,2662.8146584610067,5145.0,40023.0,49327.0,86.0,1.0,960.0,960.0,0.0,0.0,960.0,960.0,1.0,1.0,27.0,27.0,0.0,0.0,27.0,27.0,1.0,1.0,tmp/remote_gpu_runs_20260917/gpu/pacca_gpu_final_20260913__dual_cholesky_gpu_N2048__REF__gpuF3__rep03/training_gpu_phases.csv,,True
pacca_gpu_final_20260913__dual_cholesky_gpu_N2048__REF__gpuF4__rep01,1,dual_cholesky_gpu_N2048,pacca-a100,REF,F4,sha256:0df46019e61e6cffdb3e7df55370bc9407bc1fc2a8bbc7b5fb4b6b90581f0058,/home/latorresn/hyperion-results/final/campaigns/gpu/roofline_calibration_gpu_fp64_F4.json,8.215103509831891,3.847999914788036,compute_bound,dual_cholesky,run,ok,,True,810,810,valid,1.0,3237,1545,0.676913425345044,20117850737,861371.0,True,8.0,29.66923967580085,29.853080912698594,62.0,0.0,62.0,12.0,1.0,0.0,0.4504052489386337,0.498421637069982,1.0,0.0,1.0,2.0,1.0,40847.0,43007.36703975299,2625.819832120605,5055.0,39745.0,47163.0,97.0,1.0,810.0,810.0,0.0,0.0,810.0,810.0,1.0,1.0,27.0,27.0,0.0,0.0,27.0,27.0,1.0,1.0,tmp/remote_gpu_runs_20260917/gpu/pacca_gpu_final_20260913__dual_cholesky_gpu_N2048__REF__gpuF4__rep01/training_gpu_phases.csv,,False
pacca_gpu_final_20260913__dual_cholesky_gpu_N2048__REF__gpuF4__rep02,2,dual_cholesky_gpu_N2048,pacca-a100,REF,F4,sha256:0df46019e61e6cffdb3e7df55370bc9407bc1fc2a8bbc7b5fb4b6b90581f0058,/home/latorresn/hyperion-results/final/campaigns/gpu/roofline_calibration_gpu_fp64_F4.json,8.215103509831891,3.847999914788036,compute_bound,dual_cholesky,run,ok,,True,810,810,valid,1.0,3338,1717,0.6603363006923838,20337611547,898070.0,True,16.0,30.85815868263473,29.39651634362566,61.0,0.0,62.0,13.0,1.0,0.0,0.468188622754491,0.4993511458719909,1.0,0.0,1.0,2.0,1.0,42420.0,44488.53293413173,2567.958102943031,4938.0,41026.0,48550.0,100.0,1.0,810.0,810.0,0.0,0.0,810.0,810.0,1.0,1.0,33.0,33.06137724550898,0.5771623525702867,0.0,32.0,34.0,3.0,1.0,tmp/remote_gpu_runs_20260917/gpu/pacca_gpu_final_20260913__dual_cholesky_gpu_N2048__REF__gpuF4__rep02/training_gpu_phases.csv,,False
pacca_gpu_final_20260913__dual_cholesky_gpu_N2048__REF__gpuF4__rep03,3,dual_cholesky_gpu_N2048,pacca-a100,REF,F4,sha256:0df46019e61e6cffdb3e7df55370bc9407bc1fc2a8bbc7b5fb4b6b90581f0058,/home/latorresn/hyperion-results/final/campaigns/gpu/roofline_calibration_gpu_fp64_F4.json,8.215103509831891,3.847999914788036,compute_bound,dual_cholesky,run,ok,,True,810,810,valid,1.0,3156,1617,0.6612193588937775,20197452474,864127.0,True,8.0,28.49406175771972,29.575224155039137,62.0,0.0,62.0,13.0,1.0,0.0,0.4291369754552652,0.4967727253473801,1.0,0.0,1.0,2.0,1.0,40749.0,42724.49129057799,2583.6811199966714,4750.0,39044.0,47150.0,93.0,1.0,810.0,810.0,0.0,0.0,810.0,810.0,1.0,1.0,26.0,26.0,0.0,0.0,26.0,26.0,1.0,1.0,tmp/remote_gpu_runs_20260917/gpu/pacca_gpu_final_20260913__dual_cholesky_gpu_N2048__REF__gpuF4__rep03/training_gpu_phases.csv,,False
pacca_gpu_final_20260913__dual_cholesky_gpu_N2048__REF__gpuF5__rep01,1,dual_cholesky_gpu_N2048,pacca-a100,REF,F5,sha256:0df46019e61e6cffdb3e7df55370bc9407bc1fc2a8bbc7b5fb4b6b90581f0058,/home/latorresn/hyperion-results/final/campaigns/gpu/roofline_calibration_gpu_fp64_F5.json,8.215103509831891,3.227383731801676,compute_bound,dual_cholesky,run,ok,,True,660,660,valid,1.0,3342,1182,0.7387267904509284,24008461736,984236.0,True,5.0,29.925205684367988,33.31186898568396,70.0,0.0,71.0,13.0,1.0,0.0,0.3840688107703814,0.4913204656884965,1.0,0.0,1.0,2.0,1.0,39265.0,40985.37584143605,2393.254097354168,4548.0,38561.0,45297.0,92.0,1.0,660.0,660.0,0.0,0.0,660.0,660.0,1.0,1.0,27.0,27.0,0.0,0.0,27.0,27.0,1.0,1.0,tmp/remote_gpu_runs_20260917/gpu/pacca_gpu_final_20260913__dual_cholesky_gpu_N2048__REF__gpuF5__rep01/training_gpu_phases.csv,,False
pacca_gpu_final_20260913__dual_cholesky_gpu_N2048__REF__gpuF5__rep02,2,dual_cholesky_gpu_N2048,pacca-a100,REF,F5,sha256:0df46019e61e6cffdb3e7df55370bc9407bc1fc2a8bbc7b5fb4b6b90581f0058,/home/latorresn/hyperion-results/final/campaigns/gpu/roofline_calibration_gpu_fp64_F5.json,8.215103509831891,3.227383731801676,compute_bound,dual_cholesky,run,ok,,True,660,660,valid,1.0,3481,1264,0.7336143308746048,23677318958,971592.0,True,10.0,33.36229802513465,34.295304414399475,71.0,0.0,72.0,13.0,1.0,0.0,0.437342908438061,0.4974807091422873,1.0,0.0,1.0,2.0,1.0,39445.0,41329.32315978456,2476.789725125383,4636.0,38365.0,45395.0,85.0,1.0,660.0,660.0,0.0,0.0,660.0,660.0,1.0,1.0,28.0,28.0,0.2732929472443102,0.0,27.0,28.0,2.0,1.0,tmp/remote_gpu_runs_20260917/gpu/pacca_gpu_final_20260913__dual_cholesky_gpu_N2048__REF__gpuF5__rep02/training_gpu_phases.csv,,False
pacca_gpu_final_20260913__dual_cholesky_gpu_N2048__REF__gpuF5__rep03,3,dual_cholesky_gpu_N2048,pacca-a100,REF,F5,sha256:0df46019e61e6cffdb3e7df55370bc9407bc1fc2a8bbc7b5fb4b6b90581f0058,/home/latorresn/hyperion-results/final/campaigns/gpu/roofline_calibration_gpu_fp64_F5.json,8.215103509831891,3.227383731801676,compute_bound,dual_cholesky,run,ok,,True,660,660,valid,1.0,3351,1234,0.7308615049073064,23984163074,977307.0,True,5.0,29.407310704960835,33.88286642682988,71.0,0.0,71.0,10.0,1.0,0.0,0.381574039537486,0.4909407779812897,1.0,0.0,1.0,2.0,1.0,38965.0,40662.20701230884,2397.9496560477896,4437.0,37361.0,44962.0,92.0,1.0,660.0,660.0,0.0,0.0,660.0,660.0,1.0,1.0,26.0,26.0,0.0,0.0,26.0,26.0,1.0,1.0,tmp/remote_gpu_runs_20260917/gpu/pacca_gpu_final_20260913__dual_cholesky_gpu_N2048__REF__gpuF5__rep03/training_gpu_phases.csv,,False
pacca_gpu_final_20260913__dual_cholesky_gpu_N2048__REF__gpuF6__rep01,1,dual_cholesky_gpu_N2048,pacca-a100,REF,F6,sha256:0df46019e61e6cffdb3e7df55370bc9407bc1fc2a8bbc7b5fb4b6b90581f0058,/home/latorresn/hyperion-results/final/campaigns/gpu/roofline_calibration_gpu_fp64_F6.json,8.215103509831891,2.537117986910783,compute_bound,dual_cholesky,run,ok,,True,510,510,valid,1.0,3448,1162,0.747939262472885,25281918354,999445.0,True,8.0,31.119202898550725,35.80100194694277,74.0,0.0,75.0,13.0,1.0,0.0,0.0,0.0,0.0,0.0,0.0,1.0,1.0,37967.0,39583.49166666667,2291.1071610788854,4350.0,37264.0,43706.0,81.0,1.0,510.0,510.0,0.0,0.0,510.0,510.0,1.0,1.0,26.0,26.0,0.0,0.0,26.0,26.0,1.0,1.0,tmp/remote_gpu_runs_20260917/gpu/pacca_gpu_final_20260913__dual_cholesky_gpu_N2048__REF__gpuF6__rep01/training_gpu_phases.csv,,False
pacca_gpu_final_20260913__dual_cholesky_gpu_N2048__REF__gpuF6__rep02,2,dual_cholesky_gpu_N2048,pacca-a100,REF,F6,sha256:0df46019e61e6cffdb3e7df55370bc9407bc1fc2a8bbc7b5fb4b6b90581f0058,/home/latorresn/hyperion-results/final/campaigns/gpu/roofline_calibration_gpu_fp64_F6.json,8.215103509831891,2.537117986910783,compute_bound,dual_cholesky,run,ok,,True,510,510,valid,1.0,3449,1166,0.7473456121343446,25286882951,996610.0,True,8.0,32.27634914885911,35.60860153975599,74.0,0.0,74.0,15.0,1.0,0.0,0.0,0.0,0.0,0.0,0.0,1.0,1.0,37771.0,39442.01267656646,2283.2417351857925,4163.0,36774.0,43608.0,87.0,1.0,510.0,510.0,0.0,0.0,510.0,510.0,1.0,1.0,26.0,26.0,0.0,0.0,26.0,26.0,1.0,1.0,tmp/remote_gpu_runs_20260917/gpu/pacca_gpu_final_20260913__dual_cholesky_gpu_N2048__REF__gpuF6__rep02/training_gpu_phases.csv,,False
pacca_gpu_final_20260913__dual_cholesky_gpu_N2048__REF__gpuF6__rep03,3,dual_cholesky_gpu_N2048,pacca-a100,REF,F6,sha256:0df46019e61e6cffdb3e7df55370bc9407bc1fc2a8bbc7b5fb4b6b90581f0058,/home/latorresn/hyperion-results/final/campaigns/gpu/roofline_calibration_gpu_fp64_F6.json,8.215103509831891,2.537117986910783,compute_bound,dual_cholesky,run,ok,,True,510,510,valid,1.0,3474,1131,0.7543973941368078,25236790107,1004417.0,True,6.0,32.17841726618705,35.70935522928734,74.0,0.0,75.0,15.0,1.0,0.0,0.0,0.0,0.0,0.0,0.0,1.0,1.0,38160.0,39867.04316546763,2326.622487625677,4159.0,36774.0,43994.0,95.0,1.0,510.0,510.0,0.0,0.0,510.0,510.0,1.0,1.0,27.0,27.0,0.0,0.0,27.0,27.0,1.0,1.0,tmp/remote_gpu_runs_20260917/gpu/pacca_gpu_final_20260913__dual_cholesky_gpu_N2048__REF__gpuF6__rep03/training_gpu_phases.csv,,False
pacca_gpu_final_20260913__dual_cholesky_gpu_N2048__REF__gpuF7__rep01,1,dual_cholesky_gpu_N2048,pacca-a100,REF,F7,sha256:0df46019e61e6cffdb3e7df55370bc9407bc1fc2a8bbc7b5fb4b6b90581f0058,/home/latorresn/hyperion-results/final/campaigns/gpu/roofline_calibration_gpu_fp64_F7.json,8.215103509831891,1.7704004001452782,compute_bound,dual_cholesky,run,ok,,True,360,360,valid,1.0,3552,1131,0.7584881486226778,26381925578,1019621.0,True,10.0,34.32054890921886,37.10427688321172,77.0,0.0,77.0,14.0,1.0,0.0,0.0,0.0,0.0,0.0,0.0,1.0,1.0,37074.0,38692.40745953554,2110.532958824449,3952.0,36388.0,42409.0,92.0,1.0,360.0,360.0,0.0,0.0,360.0,360.0,1.0,1.0,26.0,26.37192118226601,0.4893857033157572,1.0,26.0,27.0,2.0,1.0,tmp/remote_gpu_runs_20260917/gpu/pacca_gpu_final_20260913__dual_cholesky_gpu_N2048__REF__gpuF7__rep01/training_gpu_phases.csv,,False
pacca_gpu_final_20260913__dual_cholesky_gpu_N2048__REF__gpuF7__rep02,2,dual_cholesky_gpu_N2048,pacca-a100,REF,F7,sha256:0df46019e61e6cffdb3e7df55370bc9407bc1fc2a8bbc7b5fb4b6b90581f0058,/home/latorresn/hyperion-results/final/campaigns/gpu/roofline_calibration_gpu_fp64_F7.json,8.215103509831891,1.7704004001452782,compute_bound,dual_cholesky,run,ok,,True,360,360,valid,1.0,3682,1154,0.761373035566584,26345573085,1008946.0,True,10.0,36.92294636795655,37.22117092736303,77.0,0.0,77.0,14.0,1.0,0.0,0.0,0.0,0.0,0.0,0.0,1.0,1.0,36780.0,38559.88017651052,2209.369655606831,4143.0,35773.0,42214.0,75.0,1.0,360.0,360.0,0.0,0.0,360.0,360.0,1.0,1.0,25.0,25.0,0.0,0.0,25.0,25.0,1.0,1.0,tmp/remote_gpu_runs_20260917/gpu/pacca_gpu_final_20260913__dual_cholesky_gpu_N2048__REF__gpuF7__rep02/training_gpu_phases.csv,,False
pacca_gpu_final_20260913__dual_cholesky_gpu_N2048__REF__gpuF7__rep03,3,dual_cholesky_gpu_N2048,pacca-a100,REF,F7,sha256:0df46019e61e6cffdb3e7df55370bc9407bc1fc2a8bbc7b5fb4b6b90581f0058,/home/latorresn/hyperion-results/final/campaigns/gpu/roofline_calibration_gpu_fp64_F7.json,8.215103509831891,1.7704004001452782,compute_bound,dual_cholesky,run,ok,,True,360,360,valid,1.0,3612,1141,0.759941089837997,26569902884,1023426.0,True,10.0,35.45259515570934,36.92241886001485,77.0,0.0,77.0,15.0,1.0,0.0,0.0,0.0,0.0,0.0,0.0,1.0,1.0,36878.0,38545.35467128028,2095.0291605376297,3968.0,36376.0,42311.0,91.0,1.0,360.0,360.0,0.0,0.0,360.0,360.0,1.0,1.0,26.0,26.0,0.0,0.0,26.0,26.0,1.0,1.0,tmp/remote_gpu_runs_20260917/gpu/pacca_gpu_final_20260913__dual_cholesky_gpu_N2048__REF__gpuF7__rep03/training_gpu_phases.csv,,False
pacca_gpu_final_20260913__dual_cholesky_gpu_N2048__REF__gpuF8__rep01,1,dual_cholesky_gpu_N2048,pacca-a100,REF,F8,sha256:0df46019e61e6cffdb3e7df55370bc9407bc1fc2a8bbc7b5fb4b6b90581f0058,/home/latorresn/hyperion-results/final/campaigns/gpu/roofline_calibration_gpu_fp64_F8.json,8.215103509831891,1.3515565388833937,compute_bound,dual_cholesky,run,ok,,True,210,210,valid,1.0,4160,1116,0.7884761182714177,29293738113,1105600.0,True,81.0,44.78816105769231,39.46757165345147,81.0,0.0,82.0,17.0,1.0,0.0,0.0,0.0,0.0,0.0,0.0,1.0,1.0,38831.0,37933.092848557695,1808.9868205737405,3466.0,35773.0,40743.0,84.0,1.0,210.0,210.0,0.0,0.0,210.0,210.0,1.0,1.0,27.0,26.969651442307693,0.3298994006549794,0.0,26.0,27.0,2.0,1.0,tmp/remote_gpu_runs_20260917/gpu/pacca_gpu_final_20260913__dual_cholesky_gpu_N2048__REF__gpuF8__rep01/training_gpu_phases.csv,,False
pacca_gpu_final_20260913__dual_cholesky_gpu_N2048__REF__gpuF8__rep02,2,dual_cholesky_gpu_N2048,pacca-a100,REF,F8,sha256:0df46019e61e6cffdb3e7df55370bc9407bc1fc2a8bbc7b5fb4b6b90581f0058,/home/latorresn/hyperion-results/final/campaigns/gpu/roofline_calibration_gpu_fp64_F8.json,8.215103509831891,1.3515565388833937,compute_bound,dual_cholesky,run,ok,,True,210,210,valid,1.0,4216,1117,0.7905494093380836,29573687499,1107201.0,True,80.0,43.87581505631298,39.3163585669927,81.0,0.0,82.0,17.0,1.0,0.0,0.0,0.0,0.0,0.0,0.0,1.0,1.0,38453.0,37598.30320094843,1813.5494425012184,3466.0,35280.0,40525.0,91.0,1.0,210.0,210.0,0.0,0.0,210.0,210.0,1.0,1.0,25.0,25.499703615886187,0.4999999437401079,1.0,25.0,26.0,2.0,1.0,tmp/remote_gpu_runs_20260917/gpu/pacca_gpu_final_20260913__dual_cholesky_gpu_N2048__REF__gpuF8__rep02/training_gpu_phases.csv,,False
pacca_gpu_final_20260913__dual_cholesky_gpu_N2048__REF__gpuF8__rep03,3,dual_cholesky_gpu_N2048,pacca-a100,REF,F8,sha256:0df46019e61e6cffdb3e7df55370bc9407bc1fc2a8bbc7b5fb4b6b90581f0058,/home/latorresn/hyperion-results/final/campaigns/gpu/roofline_calibration_gpu_fp64_F8.json,8.215103509831891,1.3515565388833937,compute_bound,dual_cholesky,run,ok,,True,210,210,valid,1.0,3907,1134,0.7750446340011903,29334567211,1127203.0,True,22.0,42.00703549728174,39.53275522354619,81.0,0.0,82.0,15.0,1.0,0.0,0.0,0.0,0.0,0.0,0.0,1.0,1.0,39337.0,38540.62136232811,1775.969012430001,3366.0,36076.0,41428.0,89.0,1.0,210.0,210.0,0.0,0.0,210.0,210.0,1.0,1.0,30.0,29.539814518708027,0.498983532373814,1.0,29.0,30.0,2.0,1.0,tmp/remote_gpu_runs_20260917/gpu/pacca_gpu_final_20260913__dual_cholesky_gpu_N2048__REF__gpuF8__rep03/training_gpu_phases.csv,,False
pacca_gpu_final_20260913__dual_cholesky_gpu_N2048__REF__gpuREF__rep01,1,dual_cholesky_gpu_N2048,pacca-a100,REF,REF,sha256:0df46019e61e6cffdb3e7df55370bc9407bc1fc2a8bbc7b5fb4b6b90581f0058,/home/latorresn/hyperion-results/final/campaigns/gpu/roofline_calibration_gpu_fp64_REF.json,8.215103509831891,6.898376612287448,compute_bound,dual_cholesky,run,ok,,True,,,not_applicable_native,,1771,5013,0.2610554245283019,10028697798,741724.0,True,46.0,41.13267466478476,17.009517689945582,0.0,0.0,46.0,7.0,1.0,1.0,0.884968242766408,0.393858945866071,0.0,0.0,1.0,2.0,1.0,75501.0,74692.27170077628,3772.365047639921,2881.0,63690.0,79085.0,88.0,1.0,1410.0,1410.0,0.0,0.0,1410.0,1410.0,1.0,1.0,31.0,30.89343683839097,0.3884646694626787,0.0,30.0,31.0,2.0,1.0,tmp/remote_gpu_runs_20260917/gpu/pacca_gpu_final_20260913__dual_cholesky_gpu_N2048__REF__gpuREF__rep01/training_gpu_phases.csv,,True
pacca_gpu_final_20260913__dual_cholesky_gpu_N2048__REF__gpuREF__rep02,2,dual_cholesky_gpu_N2048,pacca-a100,REF,REF,sha256:0df46019e61e6cffdb3e7df55370bc9407bc1fc2a8bbc7b5fb4b6b90581f0058,/home/latorresn/hyperion-results/final/campaigns/gpu/roofline_calibration_gpu_fp64_REF.json,8.215103509831891,6.898376612287448,compute_bound,dual_cholesky,run,ok,,True,,,not_applicable_native,,1788,4990,0.2637946296842726,10076876092,756468.0,True,45.0,41.00139664804469,16.482393991549383,1.0,0.0,46.0,9.0,1.0,1.0,0.8812849162011173,0.3959162739262351,0.0,0.0,1.0,2.0,1.0,76300.0,75706.7472067039,3335.7644133429403,2875.0,64557.0,79579.0,88.0,1.0,1410.0,1410.0,0.0,0.0,1410.0,1410.0,1.0,1.0,37.0,37.0,0.2578051058771908,0.0,37.0,38.0,2.0,1.0,tmp/remote_gpu_runs_20260917/gpu/pacca_gpu_final_20260913__dual_cholesky_gpu_N2048__REF__gpuREF__rep02/training_gpu_phases.csv,,True
pacca_gpu_final_20260913__dual_cholesky_gpu_N2048__REF__gpuREF__rep03,3,dual_cholesky_gpu_N2048,pacca-a100,REF,REF,sha256:0df46019e61e6cffdb3e7df55370bc9407bc1fc2a8bbc7b5fb4b6b90581f0058,/home/latorresn/hyperion-results/final/campaigns/gpu/roofline_calibration_gpu_fp64_REF.json,8.215103509831891,6.898376612287448,compute_bound,dual_cholesky,run,ok,,True,,,not_applicable_native,,1770,5011,0.2610234478690458,10144614638,738517.0,True,46.0,40.648305084745765,17.005455833494967,0.0,0.0,46.0,8.0,1.0,1.0,0.8502824858757062,0.4140934619826624,0.0,0.0,1.0,2.0,1.0,74541.0,73570.07627118644,3685.874530881861,3567.0,63787.0,77785.0,88.0,1.0,1410.0,1410.0,0.0,0.0,1410.0,1410.0,1.0,1.0,29.0,29.212570621468927,0.4439887222764092,1.0,29.0,30.0,2.0,1.0,tmp/remote_gpu_runs_20260917/gpu/pacca_gpu_final_20260913__dual_cholesky_gpu_N2048__REF__gpuREF__rep03/training_gpu_phases.csv,,True
pacca_gpu_final_20260913__dual_fft_gpu_N4096__REF__gpuF0__rep01,1,dual_fft_gpu_N4096,pacca-a100,REF,F0,sha256:7de9abeb8dc3e6f0ccf724e18d8529b8c0bfb0a06848dfe968b43a9626f87035,/home/latorresn/hyperion-results/final/campaigns/gpu/roofline_calibration_gpu_fp64_F0.json,1.3648564996055097,6.853790013388249,memory_bound,dual_fft,run,ok,,True,1410,1410,valid,1.0,2420,4729,0.3385088823611694,13715269608,979620.0,True,40.0,37.918904958677686,12.732008322590444,1.0,0.0,41.0,10.0,1.0,3.0,2.8450413223140494,1.017006203885626,0.0,0.0,3.0,4.0,1.0,69015.0,70418.9798553719,5326.93878051598,5499.0,64172.0,87227.0,115.0,1.0,1410.0,1410.0,0.0,0.0,1410.0,1410.0,1.0,1.0,30.0,30.0,0.0,0.0,30.0,30.0,1.0,1.0,tmp/remote_gpu_runs_20260917/gpu/pacca_gpu_final_20260913__dual_fft_gpu_N4096__REF__gpuF0__rep01/training_gpu_phases.csv,,True
pacca_gpu_final_20260913__dual_fft_gpu_N4096__REF__gpuF0__rep02,2,dual_fft_gpu_N4096,pacca-a100,REF,F0,sha256:7de9abeb8dc3e6f0ccf724e18d8529b8c0bfb0a06848dfe968b43a9626f87035,/home/latorresn/hyperion-results/final/campaigns/gpu/roofline_calibration_gpu_fp64_F0.json,1.3648564996055097,6.853790013388249,memory_bound,dual_fft,run,ok,,True,1410,1410,valid,1.0,2402,4753,0.3357092941998602,13760796437,979048.0,True,40.0,37.84547346514048,12.88545738167526,1.0,0.0,41.0,11.0,1.0,3.0,2.826222684703434,1.033877398825631,0.0,0.0,3.0,4.0,1.0,69133.0,70413.60665972946,5480.085474243972,5467.0,64471.0,89990.0,119.0,1.0,1410.0,1410.0,0.0,0.0,1410.0,1410.0,1.0,1.0,31.0,31.0,0.139942892084294,0.0,30.0,31.0,2.0,1.0,tmp/remote_gpu_runs_20260917/gpu/pacca_gpu_final_20260913__dual_fft_gpu_N4096__REF__gpuF0__rep02/training_gpu_phases.csv,,True
pacca_gpu_final_20260913__dual_fft_gpu_N4096__REF__gpuF0__rep03,3,dual_fft_gpu_N4096,pacca-a100,REF,F0,sha256:7de9abeb8dc3e6f0ccf724e18d8529b8c0bfb0a06848dfe968b43a9626f87035,/home/latorresn/hyperion-results/final/campaigns/gpu/roofline_calibration_gpu_fp64_F0.json,1.3648564996055097,6.853790013388249,memory_bound,dual_fft,run,ok,,True,1410,1410,valid,1.0,2452,4769,0.3395651571804459,13937769085,998781.0,True,40.0,37.47553516819572,13.129434788292182,1.0,0.0,41.0,8.0,1.0,3.0,2.7981651376146788,1.082132684320947,0.0,0.0,3.0,2.0,1.0,69015.0,70823.4123343527,5808.506625856286,5869.0,66048.0,91117.0,115.0,1.0,1410.0,1410.0,0.0,0.0,1410.0,1410.0,1.0,1.0,31.0,30.9434250764526,0.3522898837540053,0.0,30.0,31.0,2.0,1.0,tmp/remote_gpu_runs_20260917/gpu/pacca_gpu_final_20260913__dual_fft_gpu_N4096__REF__gpuF0__rep03/training_gpu_phases.csv,,True
pacca_gpu_final_20260913__dual_fft_gpu_N4096__REF__gpuF1__rep01,1,dual_fft_gpu_N4096,pacca-a100,REF,F1,sha256:7de9abeb8dc3e6f0ccf724e18d8529b8c0bfb0a06848dfe968b43a9626f87035,/home/latorresn/hyperion-results/final/campaigns/gpu/roofline_calibration_gpu_fp64_F1.json,1.3648564996055097,6.18031703044422,memory_bound,dual_fft,run,ok,,True,1260,1260,valid,1.0,2718,4559,0.3735055654802803,15331791845,872210.0,True,40.0,34.27987132352941,15.62833992294694,1.0,0.0,41.0,11.0,1.0,3.0,2.514705882352941,1.2406834019250284,0.0,0.0,3.0,4.0,1.0,55355.0,56529.908088235294,4564.306893926788,4881.0,50721.0,72047.0,120.0,1.0,1260.0,1260.0,0.0,0.0,1260.0,1260.0,1.0,1.0,30.0,30.0,0.0,0.0,30.0,30.0,1.0,1.0,tmp/remote_gpu_runs_20260917/gpu/pacca_gpu_final_20260913__dual_fft_gpu_N4096__REF__gpuF1__rep01/training_gpu_phases.csv,,True
pacca_gpu_final_20260913__dual_fft_gpu_N4096__REF__gpuF1__rep02,2,dual_fft_gpu_N4096,pacca-a100,REF,F1,sha256:7de9abeb8dc3e6f0ccf724e18d8529b8c0bfb0a06848dfe968b43a9626f87035,/home/latorresn/hyperion-results/final/campaigns/gpu/roofline_calibration_gpu_fp64_F1.json,1.3648564996055097,6.18031703044422,memory_bound,dual_fft,run,ok,,True,1260,1260,valid,1.0,2711,4668,0.3673939558205719,15320274587,862862.0,True,40.0,33.788381742738586,15.86018652171902,5.0,0.0,41.0,13.0,1.0,3.0,2.4785615491009683,1.2794663077072017,0.0,0.0,3.0,2.0,1.0,54945.0,55882.60350391886,4635.349948208402,4699.0,48770.0,71839.0,121.0,1.0,1260.0,1260.0,0.0,0.0,1260.0,1260.0,1.0,1.0,28.0,28.0,0.0,0.0,28.0,28.0,1.0,1.0,tmp/remote_gpu_runs_20260917/gpu/pacca_gpu_final_20260913__dual_fft_gpu_N4096__REF__gpuF1__rep02/training_gpu_phases.csv,,True
pacca_gpu_final_20260913__dual_fft_gpu_N4096__REF__gpuF1__rep03,3,dual_fft_gpu_N4096,pacca-a100,REF,F1,sha256:7de9abeb8dc3e6f0ccf724e18d8529b8c0bfb0a06848dfe968b43a9626f87035,/home/latorresn/hyperion-results/final/campaigns/gpu/roofline_calibration_gpu_fp64_F1.json,1.3648564996055097,6.18031703044422,memory_bound,dual_fft,run,ok,,True,1260,1260,valid,1.0,2747,4634,0.3721717924400488,15794177605,904614.0,True,39.0,33.50022737608003,15.464507115954714,1.0,0.0,40.0,12.0,1.0,3.0,2.5111414279217827,1.2527342941565898,0.0,0.0,3.0,3.0,1.0,55557.0,56645.55252387449,4547.6645326968855,4069.0,51814.0,72437.0,114.0,1.0,1260.0,1260.0,0.0,0.0,1260.0,1260.0,1.0,1.0,31.0,31.0,0.078423663251589,0.0,31.0,32.0,2.0,1.0,tmp/remote_gpu_runs_20260917/gpu/pacca_gpu_final_20260913__dual_fft_gpu_N4096__REF__gpuF1__rep03/training_gpu_phases.csv,,True
pacca_gpu_final_20260913__dual_fft_gpu_N4096__REF__gpuF2__rep01,1,dual_fft_gpu_N4096,pacca-a100,REF,F2,sha256:7de9abeb8dc3e6f0ccf724e18d8529b8c0bfb0a06848dfe968b43a9626f87035,/home/latorresn/hyperion-results/final/campaigns/gpu/roofline_calibration_gpu_fp64_F2.json,1.3648564996055097,5.402777780507837,memory_bound,dual_fft,run,ok,,True,1110,1110,valid,1.0,3092,4748,0.3943877551020408,17674653701,858121.0,True,42.0,31.084882780921586,18.732840673823613,38.0,0.0,43.0,11.0,1.0,3.0,2.1729991915925626,1.3916703920422957,3.0,0.0,3.0,3.0,1.0,47652.0,48396.46483427648,3994.822333642368,4127.0,43999.0,62431.0,112.0,1.0,1110.0,1110.0,0.0,0.0,1110.0,1110.0,1.0,1.0,28.0,27.816895715440584,0.4309391601513017,0.0,27.0,28.0,2.0,1.0,tmp/remote_gpu_runs_20260917/gpu/pacca_gpu_final_20260913__dual_fft_gpu_N4096__REF__gpuF2__rep01/training_gpu_phases.csv,,True
pacca_gpu_final_20260913__dual_fft_gpu_N4096__REF__gpuF2__rep02,2,dual_fft_gpu_N4096,pacca-a100,REF,F2,sha256:7de9abeb8dc3e6f0ccf724e18d8529b8c0bfb0a06848dfe968b43a9626f87035,/home/latorresn/hyperion-results/final/campaigns/gpu/roofline_calibration_gpu_fp64_F2.json,1.3648564996055097,5.402777780507837,memory_bound,dual_fft,run,ok,,True,1110,1110,valid,1.0,3028,4260,0.4154774972557629,17567088454,858802.0,True,42.0,31.320544554455445,18.718020026540184,36.0,0.0,43.0,9.0,1.0,3.0,2.165016501650165,1.394320934501819,3.0,0.0,3.0,3.0,1.0,47444.0,48409.60684818482,4004.325240202592,3264.25,45394.0,63262.0,129.0,1.0,1110.0,1110.0,0.0,0.0,1110.0,1110.0,1.0,1.0,30.0,30.0,0.2223891633655847,0.0,29.0,30.0,2.0,1.0,tmp/remote_gpu_runs_20260917/gpu/pacca_gpu_final_20260913__dual_fft_gpu_N4096__REF__gpuF2__rep02/training_gpu_phases.csv,,True
pacca_gpu_final_20260913__dual_fft_gpu_N4096__REF__gpuF2__rep03,3,dual_fft_gpu_N4096,pacca-a100,REF,F2,sha256:7de9abeb8dc3e6f0ccf724e18d8529b8c0bfb0a06848dfe968b43a9626f87035,/home/latorresn/hyperion-results/final/campaigns/gpu/roofline_calibration_gpu_fp64_F2.json,1.3648564996055097,5.402777780507837,memory_bound,dual_fft,run,ok,,True,1110,1110,valid,1.0,3082,4702,0.3959403905447071,17615620916,845893.0,True,42.0,31.30332522303325,18.649640813289903,37.0,0.0,46.0,11.0,1.0,3.0,2.17558799675588,1.4037916521508704,3.0,0.0,4.0,4.0,1.0,46649.0,47599.30251419303,3759.349306501106,3017.75,44097.0,62111.0,118.0,1.0,1110.0,1110.0,0.0,0.0,1110.0,1110.0,1.0,1.0,27.0,27.0,0.0,0.0,27.0,27.0,1.0,1.0,tmp/remote_gpu_runs_20260917/gpu/pacca_gpu_final_20260913__dual_fft_gpu_N4096__REF__gpuF2__rep03/training_gpu_phases.csv,,True
pacca_gpu_final_20260913__dual_fft_gpu_N4096__REF__gpuF3__rep01,1,dual_fft_gpu_N4096,pacca-a100,REF,F3,sha256:7de9abeb8dc3e6f0ccf724e18d8529b8c0bfb0a06848dfe968b43a9626f87035,/home/latorresn/hyperion-results/final/campaigns/gpu/roofline_calibration_gpu_fp64_F3.json,1.3648564996055097,4.6473636179248725,memory_bound,dual_fft,run,ok,,True,960,960,valid,1.0,3500,2775,0.5577689243027888,20370305238,915938.0,True,47.0,30.01892857142857,22.14550039707206,46.0,0.0,51.0,14.0,1.0,3.0,1.8557142857142856,1.4727590101713743,3.0,0.0,3.0,2.0,1.0,43993.0,44415.69964285714,3619.785839402137,3463.0,42018.0,58181.0,105.0,1.0,960.0,960.0,0.0,0.0,960.0,960.0,1.0,1.0,27.0,27.0,0.0,0.0,27.0,27.0,1.0,1.0,tmp/remote_gpu_runs_20260917/gpu/pacca_gpu_final_20260913__dual_fft_gpu_N4096__REF__gpuF3__rep01/training_gpu_phases.csv,,False
pacca_gpu_final_20260913__dual_fft_gpu_N4096__REF__gpuF3__rep02,2,dual_fft_gpu_N4096,pacca-a100,REF,F3,sha256:7de9abeb8dc3e6f0ccf724e18d8529b8c0bfb0a06848dfe968b43a9626f87035,/home/latorresn/hyperion-results/final/campaigns/gpu/roofline_calibration_gpu_fp64_F3.json,1.3648564996055097,4.6473636179248725,memory_bound,dual_fft,run,ok,,True,960,960,valid,1.0,3514,2763,0.5598215708140831,20337097486,905920.0,True,46.0,30.052275960170697,21.631363772222542,44.0,0.0,47.0,11.0,1.0,3.0,1.879800853485064,1.4618956247579316,3.0,0.0,3.0,3.0,1.0,43407.0,44018.45448079659,3367.123945671523,2985.0,40033.0,56481.0,117.0,1.0,960.0,960.0,0.0,0.0,960.0,960.0,1.0,1.0,27.0,27.0,0.0,0.0,27.0,27.0,1.0,1.0,tmp/remote_gpu_runs_20260917/gpu/pacca_gpu_final_20260913__dual_fft_gpu_N4096__REF__gpuF3__rep02/training_gpu_phases.csv,,False
pacca_gpu_final_20260913__dual_fft_gpu_N4096__REF__gpuF3__rep03,3,dual_fft_gpu_N4096,pacca-a100,REF,F3,sha256:7de9abeb8dc3e6f0ccf724e18d8529b8c0bfb0a06848dfe968b43a9626f87035,/home/latorresn/hyperion-results/final/campaigns/gpu/roofline_calibration_gpu_fp64_F3.json,1.3648564996055097,4.6473636179248725,memory_bound,dual_fft,run,ok,,True,960,960,valid,1.0,3459,2733,0.5586240310077519,20274972605,914760.0,True,47.0,29.60780065005417,21.98489884047048,45.0,0.0,47.0,12.0,1.0,3.0,1.8255687973997836,1.4634209122654631,3.0,0.0,3.0,4.0,1.0,44178.0,44517.63271939328,3880.824939970732,3080.0,40317.0,58738.0,107.0,1.0,960.0,960.0,0.0,0.0,960.0,960.0,1.0,1.0,28.0,28.0,0.275402254144988,0.0,27.0,28.0,2.0,1.0,tmp/remote_gpu_runs_20260917/gpu/pacca_gpu_final_20260913__dual_fft_gpu_N4096__REF__gpuF3__rep03/training_gpu_phases.csv,,False
pacca_gpu_final_20260913__dual_fft_gpu_N4096__REF__gpuF4__rep01,1,dual_fft_gpu_N4096,pacca-a100,REF,F4,sha256:7de9abeb8dc3e6f0ccf724e18d8529b8c0bfb0a06848dfe968b43a9626f87035,/home/latorresn/hyperion-results/final/campaigns/gpu/roofline_calibration_gpu_fp64_F4.json,1.3648564996055097,3.847999914788036,memory_bound,dual_fft,run,ok,,True,810,810,valid,1.0,3729,1894,0.6631691268006402,23293682280,1005649.0,True,53.0,29.77185929648241,25.500316682859967,53.0,0.0,56.0,12.0,1.0,3.0,1.6257956448911224,1.4897916858219848,3.0,0.0,3.0,3.0,1.0,42403.0,42625.50820770519,3559.5864324876225,3245.0,38845.0,56968.0,125.0,1.0,810.0,810.0,0.0,0.0,810.0,810.0,1.0,1.0,28.0,28.060971524288107,0.3556594592281809,0.0,28.0,29.0,2.0,1.0,tmp/remote_gpu_runs_20260917/gpu/pacca_gpu_final_20260913__dual_fft_gpu_N4096__REF__gpuF4__rep01/training_gpu_phases.csv,,False
pacca_gpu_final_20260913__dual_fft_gpu_N4096__REF__gpuF4__rep02,2,dual_fft_gpu_N4096,pacca-a100,REF,F4,sha256:7de9abeb8dc3e6f0ccf724e18d8529b8c0bfb0a06848dfe968b43a9626f87035,/home/latorresn/hyperion-results/final/campaigns/gpu/roofline_calibration_gpu_fp64_F4.json,1.3648564996055097,3.847999914788036,memory_bound,dual_fft,run,ok,,True,810,810,valid,1.0,3619,2052,0.6381590548404161,23226822792,1001021.0,True,54.0,29.252675181221957,25.844530188828053,54.0,0.0,54.0,13.0,1.0,3.0,1.5436658612357612,1.4936846207263392,3.0,0.0,3.0,3.0,1.0,41891.0,42609.39799792889,3510.777025068564,2875.0,39347.0,57080.0,124.0,1.0,810.0,810.0,0.0,0.0,810.0,810.0,1.0,1.0,29.0,29.0,0.2540588448096111,0.0,28.0,29.0,2.0,1.0,tmp/remote_gpu_runs_20260917/gpu/pacca_gpu_final_20260913__dual_fft_gpu_N4096__REF__gpuF4__rep02/training_gpu_phases.csv,,False
pacca_gpu_final_20260913__dual_fft_gpu_N4096__REF__gpuF4__rep03,3,dual_fft_gpu_N4096,pacca-a100,REF,F4,sha256:7de9abeb8dc3e6f0ccf724e18d8529b8c0bfb0a06848dfe968b43a9626f87035,/home/latorresn/hyperion-results/final/campaigns/gpu/roofline_calibration_gpu_fp64_F4.json,1.3648564996055097,3.847999914788036,memory_bound,dual_fft,run,ok,,True,810,810,valid,1.0,3624,1554,0.6998841251448435,23294028680,997621.0,True,51.0,28.850689655172413,26.089899586746537,54.0,0.0,54.0,14.0,1.0,3.0,1.556896551724138,1.4993088531691148,3.0,0.0,3.0,2.0,1.0,42001.0,42166.41241379311,3099.712394272786,3249.0,38836.0,52231.0,106.0,1.0,810.0,810.0,0.0,0.0,810.0,810.0,1.0,1.0,27.0,27.0,0.0683296730763307,0.0,26.0,27.0,2.0,1.0,tmp/remote_gpu_runs_20260917/gpu/pacca_gpu_final_20260913__dual_fft_gpu_N4096__REF__gpuF4__rep03/training_gpu_phases.csv,,False
pacca_gpu_final_20260913__dual_fft_gpu_N4096__REF__gpuF5__rep01,1,dual_fft_gpu_N4096,pacca-a100,REF,F5,sha256:7de9abeb8dc3e6f0ccf724e18d8529b8c0bfb0a06848dfe968b43a9626f87035,/home/latorresn/hyperion-results/final/campaigns/gpu/roofline_calibration_gpu_fp64_F5.json,1.3648564996055097,3.227383731801676,memory_bound,dual_fft,run,ok,,True,660,660,valid,1.0,3659,1107,0.7677297524129248,26299257630,1075359.0,True,10.0,31.294298395356776,31.445595681319936,65.0,0.0,66.0,16.0,1.0,0.0,1.382041652441106,1.4812415723955654,3.0,0.0,3.0,3.0,1.0,39255.0,40351.44622738136,3441.8567970836834,2348.0,38365.0,54709.0,107.0,1.0,660.0,660.0,0.0,0.0,660.0,660.0,1.0,1.0,27.0,27.0,0.0,0.0,27.0,27.0,1.0,1.0,tmp/remote_gpu_runs_20260917/gpu/pacca_gpu_final_20260913__dual_fft_gpu_N4096__REF__gpuF5__rep01/training_gpu_phases.csv,,False
pacca_gpu_final_20260913__dual_fft_gpu_N4096__REF__gpuF5__rep02,2,dual_fft_gpu_N4096,pacca-a100,REF,F5,sha256:7de9abeb8dc3e6f0ccf724e18d8529b8c0bfb0a06848dfe968b43a9626f87035,/home/latorresn/hyperion-results/final/campaigns/gpu/roofline_calibration_gpu_fp64_F5.json,1.3648564996055097,3.227383731801676,memory_bound,dual_fft,run,ok,,True,660,660,valid,1.0,3668,1165,0.7589488930271053,26328455788,1066793.0,True,10.0,31.212193460490465,31.81447355746599,66.0,0.0,66.0,13.0,1.0,0.0,1.3603542234332424,1.485037259672009,3.0,0.0,3.0,4.0,1.0,38861.0,40305.82970027248,3963.1412253222816,2679.5,37860.0,54318.0,109.0,1.0,660.0,660.0,0.0,0.0,660.0,660.0,1.0,1.0,26.0,26.0,0.0,0.0,26.0,26.0,1.0,1.0,tmp/remote_gpu_runs_20260917/gpu/pacca_gpu_final_20260913__dual_fft_gpu_N4096__REF__gpuF5__rep02/training_gpu_phases.csv,,False
pacca_gpu_final_20260913__dual_fft_gpu_N4096__REF__gpuF5__rep03,3,dual_fft_gpu_N4096,pacca-a100,REF,F5,sha256:7de9abeb8dc3e6f0ccf724e18d8529b8c0bfb0a06848dfe968b43a9626f87035,/home/latorresn/hyperion-results/final/campaigns/gpu/roofline_calibration_gpu_fp64_F5.json,1.3648564996055097,3.227383731801676,memory_bound,dual_fft,run,ok,,True,660,660,valid,1.0,3671,1099,0.769601677148847,26263968664,1067664.0,True,10.0,31.49267960503916,31.823481025446117,66.0,0.0,66.0,11.0,1.0,0.0,1.3711270003404834,1.485490030761133,3.0,0.0,3.0,4.0,1.0,38934.0,40062.17262512768,3339.6829148797437,2469.0,37263.0,53790.0,124.0,1.0,660.0,660.0,0.0,0.0,660.0,660.0,1.0,1.0,26.0,26.0,0.0,0.0,26.0,26.0,1.0,1.0,tmp/remote_gpu_runs_20260917/gpu/pacca_gpu_final_20260913__dual_fft_gpu_N4096__REF__gpuF5__rep03/training_gpu_phases.csv,,False
pacca_gpu_final_20260913__dual_fft_gpu_N4096__REF__gpuF6__rep01,1,dual_fft_gpu_N4096,pacca-a100,REF,F6,sha256:7de9abeb8dc3e6f0ccf724e18d8529b8c0bfb0a06848dfe968b43a9626f87035,/home/latorresn/hyperion-results/final/campaigns/gpu/roofline_calibration_gpu_fp64_F6.json,1.3648564996055097,2.537117986910783,memory_bound,dual_fft,run,ok,,True,510,510,valid,1.0,3735,1094,0.7734520604680059,26972872803,1089537.0,True,10.0,32.39511542321847,32.83175661630434,68.0,0.0,69.0,15.0,1.0,0.0,1.3740381398461023,1.4912325289003607,3.0,0.0,3.0,3.0,1.0,38763.0,39920.09066577451,3499.28178736534,2649.0,38273.0,53804.0,110.0,1.0,510.0,510.0,0.0,0.0,510.0,510.0,1.0,1.0,30.0,29.521913683506188,0.4996923655184714,1.0,29.0,30.0,2.0,1.0,tmp/remote_gpu_runs_20260917/gpu/pacca_gpu_final_20260913__dual_fft_gpu_N4096__REF__gpuF6__rep01/training_gpu_phases.csv,,False
pacca_gpu_final_20260913__dual_fft_gpu_N4096__REF__gpuF6__rep02,2,dual_fft_gpu_N4096,pacca-a100,REF,F6,sha256:7de9abeb8dc3e6f0ccf724e18d8529b8c0bfb0a06848dfe968b43a9626f87035,/home/latorresn/hyperion-results/final/campaigns/gpu/roofline_calibration_gpu_fp64_F6.json,1.3648564996055097,2.537117986910783,memory_bound,dual_fft,run,ok,,True,510,510,valid,1.0,3821,1094,0.7774160732451678,26831127277,1091813.0,True,14.0,34.05364736669938,33.31479280948497,69.0,0.0,69.0,13.0,1.0,0.0,1.417402682368335,1.4929446084232183,3.0,0.0,3.0,3.0,1.0,39265.0,40282.89368662087,3737.543243047126,2071.0,38273.0,52814.0,117.0,1.0,510.0,510.0,0.0,0.0,510.0,510.0,1.0,1.0,31.0,31.18416748446189,0.6311394169074265,1.0,30.0,32.0,3.0,1.0,tmp/remote_gpu_runs_20260917/gpu/pacca_gpu_final_20260913__dual_fft_gpu_N4096__REF__gpuF6__rep02/training_gpu_phases.csv,,False
pacca_gpu_final_20260913__dual_fft_gpu_N4096__REF__gpuF6__rep03,3,dual_fft_gpu_N4096,pacca-a100,REF,F6,sha256:7de9abeb8dc3e6f0ccf724e18d8529b8c0bfb0a06848dfe968b43a9626f87035,/home/latorresn/hyperion-results/final/campaigns/gpu/roofline_calibration_gpu_fp64_F6.json,1.3648564996055097,2.537117986910783,memory_bound,dual_fft,run,ok,,True,510,510,valid,1.0,3657,1148,0.7610822060353798,27067208072,1069075.0,True,10.0,31.81790228903314,32.809082299518394,68.0,0.0,68.0,12.0,1.0,0.0,1.3334472155790913,1.4940647621257783,3.0,0.0,3.0,2.0,1.0,37863.0,39042.48479672019,3429.493114412514,2549.0,36370.0,52924.0,114.0,1.0,510.0,510.0,0.0,0.0,510.0,510.0,1.0,1.0,26.0,26.0,0.0,0.0,26.0,26.0,1.0,1.0,tmp/remote_gpu_runs_20260917/gpu/pacca_gpu_final_20260913__dual_fft_gpu_N4096__REF__gpuF6__rep03/training_gpu_phases.csv,,False
pacca_gpu_final_20260913__dual_fft_gpu_N4096__REF__gpuF7__rep01,1,dual_fft_gpu_N4096,pacca-a100,REF,F7,sha256:7de9abeb8dc3e6f0ccf724e18d8529b8c0bfb0a06848dfe968b43a9626f87035,/home/latorresn/hyperion-results/final/campaigns/gpu/roofline_calibration_gpu_fp64_F7.json,1.3648564996055097,1.7704004001452782,memory_bound,dual_fft,run,ok,,True,360,360,valid,1.0,3691,1128,0.7659265407760947,27498019806,1064782.0,True,8.0,30.72333220453776,32.772833093746364,68.0,0.0,68.0,14.0,1.0,0.0,1.2831019302404334,1.489928611275629,3.0,0.0,3.0,2.0,1.0,37074.0,38108.31730443617,3325.758900138657,2063.0,35887.0,52225.0,111.0,1.0,360.0,360.0,0.0,0.0,360.0,360.0,1.0,1.0,26.0,26.07213003725025,0.3644414854610417,0.0,26.0,27.0,2.0,1.0,tmp/remote_gpu_runs_20260917/gpu/pacca_gpu_final_20260913__dual_fft_gpu_N4096__REF__gpuF7__rep01/training_gpu_phases.csv,,False
pacca_gpu_final_20260913__dual_fft_gpu_N4096__REF__gpuF7__rep02,2,dual_fft_gpu_N4096,pacca-a100,REF,F7,sha256:7de9abeb8dc3e6f0ccf724e18d8529b8c0bfb0a06848dfe968b43a9626f87035,/home/latorresn/hyperion-results/final/campaigns/gpu/roofline_calibration_gpu_fp64_F7.json,1.3648564996055097,1.7704004001452782,memory_bound,dual_fft,run,ok,,True,360,360,valid,1.0,3659,1077,0.7725929054054054,27372956842,1066046.0,True,10.0,31.358142710822808,32.423919649104334,67.0,0.0,68.0,15.0,1.0,0.0,1.3451689996585865,1.4901097621903676,3.0,0.0,3.0,3.0,1.0,37269.0,38455.97985660635,3172.7794586134337,2501.0,36780.0,51210.0,128.0,1.0,360.0,360.0,0.0,0.0,360.0,360.0,1.0,1.0,27.0,27.0,0.0,0.0,27.0,27.0,1.0,1.0,tmp/remote_gpu_runs_20260917/gpu/pacca_gpu_final_20260913__dual_fft_gpu_N4096__REF__gpuF7__rep02/training_gpu_phases.csv,,False
pacca_gpu_final_20260913__dual_fft_gpu_N4096__REF__gpuF7__rep03,3,dual_fft_gpu_N4096,pacca-a100,REF,F7,sha256:7de9abeb8dc3e6f0ccf724e18d8529b8c0bfb0a06848dfe968b43a9626f87035,/home/latorresn/hyperion-results/final/campaigns/gpu/roofline_calibration_gpu_fp64_F7.json,1.3648564996055097,1.7704004001452782,memory_bound,dual_fft,run,ok,,True,360,360,valid,1.0,3668,1069,0.7743297445640701,27152202582,1048811.0,True,10.0,32.333106267029976,32.69113838150269,68.0,0.0,68.0,16.0,1.0,0.0,1.3474114441416891,1.484588443639145,3.0,0.0,3.0,4.0,1.0,36878.0,37989.28576294278,3344.4476668229327,2468.0,35984.0,50721.0,113.0,1.0,360.0,360.0,0.0,0.0,360.0,360.0,1.0,1.0,26.0,25.720708446866485,0.4677501183934874,1.0,25.0,26.0,2.0,1.0,tmp/remote_gpu_runs_20260917/gpu/pacca_gpu_final_20260913__dual_fft_gpu_N4096__REF__gpuF7__rep03/training_gpu_phases.csv,,False
pacca_gpu_final_20260913__dual_fft_gpu_N4096__REF__gpuF8__rep01,1,dual_fft_gpu_N4096,pacca-a100,REF,F8,sha256:7de9abeb8dc3e6f0ccf724e18d8529b8c0bfb0a06848dfe968b43a9626f87035,/home/latorresn/hyperion-results/final/campaigns/gpu/roofline_calibration_gpu_fp64_F8.json,1.3648564996055097,1.3515565388833937,compute_bound,dual_fft,run,ok,,True,210,210,valid,1.0,3680,1111,0.7681068670423711,27503537764,1048601.0,True,10.0,31.92697010869565,33.25469662342418,69.0,0.0,69.0,14.0,1.0,0.0,1.3277853260869563,1.4838029255295018,3.0,0.0,3.0,3.0,1.0,36388.0,37526.9140625,3401.1242143765257,2363.0,35969.0,50917.0,114.0,1.0,210.0,210.0,0.0,0.0,210.0,210.0,1.0,1.0,27.0,27.0,0.0,0.0,27.0,27.0,1.0,1.0,tmp/remote_gpu_runs_20260917/gpu/pacca_gpu_final_20260913__dual_fft_gpu_N4096__REF__gpuF8__rep01/training_gpu_phases.csv,,False
pacca_gpu_final_20260913__dual_fft_gpu_N4096__REF__gpuF8__rep02,2,dual_fft_gpu_N4096,pacca-a100,REF,F8,sha256:7de9abeb8dc3e6f0ccf724e18d8529b8c0bfb0a06848dfe968b43a9626f87035,/home/latorresn/hyperion-results/final/campaigns/gpu/roofline_calibration_gpu_fp64_F8.json,1.3648564996055097,1.3515565388833937,compute_bound,dual_fft,run,ok,,True,210,210,valid,1.0,3659,1106,0.767890870933893,27295134403,1039731.0,True,10.0,32.42505974735405,33.12026082652079,69.0,0.0,69.0,14.0,1.0,0.0,1.3526800955957663,1.4850870133912557,3.0,0.0,3.0,3.0,1.0,36376.0,37419.87470126323,3280.307614614812,2356.0,35675.0,50819.0,126.0,1.0,210.0,210.0,0.0,0.0,210.0,210.0,1.0,1.0,27.0,27.0,0.119478121702268,0.0,26.0,27.0,2.0,1.0,tmp/remote_gpu_runs_20260917/gpu/pacca_gpu_final_20260913__dual_fft_gpu_N4096__REF__gpuF8__rep02/training_gpu_phases.csv,,False
pacca_gpu_final_20260913__dual_fft_gpu_N4096__REF__gpuF8__rep03,3,dual_fft_gpu_N4096,pacca-a100,REF,F8,sha256:7de9abeb8dc3e6f0ccf724e18d8529b8c0bfb0a06848dfe968b43a9626f87035,/home/latorresn/hyperion-results/final/campaigns/gpu/roofline_calibration_gpu_fp64_F8.json,1.3648564996055097,1.3515565388833937,compute_bound,dual_fft,run,ok,,True,210,210,valid,1.0,3595,1073,0.7701371036846615,27393999172,1050262.0,True,7.0,31.084810566562396,33.29203615794496,69.0,0.0,70.0,15.0,1.0,0.0,1.2877997914494266,1.4853082438570948,3.0,0.0,3.0,3.0,1.0,36592.0,37677.77024678484,3264.0988816848508,2448.0,36180.0,51028.0,125.0,1.0,210.0,210.0,0.0,0.0,210.0,210.0,1.0,1.0,28.0,28.0,0.2990705404597478,0.0,28.0,29.0,2.0,1.0,tmp/remote_gpu_runs_20260917/gpu/pacca_gpu_final_20260913__dual_fft_gpu_N4096__REF__gpuF8__rep03/training_gpu_phases.csv,,False
pacca_gpu_final_20260913__dual_fft_gpu_N4096__REF__gpuREF__rep01,1,dual_fft_gpu_N4096,pacca-a100,REF,REF,sha256:7de9abeb8dc3e6f0ccf724e18d8529b8c0bfb0a06848dfe968b43a9626f87035,/home/latorresn/hyperion-results/final/campaigns/gpu/roofline_calibration_gpu_fp64_REF.json,1.3648564996055097,6.898376612287448,memory_bound,dual_fft,run,ok,,True,,,not_applicable_native,,2497,4700,0.3469501181047659,14107830201,994970.0,True,39.0,36.93946973486744,12.991993024100202,0.0,0.0,40.0,10.0,1.0,3.0,2.810905452726363,1.0717439386970176,0.0,0.0,3.0,2.0,1.0,68418.0,69933.46273136568,5778.821186149485,5831.0,60040.0,89336.0,120.0,1.0,1410.0,1410.0,0.0,0.0,1410.0,1410.0,1.0,1.0,29.0,29.0,0.1175599801639225,0.0,28.0,29.0,2.0,1.0,tmp/remote_gpu_runs_20260917/gpu/pacca_gpu_final_20260913__dual_fft_gpu_N4096__REF__gpuREF__rep01/training_gpu_phases.csv,,True
pacca_gpu_final_20260913__dual_fft_gpu_N4096__REF__gpuREF__rep02,2,dual_fft_gpu_N4096,pacca-a100,REF,REF,sha256:7de9abeb8dc3e6f0ccf724e18d8529b8c0bfb0a06848dfe968b43a9626f87035,/home/latorresn/hyperion-results/final/campaigns/gpu/roofline_calibration_gpu_fp64_REF.json,1.3648564996055097,6.898376612287448,memory_bound,dual_fft,run,ok,,True,,,not_applicable_native,,2467,4751,0.3417844278193405,14021354750,995706.0,True,40.0,37.15898734177215,13.423733858722285,1.0,0.0,41.0,10.0,1.0,3.0,2.766582278481013,1.0786402306743856,0.0,0.0,3.0,4.0,1.0,68527.0,69952.50379746835,5457.128649820887,5983.0,61910.0,88499.0,128.0,1.0,1410.0,1410.0,0.0,0.0,1410.0,1410.0,1.0,1.0,30.0,30.0,0.2411894144883564,0.0,29.0,30.0,2.0,1.0,tmp/remote_gpu_runs_20260917/gpu/pacca_gpu_final_20260913__dual_fft_gpu_N4096__REF__gpuREF__rep02/training_gpu_phases.csv,,True
pacca_gpu_final_20260913__dual_fft_gpu_N4096__REF__gpuREF__rep03,3,dual_fft_gpu_N4096,pacca-a100,REF,REF,sha256:7de9abeb8dc3e6f0ccf724e18d8529b8c0bfb0a06848dfe968b43a9626f87035,/home/latorresn/hyperion-results/final/campaigns/gpu/roofline_calibration_gpu_fp64_REF.json,1.3648564996055097,6.898376612287448,memory_bound,dual_fft,run,ok,,True,,,not_applicable_native,,2440,4726,0.3404967903991069,13902971977,981956.0,True,40.0,37.52766393442623,13.229357643322032,1.0,0.0,41.0,9.0,1.0,3.0,2.7940573770491803,1.0854795820921288,0.0,0.0,3.0,2.0,1.0,68527.0,70248.28842213115,5573.377815644543,5559.0,62993.0,87712.0,118.0,1.0,1410.0,1410.0,0.0,0.0,1410.0,1410.0,1.0,1.0,29.0,29.0,0.1430550971373771,0.0,29.0,30.0,2.0,1.0,tmp/remote_gpu_runs_20260917/gpu/pacca_gpu_final_20260913__dual_fft_gpu_N4096__REF__gpuREF__rep03/training_gpu_phases.csv,,True
pacca_gpu_final_20260913__dual_spmv_gpu_N1000000__REF__gpuF0__rep01,1,dual_spmv_gpu_N1000000,pacca-a100,REF,F0,sha256:9e8d32606ed1bcedf6a5a36666a9562c8a8400ee41f6b42680c3f336a807fdd8,/home/latorresn/hyperion-results/final/campaigns/gpu/roofline_calibration_gpu_fp64_F0.json,0.3623669564086098,6.853790013388249,memory_bound,dual_spmv,run,ok,,True,1410,1410,valid,1.0,5271,4993,0.5135424785658612,29965203836,2023557.0,True,40.0,40.25610623666113,9.42550957609883,1.0,0.0,41.0,10.0,1.0,2.0,2.0,0.5049763354810302,0.0,0.0,2.0,3.0,1.0,67733.0,67672.83685084184,915.5782966696956,1283.0,64905.0,70605.0,226.0,1.0,1410.0,1410.0,0.0,0.0,1410.0,1410.0,1.0,1.0,32.0,32.0,0.0,0.0,32.0,32.0,1.0,1.0,tmp/remote_gpu_runs_20260917/gpu/pacca_gpu_final_20260913__dual_spmv_gpu_N1000000__REF__gpuF0__rep01/training_gpu_phases.csv,,False
pacca_gpu_final_20260913__dual_spmv_gpu_N1000000__REF__gpuF0__rep02,2,dual_spmv_gpu_N1000000,pacca-a100,REF,F0,sha256:9e8d32606ed1bcedf6a5a36666a9562c8a8400ee41f6b42680c3f336a807fdd8,/home/latorresn/hyperion-results/final/campaigns/gpu/roofline_calibration_gpu_fp64_F0.json,0.3623669564086098,6.853790013388249,memory_bound,dual_spmv,run,ok,,True,1410,1410,valid,1.0,5226,4980,0.5120517342739564,29550970103,2040807.0,True,41.0,40.751076040172165,8.9911966188792,1.0,0.0,41.0,9.0,1.0,2.0,2.0,0.4779194134272386,0.0,0.0,2.0,3.0,1.0,69499.0,69533.84409373505,1054.8488528563687,1127.75,62492.0,72372.0,221.0,1.0,1410.0,1410.0,0.0,0.0,1410.0,1410.0,1.0,1.0,30.0,30.286704925872787,0.4699644862794612,1.0,30.0,31.0,2.0,1.0,tmp/remote_gpu_runs_20260917/gpu/pacca_gpu_final_20260913__dual_spmv_gpu_N1000000__REF__gpuF0__rep02/training_gpu_phases.csv,,False
pacca_gpu_final_20260913__dual_spmv_gpu_N1000000__REF__gpuF0__rep03,3,dual_spmv_gpu_N1000000,pacca-a100,REF,F0,sha256:9e8d32606ed1bcedf6a5a36666a9562c8a8400ee41f6b42680c3f336a807fdd8,/home/latorresn/hyperion-results/final/campaigns/gpu/roofline_calibration_gpu_fp64_F0.json,0.3623669564086098,6.853790013388249,memory_bound,dual_spmv,run,ok,,True,1410,1410,valid,1.0,5292,5005,0.5139360978925901,29633064028,2037410.0,True,41.0,40.7312234293812,9.128744047929306,1.0,0.0,41.0,9.0,1.0,2.0,2.0,0.484975768883723,0.0,0.0,2.0,2.0,1.0,69108.0,69116.06353330184,971.1703019280436,1205.0,65571.0,71490.0,227.0,1.0,1410.0,1410.0,0.0,0.0,1410.0,1410.0,1.0,1.0,29.0,29.426310817194143,0.496511915309196,1.0,29.0,30.0,2.0,1.0,tmp/remote_gpu_runs_20260917/gpu/pacca_gpu_final_20260913__dual_spmv_gpu_N1000000__REF__gpuF0__rep03/training_gpu_phases.csv,,False
pacca_gpu_final_20260913__dual_spmv_gpu_N1000000__REF__gpuF1__rep01,1,dual_spmv_gpu_N1000000,pacca-a100,REF,F1,sha256:9e8d32606ed1bcedf6a5a36666a9562c8a8400ee41f6b42680c3f336a807fdd8,/home/latorresn/hyperion-results/final/campaigns/gpu/roofline_calibration_gpu_fp64_F1.json,0.3623669564086098,6.18031703044422,memory_bound,dual_spmv,run,ok,,True,1260,1260,valid,1.0,5461,4715,0.5366548742138365,31104051628,1712710.0,True,41.0,40.77294575417716,11.577298837778333,0.0,0.0,41.0,9.0,1.0,2.0,1.9842069123369197,0.6112198274040344,0.0,0.0,2.0,3.0,1.0,55169.0,55163.206454566265,899.7887152642004,1156.0,50922.0,57420.0,174.0,1.0,1260.0,1260.0,0.0,0.0,1260.0,1260.0,1.0,1.0,29.0,29.0,0.0,0.0,29.0,29.0,1.0,1.0,tmp/remote_gpu_runs_20260917/gpu/pacca_gpu_final_20260913__dual_spmv_gpu_N1000000__REF__gpuF1__rep01/training_gpu_phases.csv,,False
pacca_gpu_final_20260913__dual_spmv_gpu_N1000000__REF__gpuF1__rep02,2,dual_spmv_gpu_N1000000,pacca-a100,REF,F1,sha256:9e8d32606ed1bcedf6a5a36666a9562c8a8400ee41f6b42680c3f336a807fdd8,/home/latorresn/hyperion-results/final/campaigns/gpu/roofline_calibration_gpu_fp64_F1.json,0.3623669564086098,6.18031703044422,memory_bound,dual_spmv,run,ok,,True,1260,1260,valid,1.0,5579,4815,0.5367519722917068,31284954477,1736974.0,True,41.0,40.6976483762598,11.56826293846724,0.0,0.0,41.0,11.0,1.0,2.0,1.9840985442329224,0.6113730132064933,0.0,0.0,2.0,3.0,1.0,55850.0,55815.12452407615,863.4804636685473,968.0,50029.0,58135.0,186.0,1.0,1260.0,1260.0,0.0,0.0,1260.0,1260.0,1.0,1.0,32.0,31.634042553191488,0.4883560003575795,1.0,31.0,32.0,2.0,1.0,tmp/remote_gpu_runs_20260917/gpu/pacca_gpu_final_20260913__dual_spmv_gpu_N1000000__REF__gpuF1__rep02/training_gpu_phases.csv,,False
pacca_gpu_final_20260913__dual_spmv_gpu_N1000000__REF__gpuF1__rep03,3,dual_spmv_gpu_N1000000,pacca-a100,REF,F1,sha256:9e8d32606ed1bcedf6a5a36666a9562c8a8400ee41f6b42680c3f336a807fdd8,/home/latorresn/hyperion-results/final/campaigns/gpu/roofline_calibration_gpu_fp64_F1.json,0.3623669564086098,6.18031703044422,memory_bound,dual_spmv,run,ok,,True,1260,1260,valid,1.0,5415,5014,0.5192252373190143,30772089471,1683420.0,True,41.0,40.803369489960765,11.13069084894846,0.0,0.0,42.0,11.0,1.0,2.0,1.9951534733441036,0.5830279102693436,0.0,0.0,2.0,3.0,1.0,55279.0,55179.64435725825,816.5106369349164,893.0,51535.0,57066.0,189.0,1.0,1260.0,1260.0,0.0,0.0,1260.0,1260.0,1.0,1.0,30.0,30.0,0.0,0.0,30.0,30.0,1.0,1.0,tmp/remote_gpu_runs_20260917/gpu/pacca_gpu_final_20260913__dual_spmv_gpu_N1000000__REF__gpuF1__rep03/training_gpu_phases.csv,,False
pacca_gpu_final_20260913__dual_spmv_gpu_N1000000__REF__gpuF2__rep01,1,dual_spmv_gpu_N1000000,pacca-a100,REF,F2,sha256:9e8d32606ed1bcedf6a5a36666a9562c8a8400ee41f6b42680c3f336a807fdd8,/home/latorresn/hyperion-results/final/campaigns/gpu/roofline_calibration_gpu_fp64_F2.json,0.3623669564086098,5.402777780507837,memory_bound,dual_spmv,run,ok,,True,1110,1110,valid,1.0,5933,4795,0.5530387770320656,33318075671,1585108.0,True,41.0,38.234042553191486,14.333736999255944,0.0,0.0,42.0,11.0,1.0,2.0,1.839898883505372,0.7405474753678083,0.0,0.0,2.0,2.0,1.0,47946.0,47906.413524331154,857.9031053397239,892.0,43216.0,49632.0,174.0,1.0,1110.0,1110.0,0.0,0.0,1110.0,1110.0,1.0,1.0,29.0,28.71160733094586,0.4704625917152348,1.0,28.0,29.0,2.0,1.0,tmp/remote_gpu_runs_20260917/gpu/pacca_gpu_final_20260913__dual_spmv_gpu_N1000000__REF__gpuF2__rep01/training_gpu_phases.csv,,False
pacca_gpu_final_20260913__dual_spmv_gpu_N1000000__REF__gpuF2__rep02,2,dual_spmv_gpu_N1000000,pacca-a100,REF,F2,sha256:9e8d32606ed1bcedf6a5a36666a9562c8a8400ee41f6b42680c3f336a807fdd8,/home/latorresn/hyperion-results/final/campaigns/gpu/roofline_calibration_gpu_fp64_F2.json,0.3623669564086098,5.402777780507837,memory_bound,dual_spmv,run,ok,,True,1110,1110,valid,1.0,5844,4959,0.5409608442099417,33166939245,1555699.0,True,41.0,38.77780153977759,13.92946900476308,0.0,0.0,42.0,12.0,1.0,2.0,1.862917023096664,0.71493158724035,0.0,0.0,2.0,3.0,1.0,47248.0,47156.55945252352,799.927288318119,893.0,42312.0,49131.0,151.0,1.0,1110.0,1110.0,0.0,0.0,1110.0,1110.0,1.0,1.0,27.0,27.0,0.0,0.0,27.0,27.0,1.0,1.0,tmp/remote_gpu_runs_20260917/gpu/pacca_gpu_final_20260913__dual_spmv_gpu_N1000000__REF__gpuF2__rep02/training_gpu_phases.csv,,False
pacca_gpu_final_20260913__dual_spmv_gpu_N1000000__REF__gpuF2__rep03,3,dual_spmv_gpu_N1000000,pacca-a100,REF,F2,sha256:9e8d32606ed1bcedf6a5a36666a9562c8a8400ee41f6b42680c3f336a807fdd8,/home/latorresn/hyperion-results/final/campaigns/gpu/roofline_calibration_gpu_fp64_F2.json,0.3623669564086098,5.402777780507837,memory_bound,dual_spmv,run,ok,,True,1110,1110,valid,1.0,5807,4993,0.5376851851851852,33508069887,1632892.0,True,41.0,38.54831073811061,13.914508375003653,0.0,0.0,41.0,11.0,1.0,2.0,1.857542500537981,0.7190404886290952,0.0,0.0,2.0,3.0,1.0,49228.0,49139.29180116204,893.5327144919498,992.0,43803.0,50928.0,143.0,1.0,1110.0,1110.0,0.0,0.0,1110.0,1110.0,1.0,1.0,33.0,32.83451689261889,0.7989967137774645,2.0,32.0,34.0,3.0,1.0,tmp/remote_gpu_runs_20260917/gpu/pacca_gpu_final_20260913__dual_spmv_gpu_N1000000__REF__gpuF2__rep03/training_gpu_phases.csv,,False
pacca_gpu_final_20260913__dual_spmv_gpu_N1000000__REF__gpuF3__rep01,1,dual_spmv_gpu_N1000000,pacca-a100,REF,F3,sha256:9e8d32606ed1bcedf6a5a36666a9562c8a8400ee41f6b42680c3f336a807fdd8,/home/latorresn/hyperion-results/final/campaigns/gpu/roofline_calibration_gpu_fp64_F3.json,0.3623669564086098,4.6473636179248725,memory_bound,dual_spmv,run,ok,,True,960,960,valid,1.0,6363,3551,0.6418196489812387,36096362060,1589646.0,True,44.0,38.4315458652524,17.004159117081162,0.0,0.0,44.0,12.0,1.0,2.0,1.7151836574346886,0.8201040917446131,0.0,0.0,2.0,2.0,1.0,44483.0,44294.62777450403,962.112107090692,782.0,40131.0,46087.0,129.0,1.0,960.0,960.0,0.0,0.0,960.0,960.0,1.0,1.0,28.0,28.0,0.0,0.0,28.0,28.0,1.0,1.0,tmp/remote_gpu_runs_20260917/gpu/pacca_gpu_final_20260913__dual_spmv_gpu_N1000000__REF__gpuF3__rep01/training_gpu_phases.csv,,False
pacca_gpu_final_20260913__dual_spmv_gpu_N1000000__REF__gpuF3__rep02,2,dual_spmv_gpu_N1000000,pacca-a100,REF,F3,sha256:9e8d32606ed1bcedf6a5a36666a9562c8a8400ee41f6b42680c3f336a807fdd8,/home/latorresn/hyperion-results/final/campaigns/gpu/roofline_calibration_gpu_fp64_F3.json,0.3623669564086098,4.6473636179248725,memory_bound,dual_spmv,run,ok,,True,960,960,valid,1.0,6328,3475,0.6455166785677854,36040946452,1590653.0,True,44.0,38.10939968404424,17.36762075876819,0.0,0.0,45.0,15.0,1.0,2.0,1.7020142180094786,0.8204713799933833,0.0,0.0,2.0,3.0,1.0,44570.0,44357.16291469194,998.6455335634818,698.0,40437.0,46074.0,118.0,1.0,960.0,960.0,0.0,0.0,960.0,960.0,1.0,1.0,27.0,27.0,0.0,0.0,27.0,27.0,1.0,1.0,tmp/remote_gpu_runs_20260917/gpu/pacca_gpu_final_20260913__dual_spmv_gpu_N1000000__REF__gpuF3__rep02/training_gpu_phases.csv,,False
pacca_gpu_final_20260913__dual_spmv_gpu_N1000000__REF__gpuF3__rep03,3,dual_spmv_gpu_N1000000,pacca-a100,REF,F3,sha256:9e8d32606ed1bcedf6a5a36666a9562c8a8400ee41f6b42680c3f336a807fdd8,/home/latorresn/hyperion-results/final/campaigns/gpu/roofline_calibration_gpu_fp64_F3.json,0.3623669564086098,4.6473636179248725,memory_bound,dual_spmv,run,ok,,True,960,960,valid,1.0,6397,3038,0.6780074191838897,36227093569,1589436.0,True,44.0,38.00820472748584,17.270572196945352,0.0,0.0,44.0,12.0,1.0,2.0,1.687048251611643,0.8317402304931856,0.0,0.0,2.0,3.0,1.0,44287.0,44133.808556358665,883.6054560822922,881.0,40534.0,45683.0,124.0,1.0,960.0,960.0,0.0,0.0,960.0,960.0,1.0,1.0,27.0,27.0,0.252015037113446,0.0,27.0,28.0,2.0,1.0,tmp/remote_gpu_runs_20260917/gpu/pacca_gpu_final_20260913__dual_spmv_gpu_N1000000__REF__gpuF3__rep03/training_gpu_phases.csv,,False
pacca_gpu_final_20260913__dual_spmv_gpu_N1000000__REF__gpuF4__rep01,1,dual_spmv_gpu_N1000000,pacca-a100,REF,F4,sha256:9e8d32606ed1bcedf6a5a36666a9562c8a8400ee41f6b42680c3f336a807fdd8,/home/latorresn/hyperion-results/final/campaigns/gpu/roofline_calibration_gpu_fp64_F4.json,0.3623669564086098,3.847999914788036,memory_bound,dual_spmv,run,ok,,True,810,810,valid,1.0,6765,1838,0.7863535975822388,39282598465,1648927.0,True,50.0,41.29891003140588,20.740180097892367,23.0,0.0,51.0,14.0,1.0,2.0,1.6028080546831702,0.859978093044973,1.0,0.0,2.0,3.0,1.0,42507.0,42324.2183631997,949.5268434166568,1198.0,38949.0,44006.0,144.0,1.0,810.0,810.0,0.0,0.0,810.0,810.0,1.0,1.0,27.0,27.0,0.2601741077882918,0.0,26.0,27.0,2.0,1.0,tmp/remote_gpu_runs_20260917/gpu/pacca_gpu_final_20260913__dual_spmv_gpu_N1000000__REF__gpuF4__rep01/training_gpu_phases.csv,,False
pacca_gpu_final_20260913__dual_spmv_gpu_N1000000__REF__gpuF4__rep02,2,dual_spmv_gpu_N1000000,pacca-a100,REF,F4,sha256:9e8d32606ed1bcedf6a5a36666a9562c8a8400ee41f6b42680c3f336a807fdd8,/home/latorresn/hyperion-results/final/campaigns/gpu/roofline_calibration_gpu_fp64_F4.json,0.3623669564086098,3.847999914788036,memory_bound,dual_spmv,run,ok,,True,810,810,valid,1.0,6261,1803,0.7764136904761905,39545275169,1661986.0,True,50.0,39.24915152725095,21.58610220228015,42.0,0.0,50.0,14.0,1.0,2.0,1.5214613695348371,0.8945620746362692,2.0,0.0,2.0,3.0,1.0,42599.0,42269.53383908964,1074.1823711084728,2258.0,39249.0,43982.0,138.0,1.0,810.0,810.0,0.0,0.0,810.0,810.0,1.0,1.0,26.0,26.0,0.0,0.0,26.0,26.0,1.0,1.0,tmp/remote_gpu_runs_20260917/gpu/pacca_gpu_final_20260913__dual_spmv_gpu_N1000000__REF__gpuF4__rep02/training_gpu_phases.csv,,False
pacca_gpu_final_20260913__dual_spmv_gpu_N1000000__REF__gpuF4__rep03,3,dual_spmv_gpu_N1000000,pacca-a100,REF,F4,sha256:9e8d32606ed1bcedf6a5a36666a9562c8a8400ee41f6b42680c3f336a807fdd8,/home/latorresn/hyperion-results/final/campaigns/gpu/roofline_calibration_gpu_fp64_F4.json,0.3623669564086098,3.847999914788036,memory_bound,dual_spmv,run,ok,,True,810,810,valid,1.0,6209,1742,0.780908061879009,39345522065,1670833.0,True,50.0,39.54437512577984,21.75202449655891,43.0,0.0,51.0,15.0,1.0,2.0,1.5312940229422418,0.8994818216810032,2.0,0.0,2.0,3.0,1.0,43003.0,42699.91929965788,1063.9868098127706,2253.0,39151.0,44397.0,117.0,1.0,810.0,810.0,0.0,0.0,810.0,810.0,1.0,1.0,28.0,28.0,0.2582082292060556,0.0,27.0,28.0,2.0,1.0,tmp/remote_gpu_runs_20260917/gpu/pacca_gpu_final_20260913__dual_spmv_gpu_N1000000__REF__gpuF4__rep03/training_gpu_phases.csv,,False
pacca_gpu_final_20260913__dual_spmv_gpu_N1000000__REF__gpuF5__rep01,1,dual_spmv_gpu_N1000000,pacca-a100,REF,F5,sha256:9e8d32606ed1bcedf6a5a36666a9562c8a8400ee41f6b42680c3f336a807fdd8,/home/latorresn/hyperion-results/final/campaigns/gpu/roofline_calibration_gpu_fp64_F5.json,0.3623669564086098,3.227383731801676,memory_bound,dual_spmv,run,ok,,True,660,660,valid,1.0,6449,1176,0.8457704918032787,43182303265,1733254.0,True,61.0,46.01007556675063,27.59673503898736,58.0,0.0,62.0,13.0,1.0,2.0,1.4458438287153652,0.9234966570773344,2.0,0.0,2.0,3.0,1.0,40727.0,40386.29722921914,1096.8501717937377,2264.0,37263.0,42305.0,145.0,1.0,660.0,660.0,0.0,0.0,660.0,660.0,1.0,1.0,26.0,26.0,0.0,0.0,26.0,26.0,1.0,1.0,tmp/remote_gpu_runs_20260917/gpu/pacca_gpu_final_20260913__dual_spmv_gpu_N1000000__REF__gpuF5__rep01/training_gpu_phases.csv,,False
pacca_gpu_final_20260913__dual_spmv_gpu_N1000000__REF__gpuF5__rep02,2,dual_spmv_gpu_N1000000,pacca-a100,REF,F5,sha256:9e8d32606ed1bcedf6a5a36666a9562c8a8400ee41f6b42680c3f336a807fdd8,/home/latorresn/hyperion-results/final/campaigns/gpu/roofline_calibration_gpu_fp64_F5.json,0.3623669564086098,3.227383731801676,memory_bound,dual_spmv,run,ok,,True,660,660,valid,1.0,5818,1212,0.8275960170697013,42569557334,1743040.0,True,62.0,44.6073883161512,28.29551477277295,60.0,0.0,62.0,10.0,1.0,2.0,1.402061855670103,0.939165861719478,2.0,0.0,2.0,3.0,1.0,41505.0,41137.46520618557,1056.5700008807848,2054.0,38267.0,42894.0,135.0,1.0,660.0,660.0,0.0,0.0,660.0,660.0,1.0,1.0,29.0,28.92418384879725,0.6819358224469441,1.0,28.0,30.0,3.0,1.0,tmp/remote_gpu_runs_20260917/gpu/pacca_gpu_final_20260913__dual_spmv_gpu_N1000000__REF__gpuF5__rep02/training_gpu_phases.csv,,False
pacca_gpu_final_20260913__dual_spmv_gpu_N1000000__REF__gpuF5__rep03,3,dual_spmv_gpu_N1000000,pacca-a100,REF,F5,sha256:9e8d32606ed1bcedf6a5a36666a9562c8a8400ee41f6b42680c3f336a807fdd8,/home/latorresn/hyperion-results/final/campaigns/gpu/roofline_calibration_gpu_fp64_F5.json,0.3623669564086098,3.227383731801676,memory_bound,dual_spmv,run,ok,,True,660,660,valid,1.0,6501,1189,0.8453836150845253,42504479701,1702054.0,True,62.0,47.48894443376274,27.351931614988064,56.0,0.0,62.0,12.0,1.0,2.0,1.48702172659104,0.9127497010794916,2.0,0.0,2.0,3.0,1.0,40715.0,40336.06287252451,1082.5024482180145,2259.0,37450.0,42208.0,146.0,1.0,660.0,660.0,0.0,0.0,660.0,660.0,1.0,1.0,25.0,25.433185925783505,0.497134532223368,1.0,25.0,26.0,2.0,1.0,tmp/remote_gpu_runs_20260917/gpu/pacca_gpu_final_20260913__dual_spmv_gpu_N1000000__REF__gpuF5__rep03/training_gpu_phases.csv,,False
pacca_gpu_final_20260913__dual_spmv_gpu_N1000000__REF__gpuF6__rep01,1,dual_spmv_gpu_N1000000,pacca-a100,REF,F6,sha256:9e8d32606ed1bcedf6a5a36666a9562c8a8400ee41f6b42680c3f336a807fdd8,/home/latorresn/hyperion-results/final/campaigns/gpu/roofline_calibration_gpu_fp64_F6.json,0.3623669564086098,2.537117986910783,memory_bound,dual_spmv,run,ok,,True,510,510,valid,1.0,6492,1132,0.8515215110178384,43502317461,1697126.0,True,63.0,47.47189064304968,27.87225557563388,58.0,0.0,64.0,15.0,1.0,2.0,1.447631882941856,0.917779857293068,2.0,0.0,2.0,3.0,1.0,39631.0,39275.47612629957,1060.4815378651629,2256.0,36872.0,41326.0,148.0,1.0,510.0,510.0,0.0,0.0,510.0,510.0,1.0,1.0,26.0,26.0,0.0972574368933743,0.0,25.0,26.0,2.0,1.0,tmp/remote_gpu_runs_20260917/gpu/pacca_gpu_final_20260913__dual_spmv_gpu_N1000000__REF__gpuF6__rep01/training_gpu_phases.csv,,False
pacca_gpu_final_20260913__dual_spmv_gpu_N1000000__REF__gpuF6__rep02,2,dual_spmv_gpu_N1000000,pacca-a100,REF,F6,sha256:9e8d32606ed1bcedf6a5a36666a9562c8a8400ee41f6b42680c3f336a807fdd8,/home/latorresn/hyperion-results/final/campaigns/gpu/roofline_calibration_gpu_fp64_F6.json,0.3623669564086098,2.537117986910783,memory_bound,dual_spmv,run,ok,,True,510,510,valid,1.0,6328,1145,0.8467817476247825,44257034312,1728066.0,True,61.0,45.81793048973144,27.610929191220844,57.0,0.0,63.0,17.0,1.0,1.0,1.1332938388625593,0.8508379317573487,2.0,0.0,2.0,3.0,1.0,39625.0,39252.3955371248,1081.5062117089988,2246.0,36263.0,41129.0,148.0,1.0,510.0,510.0,0.0,0.0,510.0,510.0,1.0,1.0,26.0,26.0,0.0,0.0,26.0,26.0,1.0,1.0,tmp/remote_gpu_runs_20260917/gpu/pacca_gpu_final_20260913__dual_spmv_gpu_N1000000__REF__gpuF6__rep02/training_gpu_phases.csv,,False
pacca_gpu_final_20260913__dual_spmv_gpu_N1000000__REF__gpuF6__rep03,3,dual_spmv_gpu_N1000000,pacca-a100,REF,F6,sha256:9e8d32606ed1bcedf6a5a36666a9562c8a8400ee41f6b42680c3f336a807fdd8,/home/latorresn/hyperion-results/final/campaigns/gpu/roofline_calibration_gpu_fp64_F6.json,0.3623669564086098,2.537117986910783,memory_bound,dual_spmv,run,ok,,True,510,510,valid,1.0,5885,1140,0.8377224199288256,43362929054,1693819.0,True,63.0,45.93246973879805,28.420412201972034,59.0,0.0,63.0,13.0,1.0,2.0,1.3888299001911233,0.9350460563722194,2.0,0.0,2.0,3.0,1.0,39616.0,39206.044807814826,1095.0110461179654,2242.0,37068.0,41315.0,142.0,1.0,510.0,510.0,0.0,0.0,510.0,510.0,1.0,1.0,26.0,26.0,0.0,0.0,26.0,26.0,1.0,1.0,tmp/remote_gpu_runs_20260917/gpu/pacca_gpu_final_20260913__dual_spmv_gpu_N1000000__REF__gpuF6__rep03/training_gpu_phases.csv,,False
pacca_gpu_final_20260913__dual_spmv_gpu_N1000000__REF__gpuF7__rep01,1,dual_spmv_gpu_N1000000,pacca-a100,REF,F7,sha256:9e8d32606ed1bcedf6a5a36666a9562c8a8400ee41f6b42680c3f336a807fdd8,/home/latorresn/hyperion-results/final/campaigns/gpu/roofline_calibration_gpu_fp64_F7.json,0.3623669564086098,1.7704004001452782,memory_bound,dual_spmv,run,ok,,True,360,360,valid,1.0,6360,1206,0.8406026962727994,43424993493,1664741.0,True,63.0,47.45774371069182,28.13491231872369,59.0,0.0,64.0,15.0,1.0,2.0,1.388561320754717,0.910322651271092,2.0,0.0,2.0,3.0,1.0,38949.0,38594.18907232704,1095.3890734373365,2258.0,36076.0,40519.0,149.0,1.0,360.0,360.0,0.0,0.0,360.0,360.0,1.0,1.0,26.0,26.00176886792453,0.3018775794584401,0.0,26.0,27.0,2.0,1.0,tmp/remote_gpu_runs_20260917/gpu/pacca_gpu_final_20260913__dual_spmv_gpu_N1000000__REF__gpuF7__rep01/training_gpu_phases.csv,,False
pacca_gpu_final_20260913__dual_spmv_gpu_N1000000__REF__gpuF7__rep02,2,dual_spmv_gpu_N1000000,pacca-a100,REF,F7,sha256:9e8d32606ed1bcedf6a5a36666a9562c8a8400ee41f6b42680c3f336a807fdd8,/home/latorresn/hyperion-results/final/campaigns/gpu/roofline_calibration_gpu_fp64_F7.json,0.3623669564086098,1.7704004001452782,memory_bound,dual_spmv,run,ok,,True,360,360,valid,1.0,5891,1244,0.8256482130343378,43041601984,1651282.0,True,64.0,46.78442605559092,28.86911915813164,60.0,0.0,64.0,17.0,1.0,2.0,1.388924252068746,0.9326912482110538,2.0,0.0,2.0,3.0,1.0,38940.0,38525.37619350732,1134.0359371486893,2356.0,36667.0,40421.0,149.0,1.0,360.0,360.0,0.0,0.0,360.0,360.0,1.0,1.0,26.0,26.0,0.0,0.0,26.0,26.0,1.0,1.0,tmp/remote_gpu_runs_20260917/gpu/pacca_gpu_final_20260913__dual_spmv_gpu_N1000000__REF__gpuF7__rep02/training_gpu_phases.csv,,False
pacca_gpu_final_20260913__dual_spmv_gpu_N1000000__REF__gpuF7__rep03,3,dual_spmv_gpu_N1000000,pacca-a100,REF,F7,sha256:9e8d32606ed1bcedf6a5a36666a9562c8a8400ee41f6b42680c3f336a807fdd8,/home/latorresn/hyperion-results/final/campaigns/gpu/roofline_calibration_gpu_fp64_F7.json,0.3623669564086098,1.7704004001452782,memory_bound,dual_spmv,run,ok,,True,360,360,valid,1.0,6182,1179,0.8398315446270888,43386564855,1661461.0,True,63.0,47.07035988677719,28.31846704336049,58.0,0.0,64.0,15.0,1.0,2.0,1.3823291548726244,0.917722067951488,2.0,0.0,2.0,3.0,1.0,38843.0,38489.78346138293,1068.3998743501545,2258.0,35969.0,40333.0,150.0,1.0,360.0,360.0,0.0,0.0,360.0,360.0,1.0,1.0,26.0,26.0,0.0,0.0,26.0,26.0,1.0,1.0,tmp/remote_gpu_runs_20260917/gpu/pacca_gpu_final_20260913__dual_spmv_gpu_N1000000__REF__gpuF7__rep03/training_gpu_phases.csv,,False
pacca_gpu_final_20260913__dual_spmv_gpu_N1000000__REF__gpuF8__rep01,1,dual_spmv_gpu_N1000000,pacca-a100,REF,F8,sha256:9e8d32606ed1bcedf6a5a36666a9562c8a8400ee41f6b42680c3f336a807fdd8,/home/latorresn/hyperion-results/final/campaigns/gpu/roofline_calibration_gpu_fp64_F8.json,0.3623669564086098,1.3515565388833937,memory_bound,dual_spmv,run,ok,,True,210,210,valid,1.0,5901,1180,0.8333568704985171,43825353766,1648034.0,True,63.0,45.87693285320906,28.964009438247707,61.0,0.0,64.0,14.0,1.0,1.0,0.945350561321754,0.7826624829869377,2.0,0.0,2.0,3.0,1.0,38239.0,37804.71192543952,1129.5973930343357,2273.0,35871.0,39626.0,156.0,1.0,210.0,210.0,0.0,0.0,210.0,210.0,1.0,1.0,27.0,27.0,0.2025732006413232,0.0,26.0,27.0,2.0,1.0,tmp/remote_gpu_runs_20260917/gpu/pacca_gpu_final_20260913__dual_spmv_gpu_N1000000__REF__gpuF8__rep01/training_gpu_phases.csv,,False
pacca_gpu_final_20260913__dual_spmv_gpu_N1000000__REF__gpuF8__rep02,2,dual_spmv_gpu_N1000000,pacca-a100,REF,F8,sha256:9e8d32606ed1bcedf6a5a36666a9562c8a8400ee41f6b42680c3f336a807fdd8,/home/latorresn/hyperion-results/final/campaigns/gpu/roofline_calibration_gpu_fp64_F8.json,0.3623669564086098,1.3515565388833937,memory_bound,dual_spmv,run,ok,,True,210,210,valid,1.0,5888,1202,0.8304654442877292,44069662413,1662146.0,True,63.0,45.56960950764007,28.96563029171524,60.0,0.0,64.0,16.0,1.0,1.0,1.0273769100169778,0.8291739914019105,2.0,0.0,2.0,3.0,1.0,38243.0,37834.168081494056,1181.9807361899584,2378.0,35586.0,39733.0,154.0,1.0,210.0,210.0,0.0,0.0,210.0,210.0,1.0,1.0,27.0,27.477079796264857,0.4996634434109124,1.0,27.0,28.0,2.0,1.0,tmp/remote_gpu_runs_20260917/gpu/pacca_gpu_final_20260913__dual_spmv_gpu_N1000000__REF__gpuF8__rep02/training_gpu_phases.csv,,False
pacca_gpu_final_20260913__dual_spmv_gpu_N1000000__REF__gpuF8__rep03,3,dual_spmv_gpu_N1000000,pacca-a100,REF,F8,sha256:9e8d32606ed1bcedf6a5a36666a9562c8a8400ee41f6b42680c3f336a807fdd8,/home/latorresn/hyperion-results/final/campaigns/gpu/roofline_calibration_gpu_fp64_F8.json,0.3623669564086098,1.3515565388833937,memory_bound,dual_spmv,run,ok,,True,210,210,valid,1.0,5838,1161,0.8341191598799829,43873857192,1666117.0,True,63.0,45.795590753424655,28.95031697762017,61.0,0.0,64.0,14.0,1.0,1.0,1.0004280821917808,0.8131329658064093,2.0,0.0,2.0,3.0,1.0,38537.0,38165.23116438357,1094.120837037739,2077.0,36174.0,39947.0,155.0,1.0,210.0,210.0,0.0,0.0,210.0,210.0,1.0,1.0,29.0,28.53531678082192,0.6183055349843795,1.0,28.0,30.0,3.0,1.0,tmp/remote_gpu_runs_20260917/gpu/pacca_gpu_final_20260913__dual_spmv_gpu_N1000000__REF__gpuF8__rep03/training_gpu_phases.csv,,False
pacca_gpu_final_20260913__dual_spmv_gpu_N1000000__REF__gpuREF__rep01,1,dual_spmv_gpu_N1000000,pacca-a100,REF,REF,sha256:9e8d32606ed1bcedf6a5a36666a9562c8a8400ee41f6b42680c3f336a807fdd8,/home/latorresn/hyperion-results/final/campaigns/gpu/roofline_calibration_gpu_fp64_REF.json,0.3623669564086098,6.898376612287448,memory_bound,dual_spmv,run,ok,,True,,,not_applicable_native,,5309,4936,0.5182040019521718,29868135790,2040231.0,True,41.0,40.69804659919981,9.771872636390366,1.0,0.0,41.0,10.0,1.0,2.0,2.0,0.5161012905940926,0.0,0.0,2.0,3.0,1.0,68599.0,68589.64579901153,1030.2265517002982,1296.0,64679.0,71698.0,226.0,1.0,1410.0,1410.0,0.0,0.0,1410.0,1410.0,1.0,1.0,29.0,29.35631913391386,0.4865968724207091,1.0,29.0,30.0,2.0,1.0,tmp/remote_gpu_runs_20260917/gpu/pacca_gpu_final_20260913__dual_spmv_gpu_N1000000__REF__gpuREF__rep01/training_gpu_phases.csv,,False
pacca_gpu_final_20260913__dual_spmv_gpu_N1000000__REF__gpuREF__rep02,2,dual_spmv_gpu_N1000000,pacca-a100,REF,REF,sha256:9e8d32606ed1bcedf6a5a36666a9562c8a8400ee41f6b42680c3f336a807fdd8,/home/latorresn/hyperion-results/final/campaigns/gpu/roofline_calibration_gpu_fp64_REF.json,0.3623669564086098,6.898376612287448,memory_bound,dual_spmv,run,ok,,True,,,not_applicable_native,,5263,4925,0.5165881429132313,29754026395,2035117.0,True,41.0,40.71859415815721,9.314077937842022,1.0,0.0,41.0,9.0,1.0,2.0,2.0,0.4967292676859591,0.0,0.0,2.0,3.0,1.0,68709.0,68738.51626691998,973.5496450615587,1296.0,63885.0,71086.0,212.0,1.0,1410.0,1410.0,0.0,0.0,1410.0,1410.0,1.0,1.0,30.0,29.59225837093327,0.4945209993934048,1.0,29.0,30.0,2.0,1.0,tmp/remote_gpu_runs_20260917/gpu/pacca_gpu_final_20260913__dual_spmv_gpu_N1000000__REF__gpuREF__rep02/training_gpu_phases.csv,,False
pacca_gpu_final_20260913__dual_spmv_gpu_N1000000__REF__gpuREF__rep03,3,dual_spmv_gpu_N1000000,pacca-a100,REF,REF,sha256:9e8d32606ed1bcedf6a5a36666a9562c8a8400ee41f6b42680c3f336a807fdd8,/home/latorresn/hyperion-results/final/campaigns/gpu/roofline_calibration_gpu_fp64_REF.json,0.3623669564086098,6.898376612287448,memory_bound,dual_spmv,run,ok,,True,,,not_applicable_native,,5169,4990,0.5088099222364406,29453083022,2004504.0,True,41.0,40.80348078317621,8.652976659990124,1.0,0.0,41.0,10.0,1.0,2.0,2.0,0.473109699753418,0.0,0.0,2.0,3.0,1.0,68417.0,68516.87527193618,957.221553298805,1354.0,63879.0,71002.0,218.0,1.0,1410.0,1410.0,0.0,0.0,1410.0,1410.0,1.0,1.0,30.0,29.51462412376118,0.4998629884459198,1.0,29.0,30.0,2.0,1.0,tmp/remote_gpu_runs_20260917/gpu/pacca_gpu_final_20260913__dual_spmv_gpu_N1000000__REF__gpuREF__rep03/training_gpu_phases.csv,,False
pacca_gpu_final_20260913__dual_spmv_gpu_N200000000__REF__gpuF0__rep01,1,dual_spmv_gpu_N200000000,pacca-a100,REF,F0,sha256:9e8d32606ed1bcedf6a5a36666a9562c8a8400ee41f6b42680c3f336a807fdd8,/home/latorresn/hyperion-results/final/campaigns/gpu/roofline_calibration_gpu_fp64_F0.json,0.266,6.853790013388249,memory_bound,dual_spmv,run,ok,,True,1410,1410,valid,1.0,8339,4974,0.626380229850522,47435978200,3202503.0,True,43.0,32.13951745841451,20.34410688008868,43.0,0.0,100.0,21.0,1.0,1.0,0.7519856136670163,2.330520790643837,1.0,0.0,10.0,4.0,1.0,66438.0,66458.72725910385,12640.05897706969,1668.0,62498.0,246922.0,221.0,1.0,1410.0,1410.0,0.0,0.0,1410.0,1410.0,1.0,1.0,30.0,30.01753334332384,0.3906577027937973,0.0,29.0,32.0,4.0,1.0,tmp/remote_gpu_runs_20260917/gpu/pacca_gpu_final_20260913__dual_spmv_gpu_N200000000__REF__gpuF0__rep01/training_gpu_phases.csv,,False
pacca_gpu_final_20260913__dual_spmv_gpu_N200000000__REF__gpuF0__rep02,2,dual_spmv_gpu_N200000000,pacca-a100,REF,F0,sha256:9e8d32606ed1bcedf6a5a36666a9562c8a8400ee41f6b42680c3f336a807fdd8,/home/latorresn/hyperion-results/final/campaigns/gpu/roofline_calibration_gpu_fp64_F0.json,0.266,6.853790013388249,memory_bound,dual_spmv,run,ok,,True,1410,1410,valid,1.0,8406,4993,0.6273602507649825,47647212436,3236376.0,True,43.0,32.15581326196848,20.445850163963,43.0,0.0,100.0,21.0,1.0,1.0,0.7527505203687184,2.355524215844284,1.0,0.0,10.0,7.0,1.0,67025.0,66780.07151352959,12287.13709794919,2149.0,63390.0,250651.0,217.0,1.0,1410.0,1410.0,0.0,0.0,1410.0,1410.0,1.0,1.0,31.0,30.575230449003865,0.5282674486629027,1.0,30.0,33.0,4.0,1.0,tmp/remote_gpu_runs_20260917/gpu/pacca_gpu_final_20260913__dual_spmv_gpu_N200000000__REF__gpuF0__rep02/training_gpu_phases.csv,,False
pacca_gpu_final_20260913__dual_spmv_gpu_N200000000__REF__gpuF0__rep03,3,dual_spmv_gpu_N200000000,pacca-a100,REF,F0,sha256:9e8d32606ed1bcedf6a5a36666a9562c8a8400ee41f6b42680c3f336a807fdd8,/home/latorresn/hyperion-results/final/campaigns/gpu/roofline_calibration_gpu_fp64_F0.json,0.266,6.853790013388249,memory_bound,dual_spmv,run,ok,,True,1410,1410,valid,1.0,8393,4997,0.6268110530246452,47649884417,3311809.0,True,43.0,32.187043931496646,20.49300252044908,43.0,0.0,100.0,21.0,1.0,1.0,0.7532390171258376,2.3772841358702204,1.0,0.0,10.0,6.0,1.0,68625.0,68363.02412509307,12420.112663248296,1522.0,65058.0,261158.0,230.0,1.0,1410.0,1410.0,0.0,0.0,1410.0,1410.0,1.0,1.0,32.0,32.0,0.142082875292029,0.0,32.0,33.0,2.0,1.0,tmp/remote_gpu_runs_20260917/gpu/pacca_gpu_final_20260913__dual_spmv_gpu_N200000000__REF__gpuF0__rep03/training_gpu_phases.csv,,False
pacca_gpu_final_20260913__dual_spmv_gpu_N200000000__REF__gpuF1__rep01,1,dual_spmv_gpu_N200000000,pacca-a100,REF,F1,sha256:9e8d32606ed1bcedf6a5a36666a9562c8a8400ee41f6b42680c3f336a807fdd8,/home/latorresn/hyperion-results/final/campaigns/gpu/roofline_calibration_gpu_fp64_F1.json,0.266,6.18031703044422,memory_bound,dual_spmv,run,ok,,True,1260,1260,valid,1.0,8709,4911,0.6394273127753304,49350310990,2659438.0,True,43.0,31.406084086669537,20.73046684741722,43.0,0.0,100.0,21.0,1.0,1.0,0.737695508681303,2.366491762274213,1.0,0.0,10.0,5.0,1.0,53266.0,53021.02338929545,8927.554361146847,1323.0,50432.0,179064.0,182.0,1.0,1260.0,1260.0,0.0,0.0,1260.0,1260.0,1.0,1.0,28.0,28.0,0.1248783064027017,0.0,28.0,29.0,2.0,1.0,tmp/remote_gpu_runs_20260917/gpu/pacca_gpu_final_20260913__dual_spmv_gpu_N200000000__REF__gpuF1__rep01/training_gpu_phases.csv,,False
pacca_gpu_final_20260913__dual_spmv_gpu_N200000000__REF__gpuF1__rep02,2,dual_spmv_gpu_N200000000,pacca-a100,REF,F1,sha256:9e8d32606ed1bcedf6a5a36666a9562c8a8400ee41f6b42680c3f336a807fdd8,/home/latorresn/hyperion-results/final/campaigns/gpu/roofline_calibration_gpu_fp64_F1.json,0.266,6.18031703044422,memory_bound,dual_spmv,run,ok,,True,1260,1260,valid,1.0,8771,4707,0.6507642083395162,49342346416,2686890.0,True,43.0,31.296280461735783,20.83431008933449,43.0,0.0,100.0,20.0,1.0,1.0,0.7270913495795924,2.3715666273967906,1.0,0.0,10.0,5.0,1.0,53704.0,53577.81459313097,11277.485393559276,1254.0,49926.0,181334.0,145.0,1.0,1260.0,1260.0,0.0,0.0,1260.0,1260.0,1.0,1.0,29.0,29.0,0.1546341839900533,0.0,29.0,30.0,2.0,1.0,tmp/remote_gpu_runs_20260917/gpu/pacca_gpu_final_20260913__dual_spmv_gpu_N200000000__REF__gpuF1__rep02/training_gpu_phases.csv,,False
pacca_gpu_final_20260913__dual_spmv_gpu_N200000000__REF__gpuF1__rep03,3,dual_spmv_gpu_N200000000,pacca-a100,REF,F1,sha256:9e8d32606ed1bcedf6a5a36666a9562c8a8400ee41f6b42680c3f336a807fdd8,/home/latorresn/hyperion-results/final/campaigns/gpu/roofline_calibration_gpu_fp64_F1.json,0.266,6.18031703044422,memory_bound,dual_spmv,run,ok,,True,1260,1260,valid,1.0,8688,4778,0.6451804544779445,49341662406,2645029.0,True,43.0,31.314298043728424,20.87824450570154,43.0,0.0,100.0,18.0,1.0,1.0,0.7351841196777905,2.2970260623199312,1.0,0.0,10.0,4.0,1.0,53007.0,52897.486478711166,14805.540184844296,1204.0,50525.0,203023.0,173.0,1.0,1260.0,1260.0,0.0,0.0,1260.0,1260.0,1.0,1.0,29.0,29.0,0.0887632455568744,0.0,29.0,30.0,2.0,1.0,tmp/remote_gpu_runs_20260917/gpu/pacca_gpu_final_20260913__dual_spmv_gpu_N200000000__REF__gpuF1__rep03/training_gpu_phases.csv,,False
pacca_gpu_final_20260913__dual_spmv_gpu_N200000000__REF__gpuF2__rep01,1,dual_spmv_gpu_N200000000,pacca-a100,REF,F2,sha256:9e8d32606ed1bcedf6a5a36666a9562c8a8400ee41f6b42680c3f336a807fdd8,/home/latorresn/hyperion-results/final/campaigns/gpu/roofline_calibration_gpu_fp64_F2.json,0.266,5.402777780507837,memory_bound,dual_spmv,run,ok,,True,1110,1110,valid,1.0,8917,4991,0.6411417888984757,51156595303,2394392.0,True,43.0,30.36075683251577,21.438314824618097,43.0,0.0,100.0,19.0,1.0,1.0,0.699229152067274,2.299655789382897,1.0,0.0,10.0,7.0,1.0,46257.0,46131.08339173091,8127.285394545603,892.0,43315.0,171703.0,187.0,1.0,1110.0,1110.0,0.0,0.0,1110.0,1110.0,1.0,1.0,28.0,28.0,0.0876250614840469,0.0,28.0,29.0,2.0,1.0,tmp/remote_gpu_runs_20260917/gpu/pacca_gpu_final_20260913__dual_spmv_gpu_N200000000__REF__gpuF2__rep01/training_gpu_phases.csv,,False
pacca_gpu_final_20260913__dual_spmv_gpu_N200000000__REF__gpuF2__rep02,2,dual_spmv_gpu_N200000000,pacca-a100,REF,F2,sha256:9e8d32606ed1bcedf6a5a36666a9562c8a8400ee41f6b42680c3f336a807fdd8,/home/latorresn/hyperion-results/final/campaigns/gpu/roofline_calibration_gpu_fp64_F2.json,0.266,5.402777780507837,memory_bound,dual_spmv,run,ok,,True,1110,1110,valid,1.0,9110,4820,0.6539842067480258,51693488556,2473427.0,True,43.0,29.90354006586169,21.197994627905175,43.0,0.0,100.0,19.0,1.0,1.0,0.6899012074643249,2.352386464244756,1.0,0.0,10.0,7.0,1.0,47235.0,47109.7325740944,6632.424027999724,800.0,43608.0,133867.0,156.0,1.0,1110.0,1110.0,0.0,0.0,1110.0,1110.0,1.0,1.0,30.0,30.416712403951703,0.8387602282276884,1.0,29.0,32.0,4.0,1.0,tmp/remote_gpu_runs_20260917/gpu/pacca_gpu_final_20260913__dual_spmv_gpu_N200000000__REF__gpuF2__rep02/training_gpu_phases.csv,,False
pacca_gpu_final_20260913__dual_spmv_gpu_N200000000__REF__gpuF2__rep03,3,dual_spmv_gpu_N200000000,pacca-a100,REF,F2,sha256:9e8d32606ed1bcedf6a5a36666a9562c8a8400ee41f6b42680c3f336a807fdd8,/home/latorresn/hyperion-results/final/campaigns/gpu/roofline_calibration_gpu_fp64_F2.json,0.266,5.402777780507837,memory_bound,dual_spmv,run,ok,,True,1110,1110,valid,1.0,9115,4925,0.6492165242165242,51298384709,2408479.0,True,43.0,30.24653777594954,21.360269152478075,43.0,0.0,100.0,19.0,1.0,1.0,0.699437817084876,2.267214563284349,1.0,0.0,10.0,7.0,1.0,46453.0,46247.85794597559,6931.084461520585,1180.0,43804.0,160735.0,158.0,1.0,1110.0,1110.0,0.0,0.0,1110.0,1110.0,1.0,1.0,27.0,27.0,0.084144221157414,0.0,27.0,28.0,2.0,1.0,tmp/remote_gpu_runs_20260917/gpu/pacca_gpu_final_20260913__dual_spmv_gpu_N200000000__REF__gpuF2__rep03/training_gpu_phases.csv,,False
pacca_gpu_final_20260913__dual_spmv_gpu_N200000000__REF__gpuF3__rep01,1,dual_spmv_gpu_N200000000,pacca-a100,REF,F3,sha256:9e8d32606ed1bcedf6a5a36666a9562c8a8400ee41f6b42680c3f336a807fdd8,/home/latorresn/hyperion-results/final/campaigns/gpu/roofline_calibration_gpu_fp64_F3.json,0.266,4.6473636179248725,memory_bound,dual_spmv,run,ok,,True,960,960,valid,1.0,9551,2913,0.7662869062901155,54163386082,2352805.0,True,46.0,30.86454652532391,23.16731099486553,46.0,0.0,100.0,19.0,1.0,1.0,0.6620861143829342,2.1922181635652214,1.0,0.0,10.0,6.0,1.0,42990.0,42849.95288574794,7360.106575503086,997.0,40635.0,145979.0,112.0,1.0,960.0,960.0,0.0,0.0,960.0,960.0,1.0,1.0,27.0,27.0,0.060424406557747,0.0,27.0,28.0,2.0,1.0,tmp/remote_gpu_runs_20260917/gpu/pacca_gpu_final_20260913__dual_spmv_gpu_N200000000__REF__gpuF3__rep01/training_gpu_phases.csv,,False
pacca_gpu_final_20260913__dual_spmv_gpu_N200000000__REF__gpuF3__rep02,2,dual_spmv_gpu_N200000000,pacca-a100,REF,F3,sha256:9e8d32606ed1bcedf6a5a36666a9562c8a8400ee41f6b42680c3f336a807fdd8,/home/latorresn/hyperion-results/final/campaigns/gpu/roofline_calibration_gpu_fp64_F3.json,0.266,4.6473636179248725,memory_bound,dual_spmv,run,ok,,True,960,960,valid,1.0,9557,3190,0.7497450380481682,53980977839,2362060.0,True,46.0,31.21093239178763,23.08337421409609,46.0,0.0,100.0,18.0,1.0,1.0,0.6696743821106316,2.2810240966949875,1.0,0.0,10.0,5.0,1.0,43297.0,43091.15901660782,6284.11869028673,1073.0,40721.0,148303.0,103.0,1.0,960.0,960.0,0.0,0.0,960.0,960.0,1.0,1.0,27.0,27.03517719367072,0.334171812181433,0.0,27.0,28.0,2.0,1.0,tmp/remote_gpu_runs_20260917/gpu/pacca_gpu_final_20260913__dual_spmv_gpu_N200000000__REF__gpuF3__rep02/training_gpu_phases.csv,,False
pacca_gpu_final_20260913__dual_spmv_gpu_N200000000__REF__gpuF3__rep03,3,dual_spmv_gpu_N200000000,pacca-a100,REF,F3,sha256:9e8d32606ed1bcedf6a5a36666a9562c8a8400ee41f6b42680c3f336a807fdd8,/home/latorresn/hyperion-results/final/campaigns/gpu/roofline_calibration_gpu_fp64_F3.json,0.266,4.6473636179248725,memory_bound,dual_spmv,run,ok,,True,960,960,valid,1.0,9664,2995,0.7634094320246465,54228232668,2369804.0,True,46.0,30.380625969994828,23.355228268569142,46.0,0.0,100.0,14.0,1.0,1.0,0.653388515261252,2.272522647212656,1.0,0.0,10.0,4.0,1.0,43309.0,43049.55949301604,8032.416078459117,1279.0,40424.0,157430.0,93.0,1.0,960.0,960.0,0.0,0.0,960.0,960.0,1.0,1.0,27.0,27.0,0.0618759377840335,0.0,26.0,28.0,3.0,1.0,tmp/remote_gpu_runs_20260917/gpu/pacca_gpu_final_20260913__dual_spmv_gpu_N200000000__REF__gpuF3__rep03/training_gpu_phases.csv,,False
pacca_gpu_final_20260913__dual_spmv_gpu_N200000000__REF__gpuF4__rep01,1,dual_spmv_gpu_N200000000,pacca-a100,REF,F4,sha256:9e8d32606ed1bcedf6a5a36666a9562c8a8400ee41f6b42680c3f336a807fdd8,/home/latorresn/hyperion-results/final/campaigns/gpu/roofline_calibration_gpu_fp64_F4.json,0.266,3.847999914788036,memory_bound,dual_spmv,run,ok,,True,810,810,valid,1.0,9648,1686,0.8512440444679725,57013598014,2393863.0,True,53.0,32.86308290155441,26.84173718020607,53.0,0.0,100.0,19.0,1.0,1.0,0.616580310880829,2.196379482151439,1.0,0.0,10.0,7.0,1.0,41499.0,41318.73121761658,8184.402610808114,1072.0,39533.0,152984.0,91.0,1.0,810.0,810.0,0.0,0.0,810.0,810.0,1.0,1.0,27.0,26.885103626943007,0.3937582640396271,0.0,26.0,27.0,2.0,1.0,tmp/remote_gpu_runs_20260917/gpu/pacca_gpu_final_20260913__dual_spmv_gpu_N200000000__REF__gpuF4__rep01/training_gpu_phases.csv,,False
pacca_gpu_final_20260913__dual_spmv_gpu_N200000000__REF__gpuF4__rep02,2,dual_spmv_gpu_N200000000,pacca-a100,REF,F4,sha256:9e8d32606ed1bcedf6a5a36666a9562c8a8400ee41f6b42680c3f336a807fdd8,/home/latorresn/hyperion-results/final/campaigns/gpu/roofline_calibration_gpu_fp64_F4.json,0.266,3.847999914788036,memory_bound,dual_spmv,run,ok,,True,810,810,valid,1.0,9306,1771,0.8401191658391262,57332885427,2406525.0,True,52.0,32.275449905989795,26.54818856066968,52.0,0.0,100.0,17.0,1.0,1.0,0.6136180499597099,2.126870592045168,1.0,0.0,10.0,6.0,1.0,41510.0,41305.33373623422,7098.934370156802,1072.0,39044.0,156399.0,95.0,1.0,810.0,810.0,0.0,0.0,810.0,810.0,1.0,1.0,26.0,26.25208165457964,0.4589669640419919,1.0,26.0,27.0,2.0,1.0,tmp/remote_gpu_runs_20260917/gpu/pacca_gpu_final_20260913__dual_spmv_gpu_N200000000__REF__gpuF4__rep02/training_gpu_phases.csv,,False
pacca_gpu_final_20260913__dual_spmv_gpu_N200000000__REF__gpuF4__rep03,3,dual_spmv_gpu_N200000000,pacca-a100,REF,F4,sha256:9e8d32606ed1bcedf6a5a36666a9562c8a8400ee41f6b42680c3f336a807fdd8,/home/latorresn/hyperion-results/final/campaigns/gpu/roofline_calibration_gpu_fp64_F4.json,0.266,3.847999914788036,memory_bound,dual_spmv,run,ok,,True,810,810,valid,1.0,9865,1681,0.854408453143946,57523040330,2427387.0,True,52.0,33.27442037248195,26.310845901039183,52.0,0.0,100.0,18.0,1.0,1.0,0.6310655010769036,2.208922772605052,1.0,0.0,10.0,6.0,1.0,41707.0,41561.93614595211,6930.112454705616,975.0,40437.0,154811.0,98.0,1.0,810.0,810.0,0.0,0.0,810.0,810.0,1.0,1.0,28.0,27.741416444951223,0.461183402513584,1.0,27.0,28.0,2.0,1.0,tmp/remote_gpu_runs_20260917/gpu/pacca_gpu_final_20260913__dual_spmv_gpu_N200000000__REF__gpuF4__rep03/training_gpu_phases.csv,,False
pacca_gpu_final_20260913__dual_spmv_gpu_N200000000__REF__gpuF5__rep01,1,dual_spmv_gpu_N200000000,pacca-a100,REF,F5,sha256:9e8d32606ed1bcedf6a5a36666a9562c8a8400ee41f6b42680c3f336a807fdd8,/home/latorresn/hyperion-results/final/campaigns/gpu/roofline_calibration_gpu_fp64_F5.json,0.266,3.227383731801676,memory_bound,dual_spmv,run,ok,,True,660,660,valid,1.0,8821,1140,0.8855536592711575,60559327064,2427139.0,True,64.0,38.050304662037696,32.46648226909461,65.0,0.0,100.0,21.0,1.0,1.0,0.5787161683434887,2.1133016860099443,1.0,0.0,10.0,8.0,1.0,39626.0,39410.40456284541,7630.2404630168785,1089.0,37658.0,137475.0,87.0,1.0,660.0,660.0,0.0,0.0,660.0,660.0,1.0,1.0,26.0,26.0,0.0,0.0,26.0,26.0,1.0,1.0,tmp/remote_gpu_runs_20260917/gpu/pacca_gpu_final_20260913__dual_spmv_gpu_N200000000__REF__gpuF5__rep01/training_gpu_phases.csv,,False
pacca_gpu_final_20260913__dual_spmv_gpu_N200000000__REF__gpuF5__rep02,2,dual_spmv_gpu_N200000000,pacca-a100,REF,F5,sha256:9e8d32606ed1bcedf6a5a36666a9562c8a8400ee41f6b42680c3f336a807fdd8,/home/latorresn/hyperion-results/final/campaigns/gpu/roofline_calibration_gpu_fp64_F5.json,0.266,3.227383731801676,memory_bound,dual_spmv,run,ok,,True,660,660,valid,1.0,9565,1288,0.881323136459965,60382615873,2412604.0,True,64.0,39.065072520580166,31.89669640650143,64.0,0.0,100.0,20.0,1.0,1.0,0.6009408075264602,2.076332145158047,1.0,0.0,10.0,7.0,1.0,39528.0,39337.208153665226,6071.764454920606,1080.0,37263.0,135848.0,111.0,1.0,660.0,660.0,0.0,0.0,660.0,660.0,1.0,1.0,26.0,25.593884751078008,0.4943251396803431,1.0,25.0,26.0,2.0,1.0,tmp/remote_gpu_runs_20260917/gpu/pacca_gpu_final_20260913__dual_spmv_gpu_N200000000__REF__gpuF5__rep02/training_gpu_phases.csv,,False
pacca_gpu_final_20260913__dual_spmv_gpu_N200000000__REF__gpuF5__rep03,3,dual_spmv_gpu_N200000000,pacca-a100,REF,F5,sha256:9e8d32606ed1bcedf6a5a36666a9562c8a8400ee41f6b42680c3f336a807fdd8,/home/latorresn/hyperion-results/final/campaigns/gpu/roofline_calibration_gpu_fp64_F5.json,0.266,3.227383731801676,memory_bound,dual_spmv,run,ok,,True,660,660,valid,1.0,9132,1196,0.8841982958946553,60360273807,2416943.0,True,65.0,38.78360251847796,32.5549732930478,65.0,0.0,100.0,15.0,1.0,1.0,0.591842321379688,2.200660384181669,1.0,0.0,10.0,4.0,1.0,39635.0,39456.78811935396,7179.435417114569,1162.0,37756.0,137633.0,84.0,1.0,660.0,660.0,0.0,0.0,660.0,660.0,1.0,1.0,26.0,26.0,0.0814566599238847,0.0,26.0,27.0,2.0,1.0,tmp/remote_gpu_runs_20260917/gpu/pacca_gpu_final_20260913__dual_spmv_gpu_N200000000__REF__gpuF5__rep03/training_gpu_phases.csv,,False
pacca_gpu_final_20260913__dual_spmv_gpu_N200000000__REF__gpuF6__rep01,1,dual_spmv_gpu_N200000000,pacca-a100,REF,F6,sha256:9e8d32606ed1bcedf6a5a36666a9562c8a8400ee41f6b42680c3f336a807fdd8,/home/latorresn/hyperion-results/final/campaigns/gpu/roofline_calibration_gpu_fp64_F6.json,0.266,2.537117986910783,memory_bound,dual_spmv,run,ok,,True,510,510,valid,1.0,8930,1126,0.8880270485282419,60985212454,2373347.0,True,66.0,38.95576707726764,33.237827984966415,66.0,0.0,100.0,22.0,1.0,1.0,0.5814669652855543,2.083797276154133,1.0,0.0,10.0,7.0,1.0,38448.0,38260.2382418813,6744.680562420993,1172.0,37166.0,133573.0,101.0,1.0,510.0,510.0,0.0,0.0,510.0,510.0,1.0,1.0,26.0,26.0,0.2650554398119464,0.0,25.0,26.0,2.0,1.0,tmp/remote_gpu_runs_20260917/gpu/pacca_gpu_final_20260913__dual_spmv_gpu_N200000000__REF__gpuF6__rep01/training_gpu_phases.csv,,False
pacca_gpu_final_20260913__dual_spmv_gpu_N200000000__REF__gpuF6__rep02,2,dual_spmv_gpu_N200000000,pacca-a100,REF,F6,sha256:9e8d32606ed1bcedf6a5a36666a9562c8a8400ee41f6b42680c3f336a807fdd8,/home/latorresn/hyperion-results/final/campaigns/gpu/roofline_calibration_gpu_fp64_F6.json,0.266,2.537117986910783,memory_bound,dual_spmv,run,ok,,True,510,510,valid,1.0,8618,1124,0.8846232806405255,60911913445,2371479.0,True,66.0,38.32163573085847,33.390031002746646,66.0,0.0,100.0,22.0,1.0,1.0,0.574100928074246,2.064892508027954,1.0,0.0,10.0,8.0,1.0,38453.0,38287.13761600928,6816.852845486746,1162.0,36976.0,130948.0,94.0,1.0,510.0,510.0,0.0,0.0,510.0,510.0,1.0,1.0,26.0,26.0,0.0388097302124131,0.0,26.0,27.0,2.0,1.0,tmp/remote_gpu_runs_20260917/gpu/pacca_gpu_final_20260913__dual_spmv_gpu_N200000000__REF__gpuF6__rep02/training_gpu_phases.csv,,False
pacca_gpu_final_20260913__dual_spmv_gpu_N200000000__REF__gpuF6__rep03,3,dual_spmv_gpu_N200000000,pacca-a100,REF,F6,sha256:9e8d32606ed1bcedf6a5a36666a9562c8a8400ee41f6b42680c3f336a807fdd8,/home/latorresn/hyperion-results/final/campaigns/gpu/roofline_calibration_gpu_fp64_F6.json,0.266,2.537117986910783,memory_bound,dual_spmv,run,ok,,True,510,510,valid,1.0,8640,1128,0.8845208845208845,61011552976,2377299.0,True,66.0,38.92158564814815,33.657743846704854,67.0,0.0,100.0,21.0,1.0,1.0,0.5710358796296297,2.0848350554671558,1.0,0.0,10.0,6.0,1.0,38537.0,38307.24898726852,6399.9432870735,1261.0,36775.0,131504.0,97.0,1.0,510.0,510.0,0.0,0.0,510.0,510.0,1.0,1.0,26.0,26.0,0.0837277670210814,0.0,26.0,27.0,2.0,1.0,tmp/remote_gpu_runs_20260917/gpu/pacca_gpu_final_20260913__dual_spmv_gpu_N200000000__REF__gpuF6__rep03/training_gpu_phases.csv,,False
pacca_gpu_final_20260913__dual_spmv_gpu_N200000000__REF__gpuF7__rep01,1,dual_spmv_gpu_N200000000,pacca-a100,REF,F7,sha256:9e8d32606ed1bcedf6a5a36666a9562c8a8400ee41f6b42680c3f336a807fdd8,/home/latorresn/hyperion-results/final/campaigns/gpu/roofline_calibration_gpu_fp64_F7.json,0.266,1.7704004001452782,memory_bound,dual_spmv,run,ok,,True,360,360,valid,1.0,8644,1161,0.8815910249872514,60898151547,2322030.0,True,66.0,38.6096009253904,33.24980129754587,66.0,0.0,100.0,22.0,1.0,1.0,0.5789473684210527,2.132856901067028,1.0,0.0,10.0,9.0,1.0,37653.0,37452.73308270676,6308.254208729996,1163.0,36584.0,112973.0,90.0,1.0,360.0,360.0,0.0,0.0,360.0,360.0,1.0,1.0,26.0,26.0,0.0,0.0,26.0,26.0,1.0,1.0,tmp/remote_gpu_runs_20260917/gpu/pacca_gpu_final_20260913__dual_spmv_gpu_N200000000__REF__gpuF7__rep01/training_gpu_phases.csv,,False
pacca_gpu_final_20260913__dual_spmv_gpu_N200000000__REF__gpuF7__rep02,2,dual_spmv_gpu_N200000000,pacca-a100,REF,F7,sha256:9e8d32606ed1bcedf6a5a36666a9562c8a8400ee41f6b42680c3f336a807fdd8,/home/latorresn/hyperion-results/final/campaigns/gpu/roofline_calibration_gpu_fp64_F7.json,0.266,1.7704004001452782,memory_bound,dual_spmv,run,ok,,True,360,360,valid,1.0,9153,1192,0.8847752537457709,61972301728,2366650.0,True,64.0,38.88843370203468,32.33510454197356,64.0,0.0,100.0,23.0,1.0,1.0,0.5987983067049024,2.168956967304561,1.0,0.0,10.0,4.0,1.0,37658.0,37582.50184350676,6450.426796148585,979.0,36076.0,114913.0,109.0,1.0,360.0,360.0,0.0,0.0,360.0,360.0,1.0,1.0,26.0,26.28485593336065,0.4694374129024958,1.0,26.0,27.0,2.0,1.0,tmp/remote_gpu_runs_20260917/gpu/pacca_gpu_final_20260913__dual_spmv_gpu_N200000000__REF__gpuF7__rep02/training_gpu_phases.csv,,False
pacca_gpu_final_20260913__dual_spmv_gpu_N200000000__REF__gpuF7__rep03,3,dual_spmv_gpu_N200000000,pacca-a100,REF,F7,sha256:9e8d32606ed1bcedf6a5a36666a9562c8a8400ee41f6b42680c3f336a807fdd8,/home/latorresn/hyperion-results/final/campaigns/gpu/roofline_calibration_gpu_fp64_F7.json,0.266,1.7704004001452782,memory_bound,dual_spmv,run,ok,,True,360,360,valid,1.0,8436,1150,0.8800333820154392,61679197556,2374481.0,True,65.0,38.81733333333333,33.31321988472614,66.0,0.0,100.0,21.0,1.0,1.0,0.5823703703703703,2.13193064777691,1.0,0.0,10.0,6.0,1.0,37952.0,37827.4197037037,6251.796556439897,1071.0,36569.0,115011.0,117.0,1.0,360.0,360.0,0.0,0.0,360.0,360.0,1.0,1.0,28.0,27.91851851851852,0.7519645341788984,2.0,27.0,29.0,3.0,1.0,tmp/remote_gpu_runs_20260917/gpu/pacca_gpu_final_20260913__dual_spmv_gpu_N200000000__REF__gpuF7__rep03/training_gpu_phases.csv,,False
pacca_gpu_final_20260913__dual_spmv_gpu_N200000000__REF__gpuF8__rep01,1,dual_spmv_gpu_N200000000,pacca-a100,REF,F8,sha256:9e8d32606ed1bcedf6a5a36666a9562c8a8400ee41f6b42680c3f336a807fdd8,/home/latorresn/hyperion-results/final/campaigns/gpu/roofline_calibration_gpu_fp64_F8.json,0.266,1.3515565388833937,memory_bound,dual_spmv,run,ok,,True,210,210,valid,1.0,9464,1126,0.8936732766761095,61420252635,2282123.0,True,66.0,39.56312731114633,33.51927260614941,66.0,0.0,100.0,24.0,1.0,1.0,0.5898045430533545,2.0245210947589487,1.0,0.0,10.0,11.0,1.0,36662.0,36470.09535129424,6110.214258960339,1173.0,35173.0,88056.0,86.0,1.0,210.0,210.0,0.0,0.0,210.0,210.0,1.0,1.0,25.0,25.41283676703645,0.4951127323373785,1.0,25.0,26.0,2.0,1.0,tmp/remote_gpu_runs_20260917/gpu/pacca_gpu_final_20260913__dual_spmv_gpu_N200000000__REF__gpuF8__rep01/training_gpu_phases.csv,,False
pacca_gpu_final_20260913__dual_spmv_gpu_N200000000__REF__gpuF8__rep02,2,dual_spmv_gpu_N200000000,pacca-a100,REF,F8,sha256:9e8d32606ed1bcedf6a5a36666a9562c8a8400ee41f6b42680c3f336a807fdd8,/home/latorresn/hyperion-results/final/campaigns/gpu/roofline_calibration_gpu_fp64_F8.json,0.266,1.3515565388833937,memory_bound,dual_spmv,run,ok,,True,210,210,valid,1.0,8393,1116,0.8826375013145441,61508996694,2275531.0,True,66.0,39.07386448250186,33.78323444977391,67.0,0.0,100.0,28.0,1.0,1.0,0.5809381980640358,2.116011391879812,1.0,0.0,10.0,10.0,1.0,36555.0,36330.88413998511,5564.54807928924,1178.0,35085.0,87874.0,97.0,1.0,210.0,210.0,0.0,0.0,210.0,210.0,1.0,1.0,25.0,25.0,0.0697220179115159,0.0,25.0,26.0,2.0,1.0,tmp/remote_gpu_runs_20260917/gpu/pacca_gpu_final_20260913__dual_spmv_gpu_N200000000__REF__gpuF8__rep02/training_gpu_phases.csv,,False
pacca_gpu_final_20260913__dual_spmv_gpu_N200000000__REF__gpuF8__rep03,3,dual_spmv_gpu_N200000000,pacca-a100,REF,F8,sha256:9e8d32606ed1bcedf6a5a36666a9562c8a8400ee41f6b42680c3f336a807fdd8,/home/latorresn/hyperion-results/final/campaigns/gpu/roofline_calibration_gpu_fp64_F8.json,0.266,1.3515565388833937,memory_bound,dual_spmv,run,ok,,True,210,210,valid,1.0,8931,1151,0.8858361436222971,61752406827,2296906.0,True,66.0,39.510986703988806,33.79398787008277,67.0,0.0,100.0,28.0,1.0,1.0,0.5774667599720084,2.0543776963511946,1.0,0.0,10.0,11.0,1.0,36667.0,36516.62911126662,5740.037682816661,1084.0,35489.0,88107.0,88.0,1.0,210.0,210.0,0.0,0.0,210.0,210.0,1.0,1.0,26.0,26.0,0.1972056108885975,0.0,25.0,26.0,2.0,1.0,tmp/remote_gpu_runs_20260917/gpu/pacca_gpu_final_20260913__dual_spmv_gpu_N200000000__REF__gpuF8__rep03/training_gpu_phases.csv,,False
pacca_gpu_final_20260913__dual_spmv_gpu_N200000000__REF__gpuREF__rep01,1,dual_spmv_gpu_N200000000,pacca-a100,REF,REF,sha256:9e8d32606ed1bcedf6a5a36666a9562c8a8400ee41f6b42680c3f336a807fdd8,/home/latorresn/hyperion-results/final/campaigns/gpu/roofline_calibration_gpu_fp64_REF.json,0.266,6.898376612287448,memory_bound,dual_spmv,run,ok,,True,,,not_applicable_native,,8397,4971,0.6281418312387792,47937374925,3255540.0,True,43.0,32.2678970084834,20.456686532403083,43.0,0.0,100.0,22.0,1.0,1.0,0.7585950290221759,2.3458779006569785,1.0,0.0,10.0,5.0,1.0,66731.0,66573.96353624051,10681.132711340304,1575.0,63585.0,257049.0,224.0,1.0,1410.0,1410.0,0.0,0.0,1410.0,1410.0,1.0,1.0,30.0,29.790296175026047,0.4830259538873582,1.0,29.0,32.0,4.0,1.0,tmp/remote_gpu_runs_20260917/gpu/pacca_gpu_final_20260913__dual_spmv_gpu_N200000000__REF__gpuREF__rep01/training_gpu_phases.csv,,False
pacca_gpu_final_20260913__dual_spmv_gpu_N200000000__REF__gpuREF__rep02,2,dual_spmv_gpu_N200000000,pacca-a100,REF,REF,sha256:9e8d32606ed1bcedf6a5a36666a9562c8a8400ee41f6b42680c3f336a807fdd8,/home/latorresn/hyperion-results/final/campaigns/gpu/roofline_calibration_gpu_fp64_REF.json,0.266,6.898376612287448,memory_bound,dual_spmv,run,ok,,True,,,not_applicable_native,,8458,4924,0.6320430428934389,48131060837,3263137.0,True,43.0,32.18306737588652,20.286658744139352,43.0,0.0,100.0,23.0,1.0,1.0,0.7542848699763594,2.349322855810395,1.0,0.0,10.0,7.0,1.0,66938.0,66855.3984929078,14299.198577029176,1595.0,63377.0,252313.0,207.0,1.0,1410.0,1410.0,0.0,0.0,1410.0,1410.0,1.0,1.0,30.0,30.239213947990542,0.4855339846358375,1.0,30.0,32.0,3.0,1.0,tmp/remote_gpu_runs_20260917/gpu/pacca_gpu_final_20260913__dual_spmv_gpu_N200000000__REF__gpuREF__rep02/training_gpu_phases.csv,,False
pacca_gpu_final_20260913__dual_spmv_gpu_N200000000__REF__gpuREF__rep03,3,dual_spmv_gpu_N200000000,pacca-a100,REF,REF,sha256:9e8d32606ed1bcedf6a5a36666a9562c8a8400ee41f6b42680c3f336a807fdd8,/home/latorresn/hyperion-results/final/campaigns/gpu/roofline_calibration_gpu_fp64_REF.json,0.266,6.898376612287448,memory_bound,dual_spmv,run,ok,,True,,,not_applicable_native,,8421,5001,0.6274027715690658,47763724419,3218698.0,True,43.0,32.191034585126914,20.602192283151552,43.0,0.0,100.0,19.0,1.0,1.0,0.7540448270743655,2.387502634605186,1.0,0.0,10.0,6.0,1.0,66652.0,66578.17337093662,15941.17959800438,1301.0,63274.0,250843.0,216.0,1.0,1410.0,1410.0,0.0,0.0,1410.0,1410.0,1.0,1.0,33.0,33.092177527089206,0.3923375361935722,0.0,33.0,35.0,3.0,1.0,tmp/remote_gpu_runs_20260917/gpu/pacca_gpu_final_20260913__dual_spmv_gpu_N200000000__REF__gpuREF__rep03/training_gpu_phases.csv,,False
pacca_gpu_final_20260913__dual_stencil_gpu_N1024__REF__gpuF4__rep01,1,dual_stencil_gpu_N1024,pacca-a100,REF,F4,sha256:0678e6829048a38028c4e3770fc60d0bba5aaf80910abfb63334e7965d5b29d3,/home/latorresn/hyperion-results/final/campaigns/gpu/roofline_calibration_gpu_fp64_F4.json,0.4976791073769057,3.847999914788036,memory_bound,dual_stencil,run,ok,,True,810,810,valid,1.0,1967,1852,0.5150562974600681,12777610052,523845.0,True,0.0,4.718730158730159,16.197698650755704,8.0,0.0,49.0,11.0,1.0,0.0,0.0,0.0,0.0,0.0,0.0,1.0,1.0,41047.0,41125.88063492064,399.1297017192271,109.0,38453.0,41914.0,33.0,1.0,810.0,810.0,0.0,0.0,810.0,810.0,1.0,1.0,28.0,28.0,0.0,0.0,28.0,28.0,1.0,1.0,tmp/remote_gpu_runs_20260917/gpu/pacca_gpu_final_20260913__dual_stencil_gpu_N1024__REF__gpuF4__rep01/training_gpu_phases.csv,,False
pacca_gpu_final_20260913__dual_stencil_gpu_N1024__REF__gpuF4__rep02,2,dual_stencil_gpu_N1024,pacca-a100,REF,F4,sha256:0678e6829048a38028c4e3770fc60d0bba5aaf80910abfb63334e7965d5b29d3,/home/latorresn/hyperion-results/final/campaigns/gpu/roofline_calibration_gpu_fp64_F4.json,0.4976791073769057,3.847999914788036,memory_bound,dual_stencil,run,ok,,True,810,810,valid,1.0,1994,1961,0.5041719342604298,12944145130,525705.0,True,0.0,4.322055137844612,15.988419903477732,8.0,0.0,49.0,9.0,1.0,0.0,0.0,0.0,0.0,0.0,0.0,1.0,1.0,40938.0,40956.89473684211,461.39687384014906,185.0,38836.0,41816.0,36.0,1.0,810.0,810.0,0.0,0.0,810.0,810.0,1.0,1.0,28.0,28.152882205513784,0.4157024729287353,0.0,28.0,29.0,2.0,1.0,tmp/remote_gpu_runs_20260917/gpu/pacca_gpu_final_20260913__dual_stencil_gpu_N1024__REF__gpuF4__rep02/training_gpu_phases.csv,,False
pacca_gpu_final_20260913__dual_stencil_gpu_N1024__REF__gpuF4__rep03,3,dual_stencil_gpu_N1024,pacca-a100,REF,F4,sha256:0678e6829048a38028c4e3770fc60d0bba5aaf80910abfb63334e7965d5b29d3,/home/latorresn/hyperion-results/final/campaigns/gpu/roofline_calibration_gpu_fp64_F4.json,0.4976791073769057,3.847999914788036,memory_bound,dual_stencil,run,ok,,True,810,810,valid,1.0,1981,1551,0.5608720271800679,12644030388,515391.0,True,0.0,4.963406940063091,16.432627137473233,8.0,0.0,49.0,11.0,1.0,0.0,0.0,0.0,0.0,0.0,0.0,1.0,1.0,41134.0,41145.45173501577,401.9294530123268,196.0,38845.0,42018.0,34.0,1.0,810.0,810.0,0.0,0.0,810.0,810.0,1.0,1.0,29.0,29.0,0.0,0.0,29.0,29.0,1.0,1.0,tmp/remote_gpu_runs_20260917/gpu/pacca_gpu_final_20260913__dual_stencil_gpu_N1024__REF__gpuF4__rep03/training_gpu_phases.csv,,False
pacca_gpu_final_20260913__dual_stencil_gpu_N1024__REF__gpuF5__rep01,1,dual_stencil_gpu_N1024,pacca-a100,REF,F5,sha256:0678e6829048a38028c4e3770fc60d0bba5aaf80910abfb63334e7965d5b29d3,/home/latorresn/hyperion-results/final/campaigns/gpu/roofline_calibration_gpu_fp64_F5.json,0.4976791073769057,3.227383731801676,memory_bound,dual_stencil,run,ok,,True,660,660,valid,1.0,2200,1247,0.6382361473745286,16278151768,635336.0,True,0.0,4.032954545454546,16.93393863476393,7.0,0.0,55.0,16.0,1.0,0.0,0.0,0.0,0.0,0.0,0.0,1.0,1.0,39259.0,39286.60454545455,350.1576016725777,114.0,37747.0,40213.0,36.0,1.0,660.0,660.0,0.0,0.0,660.0,660.0,1.0,1.0,28.0,27.58409090909091,0.4954537114254966,1.0,27.0,28.0,2.0,1.0,tmp/remote_gpu_runs_20260917/gpu/pacca_gpu_final_20260913__dual_stencil_gpu_N1024__REF__gpuF5__rep01/training_gpu_phases.csv,,False
pacca_gpu_final_20260913__dual_stencil_gpu_N1024__REF__gpuF5__rep02,2,dual_stencil_gpu_N1024,pacca-a100,REF,F5,sha256:0678e6829048a38028c4e3770fc60d0bba5aaf80910abfb63334e7965d5b29d3,/home/latorresn/hyperion-results/final/campaigns/gpu/roofline_calibration_gpu_fp64_F5.json,0.4976791073769057,3.227383731801676,memory_bound,dual_stencil,run,ok,,True,660,660,valid,1.0,2160,1262,0.6312098188194039,16018208950,629838.0,True,0.0,3.2783564814814814,16.970465593511697,4.0,0.0,55.0,15.0,1.0,0.0,0.0,0.0,0.0,0.0,0.0,1.0,1.0,39445.0,39469.45949074074,299.3261701746208,212.0,38053.0,40213.0,35.0,1.0,660.0,660.0,0.0,0.0,660.0,660.0,1.0,1.0,29.0,29.0,0.1911067147068353,0.0,29.0,30.0,2.0,1.0,tmp/remote_gpu_runs_20260917/gpu/pacca_gpu_final_20260913__dual_stencil_gpu_N1024__REF__gpuF5__rep02/training_gpu_phases.csv,,False
pacca_gpu_final_20260913__dual_stencil_gpu_N1024__REF__gpuF5__rep03,3,dual_stencil_gpu_N1024,pacca-a100,REF,F5,sha256:0678e6829048a38028c4e3770fc60d0bba5aaf80910abfb63334e7965d5b29d3,/home/latorresn/hyperion-results/final/campaigns/gpu/roofline_calibration_gpu_fp64_F5.json,0.4976791073769057,3.227383731801676,memory_bound,dual_stencil,run,ok,,True,660,660,valid,1.0,2261,1269,0.6405099150141643,16276924116,629653.0,True,0.0,3.5494748479823106,16.730501830368038,6.0,0.0,54.0,13.0,1.0,0.0,0.0,0.0,0.0,0.0,0.0,1.0,1.0,38943.0,38949.46379215036,257.95910707005834,120.0,37961.0,39724.0,38.0,1.0,660.0,660.0,0.0,0.0,660.0,660.0,1.0,1.0,26.0,26.0,0.0,0.0,26.0,26.0,1.0,1.0,tmp/remote_gpu_runs_20260917/gpu/pacca_gpu_final_20260913__dual_stencil_gpu_N1024__REF__gpuF5__rep03/training_gpu_phases.csv,,False
pacca_gpu_final_20260913__dual_stencil_gpu_N1024__REF__gpuF6__rep01,1,dual_stencil_gpu_N1024,pacca-a100,REF,F6,sha256:0678e6829048a38028c4e3770fc60d0bba5aaf80910abfb63334e7965d5b29d3,/home/latorresn/hyperion-results/final/campaigns/gpu/roofline_calibration_gpu_fp64_F6.json,0.4976791073769057,2.537117986910783,memory_bound,dual_stencil,run,ok,,True,510,510,valid,1.0,2253,1239,0.6451890034364262,16572327150,644815.0,True,0.0,4.271214642262895,18.23772236423536,7.0,0.0,57.0,14.0,1.0,0.0,0.0,0.0,0.0,0.0,0.0,1.0,1.0,38934.0,38941.87520798669,335.5111844039864,290.0,37465.0,39733.0,43.0,1.0,510.0,510.0,0.0,0.0,510.0,510.0,1.0,1.0,31.0,31.28785357737105,0.470294495828829,1.0,31.0,32.0,2.0,1.0,tmp/remote_gpu_runs_20260917/gpu/pacca_gpu_final_20260913__dual_stencil_gpu_N1024__REF__gpuF6__rep01/training_gpu_phases.csv,,False
pacca_gpu_final_20260913__dual_stencil_gpu_N1024__REF__gpuF6__rep02,2,dual_stencil_gpu_N1024,pacca-a100,REF,F6,sha256:0678e6829048a38028c4e3770fc60d0bba5aaf80910abfb63334e7965d5b29d3,/home/latorresn/hyperion-results/final/campaigns/gpu/roofline_calibration_gpu_fp64_F6.json,0.4976791073769057,2.537117986910783,memory_bound,dual_stencil,run,ok,,True,510,510,valid,1.0,2208,1171,0.6534477656111276,16626320090,627642.0,True,0.0,3.876131221719457,17.10899230079016,8.0,0.0,55.0,13.0,1.0,0.0,0.0,0.0,0.0,0.0,0.0,1.0,1.0,37863.0,37872.97850678733,298.5778120351776,98.0,36584.0,38649.0,33.0,1.0,510.0,510.0,0.0,0.0,510.0,510.0,1.0,1.0,26.0,26.0,0.0,0.0,26.0,26.0,1.0,1.0,tmp/remote_gpu_runs_20260917/gpu/pacca_gpu_final_20260913__dual_stencil_gpu_N1024__REF__gpuF6__rep02/training_gpu_phases.csv,,False
pacca_gpu_final_20260913__dual_stencil_gpu_N1024__REF__gpuF6__rep03,3,dual_stencil_gpu_N1024,pacca-a100,REF,F6,sha256:0678e6829048a38028c4e3770fc60d0bba5aaf80910abfb63334e7965d5b29d3,/home/latorresn/hyperion-results/final/campaigns/gpu/roofline_calibration_gpu_fp64_F6.json,0.4976791073769057,2.537117986910783,memory_bound,dual_stencil,run,ok,,True,510,510,valid,1.0,2204,1160,0.6551724137931034,16478488051,622778.0,True,0.0,3.6496598639455775,17.39415678192498,5.0,0.0,56.0,12.0,1.0,0.0,0.0,0.0,0.0,0.0,0.0,1.0,1.0,37771.0,37820.024376417234,283.3705930580476,107.0,37059.0,38742.0,36.0,1.0,510.0,510.0,0.0,0.0,510.0,510.0,1.0,1.0,26.0,26.0,0.0,0.0,26.0,26.0,1.0,1.0,tmp/remote_gpu_runs_20260917/gpu/pacca_gpu_final_20260913__dual_stencil_gpu_N1024__REF__gpuF6__rep03/training_gpu_phases.csv,,False
pacca_gpu_final_20260913__dual_stencil_gpu_N1024__REF__gpuF7__rep01,1,dual_stencil_gpu_N1024,pacca-a100,REF,F7,sha256:0678e6829048a38028c4e3770fc60d0bba5aaf80910abfb63334e7965d5b29d3,/home/latorresn/hyperion-results/final/campaigns/gpu/roofline_calibration_gpu_fp64_F7.json,0.4976791073769057,1.7704004001452782,memory_bound,dual_stencil,run,ok,,True,360,360,valid,1.0,2226,1124,0.6644776119402985,16690313172,613211.0,True,0.0,4.265993265993266,18.15380510072151,6.0,0.0,59.0,14.0,1.0,0.0,0.0,0.0,0.0,0.0,0.0,1.0,1.0,36774.0,36791.3709315376,271.943093832601,98.0,36480.0,37658.0,33.0,1.0,360.0,360.0,0.0,0.0,360.0,360.0,1.0,1.0,25.0,25.0,0.0,0.0,25.0,25.0,1.0,1.0,tmp/remote_gpu_runs_20260917/gpu/pacca_gpu_final_20260913__dual_stencil_gpu_N1024__REF__gpuF7__rep01/training_gpu_phases.csv,,False
pacca_gpu_final_20260913__dual_stencil_gpu_N1024__REF__gpuF7__rep02,2,dual_stencil_gpu_N1024,pacca-a100,REF,F7,sha256:0678e6829048a38028c4e3770fc60d0bba5aaf80910abfb63334e7965d5b29d3,/home/latorresn/hyperion-results/final/campaigns/gpu/roofline_calibration_gpu_fp64_F7.json,0.4976791073769057,1.7704004001452782,memory_bound,dual_stencil,run,ok,,True,360,360,valid,1.0,2231,1131,0.6635930993456276,16832057284,622174.0,True,0.0,3.7406162464986,17.440490639822887,5.0,0.0,57.0,12.0,1.0,0.0,0.0,0.0,0.0,0.0,0.0,1.0,1.0,37068.0,37074.21232492997,292.5857502808622,97.0,36067.0,37952.0,35.0,1.0,360.0,360.0,0.0,0.0,360.0,360.0,1.0,1.0,27.0,26.84873949579832,0.414905102116742,0.0,26.0,27.0,2.0,1.0,tmp/remote_gpu_runs_20260917/gpu/pacca_gpu_final_20260913__dual_stencil_gpu_N1024__REF__gpuF7__rep02/training_gpu_phases.csv,,False
pacca_gpu_final_20260913__dual_stencil_gpu_N1024__REF__gpuF7__rep03,3,dual_stencil_gpu_N1024,pacca-a100,REF,F7,sha256:0678e6829048a38028c4e3770fc60d0bba5aaf80910abfb63334e7965d5b29d3,/home/latorresn/hyperion-results/final/campaigns/gpu/roofline_calibration_gpu_fp64_F7.json,0.4976791073769057,1.7704004001452782,memory_bound,dual_stencil,run,ok,,True,360,360,valid,1.0,2234,1181,0.6541727672035139,16778728476,622853.0,True,0.0,3.3394854586129754,17.103310637312763,5.0,0.0,56.0,13.0,1.0,0.0,0.0,0.0,0.0,0.0,0.0,1.0,1.0,37075.0,37141.38310961969,280.7158610385377,98.0,36076.0,37952.0,32.0,1.0,360.0,360.0,0.0,0.0,360.0,360.0,1.0,1.0,27.0,27.0,0.0,0.0,27.0,27.0,1.0,1.0,tmp/remote_gpu_runs_20260917/gpu/pacca_gpu_final_20260913__dual_stencil_gpu_N1024__REF__gpuF7__rep03/training_gpu_phases.csv,,False
pacca_gpu_final_20260913__dual_stencil_gpu_N1024__REF__gpuF8__rep01,1,dual_stencil_gpu_N1024,pacca-a100,REF,F8,sha256:0678e6829048a38028c4e3770fc60d0bba5aaf80910abfb63334e7965d5b29d3,/home/latorresn/hyperion-results/final/campaigns/gpu/roofline_calibration_gpu_fp64_F8.json,0.4976791073769057,1.3515565388833937,memory_bound,dual_stencil,run,ok,,True,210,210,valid,1.0,2195,1155,0.655223880597015,16524961709,589988.0,True,0.0,3.671599317017644,17.668282892821168,5.0,0.0,56.0,11.0,1.0,0.0,0.0,0.0,0.0,0.0,0.0,1.0,1.0,35783.0,35803.556061468415,299.37892533392835,180.0,35182.0,36765.0,40.0,1.0,210.0,210.0,0.0,0.0,210.0,210.0,1.0,1.0,25.0,25.0,0.0,0.0,25.0,25.0,1.0,1.0,tmp/remote_gpu_runs_20260917/gpu/pacca_gpu_final_20260913__dual_stencil_gpu_N1024__REF__gpuF8__rep01/training_gpu_phases.csv,,False
pacca_gpu_final_20260913__dual_stencil_gpu_N1024__REF__gpuF8__rep02,2,dual_stencil_gpu_N1024,pacca-a100,REF,F8,sha256:0678e6829048a38028c4e3770fc60d0bba5aaf80910abfb63334e7965d5b29d3,/home/latorresn/hyperion-results/final/campaigns/gpu/roofline_calibration_gpu_fp64_F8.json,0.4976791073769057,1.3515565388833937,memory_bound,dual_stencil,run,ok,,True,210,210,valid,1.0,2191,1162,0.6534446764091858,16755267276,596295.0,True,0.0,3.858528237307473,17.77976586509392,6.0,0.0,56.0,14.0,1.0,0.0,0.0,0.0,0.0,0.0,0.0,1.0,1.0,35691.0,35747.71363377068,278.4260314190864,103.0,35085.0,36667.0,34.0,1.0,210.0,210.0,0.0,0.0,210.0,210.0,1.0,1.0,25.0,25.0,0.0,0.0,25.0,25.0,1.0,1.0,tmp/remote_gpu_runs_20260917/gpu/pacca_gpu_final_20260913__dual_stencil_gpu_N1024__REF__gpuF8__rep02/training_gpu_phases.csv,,False
pacca_gpu_final_20260913__dual_stencil_gpu_N1024__REF__gpuF8__rep03,3,dual_stencil_gpu_N1024,pacca-a100,REF,F8,sha256:0678e6829048a38028c4e3770fc60d0bba5aaf80910abfb63334e7965d5b29d3,/home/latorresn/hyperion-results/final/campaigns/gpu/roofline_calibration_gpu_fp64_F8.json,0.4976791073769057,1.3515565388833937,memory_bound,dual_stencil,run,ok,,True,210,210,valid,1.0,2250,1156,0.6605989430416911,16692096584,598446.0,True,0.0,3.963888888888889,17.481991744593305,5.0,0.0,56.0,14.0,1.0,0.0,0.0,0.0,0.0,0.0,0.0,1.0,1.0,35871.0,35885.84888888889,279.2044178347974,97.0,35271.0,36751.0,31.0,1.0,210.0,210.0,0.0,0.0,210.0,210.0,1.0,1.0,25.0,25.0,0.0728346681799864,0.0,25.0,26.0,2.0,1.0,tmp/remote_gpu_runs_20260917/gpu/pacca_gpu_final_20260913__dual_stencil_gpu_N1024__REF__gpuF8__rep03/training_gpu_phases.csv,,False
pacca_gpu_final_20260913__dual_stencil_gpu_N36864__REF__gpuF0__rep01,1,dual_stencil_gpu_N36864,pacca-a100,REF,F0,sha256:0678e6829048a38028c4e3770fc60d0bba5aaf80910abfb63334e7965d5b29d3,/home/latorresn/hyperion-results/final/campaigns/gpu/roofline_calibration_gpu_fp64_F0.json,0.2577,6.853790013388249,memory_bound,dual_stencil,run,ok,,True,1410,1410,valid,1.0,10640,5151,0.6738015325185233,59828962825,4137383.0,True,35.0,34.75234962406015,16.398503290549357,8.0,0.0,100.0,24.0,1.0,1.0,0.9035479323308272,2.293285890862282,0.0,0.0,10.0,8.0,1.0,68495.0,68368.23719454887,11683.349540435202,1185.0,63689.0,215070.0,241.0,1.0,1410.0,1410.0,0.0,0.0,1410.0,1410.0,1.0,1.0,31.0,31.0,0.2330097622639465,0.0,31.0,32.0,2.0,1.0,tmp/remote_gpu_runs_20260917/gpu/pacca_gpu_final_20260913__dual_stencil_gpu_N36864__REF__gpuF0__rep01/training_gpu_phases.csv,,False
pacca_gpu_final_20260913__dual_stencil_gpu_N36864__REF__gpuF0__rep02,2,dual_stencil_gpu_N36864,pacca-a100,REF,F0,sha256:0678e6829048a38028c4e3770fc60d0bba5aaf80910abfb63334e7965d5b29d3,/home/latorresn/hyperion-results/final/campaigns/gpu/roofline_calibration_gpu_fp64_F0.json,0.2577,6.853790013388249,memory_bound,dual_stencil,run,ok,,True,1410,1410,valid,1.0,10574,5139,0.6729459683064978,59995902969,4105583.0,True,35.0,34.700709219858155,16.514366991024904,8.0,0.0,100.0,20.0,1.0,1.0,0.8973995271867612,2.303800931318833,0.0,0.0,10.0,11.0,1.0,67707.0,67593.58297872341,5122.449773709062,1173.0,63958.0,133975.0,251.0,1.0,1410.0,1410.0,0.0,0.0,1410.0,1410.0,1.0,1.0,31.0,30.852718676122933,0.4309563883170693,0.0,30.0,32.0,3.0,1.0,tmp/remote_gpu_runs_20260917/gpu/pacca_gpu_final_20260913__dual_stencil_gpu_N36864__REF__gpuF0__rep02/training_gpu_phases.csv,,False
pacca_gpu_final_20260913__dual_stencil_gpu_N36864__REF__gpuF0__rep03,3,dual_stencil_gpu_N36864,pacca-a100,REF,F0,sha256:0678e6829048a38028c4e3770fc60d0bba5aaf80910abfb63334e7965d5b29d3,/home/latorresn/hyperion-results/final/campaigns/gpu/roofline_calibration_gpu_fp64_F0.json,0.2577,6.853790013388249,memory_bound,dual_stencil,run,ok,,True,1410,1410,valid,1.0,10656,5159,0.6737907050268732,59835997354,4090866.0,True,35.0,34.840605207600284,16.313722307980303,8.0,0.0,100.0,21.0,1.0,1.0,0.9026507154585972,2.3518628225757445,0.0,0.0,10.0,7.0,1.0,67538.0,67410.05371803894,11376.088519201448,1203.0,62717.0,217490.0,201.0,1.0,1410.0,1410.0,0.0,0.0,1410.0,1410.0,1.0,1.0,31.0,31.0,0.2671542716048182,0.0,30.0,32.0,3.0,1.0,tmp/remote_gpu_runs_20260917/gpu/pacca_gpu_final_20260913__dual_stencil_gpu_N36864__REF__gpuF0__rep03/training_gpu_phases.csv,,False
pacca_gpu_final_20260913__dual_stencil_gpu_N36864__REF__gpuF1__rep01,1,dual_stencil_gpu_N36864,pacca-a100,REF,F1,sha256:0678e6829048a38028c4e3770fc60d0bba5aaf80910abfb63334e7965d5b29d3,/home/latorresn/hyperion-results/final/campaigns/gpu/roofline_calibration_gpu_fp64_F1.json,0.2577,6.18031703044422,memory_bound,dual_stencil,run,ok,,True,1260,1260,valid,1.0,10798,5077,0.6801889763779527,61506411072,3360239.0,True,35.0,34.04618055555556,16.96227017580184,8.0,0.0,100.0,19.0,1.0,1.0,0.8824074074074074,2.368177643625447,0.0,0.0,10.0,4.0,1.0,53997.0,53982.7925925926,857.3061492300851,809.0,51340.0,59206.0,195.0,1.0,1260.0,1260.0,0.0,0.0,1260.0,1260.0,1.0,1.0,31.0,30.828587962962963,0.7036191864079939,1.0,30.0,32.0,3.0,1.0,tmp/remote_gpu_runs_20260917/gpu/pacca_gpu_final_20260913__dual_stencil_gpu_N36864__REF__gpuF1__rep01/training_gpu_phases.csv,,False
pacca_gpu_final_20260913__dual_stencil_gpu_N36864__REF__gpuF1__rep02,2,dual_stencil_gpu_N36864,pacca-a100,REF,F1,sha256:0678e6829048a38028c4e3770fc60d0bba5aaf80910abfb63334e7965d5b29d3,/home/latorresn/hyperion-results/final/campaigns/gpu/roofline_calibration_gpu_fp64_F1.json,0.2577,6.18031703044422,memory_bound,dual_stencil,run,ok,,True,1260,1260,valid,1.0,10797,5121,0.678288729739917,61373192791,3308274.0,True,35.0,33.82451672647297,17.000400140153488,8.0,0.0,100.0,27.0,1.0,1.0,0.8727862021067253,2.324882060960471,0.0,0.0,10.0,8.0,1.0,53301.0,53252.17212640352,10842.336904900409,817.0,50427.0,182566.0,181.0,1.0,1260.0,1260.0,0.0,0.0,1260.0,1260.0,1.0,1.0,28.0,28.0,0.2097534433813516,0.0,28.0,29.0,2.0,1.0,tmp/remote_gpu_runs_20260917/gpu/pacca_gpu_final_20260913__dual_stencil_gpu_N36864__REF__gpuF1__rep02/training_gpu_phases.csv,,False
pacca_gpu_final_20260913__dual_stencil_gpu_N36864__REF__gpuF1__rep03,3,dual_stencil_gpu_N36864,pacca-a100,REF,F1,sha256:0678e6829048a38028c4e3770fc60d0bba5aaf80910abfb63334e7965d5b29d3,/home/latorresn/hyperion-results/final/campaigns/gpu/roofline_calibration_gpu_fp64_F1.json,0.2577,6.18031703044422,memory_bound,dual_stencil,run,ok,,True,1260,1260,valid,1.0,11078,5122,0.6838271604938272,62249691470,3358006.0,True,35.0,33.613831227436826,16.70196437046231,7.0,0.0,100.0,22.0,1.0,1.0,0.8780460288808665,2.3248639699512745,0.0,0.0,10.0,8.0,1.0,53306.0,53253.34984205776,9747.349524458035,782.0,50127.0,183546.0,169.0,1.0,1260.0,1260.0,0.0,0.0,1260.0,1260.0,1.0,1.0,28.0,28.0,0.1357328845629192,0.0,28.0,29.0,2.0,1.0,tmp/remote_gpu_runs_20260917/gpu/pacca_gpu_final_20260913__dual_stencil_gpu_N36864__REF__gpuF1__rep03/training_gpu_phases.csv,,False
pacca_gpu_final_20260913__dual_stencil_gpu_N36864__REF__gpuF2__rep01,1,dual_stencil_gpu_N36864,pacca-a100,REF,F2,sha256:0678e6829048a38028c4e3770fc60d0bba5aaf80910abfb63334e7965d5b29d3,/home/latorresn/hyperion-results/final/campaigns/gpu/roofline_calibration_gpu_fp64_F2.json,0.2577,5.402777780507837,memory_bound,dual_stencil,run,ok,,True,1110,1110,valid,1.0,11298,4659,0.7080278247790938,64010718085,3023071.0,True,40.0,34.57699115044248,18.43766158916823,4.0,0.0,100.0,21.0,1.0,1.0,0.8347345132743362,2.332890085346076,0.0,0.0,10.0,6.0,1.0,46649.0,46585.75066371681,10951.640311605515,686.0,44460.0,156924.0,195.0,1.0,1110.0,1110.0,0.0,0.0,1110.0,1110.0,1.0,1.0,28.0,28.0,0.1415205065914002,0.0,28.0,29.0,2.0,1.0,tmp/remote_gpu_runs_20260917/gpu/pacca_gpu_final_20260913__dual_stencil_gpu_N36864__REF__gpuF2__rep01/training_gpu_phases.csv,,False
pacca_gpu_final_20260913__dual_stencil_gpu_N36864__REF__gpuF2__rep02,2,dual_stencil_gpu_N36864,pacca-a100,REF,F2,sha256:0678e6829048a38028c4e3770fc60d0bba5aaf80910abfb63334e7965d5b29d3,/home/latorresn/hyperion-results/final/campaigns/gpu/roofline_calibration_gpu_fp64_F2.json,0.2577,5.402777780507837,memory_bound,dual_stencil,run,ok,,True,1110,1110,valid,1.0,11347,5016,0.6934547454623236,64534123151,3016214.0,True,40.0,34.8378676065646,17.97608204358165,3.0,0.0,100.0,18.0,1.0,1.0,0.8489921797554797,2.3428544852342568,0.0,0.0,10.0,4.0,1.0,46184.0,46150.743253662295,8267.09104258463,685.0,43314.0,151616.0,172.0,1.0,1110.0,1110.0,0.0,0.0,1110.0,1110.0,1.0,1.0,27.0,27.0,0.104790038249658,0.0,27.0,28.0,2.0,1.0,tmp/remote_gpu_runs_20260917/gpu/pacca_gpu_final_20260913__dual_stencil_gpu_N36864__REF__gpuF2__rep02/training_gpu_phases.csv,,False
pacca_gpu_final_20260913__dual_stencil_gpu_N36864__REF__gpuF2__rep03,3,dual_stencil_gpu_N36864,pacca-a100,REF,F2,sha256:0678e6829048a38028c4e3770fc60d0bba5aaf80910abfb63334e7965d5b29d3,/home/latorresn/hyperion-results/final/campaigns/gpu/roofline_calibration_gpu_fp64_F2.json,0.2577,5.402777780507837,memory_bound,dual_stencil,run,ok,,True,1110,1110,valid,1.0,11301,4993,0.6935681846078311,63836172321,3019346.0,True,40.0,35.2079415993806,18.298352732939534,3.0,0.0,100.0,19.0,1.0,1.0,0.8491317332153523,2.338782744875217,0.0,0.0,10.0,5.0,1.0,46747.0,46672.03727463776,826.3922598991035,783.0,44293.0,50316.0,171.0,1.0,1110.0,1110.0,0.0,0.0,1110.0,1110.0,1.0,1.0,28.0,28.0,0.0409687745153582,0.0,28.0,29.0,2.0,1.0,tmp/remote_gpu_runs_20260917/gpu/pacca_gpu_final_20260913__dual_stencil_gpu_N36864__REF__gpuF2__rep03/training_gpu_phases.csv,,False
pacca_gpu_final_20260913__dual_stencil_gpu_N36864__REF__gpuF3__rep01,1,dual_stencil_gpu_N36864,pacca-a100,REF,F3,sha256:0678e6829048a38028c4e3770fc60d0bba5aaf80910abfb63334e7965d5b29d3,/home/latorresn/hyperion-results/final/campaigns/gpu/roofline_calibration_gpu_fp64_F3.json,0.2577,4.6473636179248725,memory_bound,dual_stencil,run,ok,,True,960,960,valid,1.0,11620,3049,0.7921467039334651,66236286986,2902116.0,True,46.0,37.29356712564544,20.716008040138693,31.0,0.0,100.0,18.0,1.0,1.0,0.8117469879518072,2.272204713149633,1.0,0.0,10.0,8.0,1.0,43309.0,43262.35111876076,7176.842232812453,600.0,40023.0,143366.0,130.0,1.0,960.0,960.0,0.0,0.0,960.0,960.0,1.0,1.0,28.0,28.02119191049914,0.4085876538584271,0.0,27.0,29.0,3.0,1.0,tmp/remote_gpu_runs_20260917/gpu/pacca_gpu_final_20260913__dual_stencil_gpu_N36864__REF__gpuF3__rep01/training_gpu_phases.csv,,False
pacca_gpu_final_20260913__dual_stencil_gpu_N36864__REF__gpuF3__rep02,2,dual_stencil_gpu_N36864,pacca-a100,REF,F3,sha256:0678e6829048a38028c4e3770fc60d0bba5aaf80910abfb63334e7965d5b29d3,/home/latorresn/hyperion-results/final/campaigns/gpu/roofline_calibration_gpu_fp64_F3.json,0.2577,4.6473636179248725,memory_bound,dual_stencil,run,ok,,True,960,960,valid,1.0,11802,3541,0.7692107149840318,66132427527,2898336.0,True,46.0,37.57551366235967,20.731098997677684,33.0,0.0,100.0,17.0,1.0,1.0,0.8120101673374285,2.293757452565726,1.0,0.0,10.0,7.0,1.0,43406.0,43240.340817623386,6520.956316211838,888.0,39827.0,145338.0,102.0,1.0,960.0,960.0,0.0,0.0,960.0,960.0,1.0,1.0,27.0,27.0,0.0,0.0,27.0,27.0,1.0,1.0,tmp/remote_gpu_runs_20260917/gpu/pacca_gpu_final_20260913__dual_stencil_gpu_N36864__REF__gpuF3__rep02/training_gpu_phases.csv,,False
pacca_gpu_final_20260913__dual_stencil_gpu_N36864__REF__gpuF3__rep03,3,dual_stencil_gpu_N36864,pacca-a100,REF,F3,sha256:0678e6829048a38028c4e3770fc60d0bba5aaf80910abfb63334e7965d5b29d3,/home/latorresn/hyperion-results/final/campaigns/gpu/roofline_calibration_gpu_fp64_F3.json,0.2577,4.6473636179248725,memory_bound,dual_stencil,run,ok,,True,960,960,valid,1.0,11875,3767,0.7591740186676895,67450843723,2958858.0,True,44.0,36.630249447426586,20.522305579913024,32.0,0.0,100.0,19.0,1.0,1.0,0.8073886959267446,2.295559485572305,1.0,0.0,10.0,6.0,1.0,43407.0,43309.77381328281,7891.529022117861,704.0,39745.0,145934.0,127.0,1.0,960.0,960.0,0.0,0.0,960.0,960.0,1.0,1.0,28.0,27.661614566887696,0.4829908373040801,1.0,27.0,28.0,2.0,1.0,tmp/remote_gpu_runs_20260917/gpu/pacca_gpu_final_20260913__dual_stencil_gpu_N36864__REF__gpuF3__rep03/training_gpu_phases.csv,,False
pacca_gpu_final_20260913__dual_stencil_gpu_N36864__REF__gpuF4__rep01,1,dual_stencil_gpu_N36864,pacca-a100,REF,F4,sha256:0678e6829048a38028c4e3770fc60d0bba5aaf80910abfb63334e7965d5b29d3,/home/latorresn/hyperion-results/final/campaigns/gpu/roofline_calibration_gpu_fp64_F4.json,0.2577,3.847999914788036,memory_bound,dual_stencil,run,ok,,True,810,810,valid,1.0,12041,1513,0.8883724361812011,68781337812,2902137.0,True,53.0,41.660334267621714,24.209400527174925,48.0,0.0,100.0,19.0,1.0,1.0,0.7797155610920793,2.289654311506633,1.0,0.0,10.0,6.0,1.0,41816.0,41611.25256929306,6615.911855310364,976.0,39141.0,143265.0,92.0,1.0,810.0,810.0,0.0,0.0,810.0,810.0,1.0,1.0,27.0,27.0,0.0530632880551567,0.0,27.0,28.0,2.0,1.0,tmp/remote_gpu_runs_20260917/gpu/pacca_gpu_final_20260913__dual_stencil_gpu_N36864__REF__gpuF4__rep01/training_gpu_phases.csv,,False
pacca_gpu_final_20260913__dual_stencil_gpu_N36864__REF__gpuF4__rep02,2,dual_stencil_gpu_N36864,pacca-a100,REF,F4,sha256:0678e6829048a38028c4e3770fc60d0bba5aaf80910abfb63334e7965d5b29d3,/home/latorresn/hyperion-results/final/campaigns/gpu/roofline_calibration_gpu_fp64_F4.json,0.2577,3.847999914788036,memory_bound,dual_stencil,run,ok,,True,810,810,valid,1.0,11673,1716,0.8718350885054896,69048163179,2901755.0,True,53.0,41.31116821929543,24.21992178707057,50.0,0.0,100.0,19.0,1.0,1.0,0.7780276260841632,2.284264779520826,1.0,0.0,10.0,6.0,1.0,41707.0,41485.98725773637,6236.596132002953,1062.0,40137.0,130922.0,91.0,1.0,810.0,810.0,0.0,0.0,810.0,810.0,1.0,1.0,26.0,26.0,0.1107588657211506,0.0,26.0,27.0,2.0,1.0,tmp/remote_gpu_runs_20260917/gpu/pacca_gpu_final_20260913__dual_stencil_gpu_N36864__REF__gpuF4__rep02/training_gpu_phases.csv,,False
pacca_gpu_final_20260913__dual_stencil_gpu_N36864__REF__gpuF4__rep03,3,dual_stencil_gpu_N36864,pacca-a100,REF,F4,sha256:0678e6829048a38028c4e3770fc60d0bba5aaf80910abfb63334e7965d5b29d3,/home/latorresn/hyperion-results/final/campaigns/gpu/roofline_calibration_gpu_fp64_F4.json,0.2577,3.847999914788036,memory_bound,dual_stencil,run,ok,,True,810,810,valid,1.0,11937,1644,0.8789485310360062,69330862829,2918037.0,True,53.0,41.0867971940111,24.26803589152268,50.0,0.0,100.0,20.0,1.0,1.0,0.7718563501204062,2.242699778954092,1.0,0.0,10.0,9.0,1.0,41805.0,41560.3803790179,6858.948831707562,1067.0,40039.0,132880.0,93.0,1.0,810.0,810.0,0.0,0.0,810.0,810.0,1.0,1.0,27.0,27.0,0.0,0.0,27.0,27.0,1.0,1.0,tmp/remote_gpu_runs_20260917/gpu/pacca_gpu_final_20260913__dual_stencil_gpu_N36864__REF__gpuF4__rep03/training_gpu_phases.csv,,False
pacca_gpu_final_20260913__dual_stencil_gpu_N36864__REF__gpuF5__rep01,1,dual_stencil_gpu_N36864,pacca-a100,REF,F5,sha256:0678e6829048a38028c4e3770fc60d0bba5aaf80910abfb63334e7965d5b29d3,/home/latorresn/hyperion-results/final/campaigns/gpu/roofline_calibration_gpu_fp64_F5.json,0.2577,3.227383731801676,memory_bound,dual_stencil,run,ok,,True,660,660,valid,1.0,10054,1218,0.89194464158978,72132171833,2911501.0,True,65.0,47.987319741422176,30.5045934110242,65.0,0.0,100.0,15.0,1.0,1.0,0.729985082048732,2.227757565580158,1.0,0.0,10.0,6.0,1.0,40018.0,39759.68436101442,6000.266323738049,1150.0,37050.0,132089.0,89.0,1.0,660.0,660.0,0.0,0.0,660.0,660.0,1.0,1.0,26.0,26.0,0.1386010787523413,0.0,26.0,27.0,2.0,1.0,tmp/remote_gpu_runs_20260917/gpu/pacca_gpu_final_20260913__dual_stencil_gpu_N36864__REF__gpuF5__rep01/training_gpu_phases.csv,,False
pacca_gpu_final_20260913__dual_stencil_gpu_N36864__REF__gpuF5__rep02,2,dual_stencil_gpu_N36864,pacca-a100,REF,F5,sha256:0678e6829048a38028c4e3770fc60d0bba5aaf80910abfb63334e7965d5b29d3,/home/latorresn/hyperion-results/final/campaigns/gpu/roofline_calibration_gpu_fp64_F5.json,0.2577,3.227383731801676,memory_bound,dual_stencil,run,ok,,True,660,660,valid,1.0,10509,1202,0.8973614550422679,72375050679,2922951.0,True,65.0,48.449756213580685,30.51459629184689,66.0,0.0,100.0,21.0,1.0,1.0,0.7327863003924366,2.2706012436049,1.0,0.0,10.0,9.0,1.0,40105.0,39818.53181115472,6326.302904935559,970.0,38273.0,125889.0,102.0,1.0,660.0,660.0,0.0,0.0,660.0,660.0,1.0,1.0,27.0,26.50184326317041,0.4999978245878249,1.0,26.0,27.0,2.0,1.0,tmp/remote_gpu_runs_20260917/gpu/pacca_gpu_final_20260913__dual_stencil_gpu_N36864__REF__gpuF5__rep02/training_gpu_phases.csv,,False
pacca_gpu_final_20260913__dual_stencil_gpu_N36864__REF__gpuF5__rep03,3,dual_stencil_gpu_N36864,pacca-a100,REF,F5,sha256:0678e6829048a38028c4e3770fc60d0bba5aaf80910abfb63334e7965d5b29d3,/home/latorresn/hyperion-results/final/campaigns/gpu/roofline_calibration_gpu_fp64_F5.json,0.2577,3.227383731801676,memory_bound,dual_stencil,run,ok,,True,660,660,valid,1.0,10879,1262,0.8960546907174038,72399161921,2915054.0,True,65.0,48.29144170017232,30.38647881799476,65.0,0.0,100.0,18.0,1.0,1.0,0.7357840321654222,2.2563128036126443,1.0,0.0,10.0,6.0,1.0,39920.0,39676.551062607694,6891.714665519399,1162.0,37967.0,132393.0,90.0,1.0,660.0,660.0,0.0,0.0,660.0,660.0,1.0,1.0,26.0,26.0,0.0331937623081766,0.0,26.0,27.0,2.0,1.0,tmp/remote_gpu_runs_20260917/gpu/pacca_gpu_final_20260913__dual_stencil_gpu_N36864__REF__gpuF5__rep03/training_gpu_phases.csv,,False
pacca_gpu_final_20260913__dual_stencil_gpu_N36864__REF__gpuF6__rep01,1,dual_stencil_gpu_N36864,pacca-a100,REF,F6,sha256:0678e6829048a38028c4e3770fc60d0bba5aaf80910abfb63334e7965d5b29d3,/home/latorresn/hyperion-results/final/campaigns/gpu/roofline_calibration_gpu_fp64_F6.json,0.2577,2.537117986910783,memory_bound,dual_stencil,run,ok,,True,510,510,valid,1.0,10601,1174,0.9002972399150743,72581034138,2839800.0,True,67.0,50.289470581299376,31.6730903204441,69.0,0.0,100.0,20.0,1.0,1.0,0.7345831859450537,2.1943754137630607,1.0,0.0,10.0,7.0,1.0,38831.0,38566.19243013796,6591.508757621854,1157.0,37156.0,132485.0,95.0,1.0,510.0,510.0,0.0,0.0,510.0,510.0,1.0,1.0,26.0,26.0,0.0,0.0,26.0,26.0,1.0,1.0,tmp/remote_gpu_runs_20260917/gpu/pacca_gpu_final_20260913__dual_stencil_gpu_N36864__REF__gpuF6__rep01/training_gpu_phases.csv,,False
pacca_gpu_final_20260913__dual_stencil_gpu_N36864__REF__gpuF6__rep02,2,dual_stencil_gpu_N36864,pacca-a100,REF,F6,sha256:0678e6829048a38028c4e3770fc60d0bba5aaf80910abfb63334e7965d5b29d3,/home/latorresn/hyperion-results/final/campaigns/gpu/roofline_calibration_gpu_fp64_F6.json,0.2577,2.537117986910783,memory_bound,dual_stencil,run,ok,,True,510,510,valid,1.0,10273,1192,0.896031399912778,72572916223,2867477.0,True,67.0,49.86044530964838,31.83659095393693,69.0,0.0,100.0,20.0,1.0,1.0,0.7274607616498358,2.1751202356903936,1.0,0.0,10.0,8.0,1.0,39136.0,38922.0601046356,6031.350953450678,960.0,37352.0,126363.0,119.0,1.0,510.0,510.0,0.0,0.0,510.0,510.0,1.0,1.0,27.0,27.30989171432048,0.4763048183098314,1.0,27.0,28.0,2.0,1.0,tmp/remote_gpu_runs_20260917/gpu/pacca_gpu_final_20260913__dual_stencil_gpu_N36864__REF__gpuF6__rep02/training_gpu_phases.csv,,False
pacca_gpu_final_20260913__dual_stencil_gpu_N36864__REF__gpuF6__rep03,3,dual_stencil_gpu_N36864,pacca-a100,REF,F6,sha256:0678e6829048a38028c4e3770fc60d0bba5aaf80910abfb63334e7965d5b29d3,/home/latorresn/hyperion-results/final/campaigns/gpu/roofline_calibration_gpu_fp64_F6.json,0.2577,2.537117986910783,memory_bound,dual_stencil,run,ok,,True,510,510,valid,1.0,10719,1159,0.9024246506145815,72945157552,2850688.0,True,67.0,50.230616765768914,31.599493933526876,69.0,0.0,100.0,21.0,1.0,1.0,0.732773697096887,2.241635015687936,1.0,0.0,10.0,10.0,1.0,38747.0,38506.734872332985,6008.888408841302,1162.0,36863.0,128743.0,93.0,1.0,510.0,510.0,0.0,0.0,510.0,510.0,1.0,1.0,26.0,25.94170455870351,0.3536689227290873,0.0,25.0,26.0,2.0,1.0,tmp/remote_gpu_runs_20260917/gpu/pacca_gpu_final_20260913__dual_stencil_gpu_N36864__REF__gpuF6__rep03/training_gpu_phases.csv,,False
pacca_gpu_final_20260913__dual_stencil_gpu_N36864__REF__gpuF7__rep01,1,dual_stencil_gpu_N36864,pacca-a100,REF,F7,sha256:0678e6829048a38028c4e3770fc60d0bba5aaf80910abfb63334e7965d5b29d3,/home/latorresn/hyperion-results/final/campaigns/gpu/roofline_calibration_gpu_fp64_F7.json,0.2577,1.7704004001452782,memory_bound,dual_stencil,run,ok,,True,360,360,valid,1.0,11895,1176,0.9100298370438376,73026482154,2798476.0,True,67.0,51.14983713355049,31.01881380347783,67.0,0.0,100.0,16.0,1.0,1.0,0.7510770200693496,2.2067923696760485,1.0,0.0,10.0,7.0,1.0,38044.0,37799.70757591678,7798.884339499898,1065.0,36765.0,126103.0,91.0,1.0,360.0,360.0,0.0,0.0,360.0,360.0,1.0,1.0,26.0,26.0,0.18070296705345,0.0,26.0,27.0,2.0,1.0,tmp/remote_gpu_runs_20260917/gpu/pacca_gpu_final_20260913__dual_stencil_gpu_N36864__REF__gpuF7__rep01/training_gpu_phases.csv,,False
pacca_gpu_final_20260913__dual_stencil_gpu_N36864__REF__gpuF7__rep02,2,dual_stencil_gpu_N36864,pacca-a100,REF,F7,sha256:0678e6829048a38028c4e3770fc60d0bba5aaf80910abfb63334e7965d5b29d3,/home/latorresn/hyperion-results/final/campaigns/gpu/roofline_calibration_gpu_fp64_F7.json,0.2577,1.7704004001452782,memory_bound,dual_stencil,run,ok,,True,360,360,valid,1.0,10704,1191,0.8998738965952081,72695980182,2785854.0,True,67.0,50.23260158804297,31.532376106174016,68.0,0.0,100.0,21.0,1.0,1.0,0.7366884633348902,2.1758027138422067,1.0,0.0,10.0,8.0,1.0,38035.0,37750.09248014946,5968.208398847053,1069.0,36388.0,123379.0,95.0,1.0,360.0,360.0,0.0,0.0,360.0,360.0,1.0,1.0,26.0,26.0,0.0501603320794066,0.0,26.0,27.0,2.0,1.0,tmp/remote_gpu_runs_20260917/gpu/pacca_gpu_final_20260913__dual_stencil_gpu_N36864__REF__gpuF7__rep02/training_gpu_phases.csv,,False
pacca_gpu_final_20260913__dual_stencil_gpu_N36864__REF__gpuF7__rep03,3,dual_stencil_gpu_N36864,pacca-a100,REF,F7,sha256:0678e6829048a38028c4e3770fc60d0bba5aaf80910abfb63334e7965d5b29d3,/home/latorresn/hyperion-results/final/campaigns/gpu/roofline_calibration_gpu_fp64_F7.json,0.2577,1.7704004001452782,memory_bound,dual_stencil,run,ok,,True,360,360,valid,1.0,9993,1178,0.8945483842091129,72895595704,2791503.0,True,66.0,49.57648530331457,31.61068636243221,69.0,0.0,100.0,24.0,1.0,1.0,0.7278298936835522,2.2802725170531284,1.0,0.0,10.0,7.0,1.0,37952.0,37709.48742964353,5702.273487666966,1083.0,35773.0,121405.0,90.0,1.0,360.0,360.0,0.0,0.0,360.0,360.0,1.0,1.0,26.0,26.0,0.0,0.0,26.0,26.0,1.0,1.0,tmp/remote_gpu_runs_20260917/gpu/pacca_gpu_final_20260913__dual_stencil_gpu_N36864__REF__gpuF7__rep03/training_gpu_phases.csv,,False
pacca_gpu_final_20260913__dual_stencil_gpu_N36864__REF__gpuF8__rep01,1,dual_stencil_gpu_N36864,pacca-a100,REF,F8,sha256:0678e6829048a38028c4e3770fc60d0bba5aaf80910abfb63334e7965d5b29d3,/home/latorresn/hyperion-results/final/campaigns/gpu/roofline_calibration_gpu_fp64_F8.json,0.2577,1.3515565388833937,memory_bound,dual_stencil,run,ok,,True,210,210,valid,1.0,10293,1218,0.8941881678394579,73233830976,2728935.0,True,67.0,49.735883424408016,31.827684192956397,69.0,0.0,100.0,23.0,1.0,1.0,0.7260473588342441,2.1357042038188108,1.0,0.0,10.0,9.0,1.0,36946.0,36637.41056466303,6799.18054904796,1076.0,35174.0,98225.0,89.0,1.0,210.0,210.0,0.0,0.0,210.0,210.0,1.0,1.0,25.0,25.0,0.1310793512894522,0.0,25.0,26.0,2.0,1.0,tmp/remote_gpu_runs_20260917/gpu/pacca_gpu_final_20260913__dual_stencil_gpu_N36864__REF__gpuF8__rep01/training_gpu_phases.csv,,False
pacca_gpu_final_20260913__dual_stencil_gpu_N36864__REF__gpuF8__rep02,2,dual_stencil_gpu_N36864,pacca-a100,REF,F8,sha256:0678e6829048a38028c4e3770fc60d0bba5aaf80910abfb63334e7965d5b29d3,/home/latorresn/hyperion-results/final/campaigns/gpu/roofline_calibration_gpu_fp64_F8.json,0.2577,1.3515565388833937,memory_bound,dual_stencil,run,ok,,True,210,210,valid,1.0,10665,1239,0.8959173387096774,74257957505,2777868.0,True,64.0,49.01746161959451,31.40888082851445,69.0,0.0,100.0,23.0,1.0,1.0,0.7288175319348412,2.126390316874787,1.0,0.0,10.0,9.0,1.0,37045.0,36789.50814484941,6128.432496491737,1075.0,35482.0,98714.0,85.0,1.0,210.0,210.0,0.0,0.0,210.0,210.0,1.0,1.0,26.0,26.0,0.0,0.0,26.0,26.0,1.0,1.0,tmp/remote_gpu_runs_20260917/gpu/pacca_gpu_final_20260913__dual_stencil_gpu_N36864__REF__gpuF8__rep02/training_gpu_phases.csv,,False
pacca_gpu_final_20260913__dual_stencil_gpu_N36864__REF__gpuF8__rep03,3,dual_stencil_gpu_N36864,pacca-a100,REF,F8,sha256:0678e6829048a38028c4e3770fc60d0bba5aaf80910abfb63334e7965d5b29d3,/home/latorresn/hyperion-results/final/campaigns/gpu/roofline_calibration_gpu_fp64_F8.json,0.2577,1.3515565388833937,memory_bound,dual_stencil,run,ok,,True,210,210,valid,1.0,10320,1172,0.8980160111381831,73321931454,2764167.0,True,67.0,49.57957848837209,31.8824741617456,69.0,0.0,100.0,23.0,1.0,1.0,0.7257751937984496,2.096151998198564,1.0,0.0,10.0,9.0,1.0,37249.0,37033.392199612405,4747.60185551439,964.0,35788.0,96848.0,105.0,1.0,210.0,210.0,0.0,0.0,210.0,210.0,1.0,1.0,27.0,26.819767441860463,0.5373496690116659,0.0,26.0,28.0,3.0,1.0,tmp/remote_gpu_runs_20260917/gpu/pacca_gpu_final_20260913__dual_stencil_gpu_N36864__REF__gpuF8__rep03/training_gpu_phases.csv,,False
pacca_gpu_final_20260913__dual_stencil_gpu_N36864__REF__gpuREF__rep01,1,dual_stencil_gpu_N36864,pacca-a100,REF,REF,sha256:0678e6829048a38028c4e3770fc60d0bba5aaf80910abfb63334e7965d5b29d3,/home/latorresn/hyperion-results/final/campaigns/gpu/roofline_calibration_gpu_fp64_REF.json,0.2577,6.898376612287448,memory_bound,dual_stencil,run,ok,,True,,,not_applicable_native,,10543,5139,0.6722994516005611,60015629986,4149120.0,True,35.0,34.50527563722584,16.625327184076557,8.0,0.0,100.0,23.0,1.0,1.0,0.8950800237107291,2.405479963698255,0.0,0.0,10.0,7.0,1.0,68411.0,68312.88192056905,12058.100886772676,1347.5,64269.0,217287.0,257.0,1.0,1410.0,1410.0,0.0,0.0,1410.0,1410.0,1.0,1.0,32.0,32.0,0.1152341827492305,0.0,31.0,33.0,3.0,1.0,tmp/remote_gpu_runs_20260917/gpu/pacca_gpu_final_20260913__dual_stencil_gpu_N36864__REF__gpuREF__rep01/training_gpu_phases.csv,,False
pacca_gpu_final_20260913__dual_stencil_gpu_N36864__REF__gpuREF__rep02,2,dual_stencil_gpu_N36864,pacca-a100,REF,REF,sha256:0678e6829048a38028c4e3770fc60d0bba5aaf80910abfb63334e7965d5b29d3,/home/latorresn/hyperion-results/final/campaigns/gpu/roofline_calibration_gpu_fp64_REF.json,0.2577,6.898376612287448,memory_bound,dual_stencil,run,ok,,True,,,not_applicable_native,,10487,5146,0.6708245378366277,59807416264,4056252.0,True,35.0,34.61065427243475,16.594398646231078,8.0,0.0,100.0,23.0,1.0,1.0,0.8934572756524848,2.379021119471299,0.0,0.0,10.0,6.0,1.0,66926.0,66897.71088070552,10922.994122000257,1491.0,61819.0,225664.0,240.0,1.0,1410.0,1410.0,0.0,0.0,1410.0,1410.0,1.0,1.0,31.0,31.0,0.2347780472434612,0.0,31.0,32.0,2.0,1.0,tmp/remote_gpu_runs_20260917/gpu/pacca_gpu_final_20260913__dual_stencil_gpu_N36864__REF__gpuREF__rep02/training_gpu_phases.csv,,False
pacca_gpu_final_20260913__dual_stencil_gpu_N36864__REF__gpuREF__rep03,3,dual_stencil_gpu_N36864,pacca-a100,REF,REF,sha256:0678e6829048a38028c4e3770fc60d0bba5aaf80910abfb63334e7965d5b29d3,/home/latorresn/hyperion-results/final/campaigns/gpu/roofline_calibration_gpu_fp64_REF.json,0.2577,6.898376612287448,memory_bound,dual_stencil,run,ok,,True,,,not_applicable_native,,10411,5133,0.6697761194029851,59329889098,4053916.0,True,35.0,34.84620002401249,16.38922821836725,8.0,0.0,100.0,22.0,1.0,1.0,0.9044303037579542,2.39300292188818,0.0,0.0,10.0,5.0,1.0,67538.0,67479.41877776444,11662.341681772872,1258.5,63683.0,226899.0,245.0,1.0,1410.0,1410.0,0.0,0.0,1410.0,1410.0,1.0,1.0,31.0,31.0,0.1447786268293361,0.0,31.0,32.0,2.0,1.0,tmp/remote_gpu_runs_20260917/gpu/pacca_gpu_final_20260913__dual_stencil_gpu_N36864__REF__gpuREF__rep03/training_gpu_phases.csv,,False
pacca_gpu_final_20260913__gpu_cutlass_simt_dgemm_n4096__REF__gpuF2__rep01,1,gpu_cutlass_simt_dgemm_n4096,pacca-a100,REF,F2,sha256:4afe55447bedf8fda74d1f9f66692c391e96a399c279142a9d96b75a669fb34d,/home/latorresn/hyperion-results/final/campaigns/gpu/roofline_calibration_gpu_fp64_F2.json,26.7274665081057,5.402777780507837,compute_bound,gpu_cutlass_simt_dgemm_n4096,run,ok,,True,1110,1110,valid,1.0,6176,7114,0.4647103085026335,35922633978,7702633.0,True,100.0,99.6813031161473,29.372518741923333,0.0,0.0,100.0,9.0,1.0,26.0,25.746863617968437,8.035964146319664,2.0,0.0,30.0,11.0,1.0,233041.0,232471.2333063537,55302.84184659905,3119.0,47364.0,241796.0,283.0,1.0,1110.0,1110.0,0.0,0.0,1110.0,1110.0,1.0,1.0,52.0,51.36280857952246,3.7529123701138687,4.0,38.0,54.0,13.0,1.0,tmp/remote_gpu_runs_20260917/gpu/pacca_gpu_final_20260913__gpu_cutlass_simt_dgemm_n4096__REF__gpuF2__rep01/training_gpu_phases.csv,,True
pacca_gpu_final_20260913__gpu_cutlass_simt_dgemm_n4096__REF__gpuF2__rep02,2,gpu_cutlass_simt_dgemm_n4096,pacca-a100,REF,F2,sha256:4afe55447bedf8fda74d1f9f66692c391e96a399c279142a9d96b75a669fb34d,/home/latorresn/hyperion-results/final/campaigns/gpu/roofline_calibration_gpu_fp64_F2.json,26.7274665081057,5.402777780507837,compute_bound,gpu_cutlass_simt_dgemm_n4096,run,ok,,True,1110,1110,valid,1.0,6088,7226,0.4572630313955235,35664250936,7534073.0,True,100.0,100.0,28.444813253431384,0.0,0.0,100.0,9.0,1.0,23.0,22.93452380952381,6.85227095247124,1.0,0.0,27.0,8.0,1.0,228392.0,228290.79248768472,51494.84369587823,2593.0,46845.0,235301.0,252.0,1.0,1110.0,1110.0,0.0,0.0,1110.0,1110.0,1.0,1.0,50.0,49.90045155993432,3.866939138223308,4.0,36.0,54.0,16.0,1.0,tmp/remote_gpu_runs_20260917/gpu/pacca_gpu_final_20260913__gpu_cutlass_simt_dgemm_n4096__REF__gpuF2__rep02/training_gpu_phases.csv,,True
pacca_gpu_final_20260913__gpu_cutlass_simt_dgemm_n4096__REF__gpuF2__rep03,3,gpu_cutlass_simt_dgemm_n4096,pacca-a100,REF,F2,sha256:4afe55447bedf8fda74d1f9f66692c391e96a399c279142a9d96b75a669fb34d,/home/latorresn/hyperion-results/final/campaigns/gpu/roofline_calibration_gpu_fp64_F2.json,26.7274665081057,5.402777780507837,compute_bound,gpu_cutlass_simt_dgemm_n4096,run,ok,,True,1110,1110,valid,1.0,6110,7500,0.4489346069066862,35877939657,7516780.0,True,100.0,99.97299509001635,28.55398611222393,0.0,0.0,100.0,9.0,1.0,22.0,22.442921440261863,6.6239895919388925,1.0,0.0,26.0,7.0,1.0,227610.0,227537.30462356796,52696.18747246486,3245.0,47065.0,234368.0,251.0,1.0,1110.0,1110.0,0.0,0.0,1110.0,1110.0,1.0,1.0,49.0,48.85474631751227,3.760037469136163,4.0,35.0,53.0,16.0,1.0,tmp/remote_gpu_runs_20260917/gpu/pacca_gpu_final_20260913__gpu_cutlass_simt_dgemm_n4096__REF__gpuF2__rep03/training_gpu_phases.csv,,True
pacca_gpu_final_20260913__gpu_cutlass_simt_dgemm_n4096__REF__gpuF3__rep01,1,gpu_cutlass_simt_dgemm_n4096,pacca-a100,REF,F3,sha256:4afe55447bedf8fda74d1f9f66692c391e96a399c279142a9d96b75a669fb34d,/home/latorresn/hyperion-results/final/campaigns/gpu/roofline_calibration_gpu_fp64_F3.json,26.7274665081057,4.6473636179248725,compute_bound,gpu_cutlass_simt_dgemm_n4096,run,ok,,True,960,960,valid,1.0,7108,4900,0.5919387075283145,42955631528,7047509.0,True,100.0,95.3257735583685,33.78570300055415,0.0,0.0,100.0,9.0,1.0,19.0,18.03129395218003,6.585592416678591,0.0,0.0,19.0,3.0,1.0,184404.0,177387.17194092827,48527.17230181247,1793.0,41418.0,188949.0,210.0,1.0,960.0,960.0,0.0,0.0,960.0,960.0,1.0,1.0,45.0,44.65787623066104,3.6598433274370623,4.0,34.0,48.0,13.0,1.0,tmp/remote_gpu_runs_20260917/gpu/pacca_gpu_final_20260913__gpu_cutlass_simt_dgemm_n4096__REF__gpuF3__rep01/training_gpu_phases.csv,,False
pacca_gpu_final_20260913__gpu_cutlass_simt_dgemm_n4096__REF__gpuF3__rep02,2,gpu_cutlass_simt_dgemm_n4096,pacca-a100,REF,F3,sha256:4afe55447bedf8fda74d1f9f66692c391e96a399c279142a9d96b75a669fb34d,/home/latorresn/hyperion-results/final/campaigns/gpu/roofline_calibration_gpu_fp64_F3.json,26.7274665081057,4.6473636179248725,compute_bound,gpu_cutlass_simt_dgemm_n4096,run,ok,,True,960,960,valid,1.0,7206,4856,0.59741336428453,42823243603,7021052.0,True,100.0,95.79240374609782,33.307666110057056,0.0,0.0,100.0,13.0,1.0,19.0,18.12955254942768,6.492342402204458,0.0,0.0,19.0,4.0,1.0,183938.0,177832.73447797433,47567.691851577496,1491.0,41614.0,186924.0,185.0,1.0,960.0,960.0,0.0,0.0,960.0,960.0,1.0,1.0,44.0,44.19545612209504,3.446971714564369,3.0,34.0,47.0,12.0,1.0,tmp/remote_gpu_runs_20260917/gpu/pacca_gpu_final_20260913__gpu_cutlass_simt_dgemm_n4096__REF__gpuF3__rep02/training_gpu_phases.csv,,False
pacca_gpu_final_20260913__gpu_cutlass_simt_dgemm_n4096__REF__gpuF3__rep03,3,gpu_cutlass_simt_dgemm_n4096,pacca-a100,REF,F3,sha256:4afe55447bedf8fda74d1f9f66692c391e96a399c279142a9d96b75a669fb34d,/home/latorresn/hyperion-results/final/campaigns/gpu/roofline_calibration_gpu_fp64_F3.json,26.7274665081057,4.6473636179248725,compute_bound,gpu_cutlass_simt_dgemm_n4096,run,ok,,True,960,960,valid,1.0,7472,4890,0.6044329396537778,43175689561,7098122.0,True,100.0,95.35731013716962,33.76697710826121,0.0,0.0,100.0,13.0,1.0,19.0,18.041485446637672,6.556001768873303,0.0,0.0,19.0,4.0,1.0,185359.0,178781.53295416528,48329.636831920856,1620.0,42910.0,187961.0,219.0,1.0,960.0,960.0,0.0,0.0,960.0,960.0,1.0,1.0,47.0,46.51957176313148,3.371201913785392,3.0,36.0,50.0,13.0,1.0,tmp/remote_gpu_runs_20260917/gpu/pacca_gpu_final_20260913__gpu_cutlass_simt_dgemm_n4096__REF__gpuF3__rep03/training_gpu_phases.csv,,False
pacca_gpu_final_20260913__gpu_cutlass_simt_dgemm_n4096__REF__gpuF4__rep01,1,gpu_cutlass_simt_dgemm_n4096,pacca-a100,REF,F4,sha256:4afe55447bedf8fda74d1f9f66692c391e96a399c279142a9d96b75a669fb34d,/home/latorresn/hyperion-results/final/campaigns/gpu/roofline_calibration_gpu_fp64_F4.json,26.7274665081057,3.847999914788036,compute_bound,gpu_cutlass_simt_dgemm_n4096,run,ok,,True,810,810,valid,1.0,8522,2680,0.7607570076772004,53212038830,7379969.0,True,100.0,91.71296567908476,36.62370990415727,0.0,0.0,100.0,13.0,1.0,16.0,14.598562628336756,5.985361933328671,0.0,0.0,16.0,4.0,1.0,159927.0,150159.3195951892,44024.35509006272,1978.75,41036.0,163508.0,229.0,1.0,810.0,810.0,0.0,0.0,810.0,810.0,1.0,1.0,43.0,42.20900557348196,3.2386848616767305,3.0,33.0,45.0,12.0,1.0,tmp/remote_gpu_runs_20260917/gpu/pacca_gpu_final_20260913__gpu_cutlass_simt_dgemm_n4096__REF__gpuF4__rep01/training_gpu_phases.csv,,False
pacca_gpu_final_20260913__gpu_cutlass_simt_dgemm_n4096__REF__gpuF4__rep02,2,gpu_cutlass_simt_dgemm_n4096,pacca-a100,REF,F4,sha256:4afe55447bedf8fda74d1f9f66692c391e96a399c279142a9d96b75a669fb34d,/home/latorresn/hyperion-results/final/campaigns/gpu/roofline_calibration_gpu_fp64_F4.json,26.7274665081057,3.847999914788036,compute_bound,gpu_cutlass_simt_dgemm_n4096,run,ok,,True,810,810,valid,1.0,8125,2605,0.7572227399813607,53192622488,7424159.0,True,100.0,90.7975696046762,37.36688937150042,0.0,0.0,100.0,11.0,1.0,16.0,14.451469004768498,6.086219981285458,0.0,0.0,16.0,3.0,1.0,161106.0,150315.8471004461,44873.83340232023,1867.0,40633.0,163514.0,223.0,1.0,810.0,810.0,0.0,0.0,810.0,810.0,1.0,1.0,42.0,41.99707737271189,3.4201378428222613,4.0,33.0,45.0,12.0,1.0,tmp/remote_gpu_runs_20260917/gpu/pacca_gpu_final_20260913__gpu_cutlass_simt_dgemm_n4096__REF__gpuF4__rep02/training_gpu_phases.csv,,False
pacca_gpu_final_20260913__gpu_cutlass_simt_dgemm_n4096__REF__gpuF4__rep03,3,gpu_cutlass_simt_dgemm_n4096,pacca-a100,REF,F4,sha256:4afe55447bedf8fda74d1f9f66692c391e96a399c279142a9d96b75a669fb34d,/home/latorresn/hyperion-results/final/campaigns/gpu/roofline_calibration_gpu_fp64_F4.json,26.7274665081057,3.847999914788036,compute_bound,gpu_cutlass_simt_dgemm_n4096,run,ok,,True,810,810,valid,1.0,7442,2583,0.7423441396508729,53218383609,7420146.0,True,100.0,89.30349344978166,38.259994578716814,0.0,0.0,100.0,11.0,1.0,16.0,14.192139737991264,6.254289398895406,0.0,0.0,16.0,4.0,1.0,160858.0,147987.93684917703,46284.15753232865,2012.0,42116.0,164504.0,231.0,1.0,810.0,810.0,0.0,0.0,810.0,810.0,1.0,1.0,42.0,42.05408128988915,3.5404221597177603,4.0,33.0,46.0,13.0,1.0,tmp/remote_gpu_runs_20260917/gpu/pacca_gpu_final_20260913__gpu_cutlass_simt_dgemm_n4096__REF__gpuF4__rep03/training_gpu_phases.csv,,False
pacca_gpu_final_20260913__gpu_cutlass_simt_dgemm_n4096__REF__gpuF5__rep01,1,gpu_cutlass_simt_dgemm_n4096,pacca-a100,REF,F5,sha256:4afe55447bedf8fda74d1f9f66692c391e96a399c279142a9d96b75a669fb34d,/home/latorresn/hyperion-results/final/campaigns/gpu/roofline_calibration_gpu_fp64_F5.json,26.7274665081057,3.227383731801676,compute_bound,gpu_cutlass_simt_dgemm_n4096,run,ok,,True,660,660,valid,1.0,9041,1864,0.8290692342961944,65463175983,7840369.0,True,100.0,90.66099820268217,37.42279044327013,0.0,0.0,100.0,11.0,1.0,13.0,11.722245264758744,4.96210703697487,0.0,0.0,13.0,4.0,1.0,137527.0,128134.71920364992,37242.339347464935,2245.0,39337.0,141078.0,271.0,1.0,660.0,660.0,0.0,0.0,660.0,660.0,1.0,1.0,40.0,39.46204894234757,3.048284271078788,3.0,32.0,43.0,12.0,1.0,tmp/remote_gpu_runs_20260917/gpu/pacca_gpu_final_20260913__gpu_cutlass_simt_dgemm_n4096__REF__gpuF5__rep01/training_gpu_phases.csv,,False
pacca_gpu_final_20260913__gpu_cutlass_simt_dgemm_n4096__REF__gpuF5__rep02,2,gpu_cutlass_simt_dgemm_n4096,pacca-a100,REF,F5,sha256:4afe55447bedf8fda74d1f9f66692c391e96a399c279142a9d96b75a669fb34d,/home/latorresn/hyperion-results/final/campaigns/gpu/roofline_calibration_gpu_fp64_F5.json,26.7274665081057,3.227383731801676,compute_bound,gpu_cutlass_simt_dgemm_n4096,run,ok,,True,660,660,valid,1.0,9498,1857,0.8364597093791282,65766639864,7892241.0,True,100.0,90.83473684210526,37.38648534850612,0.0,0.0,100.0,14.0,1.0,13.0,11.74934210526316,4.956976604184639,0.0,0.0,13.0,3.0,1.0,138457.0,129368.45315789474,37042.1321905802,2621.0,39051.0,140786.0,224.0,1.0,660.0,660.0,0.0,0.0,660.0,660.0,1.0,1.0,40.0,40.09842105263158,3.031730690814402,4.0,32.0,43.0,12.0,1.0,tmp/remote_gpu_runs_20260917/gpu/pacca_gpu_final_20260913__gpu_cutlass_simt_dgemm_n4096__REF__gpuF5__rep02/training_gpu_phases.csv,,False
pacca_gpu_final_20260913__gpu_cutlass_simt_dgemm_n4096__REF__gpuF5__rep03,3,gpu_cutlass_simt_dgemm_n4096,pacca-a100,REF,F5,sha256:4afe55447bedf8fda74d1f9f66692c391e96a399c279142a9d96b75a669fb34d,/home/latorresn/hyperion-results/final/campaigns/gpu/roofline_calibration_gpu_fp64_F5.json,26.7274665081057,3.227383731801676,compute_bound,gpu_cutlass_simt_dgemm_n4096,run,ok,,True,660,660,valid,1.0,10016,1857,0.8435947106881159,65560983448,7906170.0,True,100.0,92.55340653855752,35.91218057586479,0.0,0.0,100.0,14.0,1.0,13.0,11.945220863488894,4.803784667709306,0.0,0.0,13.0,3.0,1.0,139351.0,131040.56551035689,36370.94556962755,3849.0,38934.0,141231.0,240.0,1.0,660.0,660.0,0.0,0.0,660.0,660.0,1.0,1.0,40.0,39.43860743698528,2.9877278276116424,3.0,32.0,43.0,12.0,1.0,tmp/remote_gpu_runs_20260917/gpu/pacca_gpu_final_20260913__gpu_cutlass_simt_dgemm_n4096__REF__gpuF5__rep03/training_gpu_phases.csv,,False
pacca_gpu_final_20260913__gpu_cutlass_simt_dgemm_n4096__REF__gpuF6__rep01,1,gpu_cutlass_simt_dgemm_n4096,pacca-a100,REF,F6,sha256:4afe55447bedf8fda74d1f9f66692c391e96a399c279142a9d96b75a669fb34d,/home/latorresn/hyperion-results/final/campaigns/gpu/roofline_calibration_gpu_fp64_F6.json,26.7274665081057,2.537117986910783,compute_bound,gpu_cutlass_simt_dgemm_n4096,run,ok,,True,510,510,valid,1.0,11260,1822,0.8607246598379452,82179238821,8469550.0,True,100.0,93.87144760213144,35.05034657126929,0.0,0.0,100.0,14.0,1.0,10.0,9.33126110124334,3.59742869365895,0.0,0.0,10.0,3.0,1.0,115302.0,110329.657526643,27154.619240762717,1335.0,38463.0,116787.0,219.0,1.0,510.0,510.0,0.0,0.0,510.0,510.0,1.0,1.0,38.0,38.19749111900533,1.9303708015469456,2.0,33.0,40.0,8.0,1.0,tmp/remote_gpu_runs_20260917/gpu/pacca_gpu_final_20260913__gpu_cutlass_simt_dgemm_n4096__REF__gpuF6__rep01/training_gpu_phases.csv,,False
pacca_gpu_final_20260913__gpu_cutlass_simt_dgemm_n4096__REF__gpuF6__rep02,2,gpu_cutlass_simt_dgemm_n4096,pacca-a100,REF,F6,sha256:4afe55447bedf8fda74d1f9f66692c391e96a399c279142a9d96b75a669fb34d,/home/latorresn/hyperion-results/final/campaigns/gpu/roofline_calibration_gpu_fp64_F6.json,26.7274665081057,2.537117986910783,compute_bound,gpu_cutlass_simt_dgemm_n4096,run,ok,,True,510,510,valid,1.0,11560,1816,0.8642344497607656,82506750357,8475489.0,True,100.0,93.74329584775089,35.11698647948858,0.0,0.0,100.0,12.0,1.0,10.0,9.31866349480969,3.597895854522216,0.0,0.0,10.0,4.0,1.0,115210.0,110103.18339100346,27480.45928170116,1182.0,37952.0,116586.0,222.0,1.0,510.0,510.0,0.0,0.0,510.0,510.0,1.0,1.0,37.0,37.14284169550173,2.262481214740111,3.0,31.0,40.0,10.0,1.0,tmp/remote_gpu_runs_20260917/gpu/pacca_gpu_final_20260913__gpu_cutlass_simt_dgemm_n4096__REF__gpuF6__rep02/training_gpu_phases.csv,,False
pacca_gpu_final_20260913__gpu_cutlass_simt_dgemm_n4096__REF__gpuF6__rep03,3,gpu_cutlass_simt_dgemm_n4096,pacca-a100,REF,F6,sha256:4afe55447bedf8fda74d1f9f66692c391e96a399c279142a9d96b75a669fb34d,/home/latorresn/hyperion-results/final/campaigns/gpu/roofline_calibration_gpu_fp64_F6.json,26.7274665081057,2.537117986910783,compute_bound,gpu_cutlass_simt_dgemm_n4096,run,ok,,True,510,510,valid,1.0,11315,1798,0.8628841607565012,81828192410,8460583.0,True,100.0,94.63890423064176,34.373548456080755,0.0,0.0,100.0,15.0,1.0,10.0,9.403733568982656,3.5392698433230825,0.0,0.0,10.0,3.0,1.0,115400.0,111040.30752236828,26873.86490920608,1113.0,38050.0,116551.0,221.0,1.0,510.0,510.0,0.0,0.0,510.0,510.0,1.0,1.0,38.0,37.44559814426157,2.0866839929082004,3.0,31.0,39.0,9.0,1.0,tmp/remote_gpu_runs_20260917/gpu/pacca_gpu_final_20260913__gpu_cutlass_simt_dgemm_n4096__REF__gpuF6__rep03/training_gpu_phases.csv,,False
pacca_gpu_final_20260913__gpu_cutlass_simt_dgemm_n4096__REF__gpuF7__rep01,1,gpu_cutlass_simt_dgemm_n4096,pacca-a100,REF,F7,sha256:4afe55447bedf8fda74d1f9f66692c391e96a399c279142a9d96b75a669fb34d,/home/latorresn/hyperion-results/final/campaigns/gpu/roofline_calibration_gpu_fp64_F7.json,26.7274665081057,1.7704004001452782,compute_bound,gpu_cutlass_simt_dgemm_n4096,run,ok,,True,360,360,valid,1.0,15257,1756,0.8967848116146476,110821312535,9459032.0,True,100.0,98.75464897190136,30.682938065509564,0.0,0.0,100.0,13.0,1.0,7.0,6.900712705824527,2.1939399892663296,0.0,0.0,7.0,4.0,1.0,91814.0,91026.55574670272,16981.891527449083,766.0,36872.0,92704.0,149.0,1.0,360.0,360.0,0.0,0.0,360.0,360.0,1.0,1.0,35.0,34.44220529204555,1.6237273903774894,2.0,30.0,36.0,7.0,1.0,tmp/remote_gpu_runs_20260917/gpu/pacca_gpu_final_20260913__gpu_cutlass_simt_dgemm_n4096__REF__gpuF7__rep01/training_gpu_phases.csv,,False
pacca_gpu_final_20260913__gpu_cutlass_simt_dgemm_n4096__REF__gpuF7__rep02,2,gpu_cutlass_simt_dgemm_n4096,pacca-a100,REF,F7,sha256:4afe55447bedf8fda74d1f9f66692c391e96a399c279142a9d96b75a669fb34d,/home/latorresn/hyperion-results/final/campaigns/gpu/roofline_calibration_gpu_fp64_F7.json,26.7274665081057,1.7704004001452782,compute_bound,gpu_cutlass_simt_dgemm_n4096,run,ok,,True,360,360,valid,1.0,16816,1823,0.9021943237298138,110328277871,9431471.0,True,100.0,99.99033744611268,28.908620981978927,0.0,0.0,100.0,15.0,1.0,7.0,6.999033744611268,2.082387970624165,0.0,0.0,7.0,4.0,1.0,91786.0,91775.69481195183,16098.292581216543,723.0,37560.0,92579.0,139.0,1.0,360.0,360.0,0.0,0.0,360.0,360.0,1.0,1.0,34.0,34.21904266389178,1.500796211251798,2.0,30.0,36.0,7.0,1.0,tmp/remote_gpu_runs_20260917/gpu/pacca_gpu_final_20260913__gpu_cutlass_simt_dgemm_n4096__REF__gpuF7__rep02/training_gpu_phases.csv,,False
pacca_gpu_final_20260913__gpu_cutlass_simt_dgemm_n4096__REF__gpuF7__rep03,3,gpu_cutlass_simt_dgemm_n4096,pacca-a100,REF,F7,sha256:4afe55447bedf8fda74d1f9f66692c391e96a399c279142a9d96b75a669fb34d,/home/latorresn/hyperion-results/final/campaigns/gpu/roofline_calibration_gpu_fp64_F7.json,26.7274665081057,1.7704004001452782,compute_bound,gpu_cutlass_simt_dgemm_n4096,run,ok,,True,360,360,valid,1.0,14518,1767,0.891495241019343,110417215364,9464608.0,True,100.0,98.46229338842976,30.967802129152474,0.0,0.0,100.0,11.0,1.0,7.0,6.879132231404959,2.21860664112705,0.0,0.0,7.0,3.0,1.0,92008.0,90993.88455578512,17210.425604154912,625.0,37667.0,92808.0,141.0,1.0,360.0,360.0,0.0,0.0,360.0,360.0,1.0,1.0,35.0,34.95377066115702,1.400090273851294,2.0,31.0,36.0,6.0,1.0,tmp/remote_gpu_runs_20260917/gpu/pacca_gpu_final_20260913__gpu_cutlass_simt_dgemm_n4096__REF__gpuF7__rep03/training_gpu_phases.csv,,False
pacca_gpu_final_20260913__gpu_cutlass_simt_dgemm_n4096__REF__gpuF8__rep01,1,gpu_cutlass_simt_dgemm_n4096,pacca-a100,REF,F8,sha256:4afe55447bedf8fda74d1f9f66692c391e96a399c279142a9d96b75a669fb34d,/home/latorresn/hyperion-results/final/campaigns/gpu/roofline_calibration_gpu_fp64_F8.json,26.7274665081057,1.3515565388833937,compute_bound,gpu_cutlass_simt_dgemm_n4096,run,ok,,True,210,210,valid,1.0,26422,1773,0.937116510019507,180124071275,11838727.0,True,100.0,100.0,23.75283898031575,0.0,0.0,100.0,12.0,1.0,4.0,4.0,0.972651770150744,0.0,0.0,4.0,3.0,1.0,68126.0,68101.88906235216,7684.539140185936,403.0,35782.0,68553.0,130.0,1.0,210.0,210.0,0.0,0.0,210.0,210.0,1.0,1.0,31.0,30.72589648973413,0.7063263739317808,1.0,28.0,31.0,4.0,1.0,tmp/remote_gpu_runs_20260917/gpu/pacca_gpu_final_20260913__gpu_cutlass_simt_dgemm_n4096__REF__gpuF8__rep01/training_gpu_phases.csv,,False
pacca_gpu_final_20260913__gpu_cutlass_simt_dgemm_n4096__REF__gpuF8__rep02,2,gpu_cutlass_simt_dgemm_n4096,pacca-a100,REF,F8,sha256:4afe55447bedf8fda74d1f9f66692c391e96a399c279142a9d96b75a669fb34d,/home/latorresn/hyperion-results/final/campaigns/gpu/roofline_calibration_gpu_fp64_F8.json,26.7274665081057,1.3515565388833937,compute_bound,gpu_cutlass_simt_dgemm_n4096,run,ok,,True,210,210,valid,1.0,24910,1771,0.9336231775420712,180218824142,11963809.0,True,100.0,100.0,24.157635813127506,0.0,0.0,100.0,13.0,1.0,4.0,4.0,0.9942377812362976,0.0,0.0,4.0,3.0,1.0,68821.0,68778.6749297471,8029.238102202832,309.0,36180.0,69230.0,121.0,1.0,210.0,210.0,0.0,0.0,210.0,210.0,1.0,1.0,31.0,30.786230429546368,0.6594545868257524,1.0,28.0,32.0,5.0,1.0,tmp/remote_gpu_runs_20260917/gpu/pacca_gpu_final_20260913__gpu_cutlass_simt_dgemm_n4096__REF__gpuF8__rep02/training_gpu_phases.csv,,False
pacca_gpu_final_20260913__gpu_cutlass_simt_dgemm_n4096__REF__gpuF8__rep03,3,gpu_cutlass_simt_dgemm_n4096,pacca-a100,REF,F8,sha256:4afe55447bedf8fda74d1f9f66692c391e96a399c279142a9d96b75a669fb34d,/home/latorresn/hyperion-results/final/campaigns/gpu/roofline_calibration_gpu_fp64_F8.json,26.7274665081057,1.3515565388833937,compute_bound,gpu_cutlass_simt_dgemm_n4096,run,ok,,True,210,210,valid,1.0,25964,1869,0.9328494952035352,180262506015,11946367.0,True,100.0,100.0,23.85182513258918,0.0,0.0,100.0,15.0,1.0,4.0,4.0,0.98100641182244,0.0,0.0,4.0,3.0,1.0,68724.0,68680.73151357597,7827.485644148071,297.0,36076.0,69126.0,112.0,1.0,210.0,210.0,0.0,0.0,210.0,210.0,1.0,1.0,31.0,30.78475832851916,0.6085351723615704,1.0,28.0,31.0,4.0,1.0,tmp/remote_gpu_runs_20260917/gpu/pacca_gpu_final_20260913__gpu_cutlass_simt_dgemm_n4096__REF__gpuF8__rep03/training_gpu_phases.csv,,False
pacca_gpu_final_20260913__gpu_cutlass_simt_dgemm_n4096__REF__gpuREF__rep01,1,gpu_cutlass_simt_dgemm_n4096,pacca-a100,REF,REF,sha256:4afe55447bedf8fda74d1f9f66692c391e96a399c279142a9d96b75a669fb34d,/home/latorresn/hyperion-results/final/campaigns/gpu/roofline_calibration_gpu_fp64_REF.json,26.7274665081057,6.898376612287448,compute_bound,gpu_cutlass_simt_dgemm_n4096,run,ok,,True,,,not_applicable_native,,5073,6502,0.4382721382289417,31349376494,7529500.0,True,100.0,100.0,19.633138355525173,0.0,0.0,100.0,6.0,1.0,28.0,28.132544961813256,6.181023745146356,4.0,0.0,35.0,15.0,1.0,249746.0,249208.32446415373,37865.487917480656,5263.0,69711.0,256923.0,279.0,1.0,1140.0,1140.80192165558,59.264057217044986,15.0,1110.0,1410.0,6.0,1.0,53.0,52.687361419068736,2.351009849085409,4.0,47.0,56.0,10.0,1.0,tmp/remote_gpu_runs_20260917/gpu/pacca_gpu_final_20260913__gpu_cutlass_simt_dgemm_n4096__REF__gpuREF__rep01/training_gpu_phases.csv,,True
pacca_gpu_final_20260913__gpu_cutlass_simt_dgemm_n4096__REF__gpuREF__rep02,2,gpu_cutlass_simt_dgemm_n4096,pacca-a100,REF,REF,sha256:4afe55447bedf8fda74d1f9f66692c391e96a399c279142a9d96b75a669fb34d,/home/latorresn/hyperion-results/final/campaigns/gpu/roofline_calibration_gpu_fp64_REF.json,26.7274665081057,6.898376612287448,compute_bound,gpu_cutlass_simt_dgemm_n4096,run,ok,,True,,,not_applicable_native,,5176,7616,0.4046278924327705,31065179548,7501179.0,True,100.0,100.0,17.491798881494688,0.0,0.0,100.0,5.0,1.0,26.0,26.23756639304684,5.4074973314114905,5.0,0.0,32.0,12.0,1.0,249416.5,249345.12047320136,31880.68738311533,3338.5,71996.0,257897.0,262.0,1.0,1140.0,1145.7254949299854,50.96099545059952,15.0,1125.0,1410.0,7.0,1.0,52.0,52.42032834379527,2.279389321823724,3.0,47.0,56.0,10.0,1.0,tmp/remote_gpu_runs_20260917/gpu/pacca_gpu_final_20260913__gpu_cutlass_simt_dgemm_n4096__REF__gpuREF__rep02/training_gpu_phases.csv,,True
pacca_gpu_final_20260913__gpu_cutlass_simt_dgemm_n4096__REF__gpuREF__rep03,3,gpu_cutlass_simt_dgemm_n4096,pacca-a100,REF,REF,sha256:4afe55447bedf8fda74d1f9f66692c391e96a399c279142a9d96b75a669fb34d,/home/latorresn/hyperion-results/final/campaigns/gpu/roofline_calibration_gpu_fp64_REF.json,26.7274665081057,6.898376612287448,compute_bound,gpu_cutlass_simt_dgemm_n4096,run,ok,,True,,,not_applicable_native,,5126,7618,0.4022284996861268,31389307165,7589914.0,True,100.0,100.0,17.75698846935078,0.0,0.0,100.0,6.0,1.0,28.0,28.64236957581668,5.944109166924489,4.0,0.0,36.0,16.0,1.0,249741.0,249233.9722086787,33679.18846219935,5813.0,72053.0,258294.0,284.0,1.0,1140.0,1139.4734275962944,53.39369051151645,30.0,1110.0,1410.0,6.0,1.0,53.0,52.58532423208191,2.154469422031593,3.0,47.0,56.0,10.0,1.0,tmp/remote_gpu_runs_20260917/gpu/pacca_gpu_final_20260913__gpu_cutlass_simt_dgemm_n4096__REF__gpuREF__rep03/training_gpu_phases.csv,,True
pacca_gpu_final_20260913__gpu_rajaperf_gemm__REF__gpuF3__rep01,1,gpu_rajaperf_gemm,pacca-a100,REF,F3,sha256:372be7b1d465f5be71139fa736ad1668892b31782ff47f007f73fb9db8bbed9e,/home/latorresn/hyperion-results/final/campaigns/gpu/roofline_calibration_gpu_fp64_F3.json,2.812411031953241,4.6473636179248725,memory_bound,rajaperf_cuda,run,ok,,True,960,960,valid,1.0,7767,5376,0.5909609678155672,47755449396,5983387.0,True,100.0,69.15784392598552,46.283565956249866,99.0,0.0,100.0,20.0,1.0,54.0,36.01287208366854,25.876277058979497,54.0,0.0,54.0,8.0,1.0,167015.0,126886.70008045052,59512.18674710521,123449.0,41222.0,169628.0,170.0,1.0,960.0,960.0,0.0,0.0,960.0,960.0,1.0,1.0,39.0,38.85261464199517,3.66751724869782,6.0,32.0,44.0,13.0,1.0,tmp/remote_gpu_runs_20260917/gpu/pacca_gpu_final_20260913__gpu_rajaperf_gemm__REF__gpuF3__rep01/training_gpu_phases.csv,,False
pacca_gpu_final_20260913__gpu_rajaperf_gemm__REF__gpuF3__rep02,2,gpu_rajaperf_gemm,pacca-a100,REF,F3,sha256:372be7b1d465f5be71139fa736ad1668892b31782ff47f007f73fb9db8bbed9e,/home/latorresn/hyperion-results/final/campaigns/gpu/roofline_calibration_gpu_fp64_F3.json,2.812411031953241,4.6473636179248725,memory_bound,rajaperf_cuda,run,ok,,True,960,960,valid,1.0,8209,4638,0.6389818634700708,47590171306,5966755.0,True,100.0,72.62414370528239,45.51969870178591,97.0,0.0,100.0,19.0,1.0,54.0,38.136398234130006,25.34110285361144,54.0,0.0,54.0,7.0,1.0,166957.0,131313.4597351195,58453.54101156211,123644.0,42018.0,169822.0,158.0,1.0,960.0,960.0,0.0,0.0,960.0,960.0,1.0,1.0,39.0,38.72050540417111,3.673871896671268,5.0,31.0,43.0,13.0,1.0,tmp/remote_gpu_runs_20260917/gpu/pacca_gpu_final_20260913__gpu_rajaperf_gemm__REF__gpuF3__rep02/training_gpu_phases.csv,,False
pacca_gpu_final_20260913__gpu_rajaperf_gemm__REF__gpuF3__rep03,3,gpu_rajaperf_gemm,pacca-a100,REF,F3,sha256:372be7b1d465f5be71139fa736ad1668892b31782ff47f007f73fb9db8bbed9e,/home/latorresn/hyperion-results/final/campaigns/gpu/roofline_calibration_gpu_fp64_F3.json,2.812411031953241,4.6473636179248725,memory_bound,rajaperf_cuda,run,ok,,True,960,960,valid,1.0,8131,5449,0.5987481590574374,47177906105,5936180.0,True,100.0,73.61168332052267,44.97193057940794,96.0,0.0,100.0,22.0,1.0,54.0,38.52344350499616,25.20517916628678,54.0,0.0,54.0,9.0,1.0,166860.0,131789.73159108378,58319.59469458887,123670.0,40743.0,169168.0,176.0,1.0,960.0,960.0,0.0,0.0,960.0,960.0,1.0,1.0,39.0,38.29438893159109,3.69378567277888,5.0,31.0,43.0,12.0,1.0,tmp/remote_gpu_runs_20260917/gpu/pacca_gpu_final_20260913__gpu_rajaperf_gemm__REF__gpuF3__rep03/training_gpu_phases.csv,,False
pacca_gpu_final_20260913__gpu_rajaperf_gemm__REF__gpuF4__rep01,1,gpu_rajaperf_gemm,pacca-a100,REF,F4,sha256:372be7b1d465f5be71139fa736ad1668892b31782ff47f007f73fb9db8bbed9e,/home/latorresn/hyperion-results/final/campaigns/gpu/roofline_calibration_gpu_fp64_F4.json,2.812411031953241,3.847999914788036,memory_bound,rajaperf_cuda,run,ok,,True,810,810,valid,1.0,8150,2913,0.7366898671246498,55795503277,6237367.0,True,100.0,66.32423312883435,46.8590095925146,98.0,0.0,100.0,20.0,1.0,48.0,30.712576687116563,23.50246089443523,48.0,0.0,49.0,9.0,1.0,151934.0,112113.61794478528,53686.98401168915,109803.0,39445.0,153567.0,208.0,1.0,810.0,810.0,0.0,0.0,810.0,810.0,1.0,1.0,38.0,37.92239263803681,3.345290132894931,6.0,32.0,43.0,12.0,1.0,tmp/remote_gpu_runs_20260917/gpu/pacca_gpu_final_20260913__gpu_rajaperf_gemm__REF__gpuF4__rep01/training_gpu_phases.csv,,False
pacca_gpu_final_20260913__gpu_rajaperf_gemm__REF__gpuF4__rep02,2,gpu_rajaperf_gemm,pacca-a100,REF,F4,sha256:372be7b1d465f5be71139fa736ad1668892b31782ff47f007f73fb9db8bbed9e,/home/latorresn/hyperion-results/final/campaigns/gpu/roofline_calibration_gpu_fp64_F4.json,2.812411031953241,3.847999914788036,memory_bound,rajaperf_cuda,run,ok,,True,810,810,valid,1.0,8684,2854,0.7526434390708961,55633111194,6240087.0,True,100.0,68.4070236039148,46.58840064084486,98.0,0.0,100.0,19.0,1.0,48.0,31.677029360967182,23.20461582153752,48.0,0.0,49.0,8.0,1.0,151940.0,114847.99640184226,53194.55901896304,109867.0,39739.0,153658.0,222.0,1.0,810.0,810.0,0.0,0.0,810.0,810.0,1.0,1.0,39.0,38.10636154289004,3.405768071485817,5.0,32.0,43.0,11.0,1.0,tmp/remote_gpu_runs_20260917/gpu/pacca_gpu_final_20260913__gpu_rajaperf_gemm__REF__gpuF4__rep02/training_gpu_phases.csv,,False
pacca_gpu_final_20260913__gpu_rajaperf_gemm__REF__gpuF4__rep03,3,gpu_rajaperf_gemm,pacca-a100,REF,F4,sha256:372be7b1d465f5be71139fa736ad1668892b31782ff47f007f73fb9db8bbed9e,/home/latorresn/hyperion-results/final/campaigns/gpu/roofline_calibration_gpu_fp64_F4.json,2.812411031953241,3.847999914788036,memory_bound,rajaperf_cuda,run,ok,,True,810,810,valid,1.0,8824,2782,0.7602963984146132,55244853391,6177762.0,True,100.0,70.00665722379604,46.16596718949947,98.0,0.0,100.0,22.0,1.0,48.0,32.585269121813035,23.07196232626848,48.0,0.0,49.0,9.0,1.0,151191.0,115979.7409348442,52535.52920922552,109140.0,39249.0,152777.0,201.0,1.0,810.0,810.0,0.0,0.0,810.0,810.0,1.0,1.0,37.0,36.86827195467422,3.4456580044736635,5.0,30.0,41.0,12.0,1.0,tmp/remote_gpu_runs_20260917/gpu/pacca_gpu_final_20260913__gpu_rajaperf_gemm__REF__gpuF4__rep03/training_gpu_phases.csv,,False
pacca_gpu_final_20260913__gpu_rajaperf_gemm__REF__gpuF5__rep01,1,gpu_rajaperf_gemm,pacca-a100,REF,F5,sha256:372be7b1d465f5be71139fa736ad1668892b31782ff47f007f73fb9db8bbed9e,/home/latorresn/hyperion-results/final/campaigns/gpu/roofline_calibration_gpu_fp64_F5.json,2.812411031953241,3.227383731801676,memory_bound,rajaperf_cuda,run,ok,,True,660,660,valid,1.0,8778,2038,0.8115754437869822,64435438889,6512981.0,True,100.0,67.74558656036446,46.4330867696897,98.0,0.0,100.0,21.0,1.0,42.0,27.297266514806378,20.32736758894361,42.0,0.0,43.0,9.0,1.0,136389.0,102916.22337699316,46782.12002932385,96283.0,38444.0,138663.0,196.0,1.0,660.0,660.0,0.0,0.0,660.0,660.0,1.0,1.0,37.0,36.81762528473804,2.939822309075532,5.0,31.0,41.0,11.0,1.0,tmp/remote_gpu_runs_20260917/gpu/pacca_gpu_final_20260913__gpu_rajaperf_gemm__REF__gpuF5__rep01/training_gpu_phases.csv,,False
pacca_gpu_final_20260913__gpu_rajaperf_gemm__REF__gpuF5__rep02,2,gpu_rajaperf_gemm,pacca-a100,REF,F5,sha256:372be7b1d465f5be71139fa736ad1668892b31782ff47f007f73fb9db8bbed9e,/home/latorresn/hyperion-results/final/campaigns/gpu/roofline_calibration_gpu_fp64_F5.json,2.812411031953241,3.227383731801676,memory_bound,rajaperf_cuda,run,ok,,True,660,660,valid,1.0,10193,1926,0.8410759963693374,63935948390,6487509.0,True,100.0,72.42501532801963,45.40307602939494,96.0,0.0,100.0,20.0,1.0,42.0,29.47050889025138,19.805153278288053,42.0,0.0,43.0,9.0,1.0,136430.0,107904.44083384427,45686.17150284057,96060.0,39337.0,138566.0,191.0,1.0,660.0,660.0,0.0,0.0,660.0,660.0,1.0,1.0,37.0,36.425751072961376,3.141699890424932,5.0,30.0,41.0,12.0,1.0,tmp/remote_gpu_runs_20260917/gpu/pacca_gpu_final_20260913__gpu_rajaperf_gemm__REF__gpuF5__rep02/training_gpu_phases.csv,,False
pacca_gpu_final_20260913__gpu_rajaperf_gemm__REF__gpuF5__rep03,3,gpu_rajaperf_gemm,pacca-a100,REF,F5,sha256:372be7b1d465f5be71139fa736ad1668892b31782ff47f007f73fb9db8bbed9e,/home/latorresn/hyperion-results/final/campaigns/gpu/roofline_calibration_gpu_fp64_F5.json,2.812411031953241,3.227383731801676,memory_bound,rajaperf_cuda,run,ok,,True,660,660,valid,1.0,8728,1971,0.8157771754369567,64963536487,6464573.0,True,100.0,67.1241408934708,46.955688137157175,99.0,0.0,100.0,20.0,1.0,42.0,27.00672966781214,20.40510664725813,42.0,0.0,43.0,9.0,1.0,133973.0,101019.0259163803,46124.05133745666,94417.0,38453.0,137764.0,218.0,1.0,660.0,660.0,0.0,0.0,660.0,660.0,1.0,1.0,35.0,35.139318442153495,3.143374776301046,5.0,29.0,40.0,12.0,1.0,tmp/remote_gpu_runs_20260917/gpu/pacca_gpu_final_20260913__gpu_rajaperf_gemm__REF__gpuF5__rep03/training_gpu_phases.csv,,False
pacca_gpu_final_20260913__gpu_rajaperf_gemm__REF__gpuF6__rep01,1,gpu_rajaperf_gemm,pacca-a100,REF,F6,sha256:372be7b1d465f5be71139fa736ad1668892b31782ff47f007f73fb9db8bbed9e,/home/latorresn/hyperion-results/final/campaigns/gpu/roofline_calibration_gpu_fp64_F6.json,2.812411031953241,2.537117986910783,compute_bound,rajaperf_cuda,run,ok,,True,510,510,valid,1.0,10177,1851,0.8461090788160958,73654747854,6780766.0,True,100.0,72.65676040771214,45.551554075826445,97.0,0.0,100.0,18.0,1.0,36.0,25.30345081665234,16.88564031555533,36.0,0.0,36.0,7.0,1.0,118725.0,95450.929141594,37905.07668443235,80083.0,36569.0,120405.0,210.0,1.0,510.0,510.0,0.0,0.0,510.0,510.0,1.0,1.0,35.0,34.563797126366204,2.6664779196903803,4.0,29.0,38.0,10.0,1.0,tmp/remote_gpu_runs_20260917/gpu/pacca_gpu_final_20260913__gpu_rajaperf_gemm__REF__gpuF6__rep01/training_gpu_phases.csv,,False
pacca_gpu_final_20260913__gpu_rajaperf_gemm__REF__gpuF6__rep02,2,gpu_rajaperf_gemm,pacca-a100,REF,F6,sha256:372be7b1d465f5be71139fa736ad1668892b31782ff47f007f73fb9db8bbed9e,/home/latorresn/hyperion-results/final/campaigns/gpu/roofline_calibration_gpu_fp64_F6.json,2.812411031953241,2.537117986910783,compute_bound,rajaperf_cuda,run,ok,,True,510,510,valid,1.0,11287,1838,0.8599619047619048,73295986637,6808676.0,True,100.0,75.57546229653416,44.44899734211431,95.0,0.0,100.0,21.0,1.0,36.0,26.289447458753184,16.538078719645444,36.0,0.0,36.0,7.0,1.0,119528.0,98627.215590743,37462.54412710459,80666.0,37548.0,121964.0,240.0,1.0,510.0,510.0,0.0,0.0,510.0,510.0,1.0,1.0,35.0,34.75440150592404,2.7591606900267704,4.0,29.0,38.0,10.0,1.0,tmp/remote_gpu_runs_20260917/gpu/pacca_gpu_final_20260913__gpu_rajaperf_gemm__REF__gpuF6__rep02/training_gpu_phases.csv,,False
pacca_gpu_final_20260913__gpu_rajaperf_gemm__REF__gpuF6__rep03,3,gpu_rajaperf_gemm,pacca-a100,REF,F6,sha256:372be7b1d465f5be71139fa736ad1668892b31782ff47f007f73fb9db8bbed9e,/home/latorresn/hyperion-results/final/campaigns/gpu/roofline_calibration_gpu_fp64_F6.json,2.812411031953241,2.537117986910783,compute_bound,rajaperf_cuda,run,ok,,True,510,510,valid,1.0,10207,1771,0.8521456002671565,73980022707,6878347.0,True,100.0,72.71972572548059,45.32501455800491,97.0,0.0,100.0,21.0,1.0,36.0,25.188563732092568,16.903817383466027,36.0,0.0,36.0,7.0,1.0,120698.0,96245.93118648218,38787.354390465305,81788.0,36872.0,121988.0,205.0,1.0,510.0,510.0,0.0,0.0,510.0,510.0,1.0,1.0,35.0,34.38190277947839,2.804809692406976,4.0,29.0,38.0,10.0,1.0,tmp/remote_gpu_runs_20260917/gpu/pacca_gpu_final_20260913__gpu_rajaperf_gemm__REF__gpuF6__rep03/training_gpu_phases.csv,,False
pacca_gpu_final_20260913__gpu_rajaperf_gemm__REF__gpuF7__rep01,1,gpu_rajaperf_gemm,pacca-a100,REF,F7,sha256:372be7b1d465f5be71139fa736ad1668892b31782ff47f007f73fb9db8bbed9e,/home/latorresn/hyperion-results/final/campaigns/gpu/roofline_calibration_gpu_fp64_F7.json,2.812411031953241,1.7704004001452782,compute_bound,rajaperf_cuda,run,ok,,True,360,360,valid,1.0,12830,1877,0.8723736995988305,92194544736,7605338.0,True,100.0,82.0801831644583,41.83483261105918,50.0,0.0,100.0,23.0,1.0,26.0,20.825311769290725,11.340420905482178,25.0,0.0,26.0,6.0,1.0,98403.0,86308.47866328916,26658.074940002047,59979.0,36263.0,99213.0,137.0,1.0,360.0,360.0,0.0,0.0,360.0,360.0,1.0,1.0,33.0,33.15159781761496,1.9758334893665657,3.0,29.0,36.0,8.0,1.0,tmp/remote_gpu_runs_20260917/gpu/pacca_gpu_final_20260913__gpu_rajaperf_gemm__REF__gpuF7__rep01/training_gpu_phases.csv,,False
pacca_gpu_final_20260913__gpu_rajaperf_gemm__REF__gpuF7__rep02,2,gpu_rajaperf_gemm,pacca-a100,REF,F7,sha256:372be7b1d465f5be71139fa736ad1668892b31782ff47f007f73fb9db8bbed9e,/home/latorresn/hyperion-results/final/campaigns/gpu/roofline_calibration_gpu_fp64_F7.json,2.812411031953241,1.7704004001452782,compute_bound,rajaperf_cuda,run,ok,,True,360,360,valid,1.0,14445,1879,0.8848934084783141,92584150776,7599164.0,True,100.0,83.72709180583196,41.19198296307784,0.0,0.0,100.0,22.0,1.0,26.0,21.32655533442935,11.136476739307698,0.0,0.0,26.0,6.0,1.0,98238.0,87313.35208098988,25939.750593941048,2309.0,36872.0,101005.0,180.0,1.0,360.0,360.0,0.0,0.0,360.0,360.0,1.0,1.0,34.0,33.384961495197714,1.9599848828817232,3.0,29.0,36.0,8.0,1.0,tmp/remote_gpu_runs_20260917/gpu/pacca_gpu_final_20260913__gpu_rajaperf_gemm__REF__gpuF7__rep02/training_gpu_phases.csv,,False
pacca_gpu_final_20260913__gpu_rajaperf_gemm__REF__gpuF7__rep03,3,gpu_rajaperf_gemm,pacca-a100,REF,F7,sha256:372be7b1d465f5be71139fa736ad1668892b31782ff47f007f73fb9db8bbed9e,/home/latorresn/hyperion-results/final/campaigns/gpu/roofline_calibration_gpu_fp64_F7.json,2.812411031953241,1.7704004001452782,compute_bound,rajaperf_cuda,run,ok,,True,360,360,valid,1.0,14741,1837,0.8891904934250211,93319950376,7532061.0,True,100.0,83.54846095141185,41.26226834207995,0.0,0.0,100.0,22.0,1.0,26.0,21.238785720342577,11.17615185058309,0.0,0.0,26.0,5.0,1.0,96721.0,85961.57228864581,25457.50154992529,2711.0,36272.0,97697.0,164.0,1.0,360.0,360.0,0.0,0.0,360.0,360.0,1.0,1.0,33.0,33.087763927753755,1.929542852125928,3.0,29.0,35.0,7.0,1.0,tmp/remote_gpu_runs_20260917/gpu/pacca_gpu_final_20260913__gpu_rajaperf_gemm__REF__gpuF7__rep03/training_gpu_phases.csv,,False
pacca_gpu_final_20260913__gpu_rajaperf_gemm__REF__gpuF8__rep01,1,gpu_rajaperf_gemm,pacca-a100,REF,F8,sha256:372be7b1d465f5be71139fa736ad1668892b31782ff47f007f73fb9db8bbed9e,/home/latorresn/hyperion-results/final/campaigns/gpu/roofline_calibration_gpu_fp64_F8.json,2.812411031953241,1.3515565388833937,compute_bound,rajaperf_cuda,run,ok,,True,210,210,valid,1.0,19762,1808,0.916179879462216,139022870998,9781719.0,True,100.0,91.88013915243516,36.48523470784493,0.0,0.0,100.0,20.0,1.0,20.0,17.81473750790639,7.459476428269504,1.0,0.0,20.0,9.0,1.0,77888.0,73939.68108791905,15624.971855600175,989.0,36165.0,78802.0,241.0,1.0,210.0,210.0,0.0,0.0,210.0,210.0,1.0,1.0,32.0,31.66900695762176,1.39427904127572,2.0,28.0,33.0,6.0,1.0,tmp/remote_gpu_runs_20260917/gpu/pacca_gpu_final_20260913__gpu_rajaperf_gemm__REF__gpuF8__rep01/training_gpu_phases.csv,,False
pacca_gpu_final_20260913__gpu_rajaperf_gemm__REF__gpuF8__rep02,2,gpu_rajaperf_gemm,pacca-a100,REF,F8,sha256:372be7b1d465f5be71139fa736ad1668892b31782ff47f007f73fb9db8bbed9e,/home/latorresn/hyperion-results/final/campaigns/gpu/roofline_calibration_gpu_fp64_F8.json,2.812411031953241,1.3515565388833937,compute_bound,rajaperf_cuda,run,ok,,True,210,210,valid,1.0,18149,1877,0.9062718465994208,138886354061,9798778.0,True,100.0,91.18745265477584,36.978058457358046,0.0,0.0,100.0,21.0,1.0,20.0,17.651057089732113,7.54223614020204,1.0,0.0,21.0,10.0,1.0,77986.0,73826.19674953516,15822.90455653569,1237.0,36076.0,80073.0,249.0,1.0,210.0,210.0,0.0,0.0,210.0,210.0,1.0,1.0,32.0,31.631292610701745,1.3950684042577128,1.0,28.0,33.0,6.0,1.0,tmp/remote_gpu_runs_20260917/gpu/pacca_gpu_final_20260913__gpu_rajaperf_gemm__REF__gpuF8__rep02/training_gpu_phases.csv,,False
pacca_gpu_final_20260913__gpu_rajaperf_gemm__REF__gpuF8__rep03,3,gpu_rajaperf_gemm,pacca-a100,REF,F8,sha256:372be7b1d465f5be71139fa736ad1668892b31782ff47f007f73fb9db8bbed9e,/home/latorresn/hyperion-results/final/campaigns/gpu/roofline_calibration_gpu_fp64_F8.json,2.812411031953241,1.3515565388833937,compute_bound,rajaperf_cuda,run,ok,,True,210,210,valid,1.0,19349,1816,0.914197968343964,138622208357,9799451.0,True,100.0,91.79025902719462,36.50923861403947,0.0,0.0,100.0,23.0,1.0,20.0,17.787093856985983,7.4652155911820754,1.0,0.0,21.0,10.0,1.0,78113.0,74128.76073897035,15652.955539109966,1082.0,36370.0,80183.0,247.0,1.0,210.0,210.0,0.0,0.0,210.0,210.0,1.0,1.0,32.0,31.945093986176605,1.2012423778027463,2.0,29.0,33.0,5.0,1.0,tmp/remote_gpu_runs_20260917/gpu/pacca_gpu_final_20260913__gpu_rajaperf_gemm__REF__gpuF8__rep03/training_gpu_phases.csv,,False
pacca_gpu_final_20260913__gpu_rajaperf_heat_3d__REF__gpuF3__rep01,1,gpu_rajaperf_heat_3d,pacca-a100,REF,F3,sha256:6adffde4a978fe1283a8656e3f873e6ad591d8657a614ddca000d7566477f5a2,/home/latorresn/hyperion-results/final/campaigns/gpu/roofline_calibration_gpu_fp64_F3.json,0.7709659691027863,4.6473636179248725,memory_bound,rajaperf_cuda,run,ok,,True,960,960,valid,1.0,4924,3449,0.5880807356980772,29454101419,1969966.0,True,0.0,7.518781725888325,33.98630582399628,6.0,0.0,100.0,19.0,1.0,0.0,2.9454314720812182,32.58392987540359,0.0,0.0,100.0,6.0,1.0,42604.0,46809.259898477154,57461.70528817369,409.0,39435.0,225284.0,101.0,1.0,960.0,960.0,0.0,0.0,960.0,960.0,1.0,1.0,29.0,29.604314720812184,2.2844077038972306,1.0,28.0,38.0,11.0,1.0,tmp/remote_gpu_runs_20260917/gpu/pacca_gpu_final_20260913__gpu_rajaperf_heat_3d__REF__gpuF3__rep01/training_gpu_phases.csv,,False
pacca_gpu_final_20260913__gpu_rajaperf_heat_3d__REF__gpuF3__rep02,2,gpu_rajaperf_heat_3d,pacca-a100,REF,F3,sha256:6adffde4a978fe1283a8656e3f873e6ad591d8657a614ddca000d7566477f5a2,/home/latorresn/hyperion-results/final/campaigns/gpu/roofline_calibration_gpu_fp64_F3.json,0.7709659691027863,4.6473636179248725,memory_bound,rajaperf_cuda,run,ok,,True,960,960,valid,1.0,5008,4077,0.5512383048981838,29619445783,1981578.0,True,0.0,5.98627744510978,32.51933984655723,4.0,0.0,100.0,19.0,1.0,0.0,1.5833333333333333,31.10418695045684,0.0,0.0,100.0,6.0,1.0,42604.0,44002.852045908185,54284.50195561014,299.0,39129.0,224601.0,104.0,1.0,960.0,960.0,0.0,0.0,960.0,960.0,1.0,1.0,28.0,28.30364271457086,2.2251295871362142,2.0,27.0,36.0,10.0,1.0,tmp/remote_gpu_runs_20260917/gpu/pacca_gpu_final_20260913__gpu_rajaperf_heat_3d__REF__gpuF3__rep02/training_gpu_phases.csv,,False
pacca_gpu_final_20260913__gpu_rajaperf_heat_3d__REF__gpuF3__rep03,3,gpu_rajaperf_heat_3d,pacca-a100,REF,F3,sha256:6adffde4a978fe1283a8656e3f873e6ad591d8657a614ddca000d7566477f5a2,/home/latorresn/hyperion-results/final/campaigns/gpu/roofline_calibration_gpu_fp64_F3.json,0.7709659691027863,4.6473636179248725,memory_bound,rajaperf_cuda,run,ok,,True,960,960,valid,1.0,5024,3941,0.5604015616285555,29705845060,1981525.0,True,0.0,6.0022388059701495,32.276964432786684,5.0,0.0,100.0,23.0,1.0,0.0,1.3298507462686566,31.05965011526292,0.0,0.0,100.0,5.0,1.0,42703.0,44498.23731343284,54446.64442971257,293.0,39249.0,225001.0,91.0,1.0,960.0,960.0,0.0,0.0,960.0,960.0,1.0,1.0,29.0,29.74004975124378,2.204334021245529,1.0,29.0,38.0,10.0,1.0,tmp/remote_gpu_runs_20260917/gpu/pacca_gpu_final_20260913__gpu_rajaperf_heat_3d__REF__gpuF3__rep03/training_gpu_phases.csv,,False
pacca_gpu_final_20260913__gpu_rajaperf_heat_3d__REF__gpuF4__rep01,1,gpu_rajaperf_heat_3d,pacca-a100,REF,F4,sha256:6adffde4a978fe1283a8656e3f873e6ad591d8657a614ddca000d7566477f5a2,/home/latorresn/hyperion-results/final/campaigns/gpu/roofline_calibration_gpu_fp64_F4.json,0.7709659691027863,3.847999914788036,memory_bound,rajaperf_cuda,run,ok,,True,810,810,valid,1.0,5499,2107,0.7229818564291349,34067613497,2129735.0,True,0.0,7.557600545330606,34.03059955790985,5.0,0.0,100.0,22.0,1.0,0.0,2.2872074528516246,29.572530711562425,0.0,0.0,94.0,8.0,1.0,41428.0,44532.3306066803,49398.60558376663,392.0,38845.0,200322.0,105.0,1.0,810.0,810.0,0.0,0.0,810.0,810.0,1.0,1.0,30.0,30.444444444444443,2.059268892420112,1.0,29.0,38.0,10.0,1.0,tmp/remote_gpu_runs_20260917/gpu/pacca_gpu_final_20260913__gpu_rajaperf_heat_3d__REF__gpuF4__rep01/training_gpu_phases.csv,,False
pacca_gpu_final_20260913__gpu_rajaperf_heat_3d__REF__gpuF4__rep02,2,gpu_rajaperf_heat_3d,pacca-a100,REF,F4,sha256:6adffde4a978fe1283a8656e3f873e6ad591d8657a614ddca000d7566477f5a2,/home/latorresn/hyperion-results/final/campaigns/gpu/roofline_calibration_gpu_fp64_F4.json,0.7709659691027863,3.847999914788036,memory_bound,rajaperf_cuda,run,ok,,True,810,810,valid,1.0,5527,2088,0.7258043335521996,33756168857,2085427.0,True,0.0,6.7974225638706764,33.20093137409638,4.0,0.0,100.0,21.0,1.0,0.0,2.171602984399729,29.98236727642041,0.0,0.0,94.0,6.0,1.0,40645.0,43501.447433868416,50463.18800282203,278.0,37952.0,204137.0,119.0,1.0,810.0,810.0,0.0,0.0,810.0,810.0,1.0,1.0,28.0,28.07551435677142,2.1025043364557723,2.0,27.0,35.0,9.0,1.0,tmp/remote_gpu_runs_20260917/gpu/pacca_gpu_final_20260913__gpu_rajaperf_heat_3d__REF__gpuF4__rep02/training_gpu_phases.csv,,False
pacca_gpu_final_20260913__gpu_rajaperf_heat_3d__REF__gpuF4__rep03,3,gpu_rajaperf_heat_3d,pacca-a100,REF,F4,sha256:6adffde4a978fe1283a8656e3f873e6ad591d8657a614ddca000d7566477f5a2,/home/latorresn/hyperion-results/final/campaigns/gpu/roofline_calibration_gpu_fp64_F4.json,0.7709659691027863,3.847999914788036,memory_bound,rajaperf_cuda,run,ok,,True,810,810,valid,1.0,5554,2318,0.7055386178861789,33647715359,2113627.0,True,0.0,7.487623762376238,33.52031823496593,5.0,0.0,100.0,22.0,1.0,0.0,2.468046804680468,30.26346845070833,0.0,0.0,94.0,6.0,1.0,41222.0,44529.906615661566,51662.45901926247,294.0,39239.0,207718.0,104.0,1.0,810.0,810.0,0.0,0.0,810.0,810.0,1.0,1.0,29.0,29.03195319531953,2.163718678231316,2.0,28.0,37.0,10.0,1.0,tmp/remote_gpu_runs_20260917/gpu/pacca_gpu_final_20260913__gpu_rajaperf_heat_3d__REF__gpuF4__rep03/training_gpu_phases.csv,,False
pacca_gpu_final_20260913__gpu_rajaperf_heat_3d__REF__gpuF5__rep01,1,gpu_rajaperf_heat_3d,pacca-a100,REF,F5,sha256:6adffde4a978fe1283a8656e3f873e6ad591d8657a614ddca000d7566477f5a2,/home/latorresn/hyperion-results/final/campaigns/gpu/roofline_calibration_gpu_fp64_F5.json,0.7709659691027863,3.227383731801676,memory_bound,rajaperf_cuda,run,ok,,True,660,660,valid,1.0,5611,1644,0.7733976567884218,38986120421,2260564.0,True,0.0,9.651592782356872,35.47670518284743,7.0,0.0,100.0,23.0,1.0,0.0,3.0561372243261307,25.782787542988995,0.0,0.0,77.0,6.0,1.0,39347.0,43758.66919135665,43895.87717542415,392.0,36970.0,175467.0,114.0,1.0,660.0,660.0,0.0,0.0,660.0,660.0,1.0,1.0,28.0,28.35598128759189,1.9010417798596333,1.0,27.0,35.0,9.0,1.0,tmp/remote_gpu_runs_20260917/gpu/pacca_gpu_final_20260913__gpu_rajaperf_heat_3d__REF__gpuF5__rep01/training_gpu_phases.csv,,False
pacca_gpu_final_20260913__gpu_rajaperf_heat_3d__REF__gpuF5__rep02,2,gpu_rajaperf_heat_3d,pacca-a100,REF,F5,sha256:6adffde4a978fe1283a8656e3f873e6ad591d8657a614ddca000d7566477f5a2,/home/latorresn/hyperion-results/final/campaigns/gpu/roofline_calibration_gpu_fp64_F5.json,0.7709659691027863,3.227383731801676,memory_bound,rajaperf_cuda,run,ok,,True,660,660,valid,1.0,5275,1476,0.7813657235965042,39078569838,2251971.0,True,0.0,7.435915659796257,33.706585705749745,5.0,0.0,100.0,24.0,1.0,0.0,1.4349680170575694,24.29312915661836,0.0,0.0,77.0,6.0,1.0,39249.0,41735.12106135987,41294.99153274225,212.0,37165.0,172783.0,112.0,1.0,660.0,660.0,0.0,0.0,660.0,660.0,1.0,1.0,28.0,28.381426202321723,1.7305921806820337,1.0,27.0,34.0,8.0,1.0,tmp/remote_gpu_runs_20260917/gpu/pacca_gpu_final_20260913__gpu_rajaperf_heat_3d__REF__gpuF5__rep02/training_gpu_phases.csv,,False
pacca_gpu_final_20260913__gpu_rajaperf_heat_3d__REF__gpuF5__rep03,3,gpu_rajaperf_heat_3d,pacca-a100,REF,F5,sha256:6adffde4a978fe1283a8656e3f873e6ad591d8657a614ddca000d7566477f5a2,/home/latorresn/hyperion-results/final/campaigns/gpu/roofline_calibration_gpu_fp64_F5.json,0.7709659691027863,3.227383731801676,memory_bound,rajaperf_cuda,run,ok,,True,660,660,valid,1.0,5314,1587,0.7700333285031155,39122304342,2278440.0,True,0.0,7.591251175917216,33.92047313770597,5.0,0.0,100.0,21.0,1.0,0.0,1.5592662276575728,24.351201195368866,0.0,0.0,77.0,6.0,1.0,39353.0,41992.92638758232,42753.38170313839,304.0,36863.0,177299.0,117.0,1.0,660.0,660.0,0.0,0.0,660.0,660.0,1.0,1.0,28.0,28.184854186265287,1.888419146053243,2.0,27.0,35.0,9.0,1.0,tmp/remote_gpu_runs_20260917/gpu/pacca_gpu_final_20260913__gpu_rajaperf_heat_3d__REF__gpuF5__rep03/training_gpu_phases.csv,,False
pacca_gpu_final_20260913__gpu_rajaperf_heat_3d__REF__gpuF6__rep01,1,gpu_rajaperf_heat_3d,pacca-a100,REF,F6,sha256:6adffde4a978fe1283a8656e3f873e6ad591d8657a614ddca000d7566477f5a2,/home/latorresn/hyperion-results/final/campaigns/gpu/roofline_calibration_gpu_fp64_F6.json,0.7709659691027863,2.537117986910783,memory_bound,rajaperf_cuda,run,ok,,True,510,510,valid,1.0,5402,1448,0.7886131386861314,41272032308,2310738.0,True,0.0,10.440305414160113,35.72841695788501,10.0,0.0,100.0,24.0,1.0,0.0,3.1126793151318832,21.59845382439368,0.0,0.0,63.0,6.0,1.0,38169.0,43236.76816288755,37659.22061507613,290.75,37059.0,150664.0,125.0,1.0,510.0,510.0,0.0,0.0,510.0,510.0,1.0,1.0,28.0,28.30124942156409,1.713718888983388,1.0,27.0,34.0,8.0,1.0,tmp/remote_gpu_runs_20260917/gpu/pacca_gpu_final_20260913__gpu_rajaperf_heat_3d__REF__gpuF6__rep01/training_gpu_phases.csv,,False
pacca_gpu_final_20260913__gpu_rajaperf_heat_3d__REF__gpuF6__rep02,2,gpu_rajaperf_heat_3d,pacca-a100,REF,F6,sha256:6adffde4a978fe1283a8656e3f873e6ad591d8657a614ddca000d7566477f5a2,/home/latorresn/hyperion-results/final/campaigns/gpu/roofline_calibration_gpu_fp64_F6.json,0.7709659691027863,2.537117986910783,memory_bound,rajaperf_cuda,run,ok,,True,510,510,valid,1.0,5612,1450,0.7946757292551685,40966496679,2328557.0,True,0.0,10.733184855233851,36.47452864436604,7.0,0.0,100.0,22.0,1.0,0.0,3.271714922048998,21.82476865223652,0.0,0.0,63.0,5.0,1.0,38665.0,44218.42828507795,38533.733743840734,275.0,36976.0,153520.0,113.0,1.0,510.0,510.0,0.0,0.0,510.0,510.0,1.0,1.0,30.0,29.90089086859688,1.7212772390563464,1.0,29.0,35.0,7.0,1.0,tmp/remote_gpu_runs_20260917/gpu/pacca_gpu_final_20260913__gpu_rajaperf_heat_3d__REF__gpuF6__rep02/training_gpu_phases.csv,,False
pacca_gpu_final_20260913__gpu_rajaperf_heat_3d__REF__gpuF6__rep03,3,gpu_rajaperf_heat_3d,pacca-a100,REF,F6,sha256:6adffde4a978fe1283a8656e3f873e6ad591d8657a614ddca000d7566477f5a2,/home/latorresn/hyperion-results/final/campaigns/gpu/roofline_calibration_gpu_fp64_F6.json,0.7709659691027863,2.537117986910783,memory_bound,rajaperf_cuda,run,ok,,True,510,510,valid,1.0,5368,1459,0.7862897319466823,41375963792,2326645.0,True,0.0,10.54003724394786,36.33492127760492,7.0,0.0,100.0,21.0,1.0,0.0,3.5400372439478587,21.96391442483066,0.0,0.0,63.0,6.0,1.0,38257.0,43883.113594040966,38712.14025119633,477.0,36480.0,153178.0,129.0,1.0,510.0,510.0,0.0,0.0,510.0,510.0,1.0,1.0,28.0,27.915037243947857,1.7540839576144145,2.0,27.0,33.0,7.0,1.0,tmp/remote_gpu_runs_20260917/gpu/pacca_gpu_final_20260913__gpu_rajaperf_heat_3d__REF__gpuF6__rep03/training_gpu_phases.csv,,False
pacca_gpu_final_20260913__gpu_rajaperf_heat_3d__REF__gpuF7__rep01,1,gpu_rajaperf_heat_3d,pacca-a100,REF,F7,sha256:6adffde4a978fe1283a8656e3f873e6ad591d8657a614ddca000d7566477f5a2,/home/latorresn/hyperion-results/final/campaigns/gpu/roofline_calibration_gpu_fp64_F7.json,0.7709659691027863,1.7704004001452782,memory_bound,rajaperf_cuda,run,ok,,True,360,360,valid,1.0,5716,1496,0.7925679423183583,43817230029,2383644.0,True,0.0,16.4991254919108,39.82782156453565,10.0,0.0,100.0,24.0,1.0,0.0,5.173808482728465,17.539858602847104,0.0,0.0,45.0,6.0,1.0,37157.0,45890.211412330566,31427.3293517814,489.0,35482.0,120246.0,146.0,1.0,360.0,360.0,0.0,0.0,360.0,360.0,1.0,1.0,27.0,27.163970266724967,1.476904762317575,2.0,26.0,31.0,6.0,1.0,tmp/remote_gpu_runs_20260917/gpu/pacca_gpu_final_20260913__gpu_rajaperf_heat_3d__REF__gpuF7__rep01/training_gpu_phases.csv,,False
pacca_gpu_final_20260913__gpu_rajaperf_heat_3d__REF__gpuF7__rep02,2,gpu_rajaperf_heat_3d,pacca-a100,REF,F7,sha256:6adffde4a978fe1283a8656e3f873e6ad591d8657a614ddca000d7566477f5a2,/home/latorresn/hyperion-results/final/campaigns/gpu/roofline_calibration_gpu_fp64_F7.json,0.7709659691027863,1.7704004001452782,memory_bound,rajaperf_cuda,run,ok,,True,360,360,valid,1.0,6177,1546,0.7998187232940567,44098752833,2417702.0,True,0.0,17.28929799716771,40.20705217547109,22.0,0.0,100.0,21.0,1.0,0.0,5.594982803965204,17.806649611231926,0.0,0.0,45.0,6.0,1.0,37560.0,47619.56827837346,32301.840185492078,600.0,36667.0,120740.0,139.0,1.0,360.0,360.0,0.0,0.0,360.0,360.0,1.0,1.0,29.0,29.30750556342302,1.5185858840378834,1.0,28.0,33.0,6.0,1.0,tmp/remote_gpu_runs_20260917/gpu/pacca_gpu_final_20260913__gpu_rajaperf_heat_3d__REF__gpuF7__rep02/training_gpu_phases.csv,,False
pacca_gpu_final_20260913__gpu_rajaperf_heat_3d__REF__gpuF7__rep03,3,gpu_rajaperf_heat_3d,pacca-a100,REF,F7,sha256:6adffde4a978fe1283a8656e3f873e6ad591d8657a614ddca000d7566477f5a2,/home/latorresn/hyperion-results/final/campaigns/gpu/roofline_calibration_gpu_fp64_F7.json,0.7709659691027863,1.7704004001452782,memory_bound,rajaperf_cuda,run,ok,,True,360,360,valid,1.0,6466,1420,0.8199340603601318,43869490409,2388891.0,True,0.0,18.477193660610745,40.86225813011736,36.0,0.0,100.0,25.0,1.0,0.0,6.1275608813297255,18.11348796568066,1.0,0.0,45.0,6.0,1.0,37157.0,47464.39485890993,32353.72093744029,682.0,35675.0,120113.0,147.0,1.0,360.0,360.0,0.0,0.0,360.0,360.0,1.0,1.0,27.0,27.33262466177039,1.563794531141548,2.0,26.0,31.0,6.0,1.0,tmp/remote_gpu_runs_20260917/gpu/pacca_gpu_final_20260913__gpu_rajaperf_heat_3d__REF__gpuF7__rep03/training_gpu_phases.csv,,False
pacca_gpu_final_20260913__gpu_rajaperf_heat_3d__REF__gpuF8__rep01,1,gpu_rajaperf_heat_3d,pacca-a100,REF,F8,sha256:6adffde4a978fe1283a8656e3f873e6ad591d8657a614ddca000d7566477f5a2,/home/latorresn/hyperion-results/final/campaigns/gpu/roofline_calibration_gpu_fp64_F8.json,0.7709659691027863,1.3515565388833937,memory_bound,rajaperf_cuda,run,ok,,True,210,210,valid,1.0,6546,1518,0.8117559523809523,50545126298,2625340.0,True,0.0,29.26135929744177,45.5078310983891,100.0,0.0,100.0,24.0,1.0,0.0,6.456471935853379,11.844704644300844,26.0,0.0,26.0,6.0,1.0,36263.0,48271.29992363498,22627.424189012403,48460.0,35280.0,87274.0,148.0,1.0,210.0,210.0,0.0,0.0,210.0,210.0,1.0,1.0,27.0,27.048300878197782,1.0780693467834004,2.0,26.0,30.0,5.0,1.0,tmp/remote_gpu_runs_20260917/gpu/pacca_gpu_final_20260913__gpu_rajaperf_heat_3d__REF__gpuF8__rep01/training_gpu_phases.csv,,False
pacca_gpu_final_20260913__gpu_rajaperf_heat_3d__REF__gpuF8__rep02,2,gpu_rajaperf_heat_3d,pacca-a100,REF,F8,sha256:6adffde4a978fe1283a8656e3f873e6ad591d8657a614ddca000d7566477f5a2,/home/latorresn/hyperion-results/final/campaigns/gpu/roofline_calibration_gpu_fp64_F8.json,0.7709659691027863,1.3515565388833937,memory_bound,rajaperf_cuda,run,ok,,True,210,210,valid,1.0,7141,1423,0.8338393274170948,50323758401,2617763.0,True,0.0,30.83563801855417,45.68198886485733,100.0,0.0,100.0,27.0,1.0,0.0,6.925083143707334,11.993085130895874,26.0,0.0,26.0,6.0,1.0,36263.0,49218.3101697882,22923.423514566253,48655.0,35369.0,87288.0,143.0,1.0,210.0,210.0,0.0,0.0,210.0,210.0,1.0,1.0,27.0,27.09434622790128,1.107219902187873,2.0,26.0,30.0,5.0,1.0,tmp/remote_gpu_runs_20260917/gpu/pacca_gpu_final_20260913__gpu_rajaperf_heat_3d__REF__gpuF8__rep02/training_gpu_phases.csv,,False
pacca_gpu_final_20260913__gpu_rajaperf_heat_3d__REF__gpuF8__rep03,3,gpu_rajaperf_heat_3d,pacca-a100,REF,F8,sha256:6adffde4a978fe1283a8656e3f873e6ad591d8657a614ddca000d7566477f5a2,/home/latorresn/hyperion-results/final/campaigns/gpu/roofline_calibration_gpu_fp64_F8.json,0.7709659691027863,1.3515565388833937,memory_bound,rajaperf_cuda,run,ok,,True,210,210,valid,1.0,6536,1443,0.8191502694573255,50677097289,2633642.0,True,0.0,29.138240917782028,45.5299105776173,100.0,0.0,100.0,21.0,1.0,0.0,6.5147227533460805,11.838943083697274,26.0,0.0,26.0,5.0,1.0,36272.0,48229.47858508604,22589.140289832976,48368.0,35182.0,87313.0,136.0,1.0,210.0,210.0,0.0,0.0,210.0,210.0,1.0,1.0,27.0,27.339196940726577,1.245440824053603,2.0,26.0,30.0,5.0,1.0,tmp/remote_gpu_runs_20260917/gpu/pacca_gpu_final_20260913__gpu_rajaperf_heat_3d__REF__gpuF8__rep03/training_gpu_phases.csv,,False
pacca_gpu_final_20260913__gpu_rajaperf_jacobi_2d__REF__gpuF0__rep01,1,gpu_rajaperf_jacobi_2d,pacca-a100,REF,F0,sha256:41c0e812122d91fd199646fba65813893cfb2aa6d8765da02c56e42dba68c9a3,/home/latorresn/hyperion-results/final/campaigns/gpu/roofline_calibration_gpu_fp64_F0.json,0.3067066042909721,6.853790013388249,memory_bound,rajaperf_cuda,run,ok,,True,1410,1410,valid,0.9979338842975206,6292,4704,0.5722080756638778,37617975929,6049830.0,True,65.0,52.30194676201828,48.63831500061462,100.0,0.0,100.0,16.0,1.0,2.0,49.496821613031386,49.81861453778163,100.0,0.0,100.0,6.0,1.0,74825.0,157407.8625347636,90183.31685541548,180813.5,63298.0,259258.0,291.0,1.0,1410.0,1398.131704410012,16.00091698053988,30.0,1320.0,1410.0,6.0,1.0,42.0,42.62475168851808,4.725705469457688,8.0,34.0,50.0,16.0,1.0,tmp/remote_gpu_runs_20260917/gpu/pacca_gpu_final_20260913__gpu_rajaperf_jacobi_2d__REF__gpuF0__rep01/training_gpu_phases.csv,,False
pacca_gpu_final_20260913__gpu_rajaperf_jacobi_2d__REF__gpuF0__rep02,2,gpu_rajaperf_jacobi_2d,pacca-a100,REF,F0,sha256:41c0e812122d91fd199646fba65813893cfb2aa6d8765da02c56e42dba68c9a3,/home/latorresn/hyperion-results/final/campaigns/gpu/roofline_calibration_gpu_fp64_F0.json,0.3067066042909721,6.853790013388249,memory_bound,rajaperf_cuda,run,ok,,True,1410,1410,valid,0.9957926624032312,5942,4663,0.5603017444601603,37663143847,6052803.0,True,10.0,48.25704669751788,48.62526692434656,100.0,0.0,100.0,18.0,1.0,0.0,45.51409339503576,49.645258590672206,100.0,0.0,100.0,6.0,1.0,72192.0,150541.7881783761,90032.55648893582,181331.0,61708.0,256230.0,293.0,1.0,1410.0,1398.9251156920488,16.793884710447774,30.0,1320.0,1410.0,6.0,1.0,43.0,43.37042490534287,4.663229681743575,8.0,36.0,51.0,14.0,1.0,tmp/remote_gpu_runs_20260917/gpu/pacca_gpu_final_20260913__gpu_rajaperf_jacobi_2d__REF__gpuF0__rep02/training_gpu_phases.csv,,False
pacca_gpu_final_20260913__gpu_rajaperf_jacobi_2d__REF__gpuF0__rep03,3,gpu_rajaperf_jacobi_2d,pacca-a100,REF,F0,sha256:41c0e812122d91fd199646fba65813893cfb2aa6d8765da02c56e42dba68c9a3,/home/latorresn/hyperion-results/final/campaigns/gpu/roofline_calibration_gpu_fp64_F0.json,0.3067066042909721,6.853790013388249,memory_bound,rajaperf_cuda,run,ok,,True,1410,1410,valid,1.0,6192,4698,0.5685950413223141,37589283894,6019481.0,True,75.0,52.49313685910376,48.19671755117985,100.0,0.0,100.0,21.0,1.0,59.0,49.74545821558337,49.67493199902467,100.0,0.0,100.0,6.0,1.0,73552.0,156994.96548243842,91101.98747577945,182845.0,61122.0,255818.0,279.0,1.0,1410.0,1400.1624949535728,14.390304836760508,30.0,1350.0,1410.0,5.0,1.0,41.0,41.43863544610416,4.717853768682133,8.0,33.0,49.0,16.0,1.0,tmp/remote_gpu_runs_20260917/gpu/pacca_gpu_final_20260913__gpu_rajaperf_jacobi_2d__REF__gpuF0__rep03/training_gpu_phases.csv,,False
pacca_gpu_final_20260913__gpu_rajaperf_jacobi_2d__REF__gpuF1__rep01,1,gpu_rajaperf_jacobi_2d,pacca-a100,REF,F1,sha256:41c0e812122d91fd199646fba65813893cfb2aa6d8765da02c56e42dba68c9a3,/home/latorresn/hyperion-results/final/campaigns/gpu/roofline_calibration_gpu_fp64_F1.json,0.3067066042909721,6.18031703044422,memory_bound,rajaperf_cuda,run,ok,,True,1260,1260,valid,1.0,6626,4558,0.5924535050071531,39294898632,5075857.0,True,50.0,50.51225952470766,48.4879033874105,100.0,0.0,100.0,19.0,1.0,1.0,47.69992455677103,49.7269276989647,100.0,0.0,100.0,6.0,1.0,57334.0,127952.96661637118,76640.31847726626,153280.0,50721.0,209788.0,234.0,1.0,1260.0,1260.0,0.0,0.0,1260.0,1260.0,1.0,1.0,37.0,37.62089777442475,3.939079826257484,6.0,31.0,44.0,13.0,1.0,tmp/remote_gpu_runs_20260917/gpu/pacca_gpu_final_20260913__gpu_rajaperf_jacobi_2d__REF__gpuF1__rep01/training_gpu_phases.csv,,False
pacca_gpu_final_20260913__gpu_rajaperf_jacobi_2d__REF__gpuF1__rep02,2,gpu_rajaperf_jacobi_2d,pacca-a100,REF,F1,sha256:41c0e812122d91fd199646fba65813893cfb2aa6d8765da02c56e42dba68c9a3,/home/latorresn/hyperion-results/final/campaigns/gpu/roofline_calibration_gpu_fp64_F1.json,0.3067066042909721,6.18031703044422,memory_bound,rajaperf_cuda,run,ok,,True,1260,1260,valid,1.0,6590,4602,0.5888134381701216,39220381024,5060858.0,True,62.0,49.30443854324734,48.7381789892171,100.0,0.0,100.0,18.0,1.0,1.0,46.53471168437026,49.77167765448305,100.0,0.0,100.0,6.0,1.0,55691.0,124893.44537177542,76489.1262138823,153222.0,48434.0,209787.0,229.0,1.0,1260.0,1260.0,0.0,0.0,1260.0,1260.0,1.0,1.0,37.0,37.20068285280728,3.820298545721943,6.0,31.0,44.0,13.0,1.0,tmp/remote_gpu_runs_20260917/gpu/pacca_gpu_final_20260913__gpu_rajaperf_jacobi_2d__REF__gpuF1__rep02/training_gpu_phases.csv,,False
pacca_gpu_final_20260913__gpu_rajaperf_jacobi_2d__REF__gpuF1__rep03,3,gpu_rajaperf_jacobi_2d,pacca-a100,REF,F1,sha256:41c0e812122d91fd199646fba65813893cfb2aa6d8765da02c56e42dba68c9a3,/home/latorresn/hyperion-results/final/campaigns/gpu/roofline_calibration_gpu_fp64_F1.json,0.3067066042909721,6.18031703044422,memory_bound,rajaperf_cuda,run,ok,,True,1260,1260,valid,1.0,6302,4557,0.5803480983515977,39362747791,5081727.0,True,20.0,46.53292344307815,48.26817142504107,100.0,0.0,100.0,18.0,1.0,0.0,43.69595398651329,49.45394139877264,100.0,0.0,100.0,6.0,1.0,55767.0,121407.11999206664,76387.49082649016,153868.0,51118.0,209787.0,220.0,1.0,1260.0,1260.0,0.0,0.0,1260.0,1260.0,1.0,1.0,37.0,37.46370487901626,3.820246070536949,6.0,31.0,44.0,14.0,1.0,tmp/remote_gpu_runs_20260917/gpu/pacca_gpu_final_20260913__gpu_rajaperf_jacobi_2d__REF__gpuF1__rep03/training_gpu_phases.csv,,False
pacca_gpu_final_20260913__gpu_rajaperf_jacobi_2d__REF__gpuF2__rep01,1,gpu_rajaperf_jacobi_2d,pacca-a100,REF,F2,sha256:41c0e812122d91fd199646fba65813893cfb2aa6d8765da02c56e42dba68c9a3,/home/latorresn/hyperion-results/final/campaigns/gpu/roofline_calibration_gpu_fp64_F2.json,0.3067066042909721,5.402777780507837,memory_bound,rajaperf_cuda,run,ok,,True,1110,1110,valid,1.0,6807,4680,0.592582919822408,42374670979,4476295.0,True,6.0,42.34128878281623,47.92052226572408,100.0,0.0,100.0,22.0,1.0,0.0,39.27648246741325,49.00850501335536,100.0,0.0,100.0,6.0,1.0,47376.0,96837.2080044061,63745.71301905672,129389.0,42702.0,178082.0,208.0,1.0,1110.0,1110.0,0.0,0.0,1110.0,1110.0,1.0,1.0,33.0,33.723701119882506,3.1305384277778967,5.0,29.0,39.0,11.0,1.0,tmp/remote_gpu_runs_20260917/gpu/pacca_gpu_final_20260913__gpu_rajaperf_jacobi_2d__REF__gpuF2__rep01/training_gpu_phases.csv,,False
pacca_gpu_final_20260913__gpu_rajaperf_jacobi_2d__REF__gpuF2__rep02,2,gpu_rajaperf_jacobi_2d,pacca-a100,REF,F2,sha256:41c0e812122d91fd199646fba65813893cfb2aa6d8765da02c56e42dba68c9a3,/home/latorresn/hyperion-results/final/campaigns/gpu/roofline_calibration_gpu_fp64_F2.json,0.3067066042909721,5.402777780507837,memory_bound,rajaperf_cuda,run,ok,,True,1110,1110,valid,1.0,6617,4680,0.5857307249712314,42459619335,4513104.0,True,4.0,38.23720491029273,47.52035722402107,100.0,0.0,100.0,18.0,1.0,0.0,35.06194523135033,48.42149512714601,100.0,0.0,100.0,6.0,1.0,48044.0,93382.5133144476,62860.43360846985,129151.0,44586.0,178318.0,197.0,1.0,1110.0,1110.0,0.0,0.0,1110.0,1110.0,1.0,1.0,35.0,35.99225684608121,3.044542873642062,5.0,32.0,42.0,11.0,1.0,tmp/remote_gpu_runs_20260917/gpu/pacca_gpu_final_20260913__gpu_rajaperf_jacobi_2d__REF__gpuF2__rep02/training_gpu_phases.csv,,False
pacca_gpu_final_20260913__gpu_rajaperf_jacobi_2d__REF__gpuF2__rep03,3,gpu_rajaperf_jacobi_2d,pacca-a100,REF,F2,sha256:41c0e812122d91fd199646fba65813893cfb2aa6d8765da02c56e42dba68c9a3,/home/latorresn/hyperion-results/final/campaigns/gpu/roofline_calibration_gpu_fp64_F2.json,0.3067066042909721,5.402777780507837,memory_bound,rajaperf_cuda,run,ok,,True,1110,1110,valid,1.0,6613,4552,0.5922973578145992,42539090220,4490265.0,True,4.0,38.60952560952561,47.42287974919288,100.0,0.0,100.0,18.0,1.0,0.0,35.460971460971464,48.36720503663997,100.0,0.0,100.0,6.0,1.0,47474.0,92404.57267057268,62729.92649472714,128980.0,43301.0,177584.0,200.0,1.0,1110.0,1110.0,0.0,0.0,1110.0,1110.0,1.0,1.0,35.0,34.941409941409944,3.0405410706070937,5.0,31.0,41.0,11.0,1.0,tmp/remote_gpu_runs_20260917/gpu/pacca_gpu_final_20260913__gpu_rajaperf_jacobi_2d__REF__gpuF2__rep03/training_gpu_phases.csv,,False
pacca_gpu_final_20260913__gpu_rajaperf_jacobi_2d__REF__gpuF3__rep01,1,gpu_rajaperf_jacobi_2d,pacca-a100,REF,F3,sha256:41c0e812122d91fd199646fba65813893cfb2aa6d8765da02c56e42dba68c9a3,/home/latorresn/hyperion-results/final/campaigns/gpu/roofline_calibration_gpu_fp64_F3.json,0.3067066042909721,4.6473636179248725,memory_bound,rajaperf_cuda,run,ok,,True,960,960,valid,1.0,7467,2780,0.7287010832438763,46603659556,4385969.0,True,3.0,36.43514644351465,47.56804316530829,100.0,0.0,100.0,15.0,1.0,0.0,33.87246861924686,48.19024461300852,100.0,0.0,100.0,5.0,1.0,43608.0,84233.00217573222,58923.76415306659,121133.0,39739.0,167849.0,169.0,1.0,960.0,960.0,0.0,0.0,960.0,960.0,1.0,1.0,33.0,33.07531380753138,2.872347111219824,5.0,29.0,38.0,10.0,1.0,tmp/remote_gpu_runs_20260917/gpu/pacca_gpu_final_20260913__gpu_rajaperf_jacobi_2d__REF__gpuF3__rep01/training_gpu_phases.csv,,False
pacca_gpu_final_20260913__gpu_rajaperf_jacobi_2d__REF__gpuF3__rep02,2,gpu_rajaperf_jacobi_2d,pacca-a100,REF,F3,sha256:41c0e812122d91fd199646fba65813893cfb2aa6d8765da02c56e42dba68c9a3,/home/latorresn/hyperion-results/final/campaigns/gpu/roofline_calibration_gpu_fp64_F3.json,0.3067066042909721,4.6473636179248725,memory_bound,rajaperf_cuda,run,ok,,True,960,960,valid,1.0,7080,3096,0.6957547169811321,45981975730,4321603.0,True,3.0,34.00017655367232,46.75700708818199,100.0,0.0,100.0,20.0,1.0,0.0,30.680437853107343,47.38273672201113,100.0,0.0,100.0,5.0,1.0,43608.0,79805.56762005649,56911.837635365744,119372.0,40825.0,164809.0,186.0,1.0,960.0,960.0,0.0,0.0,960.0,960.0,1.0,1.0,33.0,33.16525423728814,2.735183272979457,5.0,30.0,39.0,10.0,1.0,tmp/remote_gpu_runs_20260917/gpu/pacca_gpu_final_20260913__gpu_rajaperf_jacobi_2d__REF__gpuF3__rep02/training_gpu_phases.csv,,False
pacca_gpu_final_20260913__gpu_rajaperf_jacobi_2d__REF__gpuF3__rep03,3,gpu_rajaperf_jacobi_2d,pacca-a100,REF,F3,sha256:41c0e812122d91fd199646fba65813893cfb2aa6d8765da02c56e42dba68c9a3,/home/latorresn/hyperion-results/final/campaigns/gpu/roofline_calibration_gpu_fp64_F3.json,0.3067066042909721,4.6473636179248725,memory_bound,rajaperf_cuda,run,ok,,True,960,960,valid,1.0,7083,2776,0.7184298610406735,46181135799,4345547.0,True,3.0,33.62061055232045,46.41947762988217,100.0,0.0,100.0,20.0,1.0,0.0,30.22975119110641,47.18804927647686,100.0,0.0,100.0,6.0,1.0,43412.0,79999.74995588495,57397.282260550695,120597.0,39631.0,165391.0,159.0,1.0,960.0,960.0,0.0,0.0,960.0,960.0,1.0,1.0,32.0,32.44520910534674,2.7940926448321064,4.0,29.0,38.0,10.0,1.0,tmp/remote_gpu_runs_20260917/gpu/pacca_gpu_final_20260913__gpu_rajaperf_jacobi_2d__REF__gpuF3__rep03/training_gpu_phases.csv,,False
pacca_gpu_final_20260913__gpu_rajaperf_jacobi_2d__REF__gpuF4__rep01,1,gpu_rajaperf_jacobi_2d,pacca-a100,REF,F4,sha256:41c0e812122d91fd199646fba65813893cfb2aa6d8765da02c56e42dba68c9a3,/home/latorresn/hyperion-results/final/campaigns/gpu/roofline_calibration_gpu_fp64_F4.json,0.3067066042909721,3.847999914788036,memory_bound,rajaperf_cuda,run,ok,,True,810,810,valid,1.0,7789,1493,0.839151045033398,50917848290,4462643.0,True,3.0,34.9029359858816,46.774281898299925,100.0,0.0,100.0,20.0,1.0,0.0,31.299053425316863,47.48776693970508,100.0,0.0,100.0,6.0,1.0,42214.0,78147.34943045082,55126.863460680666,115379.0,38757.0,158593.0,162.0,1.0,810.0,810.0,0.0,0.0,810.0,810.0,1.0,1.0,34.0,34.452591047649605,2.71576686871397,5.0,31.0,40.0,10.0,1.0,tmp/remote_gpu_runs_20260917/gpu/pacca_gpu_final_20260913__gpu_rajaperf_jacobi_2d__REF__gpuF4__rep01/training_gpu_phases.csv,,False
pacca_gpu_final_20260913__gpu_rajaperf_jacobi_2d__REF__gpuF4__rep02,2,gpu_rajaperf_jacobi_2d,pacca-a100,REF,F4,sha256:41c0e812122d91fd199646fba65813893cfb2aa6d8765da02c56e42dba68c9a3,/home/latorresn/hyperion-results/final/campaigns/gpu/roofline_calibration_gpu_fp64_F4.json,0.3067066042909721,3.847999914788036,memory_bound,rajaperf_cuda,run,ok,,True,810,810,valid,1.0,7799,1468,0.8415884320707888,50777283814,4430308.0,True,3.0,34.8793462586124,46.93484145305365,100.0,0.0,100.0,20.0,1.0,0.0,31.37077391443679,47.58529708611589,100.0,0.0,100.0,5.0,1.0,41822.0,77787.10575228329,55547.487060126026,116084.0,38738.0,159970.0,188.0,1.0,810.0,810.0,0.0,0.0,810.0,810.0,1.0,1.0,32.0,32.090690594456014,2.7526058453793727,6.0,28.0,38.0,11.0,1.0,tmp/remote_gpu_runs_20260917/gpu/pacca_gpu_final_20260913__gpu_rajaperf_jacobi_2d__REF__gpuF4__rep02/training_gpu_phases.csv,,False
pacca_gpu_final_20260913__gpu_rajaperf_jacobi_2d__REF__gpuF4__rep03,3,gpu_rajaperf_jacobi_2d,pacca-a100,REF,F4,sha256:41c0e812122d91fd199646fba65813893cfb2aa6d8765da02c56e42dba68c9a3,/home/latorresn/hyperion-results/final/campaigns/gpu/roofline_calibration_gpu_fp64_F4.json,0.3067066042909721,3.847999914788036,memory_bound,rajaperf_cuda,run,ok,,True,810,810,valid,1.0,7653,1665,0.821313586606568,50667906968,4412713.0,True,3.0,33.989710926016656,46.49983839506369,100.0,0.0,100.0,23.0,1.0,0.0,30.531765474440636,47.28671940039372,100.0,0.0,100.0,6.0,1.0,41712.0,76451.97860525886,54941.05822411183,115478.0,38258.0,158599.0,149.0,1.0,810.0,810.0,0.0,0.0,810.0,810.0,1.0,1.0,32.0,31.91801404540258,2.6884237735123317,6.0,29.0,37.0,9.0,1.0,tmp/remote_gpu_runs_20260917/gpu/pacca_gpu_final_20260913__gpu_rajaperf_jacobi_2d__REF__gpuF4__rep03/training_gpu_phases.csv,,False
pacca_gpu_final_20260913__gpu_rajaperf_jacobi_2d__REF__gpuF5__rep01,1,gpu_rajaperf_jacobi_2d,pacca-a100,REF,F5,sha256:41c0e812122d91fd199646fba65813893cfb2aa6d8765da02c56e42dba68c9a3,/home/latorresn/hyperion-results/final/campaigns/gpu/roofline_calibration_gpu_fp64_F5.json,0.3067066042909721,3.227383731801676,memory_bound,rajaperf_cuda,run,ok,,True,660,660,valid,1.0,8364,1112,0.8826509075559308,56972664245,4652903.0,True,4.0,38.011655708308425,47.36310596726485,100.0,0.0,100.0,21.0,1.0,0.0,31.176479378362224,44.02016354708032,91.0,0.0,93.0,8.0,1.0,40121.0,75914.54453078302,50941.55638065927,105264.0,37459.0,146469.0,207.0,1.0,660.0,660.0,0.0,0.0,660.0,660.0,1.0,1.0,32.0,31.462940824865512,2.704471763959769,6.0,28.0,37.0,10.0,1.0,tmp/remote_gpu_runs_20260917/gpu/pacca_gpu_final_20260913__gpu_rajaperf_jacobi_2d__REF__gpuF5__rep01/training_gpu_phases.csv,,False
pacca_gpu_final_20260913__gpu_rajaperf_jacobi_2d__REF__gpuF5__rep02,2,gpu_rajaperf_jacobi_2d,pacca-a100,REF,F5,sha256:41c0e812122d91fd199646fba65813893cfb2aa6d8765da02c56e42dba68c9a3,/home/latorresn/hyperion-results/final/campaigns/gpu/roofline_calibration_gpu_fp64_F5.json,0.3067066042909721,3.227383731801676,memory_bound,rajaperf_cuda,run,ok,,True,660,660,valid,1.0,7953,1107,0.8778145695364239,56905154643,4631205.0,True,3.0,36.75278956467076,47.54781014628811,100.0,0.0,100.0,21.0,1.0,0.0,30.24548169102625,44.485261848936055,93.0,0.0,93.0,6.0,1.0,40547.0,73820.9446801823,50056.64010596264,104251.0,38371.0,146015.0,209.0,1.0,660.0,660.0,0.0,0.0,660.0,660.0,1.0,1.0,33.0,33.69354078264969,2.4510650952130737,4.0,31.0,39.0,9.0,1.0,tmp/remote_gpu_runs_20260917/gpu/pacca_gpu_final_20260913__gpu_rajaperf_jacobi_2d__REF__gpuF5__rep02/training_gpu_phases.csv,,False
pacca_gpu_final_20260913__gpu_rajaperf_jacobi_2d__REF__gpuF5__rep03,3,gpu_rajaperf_jacobi_2d,pacca-a100,REF,F5,sha256:41c0e812122d91fd199646fba65813893cfb2aa6d8765da02c56e42dba68c9a3,/home/latorresn/hyperion-results/final/campaigns/gpu/roofline_calibration_gpu_fp64_F5.json,0.3067066042909721,3.227383731801676,memory_bound,rajaperf_cuda,run,ok,,True,660,660,valid,1.0,8503,1104,0.8850837930675549,57197157989,4655858.0,True,4.0,38.89872115243275,47.49769297547584,100.0,0.0,100.0,23.0,1.0,0.0,31.542995737174778,44.0852123280557,91.0,0.0,93.0,8.0,1.0,40121.0,76099.24856680876,50765.84096638547,104682.0,37854.0,146114.0,177.0,1.0,660.0,660.0,0.0,0.0,660.0,660.0,1.0,1.0,32.0,32.04703807143907,2.595566862190072,5.0,29.0,37.0,9.0,1.0,tmp/remote_gpu_runs_20260917/gpu/pacca_gpu_final_20260913__gpu_rajaperf_jacobi_2d__REF__gpuF5__rep03/training_gpu_phases.csv,,False
pacca_gpu_final_20260913__gpu_rajaperf_jacobi_2d__REF__gpuF6__rep01,1,gpu_rajaperf_jacobi_2d,pacca-a100,REF,F6,sha256:41c0e812122d91fd199646fba65813893cfb2aa6d8765da02c56e42dba68c9a3,/home/latorresn/hyperion-results/final/campaigns/gpu/roofline_calibration_gpu_fp64_F6.json,0.3067066042909721,2.537117986910783,memory_bound,rajaperf_cuda,run,ok,,True,510,510,valid,1.0,8128,1076,0.8830943068231204,60022223312,4706723.0,True,4.0,38.20372078720787,47.64893778265814,100.0,0.0,100.0,23.0,1.0,0.0,29.139913899138996,41.00105088080439,85.0,0.0,85.0,6.0,1.0,38934.0,72442.4500307503,47492.17606835032,97381.0,36765.0,138256.0,192.0,1.0,510.0,510.0,0.0,0.0,510.0,510.0,1.0,1.0,31.0,31.20387453874539,2.5596054356038627,5.0,28.0,36.0,9.0,1.0,tmp/remote_gpu_runs_20260917/gpu/pacca_gpu_final_20260913__gpu_rajaperf_jacobi_2d__REF__gpuF6__rep01/training_gpu_phases.csv,,False
pacca_gpu_final_20260913__gpu_rajaperf_jacobi_2d__REF__gpuF6__rep02,2,gpu_rajaperf_jacobi_2d,pacca-a100,REF,F6,sha256:41c0e812122d91fd199646fba65813893cfb2aa6d8765da02c56e42dba68c9a3,/home/latorresn/hyperion-results/final/campaigns/gpu/roofline_calibration_gpu_fp64_F6.json,0.3067066042909721,2.537117986910783,memory_bound,rajaperf_cuda,run,ok,,True,510,510,valid,1.0,7442,1109,0.8703075663665069,59952652358,4748893.0,True,3.0,35.89234128317098,47.19484007092381,100.0,0.0,100.0,21.0,1.0,0.0,27.2972791400739,40.58952631404295,85.0,0.0,85.0,6.0,1.0,39249.0,70251.40560967417,47333.28803227475,98953.0,37361.0,139205.0,184.0,1.0,510.0,510.0,0.0,0.0,510.0,510.0,1.0,1.0,31.0,31.559119919381928,2.451733829787059,5.0,28.0,36.0,9.0,1.0,tmp/remote_gpu_runs_20260917/gpu/pacca_gpu_final_20260913__gpu_rajaperf_jacobi_2d__REF__gpuF6__rep02/training_gpu_phases.csv,,False
pacca_gpu_final_20260913__gpu_rajaperf_jacobi_2d__REF__gpuF6__rep03,3,gpu_rajaperf_jacobi_2d,pacca-a100,REF,F6,sha256:41c0e812122d91fd199646fba65813893cfb2aa6d8765da02c56e42dba68c9a3,/home/latorresn/hyperion-results/final/campaigns/gpu/roofline_calibration_gpu_fp64_F6.json,0.3067066042909721,2.537117986910783,memory_bound,rajaperf_cuda,run,ok,,True,510,510,valid,1.0,7383,1125,0.8677715091678421,59783532307,4715908.0,True,3.0,35.71254443880142,47.12998662873184,100.0,0.0,100.0,23.0,1.0,0.0,27.06466903673608,40.55774935675545,85.0,0.0,85.0,6.0,1.0,38943.0,69882.76316234976,47096.32503875756,98206.0,37059.0,138652.0,180.0,1.0,510.0,510.0,0.0,0.0,510.0,510.0,1.0,1.0,31.0,31.09429490435077,2.5741526740203566,5.0,28.0,36.0,9.0,1.0,tmp/remote_gpu_runs_20260917/gpu/pacca_gpu_final_20260913__gpu_rajaperf_jacobi_2d__REF__gpuF6__rep03/training_gpu_phases.csv,,False
pacca_gpu_final_20260913__gpu_rajaperf_jacobi_2d__REF__gpuF7__rep01,1,gpu_rajaperf_jacobi_2d,pacca-a100,REF,F7,sha256:41c0e812122d91fd199646fba65813893cfb2aa6d8765da02c56e42dba68c9a3,/home/latorresn/hyperion-results/final/campaigns/gpu/roofline_calibration_gpu_fp64_F7.json,0.3067066042909721,1.7704004001452782,memory_bound,rajaperf_cuda,run,ok,,True,360,360,valid,1.0,8568,1118,0.8845756762337394,64459017044,4862560.0,True,7.0,43.85414235705951,48.3333528385372,100.0,0.0,100.0,20.0,1.0,0.0,28.632584597432903,34.97398460213288,71.0,0.0,71.0,5.0,1.0,38346.0,71169.4483663944,40926.193541638175,82843.0,36970.0,121988.0,182.0,1.0,360.0,360.0,0.0,0.0,360.0,360.0,1.0,1.0,32.0,32.13593932322053,2.100231354312668,4.0,29.0,36.0,8.0,1.0,tmp/remote_gpu_runs_20260917/gpu/pacca_gpu_final_20260913__gpu_rajaperf_jacobi_2d__REF__gpuF7__rep01/training_gpu_phases.csv,,False
pacca_gpu_final_20260913__gpu_rajaperf_jacobi_2d__REF__gpuF7__rep02,2,gpu_rajaperf_jacobi_2d,pacca-a100,REF,F7,sha256:41c0e812122d91fd199646fba65813893cfb2aa6d8765da02c56e42dba68c9a3,/home/latorresn/hyperion-results/final/campaigns/gpu/roofline_calibration_gpu_fp64_F7.json,0.3067066042909721,1.7704004001452782,memory_bound,rajaperf_cuda,run,ok,,True,360,360,valid,1.0,8087,1041,0.8859553023663453,64874170709,4858680.0,True,6.0,41.78426827383712,48.3614838673434,100.0,0.0,100.0,22.0,1.0,0.0,27.105702364394997,34.759335402619435,71.0,0.0,71.0,6.0,1.0,38147.0,69324.32050687683,40612.74405930496,82650.0,35984.0,121489.0,188.0,1.0,360.0,360.0,0.0,0.0,360.0,360.0,1.0,1.0,31.0,31.44598980064905,2.098926464959744,4.0,28.0,35.0,8.0,1.0,tmp/remote_gpu_runs_20260917/gpu/pacca_gpu_final_20260913__gpu_rajaperf_jacobi_2d__REF__gpuF7__rep02/training_gpu_phases.csv,,False
pacca_gpu_final_20260913__gpu_rajaperf_jacobi_2d__REF__gpuF7__rep03,3,gpu_rajaperf_jacobi_2d,pacca-a100,REF,F7,sha256:41c0e812122d91fd199646fba65813893cfb2aa6d8765da02c56e42dba68c9a3,/home/latorresn/hyperion-results/final/campaigns/gpu/roofline_calibration_gpu_fp64_F7.json,0.3067066042909721,1.7704004001452782,memory_bound,rajaperf_cuda,run,ok,,True,360,360,valid,1.0,9277,1140,0.890563501967937,64714582628,4891946.0,True,9.0,45.61053482419507,48.57365104089338,100.0,0.0,100.0,25.0,1.0,0.0,29.75522026134986,35.082216480180364,71.0,0.0,71.0,6.0,1.0,38050.0,72657.69634918496,41700.05439041733,84303.0,35880.0,123169.0,160.0,1.0,360.0,360.0,0.0,0.0,360.0,360.0,1.0,1.0,31.0,30.81530378553145,2.187565488616172,4.0,27.0,35.0,9.0,1.0,tmp/remote_gpu_runs_20260917/gpu/pacca_gpu_final_20260913__gpu_rajaperf_jacobi_2d__REF__gpuF7__rep03/training_gpu_phases.csv,,False
pacca_gpu_final_20260913__gpu_rajaperf_jacobi_2d__REF__gpuF8__rep01,1,gpu_rajaperf_jacobi_2d,pacca-a100,REF,F8,sha256:41c0e812122d91fd199646fba65813893cfb2aa6d8765da02c56e42dba68c9a3,/home/latorresn/hyperion-results/final/campaigns/gpu/roofline_calibration_gpu_fp64_F8.json,0.3067066042909721,1.3515565388833937,memory_bound,rajaperf_cuda,run,ok,,True,210,210,valid,1.0,11299,1098,0.9114301847221102,85668349584,5819849.0,True,100.0,59.247317774582456,48.29101700779389,100.0,0.0,100.0,24.0,1.0,43.0,24.342550602809425,21.32171194785161,43.0,0.0,43.0,6.0,1.0,90128.0,67419.06105519301,26731.111861508936,53854.0,35969.0,91422.0,163.0,1.0,210.0,210.0,0.0,0.0,210.0,210.0,1.0,1.0,31.0,31.12620285366663,1.45440016081443,2.0,29.0,34.0,6.0,1.0,tmp/remote_gpu_runs_20260917/gpu/pacca_gpu_final_20260913__gpu_rajaperf_jacobi_2d__REF__gpuF8__rep01/training_gpu_phases.csv,,False
pacca_gpu_final_20260913__gpu_rajaperf_jacobi_2d__REF__gpuF8__rep02,2,gpu_rajaperf_jacobi_2d,pacca-a100,REF,F8,sha256:41c0e812122d91fd199646fba65813893cfb2aa6d8765da02c56e42dba68c9a3,/home/latorresn/hyperion-results/final/campaigns/gpu/roofline_calibration_gpu_fp64_F8.json,0.3067066042909721,1.3515565388833937,memory_bound,rajaperf_cuda,run,ok,,True,210,210,valid,1.0,11179,1059,0.9134662526556628,84921134560,5761840.0,True,100.0,59.76221352711012,48.3237871015315,100.0,0.0,100.0,21.0,1.0,43.0,24.58960313024036,21.300197044383506,43.0,0.0,43.0,6.0,1.0,89738.0,67250.20469536053,26662.26591362795,53752.0,35782.0,91156.0,143.0,1.0,210.0,210.0,0.0,0.0,210.0,210.0,1.0,1.0,30.0,29.947456679709333,1.6157851733706707,2.0,27.0,32.0,6.0,1.0,tmp/remote_gpu_runs_20260917/gpu/pacca_gpu_final_20260913__gpu_rajaperf_jacobi_2d__REF__gpuF8__rep02/training_gpu_phases.csv,,False
pacca_gpu_final_20260913__gpu_rajaperf_jacobi_2d__REF__gpuF8__rep03,3,gpu_rajaperf_jacobi_2d,pacca-a100,REF,F8,sha256:41c0e812122d91fd199646fba65813893cfb2aa6d8765da02c56e42dba68c9a3,/home/latorresn/hyperion-results/final/campaigns/gpu/roofline_calibration_gpu_fp64_F8.json,0.3067066042909721,1.3515565388833937,memory_bound,rajaperf_cuda,run,ok,,True,210,210,valid,1.0,12065,1049,0.9200091505261552,85299317286,5778698.0,True,100.0,61.28996166994717,48.21976381734658,100.0,0.0,100.0,22.0,1.0,43.0,25.18885320625712,21.24260772276573,43.0,0.0,43.0,6.0,1.0,89739.0,68058.15176629028,26586.864171387093,53767.0,35577.0,91047.0,159.0,1.0,210.0,210.0,0.0,0.0,210.0,210.0,1.0,1.0,30.0,30.222728685382783,1.6305800185229553,3.0,27.0,33.0,7.0,1.0,tmp/remote_gpu_runs_20260917/gpu/pacca_gpu_final_20260913__gpu_rajaperf_jacobi_2d__REF__gpuF8__rep03/training_gpu_phases.csv,,False
pacca_gpu_final_20260913__gpu_rajaperf_jacobi_2d__REF__gpuREF__rep01,1,gpu_rajaperf_jacobi_2d,pacca-a100,REF,REF,sha256:41c0e812122d91fd199646fba65813893cfb2aa6d8765da02c56e42dba68c9a3,/home/latorresn/hyperion-results/final/campaigns/gpu/roofline_calibration_gpu_fp64_REF.json,0.3067066042909721,6.898376612287448,memory_bound,rajaperf_cuda,run,ok,,True,,,not_applicable_native,,5804,4725,0.5512394339443442,37883006328,6057511.0,True,7.0,45.5385443583118,48.199649295027314,100.0,0.0,100.0,19.0,1.0,0.0,42.66645133505599,49.415668336896914,100.0,0.0,100.0,6.0,1.0,70505.0,144336.28682170543,89914.59432522462,181921.0,62216.0,257690.0,290.0,1.0,1410.0,1400.4877260981912,14.84373315382803,30.0,1350.0,1410.0,5.0,1.0,41.0,41.81072351421189,4.714639621392612,8.0,34.0,49.0,16.0,1.0,tmp/remote_gpu_runs_20260917/gpu/pacca_gpu_final_20260913__gpu_rajaperf_jacobi_2d__REF__gpuREF__rep01/training_gpu_phases.csv,,False
pacca_gpu_final_20260913__gpu_rajaperf_jacobi_2d__REF__gpuREF__rep02,2,gpu_rajaperf_jacobi_2d,pacca-a100,REF,REF,sha256:41c0e812122d91fd199646fba65813893cfb2aa6d8765da02c56e42dba68c9a3,/home/latorresn/hyperion-results/final/campaigns/gpu/roofline_calibration_gpu_fp64_REF.json,0.3067066042909721,6.898376612287448,memory_bound,rajaperf_cuda,run,ok,,True,,,not_applicable_native,,5730,4714,0.5486403676752202,37871153392,6059616.0,True,5.0,45.43084642233857,48.15145220554943,100.0,0.0,100.0,14.0,1.0,0.0,41.97294938917975,49.15905608547478,100.0,0.0,100.0,6.0,1.0,70163.5,142820.41579406633,89728.4328139814,180879.0,60115.0,258901.0,283.0,1.0,1410.0,1401.744109947644,14.160104008948608,30.0,1350.0,1410.0,5.0,1.0,40.0,40.92277486910995,4.748497401338304,8.0,33.0,49.0,16.0,1.0,tmp/remote_gpu_runs_20260917/gpu/pacca_gpu_final_20260913__gpu_rajaperf_jacobi_2d__REF__gpuREF__rep02/training_gpu_phases.csv,,False
pacca_gpu_final_20260913__gpu_rajaperf_jacobi_2d__REF__gpuREF__rep03,3,gpu_rajaperf_jacobi_2d,pacca-a100,REF,REF,sha256:41c0e812122d91fd199646fba65813893cfb2aa6d8765da02c56e42dba68c9a3,/home/latorresn/hyperion-results/final/campaigns/gpu/roofline_calibration_gpu_fp64_REF.json,0.3067066042909721,6.898376612287448,memory_bound,rajaperf_cuda,run,ok,,True,,,not_applicable_native,,5957,4735,0.5571455293677516,37598050309,6035157.0,True,32.0,48.33836794629746,48.31207042264674,100.0,0.0,100.0,18.0,1.0,1.0,45.51206209355989,49.6290883717771,100.0,0.0,100.0,5.0,1.0,71190.0,150830.86763163414,90602.54881595084,182107.0,60334.0,257622.0,294.0,1.0,1410.0,1400.4499685336689,14.5815084433048,30.0,1350.0,1410.0,5.0,1.0,41.0,41.837214180826514,4.725932612774277,8.0,34.0,49.0,14.0,1.0,tmp/remote_gpu_runs_20260917/gpu/pacca_gpu_final_20260913__gpu_rajaperf_jacobi_2d__REF__gpuREF__rep03/training_gpu_phases.csv,,False
pacca_gpu_final_20260913__gpu_rajaperf_stream_triad__REF__gpuF0__rep01,1,gpu_rajaperf_stream_triad,pacca-a100,REF,F0,sha256:9268f559b6b1744c7649caf9ae23c7461cb73f9cb2622ee600b00caa31f123cb,/home/latorresn/hyperion-results/final/campaigns/gpu/roofline_calibration_gpu_fp64_F0.json,0.0834103432116621,6.853790013388249,memory_bound,rajaperf_stream,run,ok,,True,1410,1410,valid,1.0,3365,5101,0.3974722419088117,20963828969,2258888.0,True,3.0,30.68251021165986,45.01936117672732,100.0,0.0,100.0,16.0,1.0,0.0,25.2996658002228,45.70865248623846,100.0,0.0,100.0,5.0,1.0,67734.0,95696.94689936872,54561.70882639798,120535.0,59728.0,189132.0,143.0,1.0,1410.0,1410.0,0.0,0.0,1410.0,1410.0,1.0,1.0,33.0,33.2996658002228,2.0839045585446714,4.0,31.0,38.0,8.0,1.0,tmp/remote_gpu_runs_20260917/gpu/pacca_gpu_final_20260913__gpu_rajaperf_stream_triad__REF__gpuF0__rep01/training_gpu_phases.csv,,True
pacca_gpu_final_20260913__gpu_rajaperf_stream_triad__REF__gpuF0__rep02,2,gpu_rajaperf_stream_triad,pacca-a100,REF,F0,sha256:9268f559b6b1744c7649caf9ae23c7461cb73f9cb2622ee600b00caa31f123cb,/home/latorresn/hyperion-results/final/campaigns/gpu/roofline_calibration_gpu_fp64_F0.json,0.0834103432116621,6.853790013388249,memory_bound,rajaperf_stream,run,ok,,True,1410,1410,valid,1.0,3374,5099,0.398206066328337,21058429962,2255326.0,True,2.0,30.340740740740745,44.6287849930799,100.0,0.0,100.0,15.0,1.0,0.0,24.59925925925926,45.27904678365979,100.0,0.0,100.0,6.0,1.0,67929.0,94953.47,54469.1557896125,120755.0,60518.0,188377.0,140.0,1.0,1410.0,1410.0,0.0,0.0,1410.0,1410.0,1.0,1.0,32.0,32.242592592592594,2.029599220609249,4.0,30.0,37.0,8.0,1.0,tmp/remote_gpu_runs_20260917/gpu/pacca_gpu_final_20260913__gpu_rajaperf_stream_triad__REF__gpuF0__rep02/training_gpu_phases.csv,,True
pacca_gpu_final_20260913__gpu_rajaperf_stream_triad__REF__gpuF0__rep03,3,gpu_rajaperf_stream_triad,pacca-a100,REF,F0,sha256:9268f559b6b1744c7649caf9ae23c7461cb73f9cb2622ee600b00caa31f123cb,/home/latorresn/hyperion-results/final/campaigns/gpu/roofline_calibration_gpu_fp64_F0.json,0.0834103432116621,6.853790013388249,memory_bound,rajaperf_stream,run,ok,,True,1410,1410,valid,1.0,3507,5075,0.4086460032626427,20957755764,2239717.0,True,2.0,32.05771286070538,45.28424621388973,100.0,0.0,100.0,16.0,1.0,0.0,26.891343070894195,45.90995109300228,100.0,0.0,100.0,6.0,1.0,66927.0,98114.24189526185,56030.92769656618,121039.0,59821.0,189347.0,144.0,1.0,1410.0,1410.0,0.0,0.0,1410.0,1410.0,1.0,1.0,34.0,34.24581403633773,2.0252943744330367,4.0,32.0,38.0,7.0,1.0,tmp/remote_gpu_runs_20260917/gpu/pacca_gpu_final_20260913__gpu_rajaperf_stream_triad__REF__gpuF0__rep03/training_gpu_phases.csv,,True
pacca_gpu_final_20260913__gpu_rajaperf_stream_triad__REF__gpuF1__rep01,1,gpu_rajaperf_stream_triad,pacca-a100,REF,F1,sha256:9268f559b6b1744c7649caf9ae23c7461cb73f9cb2622ee600b00caa31f123cb,/home/latorresn/hyperion-results/final/campaigns/gpu/roofline_calibration_gpu_fp64_F1.json,0.0834103432116621,6.18031703044422,memory_bound,rajaperf_stream,run,ok,,True,1260,1260,valid,1.0,3488,5107,0.4058173356602676,22381590440,1878171.0,True,1.0,22.25179083094556,41.82940751926149,59.0,0.0,100.0,19.0,1.0,0.0,17.121776504297994,41.91087923435726,3.0,0.0,100.0,6.0,1.0,53404.0,69579.39899713467,42002.03467175445,4170.0,47865.0,152884.0,113.0,1.0,1260.0,1260.0,0.0,0.0,1260.0,1260.0,1.0,1.0,30.0,30.054441260744987,1.6206137022710996,2.0,28.0,34.0,7.0,1.0,tmp/remote_gpu_runs_20260917/gpu/pacca_gpu_final_20260913__gpu_rajaperf_stream_triad__REF__gpuF1__rep01/training_gpu_phases.csv,,True
pacca_gpu_final_20260913__gpu_rajaperf_stream_triad__REF__gpuF1__rep02,2,gpu_rajaperf_stream_triad,pacca-a100,REF,F1,sha256:9268f559b6b1744c7649caf9ae23c7461cb73f9cb2622ee600b00caa31f123cb,/home/latorresn/hyperion-results/final/campaigns/gpu/roofline_calibration_gpu_fp64_F1.json,0.0834103432116621,6.18031703044422,memory_bound,rajaperf_stream,run,ok,,True,1260,1260,valid,1.0,3677,5107,0.4186020036429873,22905902344,1906522.0,True,1.0,26.55963302752293,43.60808456426341,100.0,0.0,100.0,17.0,1.0,0.0,21.057424396873937,43.9382673113276,100.0,0.0,100.0,6.0,1.0,53802.0,73313.84913353721,43468.04238989452,98491.0,48238.0,152868.0,126.0,1.0,1260.0,1260.0,0.0,0.0,1260.0,1260.0,1.0,1.0,31.0,30.543323139653413,1.5662352379028108,3.0,29.0,34.0,6.0,1.0,tmp/remote_gpu_runs_20260917/gpu/pacca_gpu_final_20260913__gpu_rajaperf_stream_triad__REF__gpuF1__rep02/training_gpu_phases.csv,,True
pacca_gpu_final_20260913__gpu_rajaperf_stream_triad__REF__gpuF1__rep03,3,gpu_rajaperf_stream_triad,pacca-a100,REF,F1,sha256:9268f559b6b1744c7649caf9ae23c7461cb73f9cb2622ee600b00caa31f123cb,/home/latorresn/hyperion-results/final/campaigns/gpu/roofline_calibration_gpu_fp64_F1.json,0.0834103432116621,6.18031703044422,memory_bound,rajaperf_stream,run,ok,,True,1260,1260,valid,1.0,3662,5021,0.4217436369918231,22930764621,1911959.0,True,1.0,24.395563139931745,43.11308468850194,92.0,0.0,100.0,14.0,1.0,0.0,19.384982935153584,43.002728823405576,58.0,0.0,100.0,6.0,1.0,53587.0,70927.01331058021,42740.07790987882,4383.0,48770.0,153423.0,107.0,1.0,1260.0,1260.0,0.0,0.0,1260.0,1260.0,1.0,1.0,31.0,31.206143344709897,1.3890090899682743,2.0,29.0,35.0,7.0,1.0,tmp/remote_gpu_runs_20260917/gpu/pacca_gpu_final_20260913__gpu_rajaperf_stream_triad__REF__gpuF1__rep03/training_gpu_phases.csv,,True
pacca_gpu_final_20260913__gpu_rajaperf_stream_triad__REF__gpuF2__rep01,1,gpu_rajaperf_stream_triad,pacca-a100,REF,F2,sha256:9268f559b6b1744c7649caf9ae23c7461cb73f9cb2622ee600b00caa31f123cb,/home/latorresn/hyperion-results/final/campaigns/gpu/roofline_calibration_gpu_fp64_F2.json,0.0834103432116621,5.402777780507837,memory_bound,rajaperf_stream,run,ok,,True,1110,1110,valid,1.0,4013,5057,0.4424476295479603,25612195255,1779342.0,True,0.0,17.353783867953908,39.38877451494052,40.0,0.0,100.0,18.0,1.0,0.0,11.807536592961696,39.11566979258161,1.0,0.0,100.0,6.0,1.0,46190.0,55489.94176269075,34523.842615656395,1396.0,42116.0,134751.0,86.0,1.0,1110.0,1110.0,0.0,0.0,1110.0,1110.0,1.0,1.0,29.0,28.851759576455933,1.189569799238065,1.0,27.0,32.0,6.0,1.0,tmp/remote_gpu_runs_20260917/gpu/pacca_gpu_final_20260913__gpu_rajaperf_stream_triad__REF__gpuF2__rep01/training_gpu_phases.csv,,True
pacca_gpu_final_20260913__gpu_rajaperf_stream_triad__REF__gpuF2__rep02,2,gpu_rajaperf_stream_triad,pacca-a100,REF,F2,sha256:9268f559b6b1744c7649caf9ae23c7461cb73f9cb2622ee600b00caa31f123cb,/home/latorresn/hyperion-results/final/campaigns/gpu/roofline_calibration_gpu_fp64_F2.json,0.0834103432116621,5.402777780507837,memory_bound,rajaperf_stream,run,ok,,True,1110,1110,valid,1.0,3965,5073,0.4387032529320646,25499042886,1772937.0,True,0.0,18.341632524424835,40.280588642245,48.0,0.0,100.0,19.0,1.0,0.0,12.888748818153168,39.78316778078901,1.0,0.0,100.0,6.0,1.0,46385.0,56342.782855341946,34810.72911560678,1284.0,42408.0,134955.0,119.0,1.0,1110.0,1110.0,0.0,0.0,1110.0,1110.0,1.0,1.0,29.0,29.03435234793571,1.2507640819113812,2.0,28.0,32.0,5.0,1.0,tmp/remote_gpu_runs_20260917/gpu/pacca_gpu_final_20260913__gpu_rajaperf_stream_triad__REF__gpuF2__rep02/training_gpu_phases.csv,,True
pacca_gpu_final_20260913__gpu_rajaperf_stream_triad__REF__gpuF2__rep03,3,gpu_rajaperf_stream_triad,pacca-a100,REF,F2,sha256:9268f559b6b1744c7649caf9ae23c7461cb73f9cb2622ee600b00caa31f123cb,/home/latorresn/hyperion-results/final/campaigns/gpu/roofline_calibration_gpu_fp64_F2.json,0.0834103432116621,5.402777780507837,memory_bound,rajaperf_stream,run,ok,,True,1110,1110,valid,1.0,3895,5164,0.4299591566398057,25561252420,1793451.0,True,0.0,14.411613731151748,37.8204805174961,15.0,0.0,100.0,18.0,1.0,0.0,8.409367982034007,36.92458625664506,0.0,0.0,100.0,5.0,1.0,46875.0,53514.88225858197,32500.6819531073,685.0,43412.0,135542.0,98.0,1.0,1110.0,1110.0,0.0,0.0,1110.0,1110.0,1.0,1.0,30.0,30.439846005774783,1.0895515396889763,1.0,29.0,33.0,5.0,1.0,tmp/remote_gpu_runs_20260917/gpu/pacca_gpu_final_20260913__gpu_rajaperf_stream_triad__REF__gpuF2__rep03/training_gpu_phases.csv,,True
pacca_gpu_final_20260913__gpu_rajaperf_stream_triad__REF__gpuF3__rep01,1,gpu_rajaperf_stream_triad,pacca-a100,REF,F3,sha256:9268f559b6b1744c7649caf9ae23c7461cb73f9cb2622ee600b00caa31f123cb,/home/latorresn/hyperion-results/final/campaigns/gpu/roofline_calibration_gpu_fp64_F3.json,0.0834103432116621,4.6473636179248725,memory_bound,rajaperf_stream,run,ok,,True,960,960,valid,1.0,4389,3888,0.5302645886190649,28828025983,1808647.0,True,0.0,11.663535439795046,36.3154554620636,7.0,0.0,100.0,21.0,1.0,0.0,6.120979220039852,35.08544241664658,0.0,0.0,100.0,6.0,1.0,42616.0,46983.33247936237,29728.903357132545,489.0,39041.0,129033.0,92.0,1.0,960.0,960.0,0.0,0.0,960.0,960.0,1.0,1.0,28.0,27.830629091944207,1.123173780100311,2.0,27.0,31.0,5.0,1.0,tmp/remote_gpu_runs_20260917/gpu/pacca_gpu_final_20260913__gpu_rajaperf_stream_triad__REF__gpuF3__rep01/training_gpu_phases.csv,,False
pacca_gpu_final_20260913__gpu_rajaperf_stream_triad__REF__gpuF3__rep02,2,gpu_rajaperf_stream_triad,pacca-a100,REF,F3,sha256:9268f559b6b1744c7649caf9ae23c7461cb73f9cb2622ee600b00caa31f123cb,/home/latorresn/hyperion-results/final/campaigns/gpu/roofline_calibration_gpu_fp64_F3.json,0.0834103432116621,4.6473636179248725,memory_bound,rajaperf_stream,run,ok,,True,960,960,valid,1.0,4346,4074,0.5161520190023753,28718533471,1805567.0,True,0.0,12.135422656699252,36.55778674735192,7.0,0.0,100.0,21.0,1.0,0.0,6.567855089131685,35.834608403117635,0.0,0.0,100.0,4.0,1.0,43107.0,47653.0,29504.320364743544,445.0,40535.0,127839.0,103.0,1.0,960.0,960.0,0.0,0.0,960.0,960.0,1.0,1.0,31.0,30.92754456584244,1.0328963102969702,1.0,30.0,34.0,5.0,1.0,tmp/remote_gpu_runs_20260917/gpu/pacca_gpu_final_20260913__gpu_rajaperf_stream_triad__REF__gpuF3__rep02/training_gpu_phases.csv,,False
pacca_gpu_final_20260913__gpu_rajaperf_stream_triad__REF__gpuF3__rep03,3,gpu_rajaperf_stream_triad,pacca-a100,REF,F3,sha256:9268f559b6b1744c7649caf9ae23c7461cb73f9cb2622ee600b00caa31f123cb,/home/latorresn/hyperion-results/final/campaigns/gpu/roofline_calibration_gpu_fp64_F3.json,0.0834103432116621,4.6473636179248725,memory_bound,rajaperf_stream,run,ok,,True,960,960,valid,1.0,4335,3363,0.5631332813717849,28883393067,1820826.0,True,0.0,8.891034880368982,34.098600841588144,7.0,0.0,100.0,19.0,1.0,0.0,2.9968290573652347,32.402870648992774,0.0,0.0,100.0,6.0,1.0,42800.0,44700.58547131738,27710.159110119817,310.0,39445.0,129228.0,86.0,1.0,960.0,960.0,0.0,0.0,960.0,960.0,1.0,1.0,28.0,28.528682617469013,0.9650575205417342,1.0,28.0,32.0,5.0,1.0,tmp/remote_gpu_runs_20260917/gpu/pacca_gpu_final_20260913__gpu_rajaperf_stream_triad__REF__gpuF3__rep03/training_gpu_phases.csv,,False
pacca_gpu_final_20260913__gpu_rajaperf_stream_triad__REF__gpuF4__rep01,1,gpu_rajaperf_stream_triad,pacca-a100,REF,F4,sha256:9268f559b6b1744c7649caf9ae23c7461cb73f9cb2622ee600b00caa31f123cb,/home/latorresn/hyperion-results/final/campaigns/gpu/roofline_calibration_gpu_fp64_F4.json,0.0834103432116621,3.847999914788036,memory_bound,rajaperf_stream,run,ok,,True,810,810,valid,1.0,4914,1566,0.7583333333333333,32839378818,1913958.0,True,0.0,9.748474059003051,34.927061807847,8.0,0.0,100.0,22.0,1.0,0.0,3.6963377416073246,33.06717759980105,0.0,0.0,100.0,6.0,1.0,40831.0,43601.72914547304,28345.39653052241,391.0,38059.0,126855.0,101.0,1.0,810.0,810.0,0.0,0.0,810.0,810.0,1.0,1.0,27.0,27.0618006103764,1.2439686970714934,2.0,26.0,30.0,5.0,1.0,tmp/remote_gpu_runs_20260917/gpu/pacca_gpu_final_20260913__gpu_rajaperf_stream_triad__REF__gpuF4__rep01/training_gpu_phases.csv,,False
pacca_gpu_final_20260913__gpu_rajaperf_stream_triad__REF__gpuF4__rep02,2,gpu_rajaperf_stream_triad,pacca-a100,REF,F4,sha256:9268f559b6b1744c7649caf9ae23c7461cb73f9cb2622ee600b00caa31f123cb,/home/latorresn/hyperion-results/final/campaigns/gpu/roofline_calibration_gpu_fp64_F4.json,0.0834103432116621,3.847999914788036,memory_bound,rajaperf_stream,run,ok,,True,810,810,valid,1.0,4806,2166,0.689328743545611,32874708707,1921625.0,True,0.0,8.769890795631825,33.7469865744136,8.0,0.0,100.0,20.0,1.0,0.0,2.9747789911596465,32.34486281599101,0.0,0.0,100.0,6.0,1.0,40928.0,42773.802132085286,27483.11251082269,391.0,37845.0,127029.0,98.0,1.0,810.0,810.0,0.0,0.0,810.0,810.0,1.0,1.0,27.0,27.49479979199168,0.909120378964883,1.0,27.0,31.0,5.0,1.0,tmp/remote_gpu_runs_20260917/gpu/pacca_gpu_final_20260913__gpu_rajaperf_stream_triad__REF__gpuF4__rep02/training_gpu_phases.csv,,False
pacca_gpu_final_20260913__gpu_rajaperf_stream_triad__REF__gpuF4__rep03,3,gpu_rajaperf_stream_triad,pacca-a100,REF,F4,sha256:9268f559b6b1744c7649caf9ae23c7461cb73f9cb2622ee600b00caa31f123cb,/home/latorresn/hyperion-results/final/campaigns/gpu/roofline_calibration_gpu_fp64_F4.json,0.0834103432116621,3.847999914788036,memory_bound,rajaperf_stream,run,ok,,True,810,810,valid,1.0,4806,1647,0.7447698744769874,32895016764,1919860.0,True,0.0,9.53458138325533,35.011154152193434,8.0,0.0,100.0,19.0,1.0,0.0,3.2386895475819037,32.672326498528584,0.0,0.0,100.0,6.0,1.0,40928.0,42760.8718148726,27333.07957547804,299.0,37952.0,126757.0,95.0,1.0,810.0,810.0,0.0,0.0,810.0,810.0,1.0,1.0,27.0,27.52938117524701,0.9485184588066404,1.0,27.0,31.0,5.0,1.0,tmp/remote_gpu_runs_20260917/gpu/pacca_gpu_final_20260913__gpu_rajaperf_stream_triad__REF__gpuF4__rep03/training_gpu_phases.csv,,False
pacca_gpu_final_20260913__gpu_rajaperf_stream_triad__REF__gpuF5__rep01,1,gpu_rajaperf_stream_triad,pacca-a100,REF,F5,sha256:9268f559b6b1744c7649caf9ae23c7461cb73f9cb2622ee600b00caa31f123cb,/home/latorresn/hyperion-results/final/campaigns/gpu/roofline_calibration_gpu_fp64_F5.json,0.0834103432116621,3.227383731801676,memory_bound,rajaperf_stream,run,ok,,True,660,660,valid,1.0,4710,1244,0.7910648303661404,37386161603,2031962.0,True,0.0,7.873142250530786,33.55848679556039,8.0,0.0,100.0,23.0,1.0,0.0,1.179936305732484,30.81697633229153,0.0,0.0,100.0,6.0,1.0,39044.0,39838.47399150743,26055.439925736777,316.0,36970.0,123571.0,99.0,1.0,660.0,660.0,0.0,0.0,660.0,660.0,1.0,1.0,27.0,26.608014861995752,0.9808146264315536,1.0,26.0,30.0,5.0,1.0,tmp/remote_gpu_runs_20260917/gpu/pacca_gpu_final_20260913__gpu_rajaperf_stream_triad__REF__gpuF5__rep01/training_gpu_phases.csv,,False
pacca_gpu_final_20260913__gpu_rajaperf_stream_triad__REF__gpuF5__rep02,2,gpu_rajaperf_stream_triad,pacca-a100,REF,F5,sha256:9268f559b6b1744c7649caf9ae23c7461cb73f9cb2622ee600b00caa31f123cb,/home/latorresn/hyperion-results/final/campaigns/gpu/roofline_calibration_gpu_fp64_F5.json,0.0834103432116621,3.227383731801676,memory_bound,rajaperf_stream,run,ok,,True,660,660,valid,1.0,4924,1252,0.7972797927461139,36811611532,2008894.0,True,0.0,10.71015228426396,35.38768755438084,9.0,0.0,100.0,25.0,1.0,0.0,4.052284263959391,33.6747100635922,0.0,0.0,100.0,5.0,1.0,39151.0,41657.32233502538,27335.118669201293,303.0,36471.0,122974.0,94.0,1.0,660.0,660.0,0.0,0.0,660.0,660.0,1.0,1.0,27.0,27.42005076142132,0.9057246823283164,1.0,27.0,30.0,4.0,1.0,tmp/remote_gpu_runs_20260917/gpu/pacca_gpu_final_20260913__gpu_rajaperf_stream_triad__REF__gpuF5__rep02/training_gpu_phases.csv,,False
pacca_gpu_final_20260913__gpu_rajaperf_stream_triad__REF__gpuF5__rep03,3,gpu_rajaperf_stream_triad,pacca-a100,REF,F5,sha256:9268f559b6b1744c7649caf9ae23c7461cb73f9cb2622ee600b00caa31f123cb,/home/latorresn/hyperion-results/final/campaigns/gpu/roofline_calibration_gpu_fp64_F5.json,0.0834103432116621,3.227383731801676,memory_bound,rajaperf_stream,run,ok,,True,660,660,valid,1.0,4980,1202,0.8055645422193465,36962236309,2023577.0,True,0.0,9.58082329317269,34.86765563702826,8.0,0.0,100.0,21.0,1.0,0.0,3.056726907630522,32.867209229338535,0.0,0.0,100.0,6.0,1.0,39337.0,41830.89708835341,27746.767290978296,278.0,37254.0,123961.0,80.0,1.0,660.0,660.0,0.0,0.0,660.0,660.0,1.0,1.0,28.0,27.663654618473892,1.0488628818611307,1.0,27.0,31.0,5.0,1.0,tmp/remote_gpu_runs_20260917/gpu/pacca_gpu_final_20260913__gpu_rajaperf_stream_triad__REF__gpuF5__rep03/training_gpu_phases.csv,,False
pacca_gpu_final_20260913__gpu_rajaperf_stream_triad__REF__gpuF6__rep01,1,gpu_rajaperf_stream_triad,pacca-a100,REF,F6,sha256:9268f559b6b1744c7649caf9ae23c7461cb73f9cb2622ee600b00caa31f123cb,/home/latorresn/hyperion-results/final/campaigns/gpu/roofline_calibration_gpu_fp64_F6.json,0.0834103432116621,2.537117986910783,memory_bound,rajaperf_stream,run,ok,,True,510,510,valid,1.0,5055,1164,0.8128316449589966,37631023144,1994874.0,True,0.0,12.56514215080346,36.85352055688983,10.0,0.0,100.0,22.0,1.0,0.0,5.490729295426452,34.739714571547,0.0,0.0,100.0,6.0,1.0,38138.0,42128.15253399259,28170.442491444115,405.0,36364.0,120113.0,105.0,1.0,510.0,510.0,0.0,0.0,510.0,510.0,1.0,1.0,27.0,26.801977750309025,1.1531208007057396,2.0,26.0,30.0,5.0,1.0,tmp/remote_gpu_runs_20260917/gpu/pacca_gpu_final_20260913__gpu_rajaperf_stream_triad__REF__gpuF6__rep01/training_gpu_phases.csv,,False
pacca_gpu_final_20260913__gpu_rajaperf_stream_triad__REF__gpuF6__rep02,2,gpu_rajaperf_stream_triad,pacca-a100,REF,F6,sha256:9268f559b6b1744c7649caf9ae23c7461cb73f9cb2622ee600b00caa31f123cb,/home/latorresn/hyperion-results/final/campaigns/gpu/roofline_calibration_gpu_fp64_F6.json,0.0834103432116621,2.537117986910783,memory_bound,rajaperf_stream,run,ok,,True,510,510,valid,1.0,4965,1188,0.8069234519746465,38184804503,2026684.0,True,0.0,11.586961993455828,36.26691810599056,10.0,0.0,100.0,23.0,1.0,0.0,4.933299773470929,34.334175073067314,0.0,0.0,100.0,5.0,1.0,38169.0,41449.16259753335,27896.93689650629,299.0,36569.0,121203.0,100.0,1.0,510.0,510.0,0.0,0.0,510.0,510.0,1.0,1.0,27.0,27.4492826579411,0.9447195553596526,1.0,27.0,30.0,4.0,1.0,tmp/remote_gpu_runs_20260917/gpu/pacca_gpu_final_20260913__gpu_rajaperf_stream_triad__REF__gpuF6__rep02/training_gpu_phases.csv,,False
pacca_gpu_final_20260913__gpu_rajaperf_stream_triad__REF__gpuF6__rep03,3,gpu_rajaperf_stream_triad,pacca-a100,REF,F6,sha256:9268f559b6b1744c7649caf9ae23c7461cb73f9cb2622ee600b00caa31f123cb,/home/latorresn/hyperion-results/final/campaigns/gpu/roofline_calibration_gpu_fp64_F6.json,0.0834103432116621,2.537117986910783,memory_bound,rajaperf_stream,run,ok,,True,510,510,valid,1.0,5100,1177,0.8124900430141787,38096335065,2018217.0,True,0.0,12.83186274509804,37.223154627812974,10.0,0.0,100.0,23.0,1.0,0.0,6.467892156862745,35.64218704117349,0.0,0.0,100.0,6.0,1.0,38160.0,42563.44019607843,28510.38780768281,387.0,36863.0,120308.0,105.0,1.0,510.0,510.0,0.0,0.0,510.0,510.0,1.0,1.0,27.0,27.45122549019608,0.9282874601178562,1.0,27.0,30.0,4.0,1.0,tmp/remote_gpu_runs_20260917/gpu/pacca_gpu_final_20260913__gpu_rajaperf_stream_triad__REF__gpuF6__rep03/training_gpu_phases.csv,,False
pacca_gpu_final_20260913__gpu_rajaperf_stream_triad__REF__gpuF7__rep01,1,gpu_rajaperf_stream_triad,pacca-a100,REF,F7,sha256:9268f559b6b1744c7649caf9ae23c7461cb73f9cb2622ee600b00caa31f123cb,/home/latorresn/hyperion-results/final/campaigns/gpu/roofline_calibration_gpu_fp64_F7.json,0.0834103432116621,1.7704004001452782,memory_bound,rajaperf_stream,run,ok,,True,360,360,valid,1.0,5393,1189,0.8193558189000304,38044587061,1982017.0,True,0.0,16.33371958285052,39.11852656748015,17.0,0.0,100.0,24.0,1.0,0.0,9.455156431054462,37.61733872586197,0.0,0.0,100.0,6.0,1.0,36976.0,44206.65492468135,30336.980798503755,392.0,35969.0,118078.0,98.0,1.0,360.0,360.0,0.0,0.0,360.0,360.0,1.0,1.0,26.0,26.599304750869063,0.9833981503850496,1.0,26.0,29.0,4.0,1.0,tmp/remote_gpu_runs_20260917/gpu/pacca_gpu_final_20260913__gpu_rajaperf_stream_triad__REF__gpuF7__rep01/training_gpu_phases.csv,,False
pacca_gpu_final_20260913__gpu_rajaperf_stream_triad__REF__gpuF7__rep02,2,gpu_rajaperf_stream_triad,pacca-a100,REF,F7,sha256:9268f559b6b1744c7649caf9ae23c7461cb73f9cb2622ee600b00caa31f123cb,/home/latorresn/hyperion-results/final/campaigns/gpu/roofline_calibration_gpu_fp64_F7.json,0.0834103432116621,1.7704004001452782,memory_bound,rajaperf_stream,run,ok,,True,360,360,valid,1.0,4841,1225,0.7980547312891526,38225889240,1999110.0,True,0.0,13.04879938032533,37.19039193881322,10.0,0.0,100.0,24.0,1.0,0.0,6.333075135553834,35.59457135790854,0.0,0.0,100.0,5.0,1.0,37246.0,41753.100955331785,28318.66124623186,311.0,35782.0,118274.0,100.0,1.0,360.0,360.0,0.0,0.0,360.0,360.0,1.0,1.0,27.0,27.38316550477666,0.9270116322643224,1.0,27.0,30.0,4.0,1.0,tmp/remote_gpu_runs_20260917/gpu/pacca_gpu_final_20260913__gpu_rajaperf_stream_triad__REF__gpuF7__rep02/training_gpu_phases.csv,,False
pacca_gpu_final_20260913__gpu_rajaperf_stream_triad__REF__gpuF7__rep03,3,gpu_rajaperf_stream_triad,pacca-a100,REF,F7,sha256:9268f559b6b1744c7649caf9ae23c7461cb73f9cb2622ee600b00caa31f123cb,/home/latorresn/hyperion-results/final/campaigns/gpu/roofline_calibration_gpu_fp64_F7.json,0.0834103432116621,1.7704004001452782,memory_bound,rajaperf_stream,run,ok,,True,360,360,valid,1.0,4837,1167,0.8056295802798135,38345790845,2000840.0,True,0.0,11.99199173340222,36.82148054408453,10.0,0.0,100.0,22.0,1.0,0.0,5.464221131490571,34.73582152039799,0.0,0.0,100.0,6.0,1.0,37172.0,41575.45027124774,28227.203617438387,293.0,35565.0,118279.0,95.0,1.0,360.0,360.0,0.0,0.0,360.0,360.0,1.0,1.0,27.0,27.26039783001808,0.991784001966454,1.0,26.0,30.0,5.0,1.0,tmp/remote_gpu_runs_20260917/gpu/pacca_gpu_final_20260913__gpu_rajaperf_stream_triad__REF__gpuF7__rep03/training_gpu_phases.csv,,False
pacca_gpu_final_20260913__gpu_rajaperf_stream_triad__REF__gpuF8__rep01,1,gpu_rajaperf_stream_triad,pacca-a100,REF,F8,sha256:9268f559b6b1744c7649caf9ae23c7461cb73f9cb2622ee600b00caa31f123cb,/home/latorresn/hyperion-results/final/campaigns/gpu/roofline_calibration_gpu_fp64_F8.json,0.0834103432116621,1.3515565388833937,memory_bound,rajaperf_stream,run,ok,,True,210,210,valid,1.0,5589,1206,0.8225165562913908,41340651494,2117181.0,True,0.0,20.337133914598702,41.674680359305206,50.0,0.0,100.0,22.0,1.0,0.0,11.656606304493629,32.71125472297364,1.0,0.0,80.0,6.0,1.0,36863.0,45594.14755197854,25199.30928746305,679.0,36067.0,98627.0,87.0,1.0,210.0,210.0,0.0,0.0,210.0,210.0,1.0,1.0,30.0,30.38721216186005,0.8691148483195063,1.0,29.0,32.0,4.0,1.0,tmp/remote_gpu_runs_20260917/gpu/pacca_gpu_final_20260913__gpu_rajaperf_stream_triad__REF__gpuF8__rep01/training_gpu_phases.csv,,False
pacca_gpu_final_20260913__gpu_rajaperf_stream_triad__REF__gpuF8__rep02,2,gpu_rajaperf_stream_triad,pacca-a100,REF,F8,sha256:9268f559b6b1744c7649caf9ae23c7461cb73f9cb2622ee600b00caa31f123cb,/home/latorresn/hyperion-results/final/campaigns/gpu/roofline_calibration_gpu_fp64_F8.json,0.0834103432116621,1.3515565388833937,memory_bound,rajaperf_stream,run,ok,,True,210,210,valid,1.0,5223,1180,0.8157113852881461,40623517306,2082719.0,True,0.0,19.80928451782723,41.56093226501355,42.0,0.0,100.0,19.0,1.0,0.0,11.25963149078727,32.48376344806439,1.0,0.0,80.0,6.0,1.0,36388.0,44927.10361330462,25456.23599640132,683.0,35675.0,99518.0,81.0,1.0,210.0,210.0,0.0,0.0,210.0,210.0,1.0,1.0,28.0,27.65829145728643,0.9768703507310644,1.0,27.0,30.0,4.0,1.0,tmp/remote_gpu_runs_20260917/gpu/pacca_gpu_final_20260913__gpu_rajaperf_stream_triad__REF__gpuF8__rep02/training_gpu_phases.csv,,False
pacca_gpu_final_20260913__gpu_rajaperf_stream_triad__REF__gpuF8__rep03,3,gpu_rajaperf_stream_triad,pacca-a100,REF,F8,sha256:9268f559b6b1744c7649caf9ae23c7461cb73f9cb2622ee600b00caa31f123cb,/home/latorresn/hyperion-results/final/campaigns/gpu/roofline_calibration_gpu_fp64_F8.json,0.0834103432116621,1.3515565388833937,memory_bound,rajaperf_stream,run,ok,,True,210,210,valid,1.0,5468,1244,0.8146603098927294,40702519280,2091459.0,True,0.0,19.41156307129799,41.24447768827382,41.0,0.0,100.0,22.0,1.0,0.0,11.360603290676416,32.50150217433991,1.0,0.0,80.0,6.0,1.0,36388.0,45310.64648080439,25688.84391549631,692.0,35577.0,99615.0,87.0,1.0,210.0,210.0,0.0,0.0,210.0,210.0,1.0,1.0,27.0,27.628427787934186,0.9685926530860308,1.0,27.0,30.0,4.0,1.0,tmp/remote_gpu_runs_20260917/gpu/pacca_gpu_final_20260913__gpu_rajaperf_stream_triad__REF__gpuF8__rep03/training_gpu_phases.csv,,False
pacca_gpu_final_20260913__gpu_rajaperf_stream_triad__REF__gpuREF__rep01,1,gpu_rajaperf_stream_triad,pacca-a100,REF,REF,sha256:9268f559b6b1744c7649caf9ae23c7461cb73f9cb2622ee600b00caa31f123cb,/home/latorresn/hyperion-results/final/campaigns/gpu/roofline_calibration_gpu_fp64_REF.json,0.0834103432116621,6.898376612287448,memory_bound,rajaperf_stream,run,ok,,True,,,not_applicable_native,,3365,5131,0.3960687382297552,20983733436,2198698.0,True,1.0,28.642034905310062,44.307902392784925,100.0,0.0,100.0,15.0,1.0,0.0,23.14630523579651,44.67747045864058,100.0,0.0,100.0,7.0,1.0,65858.0,92425.59598960268,52944.68704415511,116208.0,58647.0,185309.0,134.0,1.0,1410.0,1410.0,0.0,0.0,1410.0,1410.0,1.0,1.0,32.0,32.15893056071296,1.968830053821596,4.0,30.0,36.0,7.0,1.0,tmp/remote_gpu_runs_20260917/gpu/pacca_gpu_final_20260913__gpu_rajaperf_stream_triad__REF__gpuREF__rep01/training_gpu_phases.csv,,True
pacca_gpu_final_20260913__gpu_rajaperf_stream_triad__REF__gpuREF__rep02,2,gpu_rajaperf_stream_triad,pacca-a100,REF,REF,sha256:9268f559b6b1744c7649caf9ae23c7461cb73f9cb2622ee600b00caa31f123cb,/home/latorresn/hyperion-results/final/campaigns/gpu/roofline_calibration_gpu_fp64_REF.json,0.0834103432116621,6.898376612287448,memory_bound,rajaperf_stream,run,ok,,True,,,not_applicable_native,,3358,5152,0.3945945945945946,20901467071,2216561.0,True,3.0,28.574776785714285,44.29811649745689,100.0,0.0,100.0,18.0,1.0,0.0,23.084449404761905,44.92359544989619,100.0,0.0,100.0,5.0,1.0,67037.0,93114.86272321428,52300.025758745694,116403.0,60725.0,185393.0,145.0,1.0,1410.0,1410.0,0.0,0.0,1410.0,1410.0,1.0,1.0,36.0,36.58444940476191,1.8730009957936171,3.0,34.0,41.0,8.0,1.0,tmp/remote_gpu_runs_20260917/gpu/pacca_gpu_final_20260913__gpu_rajaperf_stream_triad__REF__gpuREF__rep02/training_gpu_phases.csv,,True
pacca_gpu_final_20260913__gpu_rajaperf_stream_triad__REF__gpuREF__rep03,3,gpu_rajaperf_stream_triad,pacca-a100,REF,REF,sha256:9268f559b6b1744c7649caf9ae23c7461cb73f9cb2622ee600b00caa31f123cb,/home/latorresn/hyperion-results/final/campaigns/gpu/roofline_calibration_gpu_fp64_REF.json,0.0834103432116621,6.898376612287448,memory_bound,rajaperf_stream,run,ok,,True,,,not_applicable_native,,3238,5165,0.385338569558491,20928811532,2199866.0,True,2.0,27.953317901234566,43.74351922339583,100.0,0.0,100.0,19.0,1.0,0.0,22.327546296296298,44.52948217397149,100.0,0.0,100.0,5.0,1.0,66438.0,89723.19637345678,51453.49467697762,116011.0,62112.0,185491.0,137.0,1.0,1410.0,1410.0,0.0,0.0,1410.0,1410.0,1.0,1.0,33.0,32.97492283950617,1.8303252896493707,3.0,31.0,37.0,7.0,1.0,tmp/remote_gpu_runs_20260917/gpu/pacca_gpu_final_20260913__gpu_rajaperf_stream_triad__REF__gpuREF__rep03/training_gpu_phases.csv,,True
pacca_gpu_final_20260913__rodinia_gaussian__REF__gpuF0__rep01,1,rodinia_gaussian,pacca-a100,REF,F0,sha256:396a0777118b360442f2987f8b5447fcd4eac60c4f94500892c82dd79d29677d,/home/latorresn/hyperion-results/final/campaigns/gpu/roofline_calibration_gpu_fp32_F0.json,0.2814030971031564,14.851588633155291,memory_bound,rodinia_gaussian,run,ok,,True,1410,1410,valid,1.0,650,1228,0.3461128860489882,3654317863,296822.0,True,69.0,69.01538461538462,0.6936465685997303,0.0,60.0,70.0,3.0,1.0,0.0,1.0826923076923076,2.0370044139000854,3.0,0.0,7.0,8.0,1.0,79189.5,81645.1326923077,9590.525237058366,14245.0,68820.0,103579.0,35.0,1.0,1410.0,1410.0,0.0,0.0,1410.0,1410.0,1.0,1.0,32.0,32.0,0.3374249861847401,0.0,31.0,33.0,3.0,1.0,tmp/remote_gpu_runs_20260917/gpu/pacca_gpu_final_20260913__rodinia_gaussian__REF__gpuF0__rep01/training_gpu_phases.csv,,True
pacca_gpu_final_20260913__rodinia_gaussian__REF__gpuF0__rep02,2,rodinia_gaussian,pacca-a100,REF,F0,sha256:396a0777118b360442f2987f8b5447fcd4eac60c4f94500892c82dd79d29677d,/home/latorresn/hyperion-results/final/campaigns/gpu/roofline_calibration_gpu_fp32_F0.json,0.2814030971031564,14.851588633155291,memory_bound,rodinia_gaussian,run,ok,,True,1410,1410,valid,1.0,665,1235,0.35,3722666744,302326.0,True,69.0,69.08067542213884,6.42235833953662,0.0,21.0,70.0,3.0,1.0,0.0,0.8461538461538461,1.9229020128582444,2.0,0.0,6.0,7.0,1.0,78585.0,81182.24953095685,9395.04000558924,13207.0,68528.0,102744.0,37.0,1.0,1410.0,1410.0,0.0,0.0,1410.0,1410.0,1.0,1.0,32.0,32.08818011257036,0.4487052749480305,0.0,31.0,33.0,3.0,1.0,tmp/remote_gpu_runs_20260917/gpu/pacca_gpu_final_20260913__rodinia_gaussian__REF__gpuF0__rep02/training_gpu_phases.csv,,True
pacca_gpu_final_20260913__rodinia_gaussian__REF__gpuF0__rep03,3,rodinia_gaussian,pacca-a100,REF,F0,sha256:396a0777118b360442f2987f8b5447fcd4eac60c4f94500892c82dd79d29677d,/home/latorresn/hyperion-results/final/campaigns/gpu/roofline_calibration_gpu_fp32_F0.json,0.2814030971031564,14.851588633155291,memory_bound,rodinia_gaussian,run,ok,,True,1410,1410,valid,1.0,665,1237,0.3496319663512092,3704414803,297302.0,True,69.0,69.10881801125704,0.3894823931444223,0.0,69.0,70.0,2.0,1.0,0.0,1.1088180112570356,2.0889193733460947,3.0,0.0,6.0,7.0,1.0,77498.0,80132.14821763603,9832.280201176996,16057.0,67056.0,103873.0,37.0,1.0,1410.0,1410.0,0.0,0.0,1410.0,1410.0,1.0,1.0,29.0,29.0,0.1532359603351229,0.0,29.0,30.0,2.0,1.0,tmp/remote_gpu_runs_20260917/gpu/pacca_gpu_final_20260913__rodinia_gaussian__REF__gpuF0__rep03/training_gpu_phases.csv,,True
pacca_gpu_final_20260913__rodinia_gaussian__REF__gpuF1__rep01,1,rodinia_gaussian,pacca-a100,REF,F1,sha256:396a0777118b360442f2987f8b5447fcd4eac60c4f94500892c82dd79d29677d,/home/latorresn/hyperion-results/final/campaigns/gpu/roofline_calibration_gpu_fp32_F1.json,0.2814030971031564,13.307795320164685,memory_bound,rodinia_gaussian,run,ok,,True,1260,1260,valid,1.0,787,1155,0.4052523171987641,4389855984,282144.0,True,72.0,71.52614896988906,9.956198461195482,1.0,5.0,72.0,4.0,1.0,0.0,0.9556259904912836,2.008827426230692,2.0,0.0,7.0,8.0,1.0,61323.0,63511.29952456419,7955.017445934193,11659.0,53905.0,83943.0,43.0,1.0,1260.0,1260.0,0.0,0.0,1260.0,1260.0,1.0,1.0,30.0,30.29793977812995,0.4730259293126629,1.0,30.0,31.0,2.0,1.0,tmp/remote_gpu_runs_20260917/gpu/pacca_gpu_final_20260913__rodinia_gaussian__REF__gpuF1__rep01/training_gpu_phases.csv,,True
pacca_gpu_final_20260913__rodinia_gaussian__REF__gpuF1__rep02,2,rodinia_gaussian,pacca-a100,REF,F1,sha256:396a0777118b360442f2987f8b5447fcd4eac60c4f94500892c82dd79d29677d,/home/latorresn/hyperion-results/final/campaigns/gpu/roofline_calibration_gpu_fp32_F1.json,0.2814030971031564,13.307795320164685,memory_bound,rodinia_gaussian,run,ok,,True,1260,1260,valid,1.0,779,1183,0.3970438328236493,4362499125,281747.0,True,71.0,71.4576,11.459390910550248,1.0,1.0,72.0,4.0,1.0,0.0,1.136,2.119882550297283,3.0,0.0,6.0,7.0,1.0,61519.0,63713.8736,7936.679061268032,12079.0,52707.0,81758.0,43.0,1.0,1260.0,1260.0,0.0,0.0,1260.0,1260.0,1.0,1.0,30.0,30.4288,0.4967260707604951,1.0,30.0,31.0,2.0,1.0,tmp/remote_gpu_runs_20260917/gpu/pacca_gpu_final_20260913__rodinia_gaussian__REF__gpuF1__rep02/training_gpu_phases.csv,,True
pacca_gpu_final_20260913__rodinia_gaussian__REF__gpuF1__rep03,3,rodinia_gaussian,pacca-a100,REF,F1,sha256:396a0777118b360442f2987f8b5447fcd4eac60c4f94500892c82dd79d29677d,/home/latorresn/hyperion-results/final/campaigns/gpu/roofline_calibration_gpu_fp32_F1.json,0.2814030971031564,13.307795320164685,memory_bound,rodinia_gaussian,run,ok,,True,1260,1260,valid,1.0,770,1086,0.4148706896551724,4313781575,283605.0,True,71.0,71.0,8.723168967905979,0.0,1.0,72.0,4.0,1.0,0.0,0.8782467532467533,1.9139354558064408,2.0,0.0,6.0,7.0,1.0,63316.0,65403.20292207792,7547.1716845674655,11312.5,55690.0,82759.0,40.0,1.0,1260.0,1260.0,0.0,0.0,1260.0,1260.0,1.0,1.0,37.0,36.701298701298704,0.4733565812656379,1.0,36.0,37.0,2.0,1.0,tmp/remote_gpu_runs_20260917/gpu/pacca_gpu_final_20260913__rodinia_gaussian__REF__gpuF1__rep03/training_gpu_phases.csv,,True
pacca_gpu_final_20260913__rodinia_gaussian__REF__gpuF2__rep01,1,rodinia_gaussian,pacca-a100,REF,F2,sha256:396a0777118b360442f2987f8b5447fcd4eac60c4f94500892c82dd79d29677d,/home/latorresn/hyperion-results/final/campaigns/gpu/roofline_calibration_gpu_fp32_F2.json,0.2814030971031564,11.704977447070137,memory_bound,rodinia_gaussian,run,ok,,True,1110,1110,valid,1.0,919,1054,0.4657881398884946,5104431464,277403.0,True,74.0,73.72727272727273,10.758781681167276,1.0,0.0,75.0,5.0,1.0,0.0,1.016282225237449,2.0277025161760096,3.0,0.0,7.0,8.0,1.0,52610.0,54107.08005427408,6523.028691410652,10685.0,46385.0,69522.0,48.0,1.0,1110.0,1110.0,0.0,0.0,1110.0,1110.0,1.0,1.0,28.0,28.120759837177747,0.3968651468664925,0.0,28.0,29.0,2.0,1.0,tmp/remote_gpu_runs_20260917/gpu/pacca_gpu_final_20260913__rodinia_gaussian__REF__gpuF2__rep01/training_gpu_phases.csv,,True
pacca_gpu_final_20260913__rodinia_gaussian__REF__gpuF2__rep02,2,rodinia_gaussian,pacca-a100,REF,F2,sha256:396a0777118b360442f2987f8b5447fcd4eac60c4f94500892c82dd79d29677d,/home/latorresn/hyperion-results/final/campaigns/gpu/roofline_calibration_gpu_fp32_F2.json,0.2814030971031564,11.704977447070137,memory_bound,rodinia_gaussian,run,ok,,True,1110,1110,valid,1.0,915,1099,0.4543197616683218,5126591105,280591.0,True,73.0,73.42019099590723,6.469430639694312,1.0,0.0,74.0,4.0,1.0,0.0,1.1869031377899044,2.103321208542224,3.0,0.0,7.0,8.0,1.0,52929.0,54488.56480218281,6416.902867960068,9567.5,46759.0,71294.0,51.0,1.0,1110.0,1110.0,0.0,0.0,1110.0,1110.0,1.0,1.0,31.0,30.824010914051843,0.4273489572899936,0.0,30.0,31.0,2.0,1.0,tmp/remote_gpu_runs_20260917/gpu/pacca_gpu_final_20260913__rodinia_gaussian__REF__gpuF2__rep02/training_gpu_phases.csv,,True
pacca_gpu_final_20260913__rodinia_gaussian__REF__gpuF2__rep03,3,rodinia_gaussian,pacca-a100,REF,F2,sha256:396a0777118b360442f2987f8b5447fcd4eac60c4f94500892c82dd79d29677d,/home/latorresn/hyperion-results/final/campaigns/gpu/roofline_calibration_gpu_fp32_F2.json,0.2814030971031564,11.704977447070137,memory_bound,rodinia_gaussian,run,ok,,True,1110,1110,valid,1.0,927,1126,0.4515343399902581,5083056460,273032.0,True,74.0,74.0,14.298787536950549,0.0,1.0,74.0,3.0,1.0,0.0,0.9407806191117092,1.908957222638188,2.0,0.0,6.0,7.0,1.0,52109.0,53815.14939434724,6604.343154270111,9803.0,46288.0,69719.0,49.0,1.0,1110.0,1110.0,0.0,0.0,1110.0,1110.0,1.0,1.0,28.0,28.449528936742933,0.4983608619954602,1.0,28.0,29.0,2.0,1.0,tmp/remote_gpu_runs_20260917/gpu/pacca_gpu_final_20260913__rodinia_gaussian__REF__gpuF2__rep03/training_gpu_phases.csv,,True
pacca_gpu_final_20260913__rodinia_gaussian__REF__gpuF3__rep01,1,rodinia_gaussian,pacca-a100,REF,F3,sha256:396a0777118b360442f2987f8b5447fcd4eac60c4f94500892c82dd79d29677d,/home/latorresn/hyperion-results/final/campaigns/gpu/roofline_calibration_gpu_fp32_F3.json,0.2814030971031564,10.067234210878288,memory_bound,rodinia_gaussian,run,ok,,True,960,960,valid,1.0,1068,951,0.5289747399702823,6048260294,308759.0,True,76.0,76.0,14.76755573266368,0.0,0.0,77.0,4.0,1.0,0.0,1.0595794392523366,2.014040155518187,3.0,0.0,7.0,8.0,1.0,48869.0,50543.43107476636,6128.12678152201,8412.0,43901.0,66535.0,55.0,1.0,960.0,960.0,0.0,0.0,960.0,960.0,1.0,1.0,34.0,33.96495327102804,0.5203331036333179,0.0,33.0,35.0,3.0,1.0,tmp/remote_gpu_runs_20260917/gpu/pacca_gpu_final_20260913__rodinia_gaussian__REF__gpuF3__rep01/training_gpu_phases.csv,,False
pacca_gpu_final_20260913__rodinia_gaussian__REF__gpuF3__rep02,2,rodinia_gaussian,pacca-a100,REF,F3,sha256:396a0777118b360442f2987f8b5447fcd4eac60c4f94500892c82dd79d29677d,/home/latorresn/hyperion-results/final/campaigns/gpu/roofline_calibration_gpu_fp32_F3.json,0.2814030971031564,10.067234210878288,memory_bound,rodinia_gaussian,run,ok,,True,960,960,valid,1.0,1059,649,0.620023419203747,6005341146,298144.0,True,76.0,76.0,14.126059853262394,0.0,0.0,77.0,4.0,1.0,0.0,0.967020023557126,1.9962183849157444,3.0,0.0,6.0,7.0,1.0,47352.0,48893.86572438163,6119.280748272836,9018.5,41320.0,64978.0,55.0,1.0,960.0,960.0,0.0,0.0,960.0,960.0,1.0,1.0,27.0,26.575971731448764,0.4962765321469579,1.0,26.0,27.0,2.0,1.0,tmp/remote_gpu_runs_20260917/gpu/pacca_gpu_final_20260913__rodinia_gaussian__REF__gpuF3__rep02/training_gpu_phases.csv,,False
pacca_gpu_final_20260913__rodinia_gaussian__REF__gpuF3__rep03,3,rodinia_gaussian,pacca-a100,REF,F3,sha256:396a0777118b360442f2987f8b5447fcd4eac60c4f94500892c82dd79d29677d,/home/latorresn/hyperion-results/final/campaigns/gpu/roofline_calibration_gpu_fp32_F3.json,0.2814030971031564,10.067234210878288,memory_bound,rodinia_gaussian,run,ok,,True,960,960,valid,1.0,1083,745,0.5924507658643327,6019024770,298994.0,True,76.0,76.0,13.238758244256712,0.0,0.0,77.0,4.0,1.0,0.0,1.0841983852364476,2.0200299090854434,3.0,0.0,7.0,8.0,1.0,47279.0,49070.64475201845,6123.79947221414,8425.0,42409.0,64092.0,56.0,1.0,960.0,960.0,0.0,0.0,960.0,960.0,1.0,1.0,27.0,27.0,0.2828862367824052,0.0,26.0,27.0,2.0,1.0,tmp/remote_gpu_runs_20260917/gpu/pacca_gpu_final_20260913__rodinia_gaussian__REF__gpuF3__rep03/training_gpu_phases.csv,,False
pacca_gpu_final_20260913__rodinia_gaussian__REF__gpuF4__rep01,1,rodinia_gaussian,pacca-a100,REF,F4,sha256:396a0777118b360442f2987f8b5447fcd4eac60c4f94500892c82dd79d29677d,/home/latorresn/hyperion-results/final/campaigns/gpu/roofline_calibration_gpu_fp32_F4.json,0.2814030971031564,8.33561088234657,memory_bound,rodinia_gaussian,run,ok,,True,810,810,valid,1.0,1167,502,0.6992210904733374,7107217212,340098.0,True,79.0,78.94652406417113,19.082091996358105,0.0,0.0,80.0,5.0,1.0,0.0,0.8545454545454545,1.928675505250513,2.0,0.0,6.0,7.0,1.0,45101.0,46787.88021390374,5877.81833075677,8708.0,39445.0,61807.0,61.0,1.0,810.0,810.0,0.0,0.0,810.0,810.0,1.0,1.0,27.0,27.0,0.0,0.0,27.0,27.0,1.0,1.0,tmp/remote_gpu_runs_20260917/gpu/pacca_gpu_final_20260913__rodinia_gaussian__REF__gpuF4__rep01/training_gpu_phases.csv,,False
pacca_gpu_final_20260913__rodinia_gaussian__REF__gpuF4__rep02,2,rodinia_gaussian,pacca-a100,REF,F4,sha256:396a0777118b360442f2987f8b5447fcd4eac60c4f94500892c82dd79d29677d,/home/latorresn/hyperion-results/final/campaigns/gpu/roofline_calibration_gpu_fp32_F4.json,0.2814030971031564,8.33561088234657,memory_bound,rodinia_gaussian,run,ok,,True,810,810,valid,1.0,1176,494,0.704191616766467,7170339591,339324.0,True,79.0,79.0,16.724005127876456,0.0,0.0,80.0,5.0,1.0,0.0,0.9723991507430998,1.8946394967678568,3.0,0.0,6.0,7.0,1.0,45089.0,46814.68577494692,5883.791255306413,8806.0,40635.0,62096.0,62.0,1.0,810.0,810.0,0.0,0.0,810.0,810.0,1.0,1.0,26.0,26.356687898089174,0.4866435010623241,1.0,26.0,27.0,2.0,1.0,tmp/remote_gpu_runs_20260917/gpu/pacca_gpu_final_20260913__rodinia_gaussian__REF__gpuF4__rep02/training_gpu_phases.csv,,False
pacca_gpu_final_20260913__rodinia_gaussian__REF__gpuF4__rep03,3,rodinia_gaussian,pacca-a100,REF,F4,sha256:396a0777118b360442f2987f8b5447fcd4eac60c4f94500892c82dd79d29677d,/home/latorresn/hyperion-results/final/campaigns/gpu/roofline_calibration_gpu_fp32_F4.json,0.2814030971031564,8.33561088234657,memory_bound,rodinia_gaussian,run,ok,,True,810,810,valid,1.0,1160,500,0.6987951807228916,7143941935,338730.0,True,79.0,78.875,17.903317416735245,0.0,0.0,79.0,5.0,1.0,0.0,0.9375,1.844101532924242,3.0,0.0,6.0,7.0,1.0,45187.0,46690.94288793104,5731.704144647709,8331.0,39827.0,62228.0,64.0,1.0,810.0,810.0,0.0,0.0,810.0,810.0,1.0,1.0,27.0,26.64439655172414,0.486472781298317,1.0,26.0,27.0,2.0,1.0,tmp/remote_gpu_runs_20260917/gpu/pacca_gpu_final_20260913__rodinia_gaussian__REF__gpuF4__rep03/training_gpu_phases.csv,,False
pacca_gpu_final_20260913__rodinia_gaussian__REF__gpuF5__rep01,1,rodinia_gaussian,pacca-a100,REF,F5,sha256:396a0777118b360442f2987f8b5447fcd4eac60c4f94500892c82dd79d29677d,/home/latorresn/hyperion-results/final/campaigns/gpu/roofline_calibration_gpu_fp32_F5.json,0.2814030971031564,6.991213748358955,memory_bound,rodinia_gaussian,run,ok,,True,660,660,valid,1.0,1252,430,0.7443519619500595,8711565084,389422.0,True,82.0,82.11377245508982,20.2974452404383,0.0,0.0,83.0,5.0,1.0,0.0,0.8882235528942116,1.7184727070617376,2.0,0.0,5.0,6.0,1.0,42910.0,44521.66367265469,5365.807469506493,8430.0,38469.0,57753.0,72.0,1.0,660.0,660.0,0.0,0.0,660.0,660.0,1.0,1.0,26.0,26.0,0.0,0.0,26.0,26.0,1.0,1.0,tmp/remote_gpu_runs_20260917/gpu/pacca_gpu_final_20260913__rodinia_gaussian__REF__gpuF5__rep01/training_gpu_phases.csv,,False
pacca_gpu_final_20260913__rodinia_gaussian__REF__gpuF5__rep02,2,rodinia_gaussian,pacca-a100,REF,F5,sha256:396a0777118b360442f2987f8b5447fcd4eac60c4f94500892c82dd79d29677d,/home/latorresn/hyperion-results/final/campaigns/gpu/roofline_calibration_gpu_fp32_F5.json,0.2814030971031564,6.991213748358955,memory_bound,rodinia_gaussian,run,ok,,True,660,660,valid,1.0,1250,432,0.7431629013079667,8754484027,399930.0,True,82.0,82.0,19.422828696150308,0.0,0.0,83.0,6.0,1.0,0.0,0.897,1.6857784433311152,2.0,0.0,5.0,6.0,1.0,43510.0,45101.17,5423.581740943024,8498.0,38273.0,58662.0,77.0,1.0,660.0,660.0,0.0,0.0,660.0,660.0,1.0,1.0,29.0,28.668,0.4815980066403972,1.0,28.0,29.0,2.0,1.0,tmp/remote_gpu_runs_20260917/gpu/pacca_gpu_final_20260913__rodinia_gaussian__REF__gpuF5__rep02/training_gpu_phases.csv,,False
pacca_gpu_final_20260913__rodinia_gaussian__REF__gpuF5__rep03,3,rodinia_gaussian,pacca-a100,REF,F5,sha256:396a0777118b360442f2987f8b5447fcd4eac60c4f94500892c82dd79d29677d,/home/latorresn/hyperion-results/final/campaigns/gpu/roofline_calibration_gpu_fp32_F5.json,0.2814030971031564,6.991213748358955,memory_bound,rodinia_gaussian,run,ok,,True,660,660,valid,1.0,1240,428,0.7434052757793765,8734825554,390248.0,True,82.0,82.0241935483871,20.58620709301709,0.0,0.0,83.0,5.0,1.0,0.0,0.9445564516129032,1.768097297693333,3.0,0.0,5.0,6.0,1.0,42910.0,44527.61592741936,5408.911216244226,8192.0,38747.0,57558.0,74.0,1.0,660.0,660.0,0.0,0.0,660.0,660.0,1.0,1.0,26.0,26.0,0.0,0.0,26.0,26.0,1.0,1.0,tmp/remote_gpu_runs_20260917/gpu/pacca_gpu_final_20260913__rodinia_gaussian__REF__gpuF5__rep03/training_gpu_phases.csv,,False
pacca_gpu_final_20260913__rodinia_gaussian__REF__gpuF6__rep01,1,rodinia_gaussian,pacca-a100,REF,F6,sha256:396a0777118b360442f2987f8b5447fcd4eac60c4f94500892c82dd79d29677d,/home/latorresn/hyperion-results/final/campaigns/gpu/roofline_calibration_gpu_fp32_F6.json,0.2814030971031564,5.496103380242978,memory_bound,rodinia_gaussian,run,ok,,True,510,510,valid,1.0,1463,424,0.775304716481187,10524276287,453563.0,True,85.0,85.38257899231427,17.86012217147584,1.0,0.0,86.0,5.0,1.0,0.0,0.7796754910333049,1.3966385260280147,2.0,0.0,4.0,5.0,1.0,41418.0,42824.22459436379,4595.783023954811,7038.0,37958.0,53906.0,89.0,1.0,510.0,510.0,0.0,0.0,510.0,510.0,1.0,1.0,27.0,27.0,0.0,0.0,27.0,27.0,1.0,1.0,tmp/remote_gpu_runs_20260917/gpu/pacca_gpu_final_20260913__rodinia_gaussian__REF__gpuF6__rep01/training_gpu_phases.csv,,False
pacca_gpu_final_20260913__rodinia_gaussian__REF__gpuF6__rep02,2,rodinia_gaussian,pacca-a100,REF,F6,sha256:396a0777118b360442f2987f8b5447fcd4eac60c4f94500892c82dd79d29677d,/home/latorresn/hyperion-results/final/campaigns/gpu/roofline_calibration_gpu_fp32_F6.json,0.2814030971031564,5.496103380242978,memory_bound,rodinia_gaussian,run,ok,,True,510,510,valid,1.0,1474,422,0.7774261603375527,10569878408,461180.0,True,85.0,85.01864406779661,17.9528653069447,0.0,0.0,86.0,5.0,1.0,0.0,0.809322033898305,1.4204057688216916,2.0,0.0,4.0,5.0,1.0,41723.0,43148.57457627119,4656.151768166242,6645.25,38166.0,54911.0,90.0,1.0,510.0,510.0,0.0,0.0,510.0,510.0,1.0,1.0,28.0,28.26864406779661,0.4644320620938096,1.0,28.0,29.0,2.0,1.0,tmp/remote_gpu_runs_20260917/gpu/pacca_gpu_final_20260913__rodinia_gaussian__REF__gpuF6__rep02/training_gpu_phases.csv,,False
pacca_gpu_final_20260913__rodinia_gaussian__REF__gpuF6__rep03,3,rodinia_gaussian,pacca-a100,REF,F6,sha256:396a0777118b360442f2987f8b5447fcd4eac60c4f94500892c82dd79d29677d,/home/latorresn/hyperion-results/final/campaigns/gpu/roofline_calibration_gpu_fp32_F6.json,0.2814030971031564,5.496103380242978,memory_bound,rodinia_gaussian,run,ok,,True,510,510,valid,1.0,1456,424,0.774468085106383,10542105017,458079.0,True,85.0,85.0,19.12463815312157,0.0,0.0,86.0,6.0,1.0,0.0,0.7538593481989708,1.410071296750219,2.0,0.0,4.0,5.0,1.0,41326.0,42788.301886792455,4552.79216155693,7036.0,37961.0,53796.0,87.0,1.0,510.0,510.0,0.0,0.0,510.0,510.0,1.0,1.0,27.0,27.0,0.0,0.0,27.0,27.0,1.0,1.0,tmp/remote_gpu_runs_20260917/gpu/pacca_gpu_final_20260913__rodinia_gaussian__REF__gpuF6__rep03/training_gpu_phases.csv,,False
pacca_gpu_final_20260913__rodinia_gaussian__REF__gpuF7__rep01,1,rodinia_gaussian,pacca-a100,REF,F7,sha256:396a0777118b360442f2987f8b5447fcd4eac60c4f94500892c82dd79d29677d,/home/latorresn/hyperion-results/final/campaigns/gpu/roofline_calibration_gpu_fp32_F7.json,0.2814030971031564,3.835437684040457,memory_bound,rodinia_gaussian,run,ok,,True,360,360,valid,1.0,1955,426,0.8210835783284335,14162775399,586607.0,True,89.0,89.0,18.1204945477816,0.0,0.0,89.0,4.0,1.0,0.0,0.6044728434504792,1.095921984349742,2.0,0.0,3.0,4.0,1.0,39935.0,41026.41086261981,3689.94596646326,5934.0,36976.0,49932.0,111.0,1.0,360.0,360.0,0.0,0.0,360.0,360.0,1.0,1.0,27.0,27.0,0.0,0.0,27.0,27.0,1.0,1.0,tmp/remote_gpu_runs_20260917/gpu/pacca_gpu_final_20260913__rodinia_gaussian__REF__gpuF7__rep01/training_gpu_phases.csv,,False
pacca_gpu_final_20260913__rodinia_gaussian__REF__gpuF7__rep02,2,rodinia_gaussian,pacca-a100,REF,F7,sha256:396a0777118b360442f2987f8b5447fcd4eac60c4f94500892c82dd79d29677d,/home/latorresn/hyperion-results/final/campaigns/gpu/roofline_calibration_gpu_fp32_F7.json,0.2814030971031564,3.835437684040457,memory_bound,rodinia_gaussian,run,ok,,True,360,360,valid,1.0,1939,420,0.8219584569732937,14047956465,587917.0,True,89.0,89.0,17.274406639360123,0.0,0.0,90.0,3.0,1.0,0.0,0.5994848679974243,1.079626265172265,2.0,0.0,3.0,4.0,1.0,40137.0,41395.28911783645,3520.5477618481773,5634.0,37450.0,49932.0,107.0,1.0,360.0,360.0,0.0,0.0,360.0,360.0,1.0,1.0,29.0,29.0,0.2545114597005987,0.0,29.0,30.0,2.0,1.0,tmp/remote_gpu_runs_20260917/gpu/pacca_gpu_final_20260913__rodinia_gaussian__REF__gpuF7__rep02/training_gpu_phases.csv,,False
pacca_gpu_final_20260913__rodinia_gaussian__REF__gpuF7__rep03,3,rodinia_gaussian,pacca-a100,REF,F7,sha256:396a0777118b360442f2987f8b5447fcd4eac60c4f94500892c82dd79d29677d,/home/latorresn/hyperion-results/final/campaigns/gpu/roofline_calibration_gpu_fp32_F7.json,0.2814030971031564,3.835437684040457,memory_bound,rodinia_gaussian,run,ok,,True,360,360,valid,1.0,1912,424,0.8184931506849316,14067792735,580683.0,True,89.0,89.0,16.09516206928782,0.0,0.0,89.0,5.0,1.0,0.0,0.5986928104575163,1.0754530734996606,2.0,0.0,3.0,4.0,1.0,40031.0,41156.70065359477,3623.0886182178815,5934.0,37165.0,49834.0,104.0,1.0,360.0,360.0,0.0,0.0,360.0,360.0,1.0,1.0,28.0,27.51895424836601,0.499769898121908,1.0,27.0,28.0,2.0,1.0,tmp/remote_gpu_runs_20260917/gpu/pacca_gpu_final_20260913__rodinia_gaussian__REF__gpuF7__rep03/training_gpu_phases.csv,,False
pacca_gpu_final_20260913__rodinia_gaussian__REF__gpuF8__rep01,1,rodinia_gaussian,pacca-a100,REF,F8,sha256:396a0777118b360442f2987f8b5447fcd4eac60c4f94500892c82dd79d29677d,/home/latorresn/hyperion-results/final/campaigns/gpu/roofline_calibration_gpu_fp32_F8.json,0.2814030971031564,2.928135673630785,memory_bound,rodinia_gaussian,run,ok,,True,210,210,valid,1.0,3108,426,0.8794567062818336,22635008523,874612.0,True,93.0,93.14831189710613,14.638089399866642,0.0,0.0,94.0,6.0,1.0,0.0,0.3319935691318328,0.7000751716042445,1.0,0.0,2.0,3.0,1.0,37765.0,38586.022106109325,2450.24483056104,3952.0,35783.0,44403.0,137.0,1.0,210.0,210.0,0.0,0.0,210.0,210.0,1.0,1.0,26.0,26.0,0.2844593120678585,0.0,25.0,26.0,2.0,1.0,tmp/remote_gpu_runs_20260917/gpu/pacca_gpu_final_20260913__rodinia_gaussian__REF__gpuF8__rep01/training_gpu_phases.csv,,False
pacca_gpu_final_20260913__rodinia_gaussian__REF__gpuF8__rep02,2,rodinia_gaussian,pacca-a100,REF,F8,sha256:396a0777118b360442f2987f8b5447fcd4eac60c4f94500892c82dd79d29677d,/home/latorresn/hyperion-results/final/campaigns/gpu/roofline_calibration_gpu_fp32_F8.json,0.2814030971031564,2.928135673630785,memory_bound,rodinia_gaussian,run,ok,,True,210,210,valid,1.0,3117,415,0.8825028312570782,22643597552,878299.0,True,93.0,93.19559118236472,16.123390210780393,1.0,0.0,94.0,6.0,1.0,0.0,0.3098196392785571,0.6817370397132825,1.0,0.0,2.0,3.0,1.0,37772.0,38557.901803607216,2423.58586713392,3870.0,35783.0,44409.0,131.0,1.0,210.0,210.0,0.0,0.0,210.0,210.0,1.0,1.0,26.0,26.0,0.0,0.0,26.0,26.0,1.0,1.0,tmp/remote_gpu_runs_20260917/gpu/pacca_gpu_final_20260913__rodinia_gaussian__REF__gpuF8__rep02/training_gpu_phases.csv,,False
pacca_gpu_final_20260913__rodinia_gaussian__REF__gpuF8__rep03,3,rodinia_gaussian,pacca-a100,REF,F8,sha256:396a0777118b360442f2987f8b5447fcd4eac60c4f94500892c82dd79d29677d,/home/latorresn/hyperion-results/final/campaigns/gpu/roofline_calibration_gpu_fp32_F8.json,0.2814030971031564,2.928135673630785,memory_bound,rodinia_gaussian,run,ok,,True,210,210,valid,1.0,3125,430,0.8790436005625879,22618784165,906183.0,True,93.0,93.34146341463416,15.548293866222108,1.0,0.0,94.0,5.0,1.0,0.0,0.3030787684926029,0.6742876110385445,1.0,0.0,2.0,3.0,1.0,39141.0,39934.0943622551,2552.5801536983004,3859.0,37074.0,45994.0,128.0,1.0,210.0,210.0,0.0,0.0,210.0,210.0,1.0,1.0,32.0,31.820071971211515,0.7742247735638483,1.0,31.0,33.0,3.0,1.0,tmp/remote_gpu_runs_20260917/gpu/pacca_gpu_final_20260913__rodinia_gaussian__REF__gpuF8__rep03/training_gpu_phases.csv,,False
pacca_gpu_final_20260913__rodinia_gaussian__REF__gpuREF__rep01,1,rodinia_gaussian,pacca-a100,REF,REF,sha256:396a0777118b360442f2987f8b5447fcd4eac60c4f94500892c82dd79d29677d,/home/latorresn/hyperion-results/final/campaigns/gpu/roofline_calibration_gpu_fp32_REF.json,0.2814030971031564,14.965852007336167,memory_bound,rodinia_gaussian,run,ok,,True,,,not_applicable_native,,665,1210,0.3546666666666667,3719844826,299088.0,True,69.0,69.0,1.530540469796573,0.0,57.0,69.0,2.0,1.0,0.0,0.9230769230769232,1.936375042923596,2.0,0.0,7.0,8.0,1.0,77901.0,80502.4315196998,9407.219666113724,14666.0,67953.0,104097.0,38.0,1.0,1410.0,1410.0,0.0,0.0,1410.0,1410.0,1.0,1.0,31.0,30.80300187617261,0.4370588154508101,1.0,30.0,31.0,2.0,1.0,tmp/remote_gpu_runs_20260917/gpu/pacca_gpu_final_20260913__rodinia_gaussian__REF__gpuREF__rep01/training_gpu_phases.csv,,True
pacca_gpu_final_20260913__rodinia_gaussian__REF__gpuREF__rep02,2,rodinia_gaussian,pacca-a100,REF,REF,sha256:396a0777118b360442f2987f8b5447fcd4eac60c4f94500892c82dd79d29677d,/home/latorresn/hyperion-results/final/campaigns/gpu/roofline_calibration_gpu_fp32_REF.json,0.2814030971031564,14.965852007336167,memory_bound,rodinia_gaussian,run,ok,,True,,,not_applicable_native,,652,1254,0.3420776495278069,3681892348,304194.0,True,70.0,69.73180076628353,6.059382520255618,1.0,18.0,70.0,4.0,1.0,0.0,0.8409961685823755,1.9199832236398195,2.0,0.0,6.0,7.0,1.0,79183.0,81596.08812260536,9610.499877140956,14160.5,69113.0,104262.0,36.0,1.0,1410.0,1410.0,0.0,0.0,1410.0,1410.0,1.0,1.0,37.0,37.25478927203065,0.4831726535781193,1.0,36.0,38.0,3.0,1.0,tmp/remote_gpu_runs_20260917/gpu/pacca_gpu_final_20260913__rodinia_gaussian__REF__gpuREF__rep02/training_gpu_phases.csv,,True
pacca_gpu_final_20260913__rodinia_gaussian__REF__gpuREF__rep03,3,rodinia_gaussian,pacca-a100,REF,REF,sha256:396a0777118b360442f2987f8b5447fcd4eac60c4f94500892c82dd79d29677d,/home/latorresn/hyperion-results/final/campaigns/gpu/roofline_calibration_gpu_fp32_REF.json,0.2814030971031564,14.965852007336167,memory_bound,rodinia_gaussian,run,ok,,True,,,not_applicable_native,,662,1231,0.3497094558901215,3708357350,296299.0,True,69.0,69.14528301886793,0.4990681434267205,0.0,67.0,70.0,3.0,1.0,0.0,1.130188679245283,2.111195130298388,3.0,0.0,7.0,8.0,1.0,77499.0,79735.07735849057,9318.596530088023,13855.0,67135.0,101994.0,36.0,1.0,1410.0,1410.0,0.0,0.0,1410.0,1410.0,1.0,1.0,30.0,30.09056603773585,0.3775589029102716,0.0,30.0,31.0,2.0,1.0,tmp/remote_gpu_runs_20260917/gpu/pacca_gpu_final_20260913__rodinia_gaussian__REF__gpuREF__rep03/training_gpu_phases.csv,,True
pacca_gpu_final_20260913__rodinia_heartwall__REF__gpuF0__rep01,1,rodinia_heartwall,pacca-a100,REF,F0,sha256:0693860b0e2b75e010a9a5d2554da58f9b8fd437c2474a72e19142f2876f8f09,/home/latorresn/hyperion-results/final/campaigns/gpu/roofline_calibration_gpu_fp32_F0.json,34.87728754253707,14.851588633155291,compute_bound,rodinia_heartwall,run,ok,,True,1410,1410,valid,1.0,353,1224,0.2238427393785669,1981625340,215822.0,True,93.0,93.0,0.0,0.0,93.0,93.0,1.0,1.0,2.0,2.0,0.0,0.0,2.0,2.0,1.0,1.0,111882.0,111797.4593639576,10910.19407625716,1207.0,67660.0,114240.0,20.0,1.0,1410.0,1410.0,0.0,0.0,1410.0,1410.0,1.0,1.0,32.0,32.37809187279152,0.6291375895026547,1.0,31.0,33.0,3.0,1.0,tmp/remote_gpu_runs_20260917/gpu/pacca_gpu_final_20260913__rodinia_heartwall__REF__gpuF0__rep01/training_gpu_phases.csv,,True
pacca_gpu_final_20260913__rodinia_heartwall__REF__gpuF0__rep02,2,rodinia_heartwall,pacca-a100,REF,F0,sha256:0693860b0e2b75e010a9a5d2554da58f9b8fd437c2474a72e19142f2876f8f09,/home/latorresn/hyperion-results/final/campaigns/gpu/roofline_calibration_gpu_fp32_F0.json,34.87728754253707,14.851588633155291,compute_bound,rodinia_heartwall,run,ok,,True,1410,1410,valid,1.0,341,1169,0.2258278145695364,1916762946,206477.0,True,93.0,93.0,0.0,0.0,93.0,93.0,1.0,1.0,2.0,2.0,0.0,0.0,2.0,2.0,1.0,1.0,113529.0,113471.8424908425,10791.432699144936,1098.0,67856.0,114205.0,19.0,1.0,1410.0,1410.0,0.0,0.0,1410.0,1410.0,1.0,1.0,31.0,31.0,0.3361578857690815,0.0,29.0,31.0,3.0,1.0,tmp/remote_gpu_runs_20260917/gpu/pacca_gpu_final_20260913__rodinia_heartwall__REF__gpuF0__rep02/training_gpu_phases.csv,,True
pacca_gpu_final_20260913__rodinia_heartwall__REF__gpuF0__rep03,3,rodinia_heartwall,pacca-a100,REF,F0,sha256:0693860b0e2b75e010a9a5d2554da58f9b8fd437c2474a72e19142f2876f8f09,/home/latorresn/hyperion-results/final/campaigns/gpu/roofline_calibration_gpu_fp32_F0.json,34.87728754253707,14.851588633155291,compute_bound,rodinia_heartwall,run,ok,,True,1410,1410,valid,1.0,350,1248,0.2190237797246558,1938252065,223031.0,True,93.0,92.73571428571428,0.4630775489337935,1.0,92.0,93.0,2.0,1.0,2.0,2.0,0.0,0.0,2.0,2.0,1.0,1.0,116781.0,116732.65714285716,13125.645430163328,833.0,70311.0,117677.0,20.0,1.0,1410.0,1410.0,0.0,0.0,1410.0,1410.0,1.0,1.0,36.0,36.0,0.5682482929573829,0.0,34.0,36.0,2.0,1.0,tmp/remote_gpu_runs_20260917/gpu/pacca_gpu_final_20260913__rodinia_heartwall__REF__gpuF0__rep03/training_gpu_phases.csv,,True
pacca_gpu_final_20260913__rodinia_heartwall__REF__gpuF1__rep01,1,rodinia_heartwall,pacca-a100,REF,F1,sha256:0693860b0e2b75e010a9a5d2554da58f9b8fd437c2474a72e19142f2876f8f09,/home/latorresn/hyperion-results/final/campaigns/gpu/roofline_calibration_gpu_fp32_F1.json,34.87728754253707,13.307795320164685,compute_bound,rodinia_heartwall,run,ok,,True,1260,1260,valid,1.0,448,1313,0.2544009085746734,2438890289,200955.0,True,93.0,93.0,11.785683847363291,0.0,9.0,93.0,2.0,1.0,2.0,2.0,0.2806115201753165,0.0,0.0,2.0,2.0,1.0,83701.0,83663.72222222222,7423.567376443019,451.0,53306.0,84189.0,23.0,1.0,1260.0,1260.0,0.0,0.0,1260.0,1260.0,1.0,1.0,29.0,28.85833333333333,0.4733774567064396,0.0,27.0,29.0,3.0,1.0,tmp/remote_gpu_runs_20260917/gpu/pacca_gpu_final_20260913__rodinia_heartwall__REF__gpuF1__rep01/training_gpu_phases.csv,,True
pacca_gpu_final_20260913__rodinia_heartwall__REF__gpuF1__rep02,2,rodinia_heartwall,pacca-a100,REF,F1,sha256:0693860b0e2b75e010a9a5d2554da58f9b8fd437c2474a72e19142f2876f8f09,/home/latorresn/hyperion-results/final/campaigns/gpu/roofline_calibration_gpu_fp32_F1.json,34.87728754253707,13.307795320164685,compute_bound,rodinia_heartwall,run,ok,,True,1260,1260,valid,1.0,448,1265,0.2615294804436661,2441333157,194570.0,True,93.0,93.0,7.931545804297121,0.0,24.0,93.0,2.0,1.0,2.0,2.0,0.2298998783854238,0.0,0.0,2.0,2.0,1.0,83737.0,83783.13888888889,8902.423724609649,391.0,53404.0,84250.0,22.0,1.0,1260.0,1260.0,0.0,0.0,1260.0,1260.0,1.0,1.0,29.0,29.0,0.2295420067098563,0.0,28.0,29.0,2.0,1.0,tmp/remote_gpu_runs_20260917/gpu/pacca_gpu_final_20260913__rodinia_heartwall__REF__gpuF1__rep02/training_gpu_phases.csv,,True
pacca_gpu_final_20260913__rodinia_heartwall__REF__gpuF1__rep03,3,rodinia_heartwall,pacca-a100,REF,F1,sha256:0693860b0e2b75e010a9a5d2554da58f9b8fd437c2474a72e19142f2876f8f09,/home/latorresn/hyperion-results/final/campaigns/gpu/roofline_calibration_gpu_fp32_F1.json,34.87728754253707,13.307795320164685,compute_bound,rodinia_heartwall,run,ok,,True,1260,1260,valid,1.0,466,1270,0.2684331797235023,2543549647,200800.0,True,93.0,92.48663101604278,4.075509001212635,0.0,81.0,93.0,2.0,1.0,2.0,1.9572192513368984,0.339625750101052,0.0,1.0,2.0,2.0,1.0,83445.0,83167.28342245989,8978.971311581454,610.0,53306.0,84031.0,26.0,1.0,1260.0,1260.0,0.0,0.0,1260.0,1260.0,1.0,1.0,29.0,28.997326203208555,0.301141093976661,0.0,28.0,29.0,2.0,1.0,tmp/remote_gpu_runs_20260917/gpu/pacca_gpu_final_20260913__rodinia_heartwall__REF__gpuF1__rep03/training_gpu_phases.csv,,True
pacca_gpu_final_20260913__rodinia_heartwall__REF__gpuF2__rep01,1,rodinia_heartwall,pacca-a100,REF,F2,sha256:0693860b0e2b75e010a9a5d2554da58f9b8fd437c2474a72e19142f2876f8f09,/home/latorresn/hyperion-results/final/campaigns/gpu/roofline_calibration_gpu_fp32_F2.json,34.87728754253707,11.704977447070137,compute_bound,rodinia_heartwall,run,ok,,True,1110,1110,valid,1.0,577,1107,0.3426365795724465,3219320334,213391.0,True,94.0,94.0,12.598262291525977,0.0,0.0,94.0,3.0,1.0,1.0,1.0,0.0926845196334207,0.0,0.0,1.0,2.0,1.0,69311.0,68558.23758099352,7229.097501334279,300.0,46679.0,69828.0,29.0,1.0,1110.0,1110.0,0.0,0.0,1110.0,1110.0,1.0,1.0,30.0,29.99136069114471,0.3074779346085976,0.0,29.0,30.0,2.0,1.0,tmp/remote_gpu_runs_20260917/gpu/pacca_gpu_final_20260913__rodinia_heartwall__REF__gpuF2__rep01/training_gpu_phases.csv,,True
pacca_gpu_final_20260913__rodinia_heartwall__REF__gpuF2__rep02,2,rodinia_heartwall,pacca-a100,REF,F2,sha256:0693860b0e2b75e010a9a5d2554da58f9b8fd437c2474a72e19142f2876f8f09,/home/latorresn/hyperion-results/final/campaigns/gpu/roofline_calibration_gpu_fp32_F2.json,34.87728754253707,11.704977447070137,compute_bound,rodinia_heartwall,run,ok,,True,1110,1110,valid,1.0,587,1206,0.3273842721695482,3291311079,215906.0,True,94.0,94.0,16.153558053400953,0.0,1.0,94.0,3.0,1.0,1.0,1.0,0.1628320701240002,0.0,0.0,1.0,2.0,1.0,68247.0,67192.05520169852,7476.798255778821,1282.0,46680.0,69640.0,25.0,1.0,1110.0,1110.0,0.0,0.0,1110.0,1110.0,1.0,1.0,30.0,30.225053078556265,0.4956151745432009,1.0,29.0,31.0,3.0,1.0,tmp/remote_gpu_runs_20260917/gpu/pacca_gpu_final_20260913__rodinia_heartwall__REF__gpuF2__rep02/training_gpu_phases.csv,,True
pacca_gpu_final_20260913__rodinia_heartwall__REF__gpuF2__rep03,3,rodinia_heartwall,pacca-a100,REF,F2,sha256:0693860b0e2b75e010a9a5d2554da58f9b8fd437c2474a72e19142f2876f8f09,/home/latorresn/hyperion-results/final/campaigns/gpu/roofline_calibration_gpu_fp32_F2.json,34.87728754253707,11.704977447070137,compute_bound,rodinia_heartwall,run,ok,,True,1110,1110,valid,1.0,582,1188,0.3288135593220339,3245844142,218261.0,True,94.0,93.50643776824036,24.346079616298155,0.0,0.0,94.0,4.0,1.0,1.0,1.0,0.2643592380332221,0.0,0.0,1.0,2.0,1.0,69316.0,68849.90987124463,7071.586314945939,1103.0,46288.0,70019.0,30.0,1.0,1110.0,1110.0,0.0,0.0,1110.0,1110.0,1.0,1.0,31.0,30.50429184549356,0.5266736444085613,1.0,29.0,31.0,3.0,1.0,tmp/remote_gpu_runs_20260917/gpu/pacca_gpu_final_20260913__rodinia_heartwall__REF__gpuF2__rep03/training_gpu_phases.csv,,True
pacca_gpu_final_20260913__rodinia_heartwall__REF__gpuF3__rep01,1,rodinia_heartwall,pacca-a100,REF,F3,sha256:0693860b0e2b75e010a9a5d2554da58f9b8fd437c2474a72e19142f2876f8f09,/home/latorresn/hyperion-results/final/campaigns/gpu/roofline_calibration_gpu_fp32_F3.json,34.87728754253707,10.067234210878288,compute_bound,rodinia_heartwall,run,ok,,True,960,960,valid,1.0,704,832,0.4583333333333333,4153280541,240626.0,True,95.0,94.67375886524825,25.72007015882132,0.0,0.0,95.0,4.0,1.0,1.0,1.0,0.2749524517496442,0.0,0.0,1.0,2.0,1.0,61128.0,60336.93794326241,6183.687292693945,293.0,42806.0,61520.0,20.0,1.0,960.0,960.0,0.0,0.0,960.0,960.0,1.0,1.0,29.0,28.9290780141844,0.3630921887069453,0.0,28.0,29.0,2.0,1.0,tmp/remote_gpu_runs_20260917/gpu/pacca_gpu_final_20260913__rodinia_heartwall__REF__gpuF3__rep01/training_gpu_phases.csv,,True
pacca_gpu_final_20260913__rodinia_heartwall__REF__gpuF3__rep02,2,rodinia_heartwall,pacca-a100,REF,F3,sha256:0693860b0e2b75e010a9a5d2554da58f9b8fd437c2474a72e19142f2876f8f09,/home/latorresn/hyperion-results/final/campaigns/gpu/roofline_calibration_gpu_fp32_F3.json,34.87728754253707,10.067234210878288,compute_bound,rodinia_heartwall,run,ok,,True,960,960,valid,1.0,701,872,0.445645263827082,4127627928,239881.0,True,95.0,94.28877005347591,24.84684608449204,0.0,0.0,95.0,4.0,1.0,1.0,1.0,0.2620631773431593,0.0,0.0,1.0,2.0,1.0,60909.0,60297.87165775401,6119.078072749025,397.0,42410.0,61324.0,24.0,1.0,960.0,960.0,0.0,0.0,960.0,960.0,1.0,1.0,28.0,27.855614973262032,0.411104092752912,0.0,27.0,28.0,2.0,1.0,tmp/remote_gpu_runs_20260917/gpu/pacca_gpu_final_20260913__rodinia_heartwall__REF__gpuF3__rep02/training_gpu_phases.csv,,True
pacca_gpu_final_20260913__rodinia_heartwall__REF__gpuF3__rep03,3,rodinia_heartwall,pacca-a100,REF,F3,sha256:0693860b0e2b75e010a9a5d2554da58f9b8fd437c2474a72e19142f2876f8f09,/home/latorresn/hyperion-results/final/campaigns/gpu/roofline_calibration_gpu_fp32_F3.json,34.87728754253707,10.067234210878288,compute_bound,rodinia_heartwall,run,ok,,True,960,960,valid,1.0,710,711,0.4996481351161154,4193128287,247803.0,True,95.0,94.16197183098592,26.84189009877264,0.0,0.0,95.0,4.0,1.0,1.0,1.0,0.2843570933812603,0.0,0.0,1.0,2.0,1.0,61616.0,60698.04753521127,6328.568114846455,391.0,43314.0,62010.0,28.0,1.0,960.0,960.0,0.0,0.0,960.0,960.0,1.0,1.0,31.0,30.684859154929576,0.4776288720510742,1.0,30.0,31.0,2.0,1.0,tmp/remote_gpu_runs_20260917/gpu/pacca_gpu_final_20260913__rodinia_heartwall__REF__gpuF3__rep03/training_gpu_phases.csv,,True
pacca_gpu_final_20260913__rodinia_heartwall__REF__gpuF4__rep01,1,rodinia_heartwall,pacca-a100,REF,F4,sha256:0693860b0e2b75e010a9a5d2554da58f9b8fd437c2474a72e19142f2876f8f09,/home/latorresn/hyperion-results/final/campaigns/gpu/roofline_calibration_gpu_fp32_F4.json,34.87728754253707,8.33561088234657,compute_bound,rodinia_heartwall,run,ok,,True,810,810,valid,1.0,835,587,0.5872011251758087,5330907044,288229.0,True,94.0,93.20777279521674,27.397217007044294,1.0,0.0,95.0,5.0,1.0,1.0,1.0,0.2876346541849064,0.0,0.0,1.0,2.0,1.0,56584.0,55698.22720478326,5450.144126010288,404.0,41124.0,57074.0,29.0,1.0,810.0,810.0,0.0,0.0,810.0,810.0,1.0,1.0,29.0,29.0,0.0,0.0,29.0,29.0,1.0,1.0,tmp/remote_gpu_runs_20260917/gpu/pacca_gpu_final_20260913__rodinia_heartwall__REF__gpuF4__rep01/training_gpu_phases.csv,,False
pacca_gpu_final_20260913__rodinia_heartwall__REF__gpuF4__rep02,2,rodinia_heartwall,pacca-a100,REF,F4,sha256:0693860b0e2b75e010a9a5d2554da58f9b8fd437c2474a72e19142f2876f8f09,/home/latorresn/hyperion-results/final/campaigns/gpu/roofline_calibration_gpu_fp32_F4.json,34.87728754253707,8.33561088234657,compute_bound,rodinia_heartwall,run,ok,,True,810,810,valid,1.0,866,612,0.5859269282814614,5676054360,308719.0,True,93.0,92.98703170028818,26.417353578511825,0.0,0.0,94.0,4.0,1.0,1.0,0.9985590778097982,0.300614872662178,0.0,0.0,1.0,2.0,1.0,56976.0,56637.16858789625,4857.43834275642,406.0,41822.0,57476.0,33.0,1.0,810.0,810.0,0.0,0.0,810.0,810.0,1.0,1.0,33.0,33.0,0.2778306351092802,0.0,32.0,33.0,2.0,1.0,tmp/remote_gpu_runs_20260917/gpu/pacca_gpu_final_20260913__rodinia_heartwall__REF__gpuF4__rep02/training_gpu_phases.csv,,False
pacca_gpu_final_20260913__rodinia_heartwall__REF__gpuF4__rep03,3,rodinia_heartwall,pacca-a100,REF,F4,sha256:0693860b0e2b75e010a9a5d2554da58f9b8fd437c2474a72e19142f2876f8f09,/home/latorresn/hyperion-results/final/campaigns/gpu/roofline_calibration_gpu_fp32_F4.json,34.87728754253707,8.33561088234657,compute_bound,rodinia_heartwall,run,ok,,True,810,810,valid,1.0,835,592,0.5851436580238262,5329183695,289585.0,True,95.0,93.46038863976084,28.21636513622813,0.0,0.0,95.0,4.0,1.0,1.0,0.9790732436472348,0.3204258702970537,0.0,0.0,1.0,2.0,1.0,56765.0,55797.48878923767,5331.057295681101,502.0,40023.0,57168.0,27.0,1.0,810.0,810.0,0.0,0.0,810.0,810.0,1.0,1.0,31.0,30.952167414050823,0.3446106483817521,0.0,30.0,31.0,2.0,1.0,tmp/remote_gpu_runs_20260917/gpu/pacca_gpu_final_20260913__rodinia_heartwall__REF__gpuF4__rep03/training_gpu_phases.csv,,False
pacca_gpu_final_20260913__rodinia_heartwall__REF__gpuF5__rep01,1,rodinia_heartwall,pacca-a100,REF,F5,sha256:0693860b0e2b75e010a9a5d2554da58f9b8fd437c2474a72e19142f2876f8f09,/home/latorresn/hyperion-results/final/campaigns/gpu/roofline_calibration_gpu_fp32_F5.json,34.87728754253707,6.991213748358955,compute_bound,rodinia_heartwall,run,ok,,True,660,660,valid,1.0,956,506,0.6538987688098495,6917045589,346781.0,True,94.0,93.74151436031332,25.37520586993633,0.0,0.0,95.0,5.0,1.0,1.0,1.0,0.2721334376781413,0.0,0.0,1.0,2.0,1.0,51815.0,51391.36031331593,4151.415934256483,488.0,39239.0,52206.0,30.0,1.0,660.0,660.0,0.0,0.0,660.0,660.0,1.0,1.0,28.0,28.0,0.2721334376781413,0.0,27.0,28.0,2.0,1.0,tmp/remote_gpu_runs_20260917/gpu/pacca_gpu_final_20260913__rodinia_heartwall__REF__gpuF5__rep01/training_gpu_phases.csv,,False
pacca_gpu_final_20260913__rodinia_heartwall__REF__gpuF5__rep02,2,rodinia_heartwall,pacca-a100,REF,F5,sha256:0693860b0e2b75e010a9a5d2554da58f9b8fd437c2474a72e19142f2876f8f09,/home/latorresn/hyperion-results/final/campaigns/gpu/roofline_calibration_gpu_fp32_F5.json,34.87728754253707,6.991213748358955,compute_bound,rodinia_heartwall,run,ok,,True,660,660,valid,1.0,950,500,0.6551724137931034,6872610309,347341.0,True,94.0,93.52631578947368,26.45630026709542,0.0,0.0,95.0,5.0,1.0,1.0,0.9921052631578948,0.3082413703289544,0.0,0.0,1.0,2.0,1.0,51829.0,51554.87236842105,4081.7416990728543,391.0,39353.0,52318.0,29.0,1.0,660.0,660.0,0.0,0.0,660.0,660.0,1.0,1.0,29.0,28.95657894736842,0.3414422725509608,0.0,28.0,29.0,2.0,1.0,tmp/remote_gpu_runs_20260917/gpu/pacca_gpu_final_20260913__rodinia_heartwall__REF__gpuF5__rep02/training_gpu_phases.csv,,False
pacca_gpu_final_20260913__rodinia_heartwall__REF__gpuF5__rep03,3,rodinia_heartwall,pacca-a100,REF,F5,sha256:0693860b0e2b75e010a9a5d2554da58f9b8fd437c2474a72e19142f2876f8f09,/home/latorresn/hyperion-results/final/campaigns/gpu/roofline_calibration_gpu_fp32_F5.json,34.87728754253707,6.991213748358955,compute_bound,rodinia_heartwall,run,ok,,True,660,660,valid,1.0,962,508,0.654421768707483,6901886989,351685.0,True,94.0,93.77922077922078,25.530698563257108,0.0,0.0,94.0,4.0,1.0,1.0,1.0,0.2745483420324344,0.0,0.0,1.0,2.0,1.0,52512.0,52045.833766233765,4144.939106943725,418.0,39935.0,52832.0,34.0,1.0,660.0,660.0,0.0,0.0,660.0,660.0,1.0,1.0,31.0,31.0,0.1154595100718595,0.0,31.0,32.0,2.0,1.0,tmp/remote_gpu_runs_20260917/gpu/pacca_gpu_final_20260913__rodinia_heartwall__REF__gpuF5__rep03/training_gpu_phases.csv,,False
pacca_gpu_final_20260913__rodinia_heartwall__REF__gpuF6__rep01,1,rodinia_heartwall,pacca-a100,REF,F6,sha256:0693860b0e2b75e010a9a5d2554da58f9b8fd437c2474a72e19142f2876f8f09,/home/latorresn/hyperion-results/final/campaigns/gpu/roofline_calibration_gpu_fp32_F6.json,34.87728754253707,5.496103380242978,compute_bound,rodinia_heartwall,run,ok,,True,510,510,valid,1.0,1211,504,0.7061224489795919,8879217936,415446.0,True,96.0,95.687306501548,24.85129071719406,1.0,0.0,96.0,5.0,1.0,1.0,1.0,0.260943983931558,0.0,0.0,1.0,2.0,1.0,48146.0,48122.60577915377,2891.110468404461,294.0,37845.0,48484.0,28.0,1.0,510.0,510.0,0.0,0.0,510.0,510.0,1.0,1.0,29.0,29.38183694530444,0.4909789255228706,1.0,29.0,30.0,2.0,1.0,tmp/remote_gpu_runs_20260917/gpu/pacca_gpu_final_20260913__rodinia_heartwall__REF__gpuF6__rep01/training_gpu_phases.csv,,False
pacca_gpu_final_20260913__rodinia_heartwall__REF__gpuF6__rep02,2,rodinia_heartwall,pacca-a100,REF,F6,sha256:0693860b0e2b75e010a9a5d2554da58f9b8fd437c2474a72e19142f2876f8f09,/home/latorresn/hyperion-results/final/campaigns/gpu/roofline_calibration_gpu_fp32_F6.json,34.87728754253707,5.496103380242978,compute_bound,rodinia_heartwall,run,ok,,True,510,510,valid,1.0,1199,486,0.7115727002967359,8723286308,406447.0,True,95.0,95.49115504682622,25.865524967972757,1.0,0.0,96.0,5.0,1.0,1.0,1.0,0.283885905174814,0.0,0.0,1.0,2.0,1.0,48172.0,48159.479708636834,2959.9343963984143,300.0,37673.0,48576.0,37.0,1.0,510.0,510.0,0.0,0.0,510.0,510.0,1.0,1.0,28.0,28.409989594172732,0.494767947837084,1.0,28.0,29.0,2.0,1.0,tmp/remote_gpu_runs_20260917/gpu/pacca_gpu_final_20260913__rodinia_heartwall__REF__gpuF6__rep02/training_gpu_phases.csv,,False
pacca_gpu_final_20260913__rodinia_heartwall__REF__gpuF6__rep03,3,rodinia_heartwall,pacca-a100,REF,F6,sha256:0693860b0e2b75e010a9a5d2554da58f9b8fd437c2474a72e19142f2876f8f09,/home/latorresn/hyperion-results/final/campaigns/gpu/roofline_calibration_gpu_fp32_F6.json,34.87728754253707,5.496103380242978,compute_bound,rodinia_heartwall,run,ok,,True,510,510,valid,1.0,1185,493,0.7061978545887961,8606130289,400722.0,True,96.0,95.67650158061116,25.481115938873,1.0,0.0,96.0,5.0,1.0,1.0,1.0,0.2689270222762428,0.0,0.0,1.0,2.0,1.0,47976.0,47993.52160168599,2948.499564161235,269.0,37958.0,48386.0,31.0,1.0,510.0,510.0,0.0,0.0,510.0,510.0,1.0,1.0,29.0,29.0,0.2994365863137587,0.0,28.0,29.0,2.0,1.0,tmp/remote_gpu_runs_20260917/gpu/pacca_gpu_final_20260913__rodinia_heartwall__REF__gpuF6__rep03/training_gpu_phases.csv,,False
pacca_gpu_final_20260913__rodinia_heartwall__REF__gpuF7__rep01,1,rodinia_heartwall,pacca-a100,REF,F7,sha256:0693860b0e2b75e010a9a5d2554da58f9b8fd437c2474a72e19142f2876f8f09,/home/latorresn/hyperion-results/final/campaigns/gpu/roofline_calibration_gpu_fp32_F7.json,34.87728754253707,3.835437684040457,compute_bound,rodinia_heartwall,run,ok,,True,360,360,valid,1.0,1612,472,0.7735124760076776,11691027637,507426.0,True,97.0,97.0,21.29553520140577,0.0,0.0,97.0,3.0,1.0,0.0,0.0,0.0,0.0,0.0,0.0,1.0,1.0,44103.0,44126.94186046512,1909.0752319884389,208.0,36780.0,44599.0,30.0,1.0,360.0,360.0,0.0,0.0,360.0,360.0,1.0,1.0,26.0,26.0,0.0,0.0,26.0,26.0,1.0,1.0,tmp/remote_gpu_runs_20260917/gpu/pacca_gpu_final_20260913__rodinia_heartwall__REF__gpuF7__rep01/training_gpu_phases.csv,,False
pacca_gpu_final_20260913__rodinia_heartwall__REF__gpuF7__rep02,2,rodinia_heartwall,pacca-a100,REF,F7,sha256:0693860b0e2b75e010a9a5d2554da58f9b8fd437c2474a72e19142f2876f8f09,/home/latorresn/hyperion-results/final/campaigns/gpu/roofline_calibration_gpu_fp32_F7.json,34.87728754253707,3.835437684040457,compute_bound,rodinia_heartwall,run,ok,,True,360,360,valid,1.0,1643,480,0.7739048516250588,11833820686,515501.0,True,97.0,97.0,20.60783772436896,0.0,0.0,97.0,3.0,1.0,0.0,0.0,0.0,0.0,0.0,0.0,1.0,1.0,44103.0,44120.22053231939,1850.9783120783768,207.0,36781.0,44501.0,37.0,1.0,360.0,360.0,0.0,0.0,360.0,360.0,1.0,1.0,26.0,26.0,0.0,0.0,26.0,26.0,1.0,1.0,tmp/remote_gpu_runs_20260917/gpu/pacca_gpu_final_20260913__rodinia_heartwall__REF__gpuF7__rep02/training_gpu_phases.csv,,False
pacca_gpu_final_20260913__rodinia_heartwall__REF__gpuF7__rep03,3,rodinia_heartwall,pacca-a100,REF,F7,sha256:0693860b0e2b75e010a9a5d2554da58f9b8fd437c2474a72e19142f2876f8f09,/home/latorresn/hyperion-results/final/campaigns/gpu/roofline_calibration_gpu_fp32_F7.json,34.87728754253707,3.835437684040457,compute_bound,rodinia_heartwall,run,ok,,True,360,360,valid,1.0,1638,483,0.7722772277227723,11911524595,528364.0,True,97.0,97.0,21.094334639582858,0.0,0.0,97.0,3.0,1.0,0.0,0.0,0.0,0.0,0.0,0.0,1.0,1.0,45187.0,45159.318597560974,1974.3610762496332,300.0,37869.0,45603.0,38.0,1.0,360.0,360.0,0.0,0.0,360.0,360.0,1.0,1.0,32.0,31.709603658536587,0.4709710510968197,1.0,31.0,32.0,2.0,1.0,tmp/remote_gpu_runs_20260917/gpu/pacca_gpu_final_20260913__rodinia_heartwall__REF__gpuF7__rep03/training_gpu_phases.csv,,False
pacca_gpu_final_20260913__rodinia_heartwall__REF__gpuF8__rep01,1,rodinia_heartwall,pacca-a100,REF,F8,sha256:0693860b0e2b75e010a9a5d2554da58f9b8fd437c2474a72e19142f2876f8f09,/home/latorresn/hyperion-results/final/campaigns/gpu/roofline_calibration_gpu_fp32_F8.json,34.87728754253707,2.928135673630785,compute_bound,rodinia_heartwall,run,ok,,True,210,210,valid,1.0,2674,455,0.854586129753915,19278130397,773205.0,True,98.0,98.0,17.123709959604838,0.0,0.0,98.0,4.0,1.0,0.0,0.0,0.0,0.0,0.0,0.0,1.0,1.0,40547.0,40552.25560747663,912.1170424561273,193.0,35969.0,40938.0,45.0,1.0,210.0,210.0,0.0,0.0,210.0,210.0,1.0,1.0,28.0,28.0,0.2028722566914734,0.0,27.0,28.0,2.0,1.0,tmp/remote_gpu_runs_20260917/gpu/pacca_gpu_final_20260913__rodinia_heartwall__REF__gpuF8__rep01/training_gpu_phases.csv,,False
pacca_gpu_final_20260913__rodinia_heartwall__REF__gpuF8__rep02,2,rodinia_heartwall,pacca-a100,REF,F8,sha256:0693860b0e2b75e010a9a5d2554da58f9b8fd437c2474a72e19142f2876f8f09,/home/latorresn/hyperion-results/final/campaigns/gpu/roofline_calibration_gpu_fp32_F8.json,34.87728754253707,2.928135673630785,compute_bound,rodinia_heartwall,run,ok,,True,210,210,valid,1.0,2684,461,0.8534181240063593,19429135067,799199.0,True,98.0,98.0,17.35999306655749,0.0,0.0,98.0,4.0,1.0,0.0,0.0,0.0,0.0,0.0,0.0,1.0,1.0,41434.0,41456.03631284916,943.2019400336118,197.0,36878.0,41920.0,46.0,1.0,210.0,210.0,0.0,0.0,210.0,210.0,1.0,1.0,31.0,30.797951582867785,0.5319732357069589,1.0,30.0,32.0,3.0,1.0,tmp/remote_gpu_runs_20260917/gpu/pacca_gpu_final_20260913__rodinia_heartwall__REF__gpuF8__rep02/training_gpu_phases.csv,,False
pacca_gpu_final_20260913__rodinia_heartwall__REF__gpuF8__rep03,3,rodinia_heartwall,pacca-a100,REF,F8,sha256:0693860b0e2b75e010a9a5d2554da58f9b8fd437c2474a72e19142f2876f8f09,/home/latorresn/hyperion-results/final/campaigns/gpu/roofline_calibration_gpu_fp32_F8.json,34.87728754253707,2.928135673630785,compute_bound,rodinia_heartwall,run,ok,,True,210,210,valid,1.0,2678,451,0.8558644934483861,19279364348,778643.0,True,98.0,98.0,18.07850080332043,0.0,0.0,98.0,4.0,1.0,0.0,0.0,0.0,0.0,0.0,0.0,1.0,1.0,40635.0,40637.48460820896,964.7552364490126,186.0,36082.0,41036.0,44.0,1.0,210.0,210.0,0.0,0.0,210.0,210.0,1.0,1.0,27.0,27.0,0.0,0.0,27.0,27.0,1.0,1.0,tmp/remote_gpu_runs_20260917/gpu/pacca_gpu_final_20260913__rodinia_heartwall__REF__gpuF8__rep03/training_gpu_phases.csv,,False
pacca_gpu_final_20260913__rodinia_heartwall__REF__gpuREF__rep01,1,rodinia_heartwall,pacca-a100,REF,REF,sha256:0693860b0e2b75e010a9a5d2554da58f9b8fd437c2474a72e19142f2876f8f09,/home/latorresn/hyperion-results/final/campaigns/gpu/roofline_calibration_gpu_fp32_REF.json,34.87728754253707,14.965852007336167,compute_bound,rodinia_heartwall,run,ok,,True,,,not_applicable_native,,347,1160,0.2302587923025879,1918043490,209765.0,True,93.0,92.86021505376344,0.4075747179491438,0.0,92.0,93.0,2.0,1.0,2.0,2.0,0.0,0.0,2.0,2.0,1.0,1.0,113816.0,113549.93548387096,11654.452954039323,1144.0,69211.0,114607.0,20.0,1.0,1410.0,1410.0,0.0,0.0,1410.0,1410.0,1.0,1.0,38.0,38.0,0.2632750569580692,0.0,37.0,38.0,2.0,1.0,tmp/remote_gpu_runs_20260917/gpu/pacca_gpu_final_20260913__rodinia_heartwall__REF__gpuREF__rep01/training_gpu_phases.csv,,True
pacca_gpu_final_20260913__rodinia_heartwall__REF__gpuREF__rep02,2,rodinia_heartwall,pacca-a100,REF,REF,sha256:0693860b0e2b75e010a9a5d2554da58f9b8fd437c2474a72e19142f2876f8f09,/home/latorresn/hyperion-results/final/campaigns/gpu/roofline_calibration_gpu_fp32_REF.json,34.87728754253707,14.965852007336167,compute_bound,rodinia_heartwall,run,ok,,True,,,not_applicable_native,,345,1245,0.2169811320754717,1909861645,211504.0,True,93.0,92.8158844765343,3.016303803803755,0.0,80.0,93.0,3.0,1.0,2.0,2.0,0.0,0.0,2.0,2.0,1.0,1.0,114016.0,113990.12635379062,10314.115555781456,249.0,68729.0,114844.0,18.0,1.0,1410.0,1410.0,0.0,0.0,1410.0,1410.0,1.0,1.0,33.0,33.40794223826715,0.5903800676162826,1.0,32.0,34.0,3.0,1.0,tmp/remote_gpu_runs_20260917/gpu/pacca_gpu_final_20260913__rodinia_heartwall__REF__gpuREF__rep02/training_gpu_phases.csv,,True
pacca_gpu_final_20260913__rodinia_heartwall__REF__gpuREF__rep03,3,rodinia_heartwall,pacca-a100,REF,REF,sha256:0693860b0e2b75e010a9a5d2554da58f9b8fd437c2474a72e19142f2876f8f09,/home/latorresn/hyperion-results/final/campaigns/gpu/roofline_calibration_gpu_fp32_REF.json,34.87728754253707,14.965852007336167,compute_bound,rodinia_heartwall,run,ok,,True,,,not_applicable_native,,357,1208,0.2281150159744409,1944656047,216633.0,True,93.0,93.0,5.548764376208127,0.0,73.0,93.0,2.0,1.0,2.0,2.0,0.2774382188104062,0.0,1.0,2.0,2.0,1.0,112926.0,112754.25087108012,12129.268693268185,506.0,67544.0,113919.0,18.0,1.0,1410.0,1410.0,0.0,0.0,1410.0,1410.0,1.0,1.0,31.0,31.0,0.2774382188104064,0.0,30.0,31.0,2.0,1.0,tmp/remote_gpu_runs_20260917/gpu/pacca_gpu_final_20260913__rodinia_heartwall__REF__gpuREF__rep03/training_gpu_phases.csv,,True
pacca_gpu_final_20260913__rodinia_lud__REF__gpuF0__rep01,1,rodinia_lud,pacca-a100,REF,F0,sha256:2b42526c26f72589b9361f70bf57b6926ee4ff86dd4629b7530e458f26a13a32,/home/latorresn/hyperion-results/final/campaigns/gpu/roofline_calibration_gpu_fp32_F0.json,7.85054811230341,14.851588633155291,memory_bound,rodinia_lud,run,ok,,True,1410,1410,valid,1.0,1375,1935,0.4154078549848942,7879381485,516794.0,True,0.0,0.0,0.1596757044090063,0.0,0.0,1.0,2.0,1.0,0.0,0.0,0.0,0.0,0.0,0.0,1.0,1.0,66341.0,66414.15258855585,746.23935526885,1265.0,65174.0,68820.0,43.0,1.0,1410.0,1410.0,0.0,0.0,1410.0,1410.0,1.0,1.0,31.0,31.0,0.0,0.0,31.0,31.0,1.0,1.0,tmp/remote_gpu_runs_20260917/gpu/pacca_gpu_final_20260913__rodinia_lud__REF__gpuF0__rep01/training_gpu_phases.csv,,True
pacca_gpu_final_20260913__rodinia_lud__REF__gpuF0__rep02,2,rodinia_lud,pacca-a100,REF,F0,sha256:2b42526c26f72589b9361f70bf57b6926ee4ff86dd4629b7530e458f26a13a32,/home/latorresn/hyperion-results/final/campaigns/gpu/roofline_calibration_gpu_fp32_F0.json,7.85054811230341,14.851588633155291,memory_bound,rodinia_lud,run,ok,,True,1410,1410,valid,1.0,1414,1924,0.4236069502696225,8081096062,517085.0,True,0.0,0.0,0.0460123828560484,0.0,0.0,1.0,2.0,1.0,0.0,0.0,0.0,0.0,0.0,0.0,1.0,1.0,64783.0,64726.35689045936,531.7257154867791,660.0,63390.0,67270.0,41.0,1.0,1410.0,1410.0,0.0,0.0,1410.0,1410.0,1.0,1.0,29.0,29.0,0.0,0.0,29.0,29.0,1.0,1.0,tmp/remote_gpu_runs_20260917/gpu/pacca_gpu_final_20260913__rodinia_lud__REF__gpuF0__rep02/training_gpu_phases.csv,,True
pacca_gpu_final_20260913__rodinia_lud__REF__gpuF0__rep03,3,rodinia_lud,pacca-a100,REF,F0,sha256:2b42526c26f72589b9361f70bf57b6926ee4ff86dd4629b7530e458f26a13a32,/home/latorresn/hyperion-results/final/campaigns/gpu/roofline_calibration_gpu_fp32_F0.json,7.85054811230341,14.851588633155291,memory_bound,rodinia_lud,run,ok,,True,1410,1410,valid,1.0,1413,1956,0.4194122885129118,7994999148,517755.0,True,0.0,0.0,0.0,0.0,0.0,0.0,1.0,1.0,0.0,0.0,0.0,0.0,0.0,0.0,1.0,1.0,65547.0,65523.941644562336,589.761383117706,470.0,64251.0,67837.0,50.0,1.0,1410.0,1410.0,0.0,0.0,1410.0,1410.0,1.0,1.0,34.0,34.0,0.0,0.0,34.0,34.0,1.0,1.0,tmp/remote_gpu_runs_20260917/gpu/pacca_gpu_final_20260913__rodinia_lud__REF__gpuF0__rep03/training_gpu_phases.csv,,True
pacca_gpu_final_20260913__rodinia_lud__REF__gpuF1__rep01,1,rodinia_lud,pacca-a100,REF,F1,sha256:2b42526c26f72589b9361f70bf57b6926ee4ff86dd4629b7530e458f26a13a32,/home/latorresn/hyperion-results/final/campaigns/gpu/roofline_calibration_gpu_fp32_F1.json,7.85054811230341,13.307795320164685,memory_bound,rodinia_lud,run,ok,,True,1260,1260,valid,1.0,1405,1931,0.4211630695443645,8072184114,420738.0,True,0.0,0.0,0.1421778333287831,0.0,0.0,1.0,2.0,1.0,0.0,0.0,0.0,0.0,0.0,0.0,1.0,1.0,52201.0,52115.58666666667,504.0146233844309,685.0,50721.0,53208.0,38.0,1.0,1260.0,1260.0,0.0,0.0,1260.0,1260.0,1.0,1.0,27.0,27.0,0.0,0.0,27.0,27.0,1.0,1.0,tmp/remote_gpu_runs_20260917/gpu/pacca_gpu_final_20260913__rodinia_lud__REF__gpuF1__rep01/training_gpu_phases.csv,,True
pacca_gpu_final_20260913__rodinia_lud__REF__gpuF1__rep02,2,rodinia_lud,pacca-a100,REF,F1,sha256:2b42526c26f72589b9361f70bf57b6926ee4ff86dd4629b7530e458f26a13a32,/home/latorresn/hyperion-results/final/campaigns/gpu/roofline_calibration_gpu_fp32_F1.json,7.85054811230341,13.307795320164685,memory_bound,rodinia_lud,run,ok,,True,1260,1260,valid,1.0,1449,1944,0.4270557029177719,8208014130,431446.0,True,0.0,0.0,0.1166709480138256,0.0,0.0,1.0,2.0,1.0,0.0,0.0,0.0,0.0,0.0,0.0,1.0,1.0,52719.0,52746.068044788975,388.8037269031177,514.0,51809.0,53810.0,25.0,1.0,1260.0,1260.0,0.0,0.0,1260.0,1260.0,1.0,1.0,30.0,30.0,0.0,0.0,30.0,30.0,1.0,1.0,tmp/remote_gpu_runs_20260917/gpu/pacca_gpu_final_20260913__rodinia_lud__REF__gpuF1__rep02/training_gpu_phases.csv,,True
pacca_gpu_final_20260913__rodinia_lud__REF__gpuF1__rep03,3,rodinia_lud,pacca-a100,REF,F1,sha256:2b42526c26f72589b9361f70bf57b6926ee4ff86dd4629b7530e458f26a13a32,/home/latorresn/hyperion-results/final/campaigns/gpu/roofline_calibration_gpu_fp32_F1.json,7.85054811230341,13.307795320164685,memory_bound,rodinia_lud,run,ok,,True,1260,1260,valid,1.0,1395,1949,0.4171650717703349,7931248129,408276.0,True,0.0,0.0,0.1606854448331933,0.0,0.0,1.0,2.0,1.0,0.0,0.0,0.0,0.0,0.0,0.0,1.0,1.0,51912.0,51823.17547000895,563.8033875234274,588.0,50432.0,53502.0,37.0,1.0,1260.0,1260.0,0.0,0.0,1260.0,1260.0,1.0,1.0,26.0,26.0,0.1822763019390719,0.0,26.0,27.0,2.0,1.0,tmp/remote_gpu_runs_20260917/gpu/pacca_gpu_final_20260913__rodinia_lud__REF__gpuF1__rep03/training_gpu_phases.csv,,True
pacca_gpu_final_20260913__rodinia_lud__REF__gpuF2__rep01,1,rodinia_lud,pacca-a100,REF,F2,sha256:2b42526c26f72589b9361f70bf57b6926ee4ff86dd4629b7530e458f26a13a32,/home/latorresn/hyperion-results/final/campaigns/gpu/roofline_calibration_gpu_fp32_F2.json,7.85054811230341,11.704977447070137,memory_bound,rodinia_lud,run,ok,,True,1110,1110,valid,1.0,1478,1894,0.4383155397390272,8267895323,373387.0,True,0.0,0.0,0.1386943461909865,0.0,0.0,1.0,2.0,1.0,0.0,0.0,0.0,0.0,0.0,0.0,1.0,1.0,45483.5,45463.24493243243,380.29205061312217,403.0,44501.0,46483.0,34.0,1.0,1110.0,1110.0,0.0,0.0,1110.0,1110.0,1.0,1.0,28.0,28.0,0.0,0.0,28.0,28.0,1.0,1.0,tmp/remote_gpu_runs_20260917/gpu/pacca_gpu_final_20260913__rodinia_lud__REF__gpuF2__rep01/training_gpu_phases.csv,,True
pacca_gpu_final_20260913__rodinia_lud__REF__gpuF2__rep02,2,rodinia_lud,pacca-a100,REF,F2,sha256:2b42526c26f72589b9361f70bf57b6926ee4ff86dd4629b7530e458f26a13a32,/home/latorresn/hyperion-results/final/campaigns/gpu/roofline_calibration_gpu_fp32_F2.json,7.85054811230341,11.704977447070137,memory_bound,rodinia_lud,run,ok,,True,1110,1110,valid,1.0,1566,1961,0.444003402324922,8679124775,393956.0,True,0.0,0.0,0.1538727507721997,0.0,0.0,1.0,2.0,1.0,0.0,0.0,0.0,0.0,0.0,0.0,1.0,1.0,45297.0,45336.55502392344,332.8193167700349,502.0,44679.0,46092.0,42.0,1.0,1110.0,1110.0,0.0,0.0,1110.0,1110.0,1.0,1.0,27.0,27.0,0.0,0.0,27.0,27.0,1.0,1.0,tmp/remote_gpu_runs_20260917/gpu/pacca_gpu_final_20260913__rodinia_lud__REF__gpuF2__rep02/training_gpu_phases.csv,,True
pacca_gpu_final_20260913__rodinia_lud__REF__gpuF2__rep03,3,rodinia_lud,pacca-a100,REF,F2,sha256:2b42526c26f72589b9361f70bf57b6926ee4ff86dd4629b7530e458f26a13a32,/home/latorresn/hyperion-results/final/campaigns/gpu/roofline_calibration_gpu_fp32_F2.json,7.85054811230341,11.704977447070137,memory_bound,rodinia_lud,run,ok,,True,1110,1110,valid,1.0,1589,1951,0.4488700564971751,8954229369,431050.0,True,0.0,0.0,0.1508074592901211,0.0,0.0,1.0,2.0,1.0,0.0,0.0,0.0,0.0,0.0,0.0,1.0,1.0,48465.0,48458.16103692066,302.70753164548404,489.0,47652.0,48966.0,35.0,1.0,1110.0,1110.0,0.0,0.0,1110.0,1110.0,1.0,1.0,38.0,38.3872741555381,0.4952532612585039,1.0,37.0,39.0,3.0,1.0,tmp/remote_gpu_runs_20260917/gpu/pacca_gpu_final_20260913__rodinia_lud__REF__gpuF2__rep03/training_gpu_phases.csv,,True
pacca_gpu_final_20260913__rodinia_lud__REF__gpuF3__rep01,1,rodinia_lud,pacca-a100,REF,F3,sha256:2b42526c26f72589b9361f70bf57b6926ee4ff86dd4629b7530e458f26a13a32,/home/latorresn/hyperion-results/final/campaigns/gpu/roofline_calibration_gpu_fp32_F3.json,7.85054811230341,10.067234210878288,memory_bound,rodinia_lud,run,ok,,True,960,960,valid,1.0,1593,1699,0.4839003645200486,8760840439,373141.0,True,0.0,0.0,0.1445262520169016,0.0,0.0,1.0,2.0,1.0,0.0,0.0,0.0,0.0,0.0,0.0,1.0,1.0,42898.0,42871.88,161.4329553389076,225.0,42501.0,43217.0,26.0,1.0,960.0,960.0,0.0,0.0,960.0,960.0,1.0,1.0,29.0,29.31450980392157,0.4774505505480603,1.0,29.0,30.0,2.0,1.0,tmp/remote_gpu_runs_20260917/gpu/pacca_gpu_final_20260913__rodinia_lud__REF__gpuF3__rep01/training_gpu_phases.csv,,True
pacca_gpu_final_20260913__rodinia_lud__REF__gpuF3__rep02,2,rodinia_lud,pacca-a100,REF,F3,sha256:2b42526c26f72589b9361f70bf57b6926ee4ff86dd4629b7530e458f26a13a32,/home/latorresn/hyperion-results/final/campaigns/gpu/roofline_calibration_gpu_fp32_F3.json,7.85054811230341,10.067234210878288,memory_bound,rodinia_lud,run,ok,,True,960,960,valid,1.0,1594,1892,0.4572576018359151,8758388662,375230.0,True,0.0,0.0,0.1771901783635624,0.0,0.0,4.0,3.0,1.0,0.0,0.0,0.0,0.0,0.0,0.0,1.0,1.0,42605.0,42649.77586206896,185.21235858615887,293.0,42208.0,43008.0,23.0,1.0,960.0,960.0,0.0,0.0,960.0,960.0,1.0,1.0,28.0,28.489028213166144,0.4999228540835483,1.0,28.0,29.0,2.0,1.0,tmp/remote_gpu_runs_20260917/gpu/pacca_gpu_final_20260913__rodinia_lud__REF__gpuF3__rep02/training_gpu_phases.csv,,True
pacca_gpu_final_20260913__rodinia_lud__REF__gpuF3__rep03,3,rodinia_lud,pacca-a100,REF,F3,sha256:2b42526c26f72589b9361f70bf57b6926ee4ff86dd4629b7530e458f26a13a32,/home/latorresn/hyperion-results/final/campaigns/gpu/roofline_calibration_gpu_fp32_F3.json,7.85054811230341,10.067234210878288,memory_bound,rodinia_lud,run,ok,,True,960,960,valid,1.0,1534,1849,0.4534436890334023,8555387926,362344.0,True,0.0,0.0,0.1493170767617911,0.0,0.0,1.0,2.0,1.0,0.0,0.0,0.0,0.0,0.0,0.0,1.0,1.0,42599.0,42569.457654723126,186.72722011426924,288.0,42018.0,43106.0,30.0,1.0,960.0,960.0,0.0,0.0,960.0,960.0,1.0,1.0,30.0,29.94788273615635,0.3484956767087525,0.0,29.0,30.0,2.0,1.0,tmp/remote_gpu_runs_20260917/gpu/pacca_gpu_final_20260913__rodinia_lud__REF__gpuF3__rep03/training_gpu_phases.csv,,True
pacca_gpu_final_20260913__rodinia_lud__REF__gpuF4__rep01,1,rodinia_lud,pacca-a100,REF,F4,sha256:2b42526c26f72589b9361f70bf57b6926ee4ff86dd4629b7530e458f26a13a32,/home/latorresn/hyperion-results/final/campaigns/gpu/roofline_calibration_gpu_fp32_F4.json,7.85054811230341,8.33561088234657,memory_bound,rodinia_lud,run,ok,,True,810,810,valid,1.0,1549,624,0.7128393925448688,8955796621,360129.0,True,0.0,0.0,0.2844764747097826,0.0,0.0,2.0,2.0,1.0,0.0,0.0,0.0,0.0,0.0,0.0,1.0,1.0,40339.0,40366.15149073328,73.52378653811331,101.0,40131.0,40534.0,15.0,1.0,810.0,810.0,0.0,0.0,810.0,810.0,1.0,1.0,25.0,25.170829975825946,0.4247970550108976,0.0,25.0,26.0,2.0,1.0,tmp/remote_gpu_runs_20260917/gpu/pacca_gpu_final_20260913__rodinia_lud__REF__gpuF4__rep01/training_gpu_phases.csv,,False
pacca_gpu_final_20260913__rodinia_lud__REF__gpuF4__rep02,2,rodinia_lud,pacca-a100,REF,F4,sha256:2b42526c26f72589b9361f70bf57b6926ee4ff86dd4629b7530e458f26a13a32,/home/latorresn/hyperion-results/final/campaigns/gpu/roofline_calibration_gpu_fp32_F4.json,7.85054811230341,8.33561088234657,memory_bound,rodinia_lud,run,ok,,True,810,810,valid,1.0,1579,588,0.7286571296723581,8992813626,367060.0,True,0.0,0.0,0.1365224917485777,0.0,0.0,1.0,2.0,1.0,0.0,0.0,0.0,0.0,0.0,0.0,1.0,1.0,40743.0,40721.4071146245,91.3122423141749,98.0,40525.0,40940.0,18.0,1.0,810.0,810.0,0.0,0.0,810.0,810.0,1.0,1.0,27.0,27.0,0.0,0.0,27.0,27.0,1.0,1.0,tmp/remote_gpu_runs_20260917/gpu/pacca_gpu_final_20260913__rodinia_lud__REF__gpuF4__rep02/training_gpu_phases.csv,,False
pacca_gpu_final_20260913__rodinia_lud__REF__gpuF4__rep03,3,rodinia_lud,pacca-a100,REF,F4,sha256:2b42526c26f72589b9361f70bf57b6926ee4ff86dd4629b7530e458f26a13a32,/home/latorresn/hyperion-results/final/campaigns/gpu/roofline_calibration_gpu_fp32_F4.json,7.85054811230341,8.33561088234657,memory_bound,rodinia_lud,run,ok,,True,810,810,valid,1.0,1427,621,0.69677734375,8123298057,332855.0,True,0.0,0.0,0.2038628997450595,0.0,0.0,1.0,2.0,1.0,0.0,0.0,0.0,0.0,0.0,0.0,1.0,1.0,41036.0,41044.89238845144,72.06859759028856,98.0,40831.0,41222.0,10.0,1.0,810.0,810.0,0.0,0.0,810.0,810.0,1.0,1.0,28.0,28.0,0.0,0.0,28.0,28.0,1.0,1.0,tmp/remote_gpu_runs_20260917/gpu/pacca_gpu_final_20260913__rodinia_lud__REF__gpuF4__rep03/training_gpu_phases.csv,,False
pacca_gpu_final_20260913__rodinia_lud__REF__gpuF5__rep01,1,rodinia_lud,pacca-a100,REF,F5,sha256:2b42526c26f72589b9361f70bf57b6926ee4ff86dd4629b7530e458f26a13a32,/home/latorresn/hyperion-results/final/campaigns/gpu/roofline_calibration_gpu_fp32_F5.json,7.85054811230341,6.991213748358955,compute_bound,rodinia_lud,run,ok,,True,660,660,valid,1.0,1367,454,0.7506864360241625,9040985818,355343.0,True,0.0,0.0,0.3872545664389998,0.0,0.0,10.0,3.0,1.0,0.0,0.0,0.0,0.0,0.0,0.0,1.0,1.0,39347.0,39372.674885844746,77.29122590293413,108.0,39151.0,39837.0,16.0,1.0,660.0,660.0,0.0,0.0,660.0,660.0,1.0,1.0,28.0,28.0,0.0,0.0,28.0,28.0,1.0,1.0,tmp/remote_gpu_runs_20260917/gpu/pacca_gpu_final_20260913__rodinia_lud__REF__gpuF5__rep01/training_gpu_phases.csv,,False
pacca_gpu_final_20260913__rodinia_lud__REF__gpuF5__rep02,2,rodinia_lud,pacca-a100,REF,F5,sha256:2b42526c26f72589b9361f70bf57b6926ee4ff86dd4629b7530e458f26a13a32,/home/latorresn/hyperion-results/final/campaigns/gpu/roofline_calibration_gpu_fp32_F5.json,7.85054811230341,6.991213748358955,compute_bound,rodinia_lud,run,ok,,True,660,660,valid,1.0,1472,441,0.7694720334553058,9773351109,377416.0,True,0.0,0.0,0.2732025810338439,0.0,0.0,2.0,2.0,1.0,0.0,0.0,0.0,0.0,0.0,0.0,1.0,1.0,38836.0,38798.69185059423,61.375255724926326,98.0,38635.0,38965.0,12.0,1.0,660.0,660.0,0.0,0.0,660.0,660.0,1.0,1.0,26.0,26.0,0.0,0.0,26.0,26.0,1.0,1.0,tmp/remote_gpu_runs_20260917/gpu/pacca_gpu_final_20260913__rodinia_lud__REF__gpuF5__rep02/training_gpu_phases.csv,,False
pacca_gpu_final_20260913__rodinia_lud__REF__gpuF5__rep03,3,rodinia_lud,pacca-a100,REF,F5,sha256:2b42526c26f72589b9361f70bf57b6926ee4ff86dd4629b7530e458f26a13a32,/home/latorresn/hyperion-results/final/campaigns/gpu/roofline_calibration_gpu_fp32_F5.json,7.85054811230341,6.991213748358955,compute_bound,rodinia_lud,run,ok,,True,660,660,valid,1.0,1265,451,0.7371794871794872,8384014563,323748.0,True,0.0,0.0,0.3026398355040239,0.0,0.0,8.0,3.0,1.0,0.0,0.0,0.0,0.0,0.0,0.0,1.0,1.0,38934.0,38898.87759131293,64.95345167911988,119.0,38747.0,39063.0,14.0,1.0,660.0,660.0,0.0,0.0,660.0,660.0,1.0,1.0,26.0,26.0,0.0,0.0,26.0,26.0,1.0,1.0,tmp/remote_gpu_runs_20260917/gpu/pacca_gpu_final_20260913__rodinia_lud__REF__gpuF5__rep03/training_gpu_phases.csv,,False
pacca_gpu_final_20260913__rodinia_lud__REF__gpuF6__rep01,1,rodinia_lud,pacca-a100,REF,F6,sha256:2b42526c26f72589b9361f70bf57b6926ee4ff86dd4629b7530e458f26a13a32,/home/latorresn/hyperion-results/final/campaigns/gpu/roofline_calibration_gpu_fp32_F6.json,7.85054811230341,5.496103380242978,compute_bound,rodinia_lud,run,ok,,True,510,510,valid,1.0,1371,437,0.7582964601769911,9498616980,360813.0,True,0.0,0.0,0.3902745084068123,0.0,0.0,10.0,3.0,1.0,0.0,0.0,0.0,0.0,0.0,0.0,1.0,1.0,37854.0,37876.10118505014,61.974403307371006,89.0,37756.0,37962.0,14.0,1.0,510.0,510.0,0.0,0.0,510.0,510.0,1.0,1.0,26.0,26.078395624430264,0.3690506042732259,0.0,26.0,27.0,2.0,1.0,tmp/remote_gpu_runs_20260917/gpu/pacca_gpu_final_20260913__rodinia_lud__REF__gpuF6__rep01/training_gpu_phases.csv,,False
pacca_gpu_final_20260913__rodinia_lud__REF__gpuF6__rep02,2,rodinia_lud,pacca-a100,REF,F6,sha256:2b42526c26f72589b9361f70bf57b6926ee4ff86dd4629b7530e458f26a13a32,/home/latorresn/hyperion-results/final/campaigns/gpu/roofline_calibration_gpu_fp32_F6.json,7.85054811230341,5.496103380242978,compute_bound,rodinia_lud,run,ok,,True,510,510,valid,1.0,1339,443,0.7514029180695847,9305180789,349766.0,True,0.0,0.0,0.3875674321786872,0.0,0.0,10.0,3.0,1.0,0.0,0.0,0.0,0.0,0.0,0.0,1.0,1.0,37943.0,37908.08853681268,59.89564946821084,98.0,37757.0,38050.0,17.0,1.0,510.0,510.0,0.0,0.0,510.0,510.0,1.0,1.0,27.0,26.856477166822,0.4103630426665742,0.0,26.0,27.0,2.0,1.0,tmp/remote_gpu_runs_20260917/gpu/pacca_gpu_final_20260913__rodinia_lud__REF__gpuF6__rep02/training_gpu_phases.csv,,False
pacca_gpu_final_20260913__rodinia_lud__REF__gpuF6__rep03,3,rodinia_lud,pacca-a100,REF,F6,sha256:2b42526c26f72589b9361f70bf57b6926ee4ff86dd4629b7530e458f26a13a32,/home/latorresn/hyperion-results/final/campaigns/gpu/roofline_calibration_gpu_fp32_F6.json,7.85054811230341,5.496103380242978,compute_bound,rodinia_lud,run,ok,,True,510,510,valid,1.0,1319,439,0.7502844141069397,9267555460,365851.0,True,0.0,0.0,0.3977738451955229,0.0,0.0,10.0,3.0,1.0,0.0,0.0,0.0,0.0,0.0,0.0,1.0,1.0,39641.0,39651.35383159886,113.31727333876064,196.0,39347.0,39847.0,19.0,1.0,510.0,510.0,0.0,0.0,510.0,510.0,1.0,1.0,34.0,34.08893093661305,0.4631546428901124,0.0,33.0,35.0,3.0,1.0,tmp/remote_gpu_runs_20260917/gpu/pacca_gpu_final_20260913__rodinia_lud__REF__gpuF6__rep03/training_gpu_phases.csv,,False
pacca_gpu_final_20260913__rodinia_lud__REF__gpuF7__rep01,1,rodinia_lud,pacca-a100,REF,F7,sha256:2b42526c26f72589b9361f70bf57b6926ee4ff86dd4629b7530e458f26a13a32,/home/latorresn/hyperion-results/final/campaigns/gpu/roofline_calibration_gpu_fp32_F7.json,7.85054811230341,3.835437684040457,compute_bound,rodinia_lud,run,ok,,True,360,360,valid,1.0,1329,438,0.7521222410865874,9344639956,344675.0,True,0.0,0.0,0.5427004641160836,0.0,0.0,12.0,3.0,1.0,0.0,0.0,0.0,0.0,0.0,0.0,1.0,1.0,36961.0,36951.29295774648,48.83852487676061,18.0,36863.0,37068.0,17.0,1.0,360.0,360.0,0.0,0.0,360.0,360.0,1.0,1.0,26.0,26.0,0.0,0.0,26.0,26.0,1.0,1.0,tmp/remote_gpu_runs_20260917/gpu/pacca_gpu_final_20260913__rodinia_lud__REF__gpuF7__rep01/training_gpu_phases.csv,,False
pacca_gpu_final_20260913__rodinia_lud__REF__gpuF7__rep02,2,rodinia_lud,pacca-a100,REF,F7,sha256:2b42526c26f72589b9361f70bf57b6926ee4ff86dd4629b7530e458f26a13a32,/home/latorresn/hyperion-results/final/campaigns/gpu/roofline_calibration_gpu_fp32_F7.json,7.85054811230341,3.835437684040457,compute_bound,rodinia_lud,run,ok,,True,360,360,valid,1.0,1344,441,0.7529411764705882,9287998346,342945.0,True,0.0,0.0,0.2806115201753172,0.0,0.0,2.0,2.0,1.0,0.0,0.0,0.0,0.0,0.0,0.0,1.0,1.0,36765.0,36760.5185873606,63.27957660559357,24.0,36653.0,36872.0,17.0,1.0,360.0,360.0,0.0,0.0,360.0,360.0,1.0,1.0,26.0,25.79089219330855,0.4424519065281765,1.0,25.0,26.0,2.0,1.0,tmp/remote_gpu_runs_20260917/gpu/pacca_gpu_final_20260913__rodinia_lud__REF__gpuF7__rep02/training_gpu_phases.csv,,False
pacca_gpu_final_20260913__rodinia_lud__REF__gpuF7__rep03,3,rodinia_lud,pacca-a100,REF,F7,sha256:2b42526c26f72589b9361f70bf57b6926ee4ff86dd4629b7530e458f26a13a32,/home/latorresn/hyperion-results/final/campaigns/gpu/roofline_calibration_gpu_fp32_F7.json,7.85054811230341,3.835437684040457,compute_bound,rodinia_lud,run,ok,,True,360,360,valid,1.0,1385,440,0.7589041095890411,9463949747,351685.0,True,0.0,0.0,0.2814810495922741,0.0,0.0,2.0,2.0,1.0,0.0,0.0,0.0,0.0,0.0,0.0,1.0,1.0,37344.0,37317.999098286746,62.6249742603781,97.0,37148.0,37471.0,15.0,1.0,360.0,360.0,0.0,0.0,360.0,360.0,1.0,1.0,28.0,28.0,0.0,0.0,28.0,28.0,1.0,1.0,tmp/remote_gpu_runs_20260917/gpu/pacca_gpu_final_20260913__rodinia_lud__REF__gpuF7__rep03/training_gpu_phases.csv,,False
pacca_gpu_final_20260913__rodinia_lud__REF__gpuF8__rep01,1,rodinia_lud,pacca-a100,REF,F8,sha256:2b42526c26f72589b9361f70bf57b6926ee4ff86dd4629b7530e458f26a13a32,/home/latorresn/hyperion-results/final/campaigns/gpu/roofline_calibration_gpu_fp32_F8.json,7.85054811230341,2.928135673630785,compute_bound,rodinia_lud,run,ok,,True,210,210,valid,1.0,1363,433,0.7589086859688196,9385343174,342652.0,True,0.0,0.0,0.6103547006878011,0.0,0.0,20.0,3.0,1.0,0.0,0.0,0.0,0.0,0.0,0.0,1.0,1.0,36361.0,36328.596700274975,67.19780859989112,107.0,36254.0,36480.0,13.0,1.0,210.0,210.0,0.0,0.0,210.0,210.0,1.0,1.0,28.0,27.640696608615947,0.4871518354350101,1.0,27.0,28.0,2.0,1.0,tmp/remote_gpu_runs_20260917/gpu/pacca_gpu_final_20260913__rodinia_lud__REF__gpuF8__rep01/training_gpu_phases.csv,,False
pacca_gpu_final_20260913__rodinia_lud__REF__gpuF8__rep02,2,rodinia_lud,pacca-a100,REF,F8,sha256:2b42526c26f72589b9361f70bf57b6926ee4ff86dd4629b7530e458f26a13a32,/home/latorresn/hyperion-results/final/campaigns/gpu/roofline_calibration_gpu_fp32_F8.json,7.85054811230341,2.928135673630785,compute_bound,rodinia_lud,run,ok,,True,210,210,valid,1.0,1370,433,0.7598447032723239,9589371951,352927.0,True,0.0,0.0,0.883337144976255,0.0,0.0,22.0,3.0,1.0,0.0,0.0,0.0,0.0,0.0,0.0,1.0,1.0,37050.0,37039.22901459854,88.8525400294144,98.0,36863.0,37263.0,16.0,1.0,210.0,210.0,0.0,0.0,210.0,210.0,1.0,1.0,31.0,31.0,0.1138686131386817,0.0,31.0,32.0,2.0,1.0,tmp/remote_gpu_runs_20260917/gpu/pacca_gpu_final_20260913__rodinia_lud__REF__gpuF8__rep02/training_gpu_phases.csv,,False
pacca_gpu_final_20260913__rodinia_lud__REF__gpuF8__rep03,3,rodinia_lud,pacca-a100,REF,F8,sha256:2b42526c26f72589b9361f70bf57b6926ee4ff86dd4629b7530e458f26a13a32,/home/latorresn/hyperion-results/final/campaigns/gpu/roofline_calibration_gpu_fp32_F8.json,7.85054811230341,2.928135673630785,compute_bound,rodinia_lud,run,ok,,True,210,210,valid,1.0,1319,435,0.7519954389965793,9367815792,338701.0,True,0.0,0.0,1.6924356007111396,0.0,0.0,11.0,2.0,1.0,0.0,0.0,0.0,0.0,0.0,0.0,1.0,1.0,36272.0,36299.57994323557,54.37444335369236,98.0,36174.0,36480.0,14.0,1.0,210.0,210.0,0.0,0.0,210.0,210.0,1.0,1.0,27.0,27.0,0.1060326534468334,0.0,27.0,28.0,2.0,1.0,tmp/remote_gpu_runs_20260917/gpu/pacca_gpu_final_20260913__rodinia_lud__REF__gpuF8__rep03/training_gpu_phases.csv,,False
pacca_gpu_final_20260913__rodinia_lud__REF__gpuREF__rep01,1,rodinia_lud,pacca-a100,REF,REF,sha256:2b42526c26f72589b9361f70bf57b6926ee4ff86dd4629b7530e458f26a13a32,/home/latorresn/hyperion-results/final/campaigns/gpu/roofline_calibration_gpu_fp32_REF.json,7.85054811230341,14.965852007336167,memory_bound,rodinia_lud,run,ok,,True,,,not_applicable_native,,1375,1942,0.4145312028941815,7802527513,505635.0,True,0.0,0.0,0.1309575667822239,0.0,0.0,1.0,2.0,1.0,0.0,0.0,0.0,0.0,0.0,0.0,1.0,1.0,65369.0,65367.6757493188,517.9406525926173,489.0,64557.0,68125.0,44.0,1.0,1410.0,1410.0,0.0,0.0,1410.0,1410.0,1.0,1.0,31.0,31.0,0.0,0.0,31.0,31.0,1.0,1.0,tmp/remote_gpu_runs_20260917/gpu/pacca_gpu_final_20260913__rodinia_lud__REF__gpuREF__rep01/training_gpu_phases.csv,,True
pacca_gpu_final_20260913__rodinia_lud__REF__gpuREF__rep02,2,rodinia_lud,pacca-a100,REF,REF,sha256:2b42526c26f72589b9361f70bf57b6926ee4ff86dd4629b7530e458f26a13a32,/home/latorresn/hyperion-results/final/campaigns/gpu/roofline_calibration_gpu_fp32_REF.json,7.85054811230341,14.965852007336167,memory_bound,rodinia_lud,run,ok,,True,,,not_applicable_native,,1386,1944,0.4162162162162162,7867999017,529302.0,True,0.0,0.0,0.0,0.0,0.0,0.0,1.0,1.0,0.0,0.0,0.0,0.0,0.0,0.0,1.0,1.0,68124.0,68078.02522522522,557.6682755638352,586.0,67037.0,70018.0,43.0,1.0,1410.0,1410.0,0.0,0.0,1410.0,1410.0,1.0,1.0,38.0,37.770270270270274,0.4507208712702985,1.0,37.0,38.0,2.0,1.0,tmp/remote_gpu_runs_20260917/gpu/pacca_gpu_final_20260913__rodinia_lud__REF__gpuREF__rep02/training_gpu_phases.csv,,True
pacca_gpu_final_20260913__rodinia_lud__REF__gpuREF__rep03,3,rodinia_lud,pacca-a100,REF,REF,sha256:2b42526c26f72589b9361f70bf57b6926ee4ff86dd4629b7530e458f26a13a32,/home/latorresn/hyperion-results/final/campaigns/gpu/roofline_calibration_gpu_fp32_REF.json,7.85054811230341,14.965852007336167,memory_bound,rodinia_lud,run,ok,,True,,,not_applicable_native,,1383,1959,0.4138240574506284,7836183444,502908.0,True,0.0,0.0,0.0,0.0,0.0,0.0,1.0,1.0,0.0,0.0,0.0,0.0,0.0,0.0,1.0,1.0,64979.0,65004.20144534779,654.6144328267479,696.0,62987.0,66829.0,53.0,1.0,1410.0,1410.0,0.0,0.0,1410.0,1410.0,1.0,1.0,28.0,28.0,0.0964961040951742,0.0,28.0,29.0,2.0,1.0,tmp/remote_gpu_runs_20260917/gpu/pacca_gpu_final_20260913__rodinia_lud__REF__gpuREF__rep03/training_gpu_phases.csv,,True
pacca_gpu_kmeans_extra_20260916__rodinia_kmeans_gpu_N350000_D34_K200__REF__gpuF0__rep01,1,rodinia_kmeans_gpu_N350000_D34_K200,pacca-a100,REF,F0,sha256:368505ca8beb4b7bf0c69755d9df4d3b98c5c1f60d20771bab2fc4720d500b56,/home/latorresn/hyperion-results/final/campaigns/gpu_kmeans_extra/roofline_calibration_gpu_fp32_F0.json,68.9495,15.156594648332554,compute_bound,rodinia_kmeans_gpu_N350000_D34_K200,run,ok,,True,1410,1410,valid,1.0,4612,0,0.994394135403191,26102586846,2773562.0,True,20.0,20.25338753387534,5.262276187367957,1.0,0.0,21.0,6.0,1.0,1.0,1.0,0.2609618346159597,0.0,0.0,1.0,2.0,1.0,108297.0,108459.41165311652,12957.607674499175,12683.0,63683.0,122347.0,257.0,1.0,1410.0,1410.0,0.0,0.0,1410.0,1410.0,1.0,1.0,35.0,34.90514905149052,0.9815213937087712,1.0,32.0,36.0,5.0,1.0,tmp/remote_gpu_runs_20260917/gpu_kmeans_extra/pacca_gpu_kmeans_extra_20260916__rodinia_kmeans_gpu_N350000_D34_K200__REF__gpuF0__rep01/training_gpu_phases.csv,26.0,False
pacca_gpu_kmeans_extra_20260916__rodinia_kmeans_gpu_N350000_D34_K200__REF__gpuF0__rep02,2,rodinia_kmeans_gpu_N350000_D34_K200,pacca-a100,REF,F0,sha256:368505ca8beb4b7bf0c69755d9df4d3b98c5c1f60d20771bab2fc4720d500b56,/home/latorresn/hyperion-results/final/campaigns/gpu_kmeans_extra/roofline_calibration_gpu_fp32_F0.json,68.9495,15.156594648332554,compute_bound,rodinia_kmeans_gpu_N350000_D34_K200,run,ok,,True,1410,1410,valid,1.0,4631,0,0.994417006656646,25998502071,2732612.0,True,20.0,20.217543859649123,5.279864348395045,1.0,0.0,21.0,6.0,1.0,1.0,1.0,0.2684371267686964,0.0,0.0,1.0,2.0,1.0,106361.0,106762.97543859648,12696.819249591124,12423.0,63787.0,121057.0,254.0,1.0,1410.0,1410.0,0.0,0.0,1410.0,1410.0,1.0,1.0,36.0,36.43562753036437,0.8094338649549724,1.0,34.0,37.0,4.0,1.0,tmp/remote_gpu_runs_20260917/gpu_kmeans_extra/pacca_gpu_kmeans_extra_20260916__rodinia_kmeans_gpu_N350000_D34_K200__REF__gpuF0__rep02/training_gpu_phases.csv,26.0,False
pacca_gpu_kmeans_extra_20260916__rodinia_kmeans_gpu_N350000_D34_K200__REF__gpuF0__rep03,3,rodinia_kmeans_gpu_N350000_D34_K200,pacca-a100,REF,F0,sha256:368505ca8beb4b7bf0c69755d9df4d3b98c5c1f60d20771bab2fc4720d500b56,/home/latorresn/hyperion-results/final/campaigns/gpu_kmeans_extra/roofline_calibration_gpu_fp32_F0.json,68.9495,15.156594648332554,compute_bound,rodinia_kmeans_gpu_N350000_D34_K200,run,ok,,True,1410,1410,valid,1.0,4619,0,0.9946167097329888,26057101520,2764515.0,True,20.0,20.167433053827427,5.230331423295299,0.0,0.0,21.0,7.0,1.0,1.0,1.0,0.2600700371259819,0.0,0.0,1.0,2.0,1.0,108259.0,108356.0543684068,12813.315521839057,12479.0,65271.0,123241.0,248.0,1.0,1410.0,1410.0,0.0,0.0,1410.0,1410.0,1.0,1.0,35.0,34.60887205842575,1.0394793282260006,1.0,31.0,36.0,6.0,1.0,tmp/remote_gpu_runs_20260917/gpu_kmeans_extra/pacca_gpu_kmeans_extra_20260916__rodinia_kmeans_gpu_N350000_D34_K200__REF__gpuF0__rep03/training_gpu_phases.csv,25.0,False
pacca_gpu_kmeans_extra_20260916__rodinia_kmeans_gpu_N350000_D34_K200__REF__gpuF1__rep01,1,rodinia_kmeans_gpu_N350000_D34_K200,pacca-a100,REF,F1,sha256:368505ca8beb4b7bf0c69755d9df4d3b98c5c1f60d20771bab2fc4720d500b56,/home/latorresn/hyperion-results/final/campaigns/gpu_kmeans_extra/roofline_calibration_gpu_fp32_F1.json,68.9495,13.482944717061097,compute_bound,rodinia_kmeans_gpu_N350000_D34_K200,run,ok,,True,1260,1260,valid,1.0,4804,0,0.9946169772256728,26805007746,2193628.0,True,22.0,22.0,5.550858561853156,0.0,0.0,23.0,6.0,1.0,1.0,1.0,0.2632905530667779,0.0,0.0,1.0,2.0,1.0,83474.0,83966.2697710718,9176.808798772008,9338.25,52511.0,94625.0,247.0,1.0,1260.0,1260.0,0.0,0.0,1260.0,1260.0,1.0,1.0,33.0,32.988553590010405,0.5193876504416329,0.0,31.0,33.0,3.0,1.0,tmp/remote_gpu_runs_20260917/gpu_kmeans_extra/pacca_gpu_kmeans_extra_20260916__rodinia_kmeans_gpu_N350000_D34_K200__REF__gpuF1__rep01/training_gpu_phases.csv,26.0,False
pacca_gpu_kmeans_extra_20260916__rodinia_kmeans_gpu_N350000_D34_K200__REF__gpuF1__rep02,2,rodinia_kmeans_gpu_N350000_D34_K200,pacca-a100,REF,F1,sha256:368505ca8beb4b7bf0c69755d9df4d3b98c5c1f60d20771bab2fc4720d500b56,/home/latorresn/hyperion-results/final/campaigns/gpu_kmeans_extra/roofline_calibration_gpu_fp32_F1.json,68.9495,13.482944717061097,compute_bound,rodinia_kmeans_gpu_N350000_D34_K200,run,ok,,True,1260,1260,valid,1.0,4810,0,0.9946236559139784,26792279996,2183845.0,True,22.0,22.0,5.595435484264671,0.0,0.0,23.0,5.0,1.0,1.0,1.0,0.2594082289899483,0.0,0.0,1.0,2.0,1.0,83274.0,83328.28664241164,9395.074014102796,9481.0,51535.0,93707.0,253.0,1.0,1260.0,1260.0,0.0,0.0,1260.0,1260.0,1.0,1.0,32.0,32.44022869022869,0.7705342667113344,1.0,30.0,33.0,4.0,1.0,tmp/remote_gpu_runs_20260917/gpu_kmeans_extra/pacca_gpu_kmeans_extra_20260916__rodinia_kmeans_gpu_N350000_D34_K200__REF__gpuF1__rep02/training_gpu_phases.csv,26.0,False
pacca_gpu_kmeans_extra_20260916__rodinia_kmeans_gpu_N350000_D34_K200__REF__gpuF1__rep03,3,rodinia_kmeans_gpu_N350000_D34_K200,pacca-a100,REF,F1,sha256:368505ca8beb4b7bf0c69755d9df4d3b98c5c1f60d20771bab2fc4720d500b56,/home/latorresn/hyperion-results/final/campaigns/gpu_kmeans_extra/roofline_calibration_gpu_fp32_F1.json,68.9495,13.482944717061097,compute_bound,rodinia_kmeans_gpu_N350000_D34_K200,run,ok,,True,1260,1260,valid,1.0,4843,0,0.9948644207066556,27029218730,2201177.0,True,22.0,21.798451612903225,5.509666848644171,1.0,0.0,22.0,5.0,1.0,1.0,1.0,0.252338823179032,0.0,0.0,1.0,2.0,1.0,82949.0,83446.08645161291,9612.282312430252,9205.0,51144.0,94157.0,255.0,1.0,1260.0,1260.0,0.0,0.0,1260.0,1260.0,1.0,1.0,32.0,31.645935483870968,0.6875319854277482,1.0,29.0,32.0,4.0,1.0,tmp/remote_gpu_runs_20260917/gpu_kmeans_extra/pacca_gpu_kmeans_extra_20260916__rodinia_kmeans_gpu_N350000_D34_K200__REF__gpuF1__rep03/training_gpu_phases.csv,25.0,False
pacca_gpu_kmeans_extra_20260916__rodinia_kmeans_gpu_N350000_D34_K200__REF__gpuF2__rep01,1,rodinia_kmeans_gpu_N350000_D34_K200,pacca-a100,REF,F2,sha256:368505ca8beb4b7bf0c69755d9df4d3b98c5c1f60d20771bab2fc4720d500b56,/home/latorresn/hyperion-results/final/campaigns/gpu_kmeans_extra/roofline_calibration_gpu_fp32_F2.json,68.9495,11.640796187529851,compute_bound,rodinia_kmeans_gpu_N350000_D34_K200,run,ok,,True,1110,1110,valid,1.0,5074,0,0.9949019607843136,27933356764,1898963.0,True,23.0,23.485714285714284,6.324816684727384,1.0,0.0,25.0,7.0,1.0,1.0,1.0,0.2764349118188597,0.0,0.0,1.0,2.0,1.0,69139.0,69410.41551724137,7778.042526731745,7276.0,44795.0,79108.0,266.0,1.0,1110.0,1110.0,0.0,0.0,1110.0,1110.0,1.0,1.0,30.0,30.067241379310342,0.4713529427456518,0.0,29.0,31.0,3.0,1.0,tmp/remote_gpu_runs_20260917/gpu_kmeans_extra/pacca_gpu_kmeans_extra_20260916__rodinia_kmeans_gpu_N350000_D34_K200__REF__gpuF2__rep01/training_gpu_phases.csv,26.0,False
pacca_gpu_kmeans_extra_20260916__rodinia_kmeans_gpu_N350000_D34_K200__REF__gpuF2__rep02,2,rodinia_kmeans_gpu_N350000_D34_K200,pacca-a100,REF,F2,sha256:368505ca8beb4b7bf0c69755d9df4d3b98c5c1f60d20771bab2fc4720d500b56,/home/latorresn/hyperion-results/final/campaigns/gpu_kmeans_extra/roofline_calibration_gpu_fp32_F2.json,68.9495,11.640796187529851,compute_bound,rodinia_kmeans_gpu_N350000_D34_K200,run,ok,,True,1110,1110,valid,1.0,5030,0,0.9948575949367088,27923531878,1876955.0,True,24.0,23.5506958250497,6.207164367579098,1.0,0.0,24.0,7.0,1.0,1.0,1.0,0.271477779161379,0.0,0.0,1.0,2.0,1.0,68703.0,69118.55442345924,7662.530667691917,7827.0,45186.0,78022.0,254.0,1.0,1110.0,1110.0,0.0,0.0,1110.0,1110.0,1.0,1.0,32.0,31.993538767395627,0.3067710391312922,0.0,31.0,32.0,2.0,1.0,tmp/remote_gpu_runs_20260917/gpu_kmeans_extra/pacca_gpu_kmeans_extra_20260916__rodinia_kmeans_gpu_N350000_D34_K200__REF__gpuF2__rep02/training_gpu_phases.csv,26.0,False
pacca_gpu_kmeans_extra_20260916__rodinia_kmeans_gpu_N350000_D34_K200__REF__gpuF2__rep03,3,rodinia_kmeans_gpu_N350000_D34_K200,pacca-a100,REF,F2,sha256:368505ca8beb4b7bf0c69755d9df4d3b98c5c1f60d20771bab2fc4720d500b56,/home/latorresn/hyperion-results/final/campaigns/gpu_kmeans_extra/roofline_calibration_gpu_fp32_F2.json,68.9495,11.640796187529851,compute_bound,rodinia_kmeans_gpu_N350000_D34_K200,run,ok,,True,1110,1110,valid,1.0,5066,0,0.9948939512961508,27808180429,1902158.0,True,24.0,23.57054760730143,6.52796350812216,1.0,0.0,25.0,7.0,1.0,1.0,1.0,0.2901173845108215,0.0,0.0,1.0,2.0,1.0,69954.0,70024.22126295017,7933.559995411584,8069.0,45089.0,79154.0,254.0,1.0,1110.0,1110.0,0.0,0.0,1110.0,1110.0,1.0,1.0,31.0,30.57622101628022,0.6261170951932582,1.0,29.0,31.0,3.0,1.0,tmp/remote_gpu_runs_20260917/gpu_kmeans_extra/pacca_gpu_kmeans_extra_20260916__rodinia_kmeans_gpu_N350000_D34_K200__REF__gpuF2__rep03/training_gpu_phases.csv,26.0,False
pacca_gpu_kmeans_extra_20260916__rodinia_kmeans_gpu_N350000_D34_K200__REF__gpuF3__rep01,1,rodinia_kmeans_gpu_N350000_D34_K200,pacca-a100,REF,F3,sha256:368505ca8beb4b7bf0c69755d9df4d3b98c5c1f60d20771bab2fc4720d500b56,/home/latorresn/hyperion-results/final/campaigns/gpu_kmeans_extra/roofline_calibration_gpu_fp32_F3.json,68.9495,10.131900851738056,compute_bound,rodinia_kmeans_gpu_N350000_D34_K200,run,ok,,True,960,960,valid,1.0,5085,0,0.9949129328898454,28683356014,1788260.0,True,26.0,26.2555910543131,7.336031201930735,1.0,0.0,27.0,6.0,1.0,1.0,1.0,0.2837291303321291,0.0,0.0,1.0,2.0,1.0,63414.0,63831.33177684935,7121.012012782242,7164.0,41832.0,71926.0,248.0,1.0,960.0,960.0,0.0,0.0,960.0,960.0,1.0,1.0,30.0,29.983534037847136,0.3318094431994195,0.0,28.0,30.0,3.0,1.0,tmp/remote_gpu_runs_20260917/gpu_kmeans_extra/pacca_gpu_kmeans_extra_20260916__rodinia_kmeans_gpu_N350000_D34_K200__REF__gpuF3__rep01/training_gpu_phases.csv,26.0,False
pacca_gpu_kmeans_extra_20260916__rodinia_kmeans_gpu_N350000_D34_K200__REF__gpuF3__rep02,2,rodinia_kmeans_gpu_N350000_D34_K200,pacca-a100,REF,F3,sha256:368505ca8beb4b7bf0c69755d9df4d3b98c5c1f60d20771bab2fc4720d500b56,/home/latorresn/hyperion-results/final/campaigns/gpu_kmeans_extra/roofline_calibration_gpu_fp32_F3.json,68.9495,10.131900851738056,compute_bound,rodinia_kmeans_gpu_N350000_D34_K200,run,ok,,True,960,960,valid,1.0,5175,0,0.9950009613535858,29107808775,1802677.0,True,26.0,26.07558560734122,7.514862680089226,1.0,0.0,27.0,7.0,1.0,1.0,1.0,0.2898153918088721,0.0,0.0,1.0,2.0,1.0,63395.0,63338.87442646704,7021.758121197298,6852.5,40415.0,71033.0,253.0,1.0,960.0,960.0,0.0,0.0,960.0,960.0,1.0,1.0,30.0,30.0,0.2943791227135252,0.0,29.0,30.0,2.0,1.0,tmp/remote_gpu_runs_20260917/gpu_kmeans_extra/pacca_gpu_kmeans_extra_20260916__rodinia_kmeans_gpu_N350000_D34_K200__REF__gpuF3__rep02/training_gpu_phases.csv,26.0,False
pacca_gpu_kmeans_extra_20260916__rodinia_kmeans_gpu_N350000_D34_K200__REF__gpuF3__rep03,3,rodinia_kmeans_gpu_N350000_D34_K200,pacca-a100,REF,F3,sha256:368505ca8beb4b7bf0c69755d9df4d3b98c5c1f60d20771bab2fc4720d500b56,/home/latorresn/hyperion-results/final/campaigns/gpu_kmeans_extra/roofline_calibration_gpu_fp32_F3.json,68.9495,10.131900851738056,compute_bound,rodinia_kmeans_gpu_N350000_D34_K200,run,ok,,True,960,960,valid,1.0,5097,0,0.9947306791569088,28627554153,1784040.0,True,27.0,26.698455503799952,7.409041976783319,1.0,0.0,27.0,8.0,1.0,1.0,1.0,0.2907014123728356,0.0,0.0,1.0,2.0,1.0,64227.0,64259.70531993135,7307.699525780723,6804.0,40938.0,71822.0,248.0,1.0,960.0,960.0,0.0,0.0,960.0,960.0,1.0,1.0,30.0,29.99117430742829,0.3090186879516169,0.0,29.0,30.0,2.0,1.0,tmp/remote_gpu_runs_20260917/gpu_kmeans_extra/pacca_gpu_kmeans_extra_20260916__rodinia_kmeans_gpu_N350000_D34_K200__REF__gpuF3__rep03/training_gpu_phases.csv,27.0,False
pacca_gpu_kmeans_extra_20260916__rodinia_kmeans_gpu_N350000_D34_K200__REF__gpuF4__rep01,1,rodinia_kmeans_gpu_N350000_D34_K200,pacca-a100,REF,F4,sha256:368505ca8beb4b7bf0c69755d9df4d3b98c5c1f60d20771bab2fc4720d500b56,/home/latorresn/hyperion-results/final/campaigns/gpu_kmeans_extra/roofline_calibration_gpu_fp32_F4.json,68.9495,8.486248961860257,compute_bound,rodinia_kmeans_gpu_N350000_D34_K200,run,ok,,True,810,810,valid,1.0,4861,0,0.9946797626355638,30188702529,1793706.0,True,30.0,30.09231164823862,8.614009228995622,0.0,0.0,31.0,6.0,1.0,1.0,1.0,0.2946882674897138,0.0,0.0,1.0,2.0,1.0,60835.0,60973.21342247365,7047.641820462486,6335.0,40840.0,68059.0,242.0,1.0,810.0,810.0,0.0,0.0,810.0,810.0,1.0,1.0,29.0,29.0,0.2949700400067987,0.0,28.0,29.0,2.0,1.0,tmp/remote_gpu_runs_20260917/gpu_kmeans_extra/pacca_gpu_kmeans_extra_20260916__rodinia_kmeans_gpu_N350000_D34_K200__REF__gpuF4__rep01/training_gpu_phases.csv,26.0,False
pacca_gpu_kmeans_extra_20260916__rodinia_kmeans_gpu_N350000_D34_K200__REF__gpuF4__rep02,2,rodinia_kmeans_gpu_N350000_D34_K200,pacca-a100,REF,F4,sha256:368505ca8beb4b7bf0c69755d9df4d3b98c5c1f60d20771bab2fc4720d500b56,/home/latorresn/hyperion-results/final/campaigns/gpu_kmeans_extra/roofline_calibration_gpu_fp32_F4.json,68.9495,8.486248961860257,compute_bound,rodinia_kmeans_gpu_N350000_D34_K200,run,ok,,True,810,810,valid,1.0,4838,0,0.9948591404482828,30181207934,1786219.0,True,30.0,30.06379132231405,8.8277877877956,0.0,0.0,31.0,7.0,1.0,1.0,0.9974173553719008,0.3025188814935175,0.0,0.0,1.0,2.0,1.0,60448.0,60856.788223140495,6883.944990320613,6621.0,40830.0,67961.0,233.0,1.0,810.0,810.0,0.0,0.0,810.0,810.0,1.0,1.0,29.0,28.90470041322314,0.5810445922530185,0.0,27.0,29.0,3.0,1.0,tmp/remote_gpu_runs_20260917/gpu_kmeans_extra/pacca_gpu_kmeans_extra_20260916__rodinia_kmeans_gpu_N350000_D34_K200__REF__gpuF4__rep02/training_gpu_phases.csv,25.0,False
pacca_gpu_kmeans_extra_20260916__rodinia_kmeans_gpu_N350000_D34_K200__REF__gpuF4__rep03,3,rodinia_kmeans_gpu_N350000_D34_K200,pacca-a100,REF,F4,sha256:368505ca8beb4b7bf0c69755d9df4d3b98c5c1f60d20771bab2fc4720d500b56,/home/latorresn/hyperion-results/final/campaigns/gpu_kmeans_extra/roofline_calibration_gpu_fp32_F4.json,68.9495,8.486248961860257,compute_bound,rodinia_kmeans_gpu_N350000_D34_K200,run,ok,,True,810,810,valid,1.0,4913,0,0.9949372215471852,30442040816,1799609.0,True,30.0,29.906893920122105,8.666472668051448,0.0,0.0,30.0,7.0,1.0,1.0,0.9954210124650216,0.3047444339897396,0.0,0.0,1.0,2.0,1.0,60754.0,61033.66446196896,6906.029683784655,5821.0,40326.0,68052.0,242.0,1.0,810.0,810.0,0.0,0.0,810.0,810.0,1.0,1.0,29.0,29.0,0.2820046984164854,0.0,28.0,29.0,2.0,1.0,tmp/remote_gpu_runs_20260917/gpu_kmeans_extra/pacca_gpu_kmeans_extra_20260916__rodinia_kmeans_gpu_N350000_D34_K200__REF__gpuF4__rep03/training_gpu_phases.csv,25.0,False
pacca_gpu_kmeans_extra_20260916__rodinia_kmeans_gpu_N350000_D34_K200__REF__gpuF5__rep01,1,rodinia_kmeans_gpu_N350000_D34_K200,pacca-a100,REF,F5,sha256:368505ca8beb4b7bf0c69755d9df4d3b98c5c1f60d20771bab2fc4720d500b56,/home/latorresn/hyperion-results/final/campaigns/gpu_kmeans_extra/roofline_calibration_gpu_fp32_F5.json,68.9495,6.929961547172814,compute_bound,rodinia_kmeans_gpu_N350000_D34_K200,run,ok,,True,660,660,valid,1.0,4551,0,0.994971578487101,32668103020,1835281.0,True,34.0,33.69678659708871,10.030321966191478,0.0,0.0,35.0,9.0,1.0,1.0,0.9876407580335071,0.312722614441855,0.0,0.0,1.0,2.0,1.0,57574.0,57797.77725899478,6356.454076144475,6037.0,38855.0,63977.0,235.0,1.0,660.0,660.0,0.0,0.0,660.0,660.0,1.0,1.0,30.0,30.227684702004943,0.480345049360687,1.0,29.0,31.0,3.0,1.0,tmp/remote_gpu_runs_20260917/gpu_kmeans_extra/pacca_gpu_kmeans_extra_20260916__rodinia_kmeans_gpu_N350000_D34_K200__REF__gpuF5__rep01/training_gpu_phases.csv,23.0,False
pacca_gpu_kmeans_extra_20260916__rodinia_kmeans_gpu_N350000_D34_K200__REF__gpuF5__rep02,2,rodinia_kmeans_gpu_N350000_D34_K200,pacca-a100,REF,F5,sha256:368505ca8beb4b7bf0c69755d9df4d3b98c5c1f60d20771bab2fc4720d500b56,/home/latorresn/hyperion-results/final/campaigns/gpu_kmeans_extra/roofline_calibration_gpu_fp32_F5.json,68.9495,6.929961547172814,compute_bound,rodinia_kmeans_gpu_N350000_D34_K200,run,ok,,True,660,660,valid,1.0,4551,0,0.995189153728406,32672301070,1829587.0,True,34.0,33.70173029387531,10.238718805154017,0.0,0.0,35.0,8.0,1.0,1.0,0.9936830541060148,0.306594470395564,0.0,0.0,1.0,2.0,1.0,57363.0,57383.2826146663,6469.407103158823,6455.0,39151.0,63898.0,240.0,1.0,660.0,660.0,0.0,0.0,660.0,660.0,1.0,1.0,29.0,28.99395770392749,0.3063111927018207,0.0,28.0,29.0,2.0,1.0,tmp/remote_gpu_runs_20260917/gpu_kmeans_extra/pacca_gpu_kmeans_extra_20260916__rodinia_kmeans_gpu_N350000_D34_K200__REF__gpuF5__rep02/training_gpu_phases.csv,22.0,False
pacca_gpu_kmeans_extra_20260916__rodinia_kmeans_gpu_N350000_D34_K200__REF__gpuF5__rep03,3,rodinia_kmeans_gpu_N350000_D34_K200,pacca-a100,REF,F5,sha256:368505ca8beb4b7bf0c69755d9df4d3b98c5c1f60d20771bab2fc4720d500b56,/home/latorresn/hyperion-results/final/campaigns/gpu_kmeans_extra/roofline_calibration_gpu_fp32_F5.json,68.9495,6.929961547172814,compute_bound,rodinia_kmeans_gpu_N350000_D34_K200,run,ok,,True,660,660,valid,1.0,4575,0,0.9949978251413658,32846049600,1833652.0,True,34.0,33.568150778475825,9.59122158787309,1.0,0.0,34.0,9.0,1.0,1.0,1.0,0.29513005072719,0.0,0.0,1.0,2.0,1.0,57586.0,57422.50314121824,6422.880924976616,6065.0,38659.0,63903.0,237.0,1.0,660.0,660.0,0.0,0.0,660.0,660.0,1.0,1.0,28.0,28.0,0.2989772447449592,0.0,27.0,28.0,2.0,1.0,tmp/remote_gpu_runs_20260917/gpu_kmeans_extra/pacca_gpu_kmeans_extra_20260916__rodinia_kmeans_gpu_N350000_D34_K200__REF__gpuF5__rep03/training_gpu_phases.csv,23.0,False
pacca_gpu_kmeans_extra_20260916__rodinia_kmeans_gpu_N350000_D34_K200__REF__gpuF6__rep01,1,rodinia_kmeans_gpu_N350000_D34_K200,pacca-a100,REF,F6,sha256:368505ca8beb4b7bf0c69755d9df4d3b98c5c1f60d20771bab2fc4720d500b56,/home/latorresn/hyperion-results/final/campaigns/gpu_kmeans_extra/roofline_calibration_gpu_fp32_F6.json,68.9495,5.408362577258813,compute_bound,rodinia_kmeans_gpu_N350000_D34_K200,run,ok,,True,510,510,valid,1.0,4950,0,0.995575221238938,35748840842,1897943.0,True,39.0,38.70075757575758,11.105193862393651,1.0,0.0,40.0,8.0,1.0,0.0,0.0893939393939394,0.3769584915025727,0.0,0.0,1.0,2.0,1.0,54407.0,54447.12601010101,5651.825477885605,5631.0,37673.0,60167.0,252.0,1.0,510.0,510.0,0.0,0.0,510.0,510.0,1.0,1.0,29.0,29.0,0.2920253555513377,0.0,28.0,29.0,2.0,1.0,tmp/remote_gpu_runs_20260917/gpu_kmeans_extra/pacca_gpu_kmeans_extra_20260916__rodinia_kmeans_gpu_N350000_D34_K200__REF__gpuF6__rep01/training_gpu_phases.csv,22.0,False
pacca_gpu_kmeans_extra_20260916__rodinia_kmeans_gpu_N350000_D34_K200__REF__gpuF6__rep02,2,rodinia_kmeans_gpu_N350000_D34_K200,pacca-a100,REF,F6,sha256:368505ca8beb4b7bf0c69755d9df4d3b98c5c1f60d20771bab2fc4720d500b56,/home/latorresn/hyperion-results/final/campaigns/gpu_kmeans_extra/roofline_calibration_gpu_fp32_F6.json,68.9495,5.408362577258813,compute_bound,rodinia_kmeans_gpu_N350000_D34_K200,run,ok,,True,510,510,valid,1.0,4903,0,0.9955329949238578,35445638335,1886077.0,True,39.0,38.85903645169513,10.946968884203338,2.0,0.0,40.0,7.0,1.0,0.0,0.1784348712719857,0.4287203139455945,0.0,0.0,1.0,2.0,1.0,54478.0,54548.381085903646,5617.379235559952,6017.0,36774.0,60346.0,239.0,1.0,510.0,510.0,0.0,0.0,510.0,510.0,1.0,1.0,28.0,28.0,0.3825311141446602,0.0,27.0,29.0,3.0,1.0,tmp/remote_gpu_runs_20260917/gpu_kmeans_extra/pacca_gpu_kmeans_extra_20260916__rodinia_kmeans_gpu_N350000_D34_K200__REF__gpuF6__rep02/training_gpu_phases.csv,22.0,False
pacca_gpu_kmeans_extra_20260916__rodinia_kmeans_gpu_N350000_D34_K200__REF__gpuF6__rep03,3,rodinia_kmeans_gpu_N350000_D34_K200,pacca-a100,REF,F6,sha256:368505ca8beb4b7bf0c69755d9df4d3b98c5c1f60d20771bab2fc4720d500b56,/home/latorresn/hyperion-results/final/campaigns/gpu_kmeans_extra/roofline_calibration_gpu_fp32_F6.json,68.9495,5.408362577258813,compute_bound,rodinia_kmeans_gpu_N350000_D34_K200,run,ok,,True,510,510,valid,1.0,4904,0,0.995736040609137,35393125461,1890600.0,True,39.0,38.9887869520897,10.939821014077202,2.0,0.0,41.0,9.0,1.0,0.0,0.2403160040774719,0.4547785163624627,1.0,0.0,1.0,2.0,1.0,54591.0,54527.833333333336,5654.467540078061,5747.0,38147.0,60334.0,240.0,1.0,510.0,510.0,0.0,0.0,510.0,510.0,1.0,1.0,29.0,29.0,0.2901258592500065,0.0,28.0,29.0,2.0,1.0,tmp/remote_gpu_runs_20260917/gpu_kmeans_extra/pacca_gpu_kmeans_extra_20260916__rodinia_kmeans_gpu_N350000_D34_K200__REF__gpuF6__rep03/training_gpu_phases.csv,21.0,False
pacca_gpu_kmeans_extra_20260916__rodinia_kmeans_gpu_N350000_D34_K200__REF__gpuF7__rep01,1,rodinia_kmeans_gpu_N350000_D34_K200,pacca-a100,REF,F7,sha256:368505ca8beb4b7bf0c69755d9df4d3b98c5c1f60d20771bab2fc4720d500b56,/home/latorresn/hyperion-results/final/campaigns/gpu_kmeans_extra/roofline_calibration_gpu_fp32_F7.json,68.9495,3.874892671159252,compute_bound,rodinia_kmeans_gpu_N350000_D34_K200,run,ok,,True,360,360,valid,1.0,5268,0,0.9960294951786728,39889575490,2011209.0,True,47.0,46.55621442125237,12.970905017856506,1.0,0.0,49.0,11.0,1.0,0.0,0.0,0.0,0.0,0.0,0.0,1.0,1.0,51132.0,51316.09985768501,4846.853324775911,5233.0,36774.0,56278.0,230.0,1.0,360.0,360.0,0.0,0.0,360.0,360.0,1.0,1.0,28.0,28.0,0.2593359035522476,0.0,27.0,28.0,2.0,1.0,tmp/remote_gpu_runs_20260917/gpu_kmeans_extra/pacca_gpu_kmeans_extra_20260916__rodinia_kmeans_gpu_N350000_D34_K200__REF__gpuF7__rep01/training_gpu_phases.csv,21.0,False
pacca_gpu_kmeans_extra_20260916__rodinia_kmeans_gpu_N350000_D34_K200__REF__gpuF7__rep02,2,rodinia_kmeans_gpu_N350000_D34_K200,pacca-a100,REF,F7,sha256:368505ca8beb4b7bf0c69755d9df4d3b98c5c1f60d20771bab2fc4720d500b56,/home/latorresn/hyperion-results/final/campaigns/gpu_kmeans_extra/roofline_calibration_gpu_fp32_F7.json,68.9495,3.874892671159252,compute_bound,rodinia_kmeans_gpu_N350000_D34_K200,run,ok,,True,360,360,valid,1.0,5346,0,0.9959016393442623,39879877846,2025600.0,True,47.0,46.7606358111267,12.705651959360262,2.0,0.0,49.0,9.0,1.0,0.0,0.0,0.0,0.0,0.0,0.0,1.0,1.0,51619.0,51726.23936418887,4749.47230942512,4937.0,37260.0,56584.0,242.0,1.0,360.0,360.0,0.0,0.0,360.0,360.0,1.0,1.0,29.0,29.0,0.2131290672685551,0.0,28.0,29.0,2.0,1.0,tmp/remote_gpu_runs_20260917/gpu_kmeans_extra/pacca_gpu_kmeans_extra_20260916__rodinia_kmeans_gpu_N350000_D34_K200__REF__gpuF7__rep02/training_gpu_phases.csv,22.0,False
pacca_gpu_kmeans_extra_20260916__rodinia_kmeans_gpu_N350000_D34_K200__REF__gpuF7__rep03,3,rodinia_kmeans_gpu_N350000_D34_K200,pacca-a100,REF,F7,sha256:368505ca8beb4b7bf0c69755d9df4d3b98c5c1f60d20771bab2fc4720d500b56,/home/latorresn/hyperion-results/final/campaigns/gpu_kmeans_extra/roofline_calibration_gpu_fp32_F7.json,68.9495,3.874892671159252,compute_bound,rodinia_kmeans_gpu_N350000_D34_K200,run,ok,,True,360,360,valid,1.0,5347,0,0.9960879284649776,39895051737,2033241.0,True,46.0,46.55550362234167,12.884063133937474,2.0,0.0,48.0,12.0,1.0,0.0,0.0,0.0,0.0,0.0,0.0,1.0,1.0,51829.0,51921.7464360832,4820.567396697828,5076.0,37575.0,56878.0,233.0,1.0,360.0,360.0,0.0,0.0,360.0,360.0,1.0,1.0,30.0,30.0,0.1516882479315871,0.0,29.0,30.0,2.0,1.0,tmp/remote_gpu_runs_20260917/gpu_kmeans_extra/pacca_gpu_kmeans_extra_20260916__rodinia_kmeans_gpu_N350000_D34_K200__REF__gpuF7__rep03/training_gpu_phases.csv,21.0,False
pacca_gpu_kmeans_extra_20260916__rodinia_kmeans_gpu_N350000_D34_K200__REF__gpuF8__rep01,1,rodinia_kmeans_gpu_N350000_D34_K200,pacca-a100,REF,F8,sha256:368505ca8beb4b7bf0c69755d9df4d3b98c5c1f60d20771bab2fc4720d500b56,/home/latorresn/hyperion-results/final/campaigns/gpu_kmeans_extra/roofline_calibration_gpu_fp32_F8.json,68.9495,2.911339802032453,compute_bound,rodinia_kmeans_gpu_N350000_D34_K200,run,ok,,True,210,210,valid,1.0,6894,0,0.9969631236442515,51365216056,2402152.0,True,59.0,58.97969543147208,14.194095493074125,0.0,0.0,60.0,8.0,1.0,0.0,0.0,0.0,0.0,0.0,0.0,1.0,1.0,47462.0,47368.659535895575,3443.883427341242,4035.0,35984.0,50852.0,216.0,1.0,210.0,210.0,0.0,0.0,210.0,210.0,1.0,1.0,28.0,28.0,0.2459850225187075,0.0,27.0,28.0,2.0,1.0,tmp/remote_gpu_runs_20260917/gpu_kmeans_extra/pacca_gpu_kmeans_extra_20260916__rodinia_kmeans_gpu_N350000_D34_K200__REF__gpuF8__rep01/training_gpu_phases.csv,21.0,False
pacca_gpu_kmeans_extra_20260916__rodinia_kmeans_gpu_N350000_D34_K200__REF__gpuF8__rep02,2,rodinia_kmeans_gpu_N350000_D34_K200,pacca-a100,REF,F8,sha256:368505ca8beb4b7bf0c69755d9df4d3b98c5c1f60d20771bab2fc4720d500b56,/home/latorresn/hyperion-results/final/campaigns/gpu_kmeans_extra/roofline_calibration_gpu_fp32_F8.json,68.9495,2.911339802032453,compute_bound,rodinia_kmeans_gpu_N350000_D34_K200,run,ok,,True,210,210,valid,1.0,6921,0,0.9969749351771824,51204796831,2402645.0,True,59.0,59.14628860393715,14.250953254851437,0.0,0.0,60.0,9.0,1.0,0.0,0.0,0.0,0.0,0.0,0.0,1.0,1.0,47768.0,47625.566371681416,3506.227703612362,4244.0,36165.0,51130.0,206.0,1.0,210.0,210.0,0.0,0.0,210.0,210.0,1.0,1.0,28.0,28.010836192884238,0.3389916370158282,0.0,27.0,29.0,3.0,1.0,tmp/remote_gpu_runs_20260917/gpu_kmeans_extra/pacca_gpu_kmeans_extra_20260916__rodinia_kmeans_gpu_N350000_D34_K200__REF__gpuF8__rep02/training_gpu_phases.csv,21.0,False
pacca_gpu_kmeans_extra_20260916__rodinia_kmeans_gpu_N350000_D34_K200__REF__gpuF8__rep03,3,rodinia_kmeans_gpu_N350000_D34_K200,pacca-a100,REF,F8,sha256:368505ca8beb4b7bf0c69755d9df4d3b98c5c1f60d20771bab2fc4720d500b56,/home/latorresn/hyperion-results/final/campaigns/gpu_kmeans_extra/roofline_calibration_gpu_fp32_F8.json,68.9495,2.911339802032453,compute_bound,rodinia_kmeans_gpu_N350000_D34_K200,run,ok,,True,210,210,valid,1.0,6909,0,0.996969696969697,51432346619,2391173.0,True,59.0,59.08464460119371,14.463556217775078,0.0,0.0,60.0,8.0,1.0,0.0,0.0,0.0,0.0,0.0,0.0,1.0,1.0,47376.0,47240.31217218303,3474.8381152863653,4135.0,35783.0,50727.0,209.0,1.0,210.0,210.0,0.0,0.0,210.0,210.0,1.0,1.0,27.0,26.937240007234585,0.3571636141582854,0.0,26.0,27.0,2.0,1.0,tmp/remote_gpu_runs_20260917/gpu_kmeans_extra/pacca_gpu_kmeans_extra_20260916__rodinia_kmeans_gpu_N350000_D34_K200__REF__gpuF8__rep03/training_gpu_phases.csv,21.0,False
pacca_gpu_kmeans_extra_20260916__rodinia_kmeans_gpu_N350000_D34_K200__REF__gpuREF__rep01,1,rodinia_kmeans_gpu_N350000_D34_K200,pacca-a100,REF,REF,sha256:368505ca8beb4b7bf0c69755d9df4d3b98c5c1f60d20771bab2fc4720d500b56,/home/latorresn/hyperion-results/final/campaigns/gpu_kmeans_extra/roofline_calibration_gpu_fp32_REF.json,68.9495,15.221409033994403,compute_bound,rodinia_kmeans_gpu_N350000_D34_K200,run,ok,,True,,,not_applicable_native,,4572,0,0.9943453675511092,26073002375,2766280.0,True,20.0,20.060415527610715,5.094450490823469,0.0,0.0,21.0,7.0,1.0,1.0,1.0,0.2627196037673686,0.0,0.0,1.0,2.0,1.0,108311.0,108003.84499726626,12760.071230183374,10783.0,65199.0,124671.0,250.0,1.0,1410.0,1410.0,0.0,0.0,1410.0,1410.0,1.0,1.0,35.0,34.49453253143795,1.0607918886918264,1.0,31.0,36.0,6.0,1.0,tmp/remote_gpu_runs_20260917/gpu_kmeans_extra/pacca_gpu_kmeans_extra_20260916__rodinia_kmeans_gpu_N350000_D34_K200__REF__gpuREF__rep01/training_gpu_phases.csv,26.0,False
pacca_gpu_kmeans_extra_20260916__rodinia_kmeans_gpu_N350000_D34_K200__REF__gpuREF__rep02,2,rodinia_kmeans_gpu_N350000_D34_K200,pacca-a100,REF,REF,sha256:368505ca8beb4b7bf0c69755d9df4d3b98c5c1f60d20771bab2fc4720d500b56,/home/latorresn/hyperion-results/final/campaigns/gpu_kmeans_extra/roofline_calibration_gpu_fp32_REF.json,68.9495,15.221409033994403,compute_bound,rodinia_kmeans_gpu_N350000_D34_K200,run,ok,,True,,,not_applicable_native,,4641,0,0.9944289693593314,26131002561,2770928.0,True,20.0,20.07998922704013,5.072425305739468,0.0,0.0,21.0,7.0,1.0,1.0,1.0,0.2654402662801968,0.0,0.0,1.0,2.0,1.0,108963.0,108657.250471317,13278.820527972528,13166.0,64581.0,124079.0,251.0,1.0,1410.0,1410.0,0.0,0.0,1410.0,1410.0,1.0,1.0,35.0,34.607325612712096,1.0492761354412614,1.0,31.0,36.0,6.0,1.0,tmp/remote_gpu_runs_20260917/gpu_kmeans_extra/pacca_gpu_kmeans_extra_20260916__rodinia_kmeans_gpu_N350000_D34_K200__REF__gpuREF__rep02/training_gpu_phases.csv,26.0,False
pacca_gpu_kmeans_extra_20260916__rodinia_kmeans_gpu_N350000_D34_K200__REF__gpuREF__rep03,3,rodinia_kmeans_gpu_N350000_D34_K200,pacca-a100,REF,REF,sha256:368505ca8beb4b7bf0c69755d9df4d3b98c5c1f60d20771bab2fc4720d500b56,/home/latorresn/hyperion-results/final/campaigns/gpu_kmeans_extra/roofline_calibration_gpu_fp32_REF.json,68.9495,15.221409033994403,compute_bound,rodinia_kmeans_gpu_N350000_D34_K200,run,ok,,True,,,not_applicable_native,,4620,0,0.9944037882049076,26078043069,2755061.0,True,20.0,20.158008658008654,5.190946776865509,0.0,0.0,21.0,7.0,1.0,1.0,1.0,0.2582583991342292,0.0,0.0,1.0,2.0,1.0,107962.0,108323.06033549784,13202.420221239614,13571.0,65296.0,123371.0,247.0,1.0,1410.0,1410.0,0.0,0.0,1410.0,1410.0,1.0,1.0,35.0,34.98241341991342,0.9943859578750311,0.0,32.0,36.0,5.0,1.0,tmp/remote_gpu_runs_20260917/gpu_kmeans_extra/pacca_gpu_kmeans_extra_20260916__rodinia_kmeans_gpu_N350000_D34_K200__REF__gpuREF__rep03/training_gpu_phases.csv,26.0,False
pacca_gpu_minibude_extra_20260916__minibude_cuda_bm1__REF__gpuREF__rep01,1,minibude_cuda_bm1,pacca-a100,REF,REF,sha256:de35e0f33fb7a478d9a8317c38a16d8e3c71da4972c861809993970dd2928dc5,/home/latorresn/hyperion-results/final/campaigns/gpu_minibude_extra/roofline_calibration_gpu_fp32_REF.json,25582.5597,8.05658820364106,compute_bound,minibude_cuda_bm1,run,ok,,True,,,not_applicable_native,,5053,0,0.9952727988969864,30336935220,2028296.0,True,100.0,100.0,20.458051990888176,0.0,0.0,100.0,6.0,1.0,0.0,0.0,0.0,0.0,0.0,0.0,1.0,1.0,68827.0,68832.55330200346,6204.984428977714,103.0,40437.0,69042.0,59.0,1.0,765.0,765.0,0.0,0.0,765.0,765.0,1.0,1.0,32.0,31.861488993321792,0.513677737504034,0.0,30.0,32.0,3.0,1.0,tmp/remote_gpu_runs_20260917/gpu_minibude_extra/pacca_gpu_minibude_extra_20260916__minibude_cuda_bm1__REF__gpuREF__rep01/training_gpu_phases.csv,24.0,False
pacca_gpu_minibude_extra_20260916__minibude_cuda_bm1__REF__gpuREF__rep02,2,minibude_cuda_bm1,pacca-a100,REF,REF,sha256:de35e0f33fb7a478d9a8317c38a16d8e3c71da4972c861809993970dd2928dc5,/home/latorresn/hyperion-results/final/campaigns/gpu_minibude_extra/roofline_calibration_gpu_fp32_REF.json,25582.5597,8.05658820364106,compute_bound,minibude_cuda_bm1,run,ok,,True,,,not_applicable_native,,5046,0,0.9950700059159928,30328230643,2030756.0,True,100.0,100.0,21.744793100470066,0.0,0.0,100.0,5.0,1.0,0.0,0.0,0.0,0.0,0.0,0.0,1.0,1.0,68925.0,68914.416542843,5993.532715034485,195.0,40339.0,69120.0,52.0,1.0,765.0,765.0,0.0,0.0,765.0,765.0,1.0,1.0,32.0,31.88038632986627,0.5036384222560805,0.0,30.0,32.0,3.0,1.0,tmp/remote_gpu_runs_20260917/gpu_minibude_extra/pacca_gpu_minibude_extra_20260916__minibude_cuda_bm1__REF__gpuREF__rep02/training_gpu_phases.csv,25.0,False
pacca_gpu_minibude_extra_20260916__minibude_cuda_bm1__REF__gpuREF__rep03,3,minibude_cuda_bm1,pacca-a100,REF,REF,sha256:de35e0f33fb7a478d9a8317c38a16d8e3c71da4972c861809993970dd2928dc5,/home/latorresn/hyperion-results/final/campaigns/gpu_minibude_extra/roofline_calibration_gpu_fp32_REF.json,25582.5597,8.05658820364106,compute_bound,minibude_cuda_bm1,run,ok,,True,,,not_applicable_native,,5069,0,0.9952876497152956,30356558029,2032463.0,True,100.0,100.0,20.80818568475,0.0,0.0,100.0,6.0,1.0,0.0,0.0,0.0,0.0,0.0,0.0,1.0,1.0,68827.0,68839.44293813163,6252.045938664836,98.0,40743.0,69042.0,49.0,1.0,765.0,765.0,0.0,0.0,765.0,765.0,1.0,1.0,32.0,31.606605866403747,0.5830714032359029,1.0,30.0,32.0,3.0,1.0,tmp/remote_gpu_runs_20260917/gpu_minibude_extra/pacca_gpu_minibude_extra_20260916__minibude_cuda_bm1__REF__gpuREF__rep03/training_gpu_phases.csv,24.0,False
