config_id,operation,size,family,resource_state,k,log10_k,ready_device,y_log_edp_ratio_k,device_label,cpu_ref_edp_js,gpu_ref_edp_js,oracle_ref_edp_js,cpu_total_energy_j,cpu_total_time_s,gpu_total_energy_j,gpu_total_time_s,device_margin_pct,log10_n,flops_per_dispatch_analytic,log10_flops_per_dispatch,logical_bytes_per_dispatch,log10_logical_bytes,arithmetic_intensity_analytic,cost_cpu_e_cold,cost_cpu_t_cold,cost_cpu_e_warm,cost_cpu_t_warm,cost_gpu_e_cold,cost_gpu_t_cold,cost_gpu_e_warm,cost_gpu_t_warm,above_noise_floor,probe_time_per_dispatch_s,probe_energy_per_dispatch_j,probe_avg_power_w,probe_region_to_sampling_ratio,probe_ipc,probe_mpki,probe_llc_miss_rate,probe_stall_backend_ratio,probe_ips,probe_freq_khz_observed,probe_running_ratio,probe_gpu_power_mw,probe_gpu_util_pct,probe_gpu_mem_util_pct,probe_gpu_sm_clock_mhz,probe_gpu_temperature_c,probe_device,probe_device_missing,probe_time_per_dispatch_s_missing,probe_energy_per_dispatch_j_missing,probe_avg_power_w_missing,probe_region_to_sampling_ratio_missing,probe_ipc_missing,probe_mpki_missing,probe_llc_miss_rate_missing,probe_stall_backend_ratio_missing,probe_ips_missing,probe_freq_khz_observed_missing,probe_running_ratio_missing,probe_gpu_power_mw_missing,probe_gpu_util_pct_missing,probe_gpu_mem_util_pct_missing,probe_gpu_sm_clock_mhz_missing,probe_gpu_temperature_c_missing
axpy_N10000,axpy,10000,vector,cpu_ready,1,0.0,cpu,23.31256113350277,cpu,4.208888872382811e-09,56.06400495058432,4.208888872382811e-09,0.0007211880905045,5.836048775345866e-06,88.28959796268714,0.6350012486666666,1332038137529.5254,4.0,20000.0,4.301029995663981,240000.0,5.380211241711606,0.08333333333333333,0.0008246468755943,7.63e-06,0.0007211880905045,5.836048775345866e-06,88.28959796268714,0.6350012486666666,0.0155996227510383,9.82224581453634e-05,1,7.813e-06,0.0004342325966888,55.57821537038269,0.007813,,,,,,,,,,,,,cpu,0,0,0,0,0,1,1,1,1,1,1,1,1,1,1,1,1
axpy_N10000,axpy,10000,vector,cpu_ready,2,0.3010299956639812,cpu,21.926598112529668,cpu,1.6835555489531243e-08,56.082584284083815,1.6835555489531243e-08,0.001442376181009,1.1672097550691731e-05,88.30519758543818,0.635099471124812,333119892017.3544,4.0,20000.0,4.301029995663981,240000.0,5.380211241711606,0.08333333333333333,0.0008246468755943,7.63e-06,0.0007211880905045,5.836048775345866e-06,88.28959796268714,0.6350012486666666,0.0155996227510383,9.82224581453634e-05,1,7.813e-06,0.0004342325966888,55.57821537038269,0.007813,,,,,,,,,,,,,cpu,0,0,0,0,0,1,1,1,1,1,1,1,1,1,1,1,1
axpy_N10000,axpy,10000,vector,cpu_ready,3,0.47712125471966244,cpu,21.115999181334136,cpu,3.7879999851445296e-08,56.101166682049886,3.7879999851445296e-08,0.0021635642715135002,1.7508146326037596e-05,88.32079720818922,0.6351976935829573,148102341246.52292,4.0,20000.0,4.301029995663981,240000.0,5.380211241711606,0.08333333333333333,0.0008246468755943,7.63e-06,0.0007211880905045,5.836048775345866e-06,88.28959796268714,0.6350012486666666,0.0155996227510383,9.82224581453634e-05,1,7.813e-06,0.0004342325966888,55.57821537038269,0.007813,,,,,,,,,,,,,cpu,0,0,0,0,0,1,1,1,1,1,1,1,1,1,1,1,1
axpy_N10000,axpy,10000,vector,cpu_ready,5,0.6989700043360189,cpu,20.09501033853945,cpu,1.0522222180957028e-07,56.138340671381805,1.0522222180957028e-07,0.0036059404525225,2.918024387672933e-05,88.3519964536913,0.6353941384992481,53352171813.81893,4.0,20000.0,4.301029995663981,240000.0,5.380211241711606,0.08333333333333333,0.0008246468755943,7.63e-06,0.0007211880905045,5.836048775345866e-06,88.28959796268714,0.6350012486666666,0.0155996227510383,9.82224581453634e-05,1,7.813e-06,0.0004342325966888,55.57821537038269,0.007813,,,,,,,,,,,,,cpu,0,0,0,0,0,1,1,1,1,1,1,1,1,1,1,1,1
axpy_N10000,axpy,10000,vector,cpu_ready,10,1.0,cpu,18.71037102584619,cpu,4.208888872382811e-07,56.23132927287683,4.208888872382811e-07,0.007211880905045,5.836048775345866e-05,88.42999456744649,0.6358852507899749,13360136263.26828,4.0,20000.0,4.301029995663981,240000.0,5.380211241711606,0.08333333333333333,0.0008246468755943,7.63e-06,0.0007211880905045,5.836048775345866e-06,88.28959796268714,0.6350012486666666,0.0155996227510383,9.82224581453634e-05,1,7.813e-06,0.0004342325966888,55.57821537038269,0.007813,,,,,,,,,,,,,cpu,0,0,0,0,0,1,1,1,1,1,1,1,1,1,1,1,1
axpy_N10000,axpy,10000,vector,cpu_ready,30,1.4771212547196624,cpu,16.519752920368937,cpu,3.7879999851445295e-06,56.60404979550331,3.7879999851445295e-06,0.021635642715135,0.00017508146326037597,88.74198702246726,0.6378496999528822,1494299002.890403,4.0,20000.0,4.301029995663981,240000.0,5.380211241711606,0.08333333333333333,0.0008246468755943,7.63e-06,0.0007211880905045,5.836048775345866e-06,88.28959796268714,0.6350012486666666,0.0155996227510383,9.82224581453634e-05,1,7.813e-06,0.0004342325966888,55.57821537038269,0.007813,,,,,,,,,,,,,cpu,0,0,0,0,0,1,1,1,1,1,1,1,1,1,1,1,1
axpy_N10000,axpy,10000,vector,cpu_ready,100,2.0,cpu,14.134758874524218,cpu,4.208888872382811e-05,57.91822469444026,4.208888872382811e-05,0.07211880905045001,0.0005836048775345866,89.83396061503993,0.6447252720230576,137609198.91610697,4.0,20000.0,4.301029995663981,240000.0,5.380211241711606,0.08333333333333333,0.0008246468755943,7.63e-06,0.0007211880905045,5.836048775345866e-06,88.28959796268714,0.6350012486666666,0.0155996227510383,9.82224581453634e-05,1,7.813e-06,0.0004342325966888,55.57821537038269,0.007813,,,,,,,,,,,,,cpu,0,0,0,0,0,1,1,1,1,1,1,1,1,1,1,1,1
axpy_N10000,axpy,10000,vector,cpu_ready,1000,3.0,cpu,9.803293171409551,cpu,0.004208888872382811,76.1523987739125,0.004208888872382811,0.7211880905045001,0.0058360487753458656,103.8736210909744,0.7331254843538847,1809223.103624728,4.0,20000.0,4.301029995663981,240000.0,5.380211241711606,0.08333333333333333,0.0008246468755943,7.63e-06,0.0007211880905045,5.836048775345866e-06,88.28959796268714,0.6350012486666666,0.0155996227510383,9.82224581453634e-05,1,7.813e-06,0.0004342325966888,55.57821537038269,0.007813,,,,,,,,,,,,,cpu,0,0,0,0,0,1,1,1,1,1,1,1,1,1,1,1,1
axpy_N10000,axpy,10000,vector,gpu_ready,1,0.0,gpu,5.495193787132876,cpu,6.292055660784509e-09,1.532233292747318e-06,6.292055660784509e-09,0.0008246468755943,7.63e-06,0.0155996227510383,9.82224581453634e-05,24251.8712381555,4.0,20000.0,4.301029995663981,240000.0,5.380211241711606,0.08333333333333333,0.0008246468755943,7.63e-06,0.0007211880905045,5.836048775345866e-06,88.28959796268714,0.6350012486666666,0.0155996227510383,9.82224581453634e-05,1,0.528868257,77.88544941967952,147.26814927688037,105.7736514,,,,,,,,63714.37452570537,0.0,0.0,1410.0,26.0,gpu,0,0,0,0,0,1,1,1,1,1,1,1,0,0,0,0,0
axpy_N10000,axpy,10000,vector,gpu_ready,2,0.3010299956639812,gpu,5.685040171959428,cpu,2.0816289052121566e-08,6.128933170989272e-06,2.0816289052121566e-08,0.0015458349660988002,1.3466048775345866e-05,0.0311992455020766,0.0001964449162907268,29342.967263008006,4.0,20000.0,4.301029995663981,240000.0,5.380211241711606,0.08333333333333333,0.0008246468755943,7.63e-06,0.0007211880905045,5.836048775345866e-06,88.28959796268714,0.6350012486666666,0.0155996227510383,9.82224581453634e-05,1,0.528868257,77.88544941967952,147.26814927688037,105.7736514,,,,,,,,63714.37452570537,0.0,0.0,1410.0,26.0,gpu,0,0,0,0,0,1,1,1,1,1,1,1,0,0,0,0,0
axpy_N10000,axpy,10000,vector,gpu_ready,3,0.47712125471966244,gpu,5.753024882507217,cpu,4.3758300188224244e-08,1.3790099634725861e-05,4.3758300188224244e-08,0.0022670230566033,1.9302097550691733e-05,0.0467988682531149,0.0002946673744360902,31414.248897714042,4.0,20000.0,4.301029995663981,240000.0,5.380211241711606,0.08333333333333333,0.0008246468755943,7.63e-06,0.0007211880905045,5.836048775345866e-06,88.28959796268714,0.6350012486666666,0.0155996227510383,9.82224581453634e-05,1,0.528868257,77.88544941967952,147.26814927688037,105.7736514,,,,,,,,63714.37452570537,0.0,0.0,1410.0,26.0,gpu,0,0,0,0,0,1,1,1,1,1,1,1,0,0,0,0,0
axpy_N10000,axpy,10000,vector,gpu_ready,5,0.6989700043360189,gpu,5.80933306874197,cpu,1.1489565569472644e-07,3.8305832318682956e-05,1.1489565569472644e-07,0.0037093992376123,3.097419510138346e-05,0.0779981137551915,0.000491112290726817,33239.66988313306,4.0,20000.0,4.301029995663981,240000.0,5.380211241711606,0.08333333333333333,0.0008246468755943,7.63e-06,0.0007211880905045,5.836048775345866e-06,88.28959796268714,0.6350012486666666,0.0155996227510383,9.82224581453634e-05,1,0.528868257,77.88544941967952,147.26814927688037,105.7736514,,,,,,,,63714.37452570537,0.0,0.0,1410.0,26.0,gpu,0,0,0,0,0,1,1,1,1,1,1,1,0,0,0,0,0
axpy_N10000,axpy,10000,vector,gpu_ready,10,1.0,gpu,5.852763095516711,cpu,4.400501549943804e-07,0.00015322332927473182,4.400501549943804e-07,0.0073153396901348006,6.015443897811279e-05,0.155996227510383,0.000982224581453634,34719.51489749811,4.0,20000.0,4.301029995663981,240000.0,5.380211241711606,0.08333333333333333,0.0008246468755943,7.63e-06,0.0007211880905045,5.836048775345866e-06,88.28959796268714,0.6350012486666666,0.0155996227510383,9.82224581453634e-05,1,0.528868257,77.88544941967952,147.26814927688037,105.7736514,,,,,,,,63714.37452570537,0.0,0.0,1410.0,26.0,gpu,0,0,0,0,0,1,1,1,1,1,1,1,0,0,0,0,0
axpy_N10000,axpy,10000,vector,gpu_ready,30,1.4771212547196624,gpu,5.882318218617104,cpu,3.845112588384402e-06,0.0013790099634725863,3.845112588384402e-06,0.021739101500224803,0.00017687541448503012,0.467988682531149,0.002946673744360902,35763.96839557835,4.0,20000.0,4.301029995663981,240000.0,5.380211241711606,0.08333333333333333,0.0008246468755943,7.63e-06,0.0007211880905045,5.836048775345866e-06,88.28959796268714,0.6350012486666666,0.0155996227510383,9.82224581453634e-05,1,0.528868257,77.88544941967952,147.26814927688037,105.7736514,,,,,,,,63714.37452570537,0.0,0.0,1410.0,26.0,gpu,0,0,0,0,0,1,1,1,1,1,1,1,0,0,0,0,0
axpy_N10000,axpy,10000,vector,gpu_ready,100,2.0,gpu,5.892780199919351,cpu,4.227883100126119e-05,0.01532233292747318,4.227883100126119e-05,0.07222226783553981,0.0005853988287592407,1.55996227510383,0.00982224581453634,36141.14613532269,4.0,20000.0,4.301029995663981,240000.0,5.380211241711606,0.08333333333333333,0.0008246468755943,7.63e-06,0.0007211880905045,5.836048775345866e-06,88.28959796268714,0.6350012486666666,0.0155996227510383,9.82224581453634e-05,1,0.528868257,77.88544941967952,147.26814927688037,105.7736514,,,,,,,,63714.37452570537,0.0,0.0,1410.0,26.0,gpu,0,0,0,0,0,1,1,1,1,1,1,1,0,0,0,0,0
axpy_N10000,axpy,10000,vector,gpu_ready,1000,3.0,gpu,5.896832141592064,cpu,0.004210786624757013,1.5322332927473181,0.004210786624757013,0.7212915492895898,0.005837842726570519,15.5996227510383,0.0982224581453634,36288.29105561095,4.0,20000.0,4.301029995663981,240000.0,5.380211241711606,0.08333333333333333,0.0008246468755943,7.63e-06,0.0007211880905045,5.836048775345866e-06,88.28959796268714,0.6350012486666666,0.0155996227510383,9.82224581453634e-05,1,0.528868257,77.88544941967952,147.26814927688037,105.7736514,,,,,,,,63714.37452570537,0.0,0.0,1410.0,26.0,gpu,0,0,0,0,0,1,1,1,1,1,1,1,0,0,0,0,0
axpy_N10000,axpy,10000,vector,none_ready,1,0.0,none,22.910471989127274,cpu,6.292055660784509e-09,56.06400495058432,6.292055660784509e-09,0.0008246468755943,7.63e-06,88.28959796268714,0.6350012486666666,891028432785.7021,4.0,20000.0,4.301029995663981,240000.0,5.380211241711606,0.08333333333333333,0.0008246468755943,7.63e-06,0.0007211880905045,5.836048775345866e-06,88.28959796268714,0.6350012486666666,0.0155996227510383,9.82224581453634e-05,1,,,,,,,,,,,,,,,,,,1,1,1,1,1,1,1,1,1,1,1,1,1,1,1,1,1
axpy_N10000,axpy,10000,vector,none_ready,2,0.3010299956639812,none,21.714355352980725,cpu,2.0816289052121566e-08,56.082584284083815,2.0816289052121566e-08,0.0015458349660988002,1.3466048775345866e-05,88.30519758543818,0.635099471124812,269416821234.7708,4.0,20000.0,4.301029995663981,240000.0,5.380211241711606,0.08333333333333333,0.0008246468755943,7.63e-06,0.0007211880905045,5.836048775345866e-06,88.28959796268714,0.6350012486666666,0.0155996227510383,9.82224581453634e-05,1,,,,,,,,,,,,,,,,,,1,1,1,1,1,1,1,1,1,1,1,1,1,1,1,1,1
axpy_N10000,axpy,10000,vector,none_ready,3,0.47712125471966244,none,20.971741132332983,cpu,4.3758300188224244e-08,56.101166682049886,4.3758300188224244e-08,0.0022670230566033,1.9302097550691733e-05,88.32079720818922,0.6351976935829573,128206914795.53615,4.0,20000.0,4.301029995663981,240000.0,5.380211241711606,0.08333333333333333,0.0008246468755943,7.63e-06,0.0007211880905045,5.836048775345866e-06,88.28959796268714,0.6350012486666666,0.0155996227510383,9.82224581453634e-05,1,,,,,,,,,,,,,,,,,,1,1,1,1,1,1,1,1,1,1,1,1,1,1,1,1,1
axpy_N10000,axpy,10000,vector,none_ready,5,0.6989700043360189,none,20.00706047577305,cpu,1.1489565569472644e-07,56.138340671381805,1.1489565569472644e-07,0.0037093992376123,3.097419510138346e-05,88.3519964536913,0.6353941384992481,48860281284.82391,4.0,20000.0,4.301029995663981,240000.0,5.380211241711606,0.08333333333333333,0.0008246468755943,7.63e-06,0.0007211880905045,5.836048775345866e-06,88.28959796268714,0.6350012486666666,0.0155996227510383,9.82224581453634e-05,1,,,,,,,,,,,,,,,,,,1,1,1,1,1,1,1,1,1,1,1,1,1,1,1,1,1
axpy_N10000,axpy,10000,vector,none_ready,10,1.0,none,18.66585118985453,cpu,4.400501549943804e-07,56.23132927287683,4.400501549943804e-07,0.0073153396901348006,6.015443897811279e-05,88.42999456744649,0.6358852507899749,12778390870.818977,4.0,20000.0,4.301029995663981,240000.0,5.380211241711606,0.08333333333333333,0.0008246468755943,7.63e-06,0.0007211880905045,5.836048775345866e-06,88.28959796268714,0.6350012486666666,0.0155996227510383,9.82224581453634e-05,1,,,,,,,,,,,,,,,,,,1,1,1,1,1,1,1,1,1,1,1,1,1,1,1,1,1
axpy_N10000,axpy,10000,vector,none_ready,30,1.4771212547196624,none,16.504788207477674,cpu,3.845112588384402e-06,56.60404979550331,3.845112588384402e-06,0.021739101500224803,0.00017687541448503012,88.74198702246726,0.6378496999528822,1472103732.9669971,4.0,20000.0,4.301029995663981,240000.0,5.380211241711606,0.08333333333333333,0.0008246468755943,7.63e-06,0.0007211880905045,5.836048775345866e-06,88.28959796268714,0.6350012486666666,0.0155996227510383,9.82224581453634e-05,1,,,,,,,,,,,,,,,,,,1,1,1,1,1,1,1,1,1,1,1,1,1,1,1,1,1
axpy_N10000,axpy,10000,vector,none_ready,100,2.0,none,14.1302561429352,cpu,4.227883100126119e-05,57.91822469444026,4.227883100126119e-05,0.07222226783553981,0.0005853988287592407,89.83396061503993,0.6447252720230576,136990974.07371917,4.0,20000.0,4.301029995663981,240000.0,5.380211241711606,0.08333333333333333,0.0008246468755943,7.63e-06,0.0007211880905045,5.836048775345866e-06,88.28959796268714,0.6350012486666666,0.0155996227510383,9.82224581453634e-05,1,,,,,,,,,,,,,,,,,,1,1,1,1,1,1,1,1,1,1,1,1,1,1,1,1,1
axpy_N10000,axpy,10000,vector,none_ready,1000,3.0,none,9.802842381493246,cpu,0.004210786624757013,76.1523987739125,0.004210786624757013,0.7212915492895898,0.005837842726570519,103.8736210909744,0.7331254843538847,1808407.6628243288,4.0,20000.0,4.301029995663981,240000.0,5.380211241711606,0.08333333333333333,0.0008246468755943,7.63e-06,0.0007211880905045,5.836048775345866e-06,88.28959796268714,0.6350012486666666,0.0155996227510383,9.82224581453634e-05,1,,,,,,,,,,,,,,,,,,1,1,1,1,1,1,1,1,1,1,1,1,1,1,1,1,1
axpy_N100000,axpy,100000,vector,cpu_ready,1,0.0,cpu,18.015356526574116,cpu,7.501884981264986e-07,50.019613345174605,7.501884981264986e-07,0.0106745893186894,7.027797283152106e-05,84.63628388680603,0.5909949143333333,6667605904.369875,5.0,200000.0,5.301029995663981,2400000.0,6.380211241711606,0.08333333333333333,0.118726418556648,0.0010556699999999,0.0106745893186894,7.027797283152106e-05,84.63628388680603,0.5909949143333333,0.0871537367923336,0.0005641360347298,1,0.000924641,0.0553024972974218,59.80969619281624,0.924641,,,,,,,,,,,,,cpu,0,0,0,0,0,1,1,1,1,1,1,1,1,1,1,1,1
axpy_N100000,axpy,100000,vector,cpu_ready,2,0.3010299956639812,cpu,16.63104547781676,cpu,3.0007539925059943e-06,50.11891630453368,3.0007539925059943e-06,0.0213491786373788,0.00014055594566304212,84.72343762359836,0.5915590503680631,1670210668.0169506,5.0,200000.0,5.301029995663981,2400000.0,6.380211241711606,0.08333333333333333,0.118726418556648,0.0010556699999999,0.0106745893186894,7.027797283152106e-05,84.63628388680603,0.5909949143333333,0.0871537367923336,0.0005641360347298,1,0.000924641,0.0553024972974218,59.80969619281624,0.924641,,,,,,,,,,,,,cpu,0,0,0,0,0,1,1,1,1,1,1,1,1,1,1,1,1
axpy_N100000,axpy,100000,vector,cpu_ready,3,0.47712125471966244,cpu,15.822096606334371,cpu,6.751696483138487e-06,50.21831759701971,6.751696483138487e-06,0.0320237679560682,0.00021083391849456318,84.81059136039069,0.5921231864027929,743788038.6172149,5.0,200000.0,5.301029995663981,2400000.0,6.380211241711606,0.08333333333333333,0.118726418556648,0.0010556699999999,0.0106745893186894,7.027797283152106e-05,84.63628388680603,0.5909949143333333,0.0871537367923336,0.0005641360347298,1,0.000924641,0.0553024972974218,59.80969619281624,0.924641,,,,,,,,,,,,,cpu,0,0,0,0,0,1,1,1,1,1,1,1,1,1,1,1,1
axpy_N100000,axpy,100000,vector,cpu_ready,5,0.6989700043360189,cpu,14.80440216099614,cpu,1.8754712453162462e-05,50.41741518137271,1.8754712453162462e-05,0.053372946593447,0.0003513898641576053,84.98489883397536,0.5932514584722525,268825216.87587255,5.0,200000.0,5.301029995663981,2400000.0,6.380211241711606,0.08333333333333333,0.118726418556648,0.0010556699999999,0.0106745893186894,7.027797283152106e-05,84.63628388680603,0.5909949143333333,0.0871537367923336,0.0005641360347298,1,0.000924641,0.0553024972974218,59.80969619281624,0.924641,,,,,,,,,,,,,cpu,0,0,0,0,0,1,1,1,1,1,1,1,1,1,1,1,1
axpy_N100000,axpy,100000,vector,cpu_ready,10,1.0,cpu,13.42796564384809,cpu,7.501884981264985e-05,50.91687997197722,7.501884981264985e-05,0.106745893186894,0.0007027797283152106,85.42066751793703,0.5960721386459015,67872014.94062589,5.0,200000.0,5.301029995663981,2400000.0,6.380211241711606,0.08333333333333333,0.118726418556648,0.0010556699999999,0.0106745893186894,7.027797283152106e-05,84.63628388680603,0.5909949143333333,0.0871537367923336,0.0005641360347298,1,0.000924641,0.0553024972974218,59.80969619281624,0.924641,,,,,,,,,,,,,cpu,0,0,0,0,0,1,1,1,1,1,1,1,1,1,1,1,1
axpy_N100000,axpy,100000,vector,cpu_ready,30,1.4771212547196624,cpu,11.26969296546106,cpu,0.0006751696483138487,52.939322416138175,0.0006751696483138487,0.320237679560682,0.0021083391849456316,87.1637422537837,0.6073548593404975,7840791.922252056,5.0,200000.0,5.301029995663981,2400000.0,6.380211241711606,0.08333333333333333,0.118726418556648,0.0010556699999999,0.0106745893186894,7.027797283152106e-05,84.63628388680603,0.5909949143333333,0.0871537367923336,0.0005641360347298,1,0.000924641,0.0553024972974218,59.80969619281624,0.924641,,,,,,,,,,,,,cpu,0,0,0,0,0,1,1,1,1,1,1,1,1,1,1,1,1
axpy_N100000,axpy,100000,vector,cpu_ready,100,2.0,cpu,8.992391006479357,cpu,0.007501884981264986,60.32762032066278,0.007501884981264986,1.06745893186894,0.0070277972831521065,93.26450382924705,0.6468443817715834,804066.159189636,5.0,200000.0,5.301029995663981,2400000.0,6.380211241711606,0.08333333333333333,0.118726418556648,0.0010556699999999,0.0106745893186894,7.027797283152106e-05,84.63628388680603,0.5909949143333333,0.0871537367923336,0.0005641360347298,1,0.000924641,0.0553024972974218,59.80969619281624,0.924641,,,,,,,,,,,,,cpu,0,0,0,0,0,1,1,1,1,1,1,1,1,1,1,1,1
axpy_N100000,axpy,100000,vector,cpu_ready,1000,3.0,cpu,5.5769214583200855,cpu,0.7501884981264985,198.2424318734659,0.7501884981264985,10.6745893186894,0.07027797283152105,171.70286694234727,1.1545668130284035,26325.68266089809,5.0,200000.0,5.301029995663981,2400000.0,6.380211241711606,0.08333333333333333,0.118726418556648,0.0010556699999999,0.0106745893186894,7.027797283152106e-05,84.63628388680603,0.5909949143333333,0.0871537367923336,0.0005641360347298,1,0.000924641,0.0553024972974218,59.80969619281624,0.924641,,,,,,,,,,,,,cpu,0,0,0,0,0,1,1,1,1,1,1,1,1,1,1,1,1
axpy_N100000,axpy,100000,vector,gpu_ready,1,0.0,gpu,-0.9357836905471592,gpu,0.0001253359182776847,4.9166563485911756e-05,4.9166563485911756e-05,0.118726418556648,0.0010556699999999,0.0871537367923336,0.0005641360347298,154.9210467263969,5.0,200000.0,5.301029995663981,2400000.0,6.380211241711606,0.08333333333333333,0.118726418556648,0.0010556699999999,0.0106745893186894,7.027797283152106e-05,84.63628388680603,0.5909949143333333,0.0871537367923336,0.0005641360347298,1,0.497059163,74.391243,149.66275352618337,99.4118326,,,,,,,,63474.20868978931,0.0,0.0,1410.0,24.0,gpu,0,0,0,0,0,1,1,1,1,1,1,1,0,0,0,0,0
axpy_N100000,axpy,100000,vector,gpu_ready,2,0.3010299956639812,gpu,0.29996665541636874,cpu,0.00014569880249957887,0.00019666625394364703,0.00014569880249957887,0.1294010078753374,0.0011259479728314209,0.1743074735846672,0.0011282720694596,34.98137978465229,5.0,200000.0,5.301029995663981,2400000.0,6.380211241711606,0.08333333333333333,0.118726418556648,0.0010556699999999,0.0106745893186894,7.027797283152106e-05,84.63628388680603,0.5909949143333333,0.0871537367923336,0.0005641360347298,1,0.497059163,74.391243,149.66275352618337,99.4118326,,,,,,,,63474.20868978931,0.0,0.0,1410.0,24.0,gpu,0,0,0,0,0,1,1,1,1,1,1,1,0,0,0,0,0
axpy_N100000,axpy,100000,vector,gpu_ready,3,0.47712125471966244,gpu,0.9710845535601312,cpu,0.00016756206371772603,0.00044249907137320575,0.00016756206371772603,0.1400755971940268,0.001196225945662942,0.26146121037700076,0.0016924081041894,164.08070034195617,5.0,200000.0,5.301029995663981,2400000.0,6.380211241711606,0.08333333333333333,0.118726418556648,0.0010556699999999,0.0106745893186894,7.027797283152106e-05,84.63628388680603,0.5909949143333333,0.0871537367923336,0.0005641360347298,1,0.497059163,74.391243,149.66275352618337,99.4118326,,,,,,,,63474.20868978931,0.0,0.0,1410.0,24.0,gpu,0,0,0,0,0,1,1,1,1,1,1,1,0,0,0,0,0
axpy_N100000,axpy,100000,vector,gpu_ready,5,0.6989700043360189,gpu,1.7397852116381798,cpu,0.0002157897171427794,0.001229164087147794,0.0002157897171427794,0.1614247758314056,0.0013367818913259842,0.435768683961668,0.002820680173649,469.61198310228343,5.0,200000.0,5.301029995663981,2400000.0,6.380211241711606,0.08333333333333333,0.118726418556648,0.0010556699999999,0.0106745893186894,7.027797283152106e-05,84.63628388680603,0.5909949143333333,0.0871537367923336,0.0005641360347298,1,0.497059163,74.391243,149.66275352618337,99.4118326,,,,,,,,63474.20868978931,0.0,0.0,1410.0,24.0,gpu,0,0,0,0,0,1,1,1,1,1,1,1,0,0,0,0,0
axpy_N100000,axpy,100000,vector,gpu_ready,10,1.0,gpu,2.6070410732873888,cpu,0.0003626154481398402,0.004916656348591176,0.0003626154481398402,0.2147977224248526,0.0016881717554835893,0.871537367923336,0.005641360347298,1255.8871729852779,5.0,200000.0,5.301029995663981,2400000.0,6.380211241711606,0.08333333333333333,0.118726418556648,0.0010556699999999,0.0106745893186894,7.027797283152106e-05,84.63628388680603,0.5909949143333333,0.0871537367923336,0.0005641360347298,1,0.497059163,74.391243,149.66275352618337,99.4118326,,,,,,,,63474.20868978931,0.0,0.0,1410.0,24.0,gpu,0,0,0,0,0,1,1,1,1,1,1,1,0,0,0,0,0
axpy_N100000,axpy,100000,vector,gpu_ready,30,1.4771212547196624,gpu,3.5084312880398714,cpu,0.0013250126211913327,0.04424990713732058,0.0013250126211913327,0.4282895087986406,0.003093731212114011,2.614612103770008,0.016924081041894,3239.5838220420137,5.0,200000.0,5.301029995663981,2400000.0,6.380211241711606,0.08333333333333333,0.118726418556648,0.0010556699999999,0.0106745893186894,7.027797283152106e-05,84.63628388680603,0.5909949143333333,0.0871537367923336,0.0005641360347298,1,0.497059163,74.391243,149.66275352618337,99.4118326,,,,,,,,63474.20868978931,0.0,0.0,1410.0,24.0,gpu,0,0,0,0,0,1,1,1,1,1,1,1,0,0,0,0,0
axpy_N100000,axpy,100000,vector,gpu_ready,100,2.0,gpu,3.9550072901469315,cpu,0.009419590265068495,0.4916656348591175,0.009419590265068495,1.1755107611068984,0.008013189310320485,8.715373679233359,0.05641360347298,5119.607446009673,5.0,200000.0,5.301029995663981,2400000.0,6.380211241711606,0.08333333333333333,0.118726418556648,0.0010556699999999,0.0106745893186894,7.027797283152106e-05,84.63628388680603,0.5909949143333333,0.0871537367923336,0.0005641360347298,1,0.497059163,74.391243,149.66275352618337,99.4118326,,,,,,,,63474.20868978931,0.0,0.0,1410.0,24.0,gpu,0,0,0,0,0,1,1,1,1,1,1,1,0,0,0,0,0
axpy_N100000,axpy,100000,vector,gpu_ready,1000,3.0,gpu,4.158649149059497,cpu,0.7684072902650652,49.16656348591176,0.7684072902650652,10.782641147927357,0.07126336485868943,87.1537367923336,0.5641360347298,6298.5029955860455,5.0,200000.0,5.301029995663981,2400000.0,6.380211241711606,0.08333333333333333,0.118726418556648,0.0010556699999999,0.0106745893186894,7.027797283152106e-05,84.63628388680603,0.5909949143333333,0.0871537367923336,0.0005641360347298,1,0.497059163,74.391243,149.66275352618337,99.4118326,,,,,,,,63474.20868978931,0.0,0.0,1410.0,24.0,gpu,0,0,0,0,0,1,1,1,1,1,1,1,0,0,0,0,0
axpy_N100000,axpy,100000,vector,none_ready,1,0.0,none,12.896928274314268,cpu,0.0001253359182776847,50.019613345174605,0.0001253359182776847,0.118726418556648,0.0010556699999999,84.63628388680603,0.5909949143333333,39908342.872979924,5.0,200000.0,5.301029995663981,2400000.0,6.380211241711606,0.08333333333333333,0.118726418556648,0.0010556699999999,0.0106745893186894,7.027797283152106e-05,84.63628388680603,0.5909949143333333,0.0871537367923336,0.0005641360347298,1,,,,,,,,,,,,,,,,,,1,1,1,1,1,1,1,1,1,1,1,1,1,1,1,1,1
axpy_N100000,axpy,100000,vector,none_ready,2,0.3010299956639812,none,12.748367571520436,cpu,0.00014569880249957887,50.11891630453368,0.00014569880249957887,0.1294010078753374,0.0011259479728314209,84.72343762359836,0.5915590503680631,34398889.86450389,5.0,200000.0,5.301029995663981,2400000.0,6.380211241711606,0.08333333333333333,0.118726418556648,0.0010556699999999,0.0106745893186894,7.027797283152106e-05,84.63628388680603,0.5909949143333333,0.0871537367923336,0.0005641360347298,1,,,,,,,,,,,,,,,,,,1,1,1,1,1,1,1,1,1,1,1,1,1,1,1,1,1
axpy_N100000,axpy,100000,vector,none_ready,3,0.47712125471966244,none,12.610536598181811,cpu,0.00016756206371772603,50.21831759701971,0.00016756206371772603,0.1400755971940268,0.001196225945662942,84.81059136039069,0.5921231864027929,29969880.36597184,5.0,200000.0,5.301029995663981,2400000.0,6.380211241711606,0.08333333333333333,0.118726418556648,0.0010556699999999,0.0106745893186894,7.027797283152106e-05,84.63628388680603,0.5909949143333333,0.0871537367923336,0.0005641360347298,1,,,,,,,,,,,,,,,,,,1,1,1,1,1,1,1,1,1,1,1,1,1,1,1,1,1
axpy_N100000,axpy,100000,vector,none_ready,5,0.6989700043360189,none,12.361542810921629,cpu,0.0002157897171427794,50.41741518137271,0.0002157897171427794,0.1614247758314056,0.0013367818913259842,84.98489883397536,0.5932514584722525,23364041.65092655,5.0,200000.0,5.301029995663981,2400000.0,6.380211241711606,0.08333333333333333,0.118726418556648,0.0010556699999999,0.0106745893186894,7.027797283152106e-05,84.63628388680603,0.5909949143333333,0.0871537367923336,0.0005641360347298,1,,,,,,,,,,,,,,,,,,1,1,1,1,1,1,1,1,1,1,1,1,1,1,1,1,1
axpy_N100000,axpy,100000,vector,none_ready,10,1.0,none,11.852362155422789,cpu,0.0003626154481398402,50.91687997197722,0.0003626154481398402,0.2147977224248526,0.0016881717554835893,85.42066751793703,0.5960721386459015,14041463.930376587,5.0,200000.0,5.301029995663981,2400000.0,6.380211241711606,0.08333333333333333,0.118726418556648,0.0010556699999999,0.0106745893186894,7.027797283152106e-05,84.63628388680603,0.5909949143333333,0.0871537367923336,0.0005641360347298,1,,,,,,,,,,,,,,,,,,1,1,1,1,1,1,1,1,1,1,1,1,1,1,1,1,1
axpy_N100000,axpy,100000,vector,none_ready,30,1.4771212547196624,none,10.59547969178824,cpu,0.0013250126211913327,52.939322416138175,0.0013250126211913327,0.4282895087986406,0.003093731212114011,87.1637422537837,0.6073548593404975,3995282.5019825,5.0,200000.0,5.301029995663981,2400000.0,6.380211241711606,0.08333333333333333,0.118726418556648,0.0010556699999999,0.0106745893186894,7.027797283152106e-05,84.63628388680603,0.5909949143333333,0.0871537367923336,0.0005641360347298,1,,,,,,,,,,,,,,,,,,1,1,1,1,1,1,1,1,1,1,1,1,1,1,1,1,1
axpy_N100000,axpy,100000,vector,none_ready,100,2.0,none,8.764753734913599,cpu,0.009419590265068495,60.32762032066278,0.009419590265068495,1.1755107611068984,0.008013189310320485,93.26450382924705,0.6468443817715834,640348.455007444,5.0,200000.0,5.301029995663981,2400000.0,6.380211241711606,0.08333333333333333,0.118726418556648,0.0010556699999999,0.0106745893186894,7.027797283152106e-05,84.63628388680603,0.5909949143333333,0.0871537367923336,0.0005641360347298,1,,,,,,,,,,,,,,,,,,1,1,1,1,1,1,1,1,1,1,1,1,1,1,1,1,1
axpy_N100000,axpy,100000,vector,none_ready,1000,3.0,none,5.552926045666892,cpu,0.7684072902650652,198.2424318734659,0.7684072902650652,10.782641147927357,0.07126336485868943,171.70286694234727,1.1545668130284035,25699.13470173889,5.0,200000.0,5.301029995663981,2400000.0,6.380211241711606,0.08333333333333333,0.118726418556648,0.0010556699999999,0.0106745893186894,7.027797283152106e-05,84.63628388680603,0.5909949143333333,0.0871537367923336,0.0005641360347298,1,,,,,,,,,,,,,,,,,,1,1,1,1,1,1,1,1,1,1,1,1,1,1,1,1,1
axpy_N1000000,axpy,1000000,vector,cpu_ready,1,0.0,cpu,12.687329207096324,cpu,0.0001719950495524768,55.66125724902714,0.0001719950495524768,0.1640444432296578,0.0010484661727413,90.7439457377468,0.6133881086666667,32362027.511143584,6.0,2000000.0,6.301029995663981,24000000.0,7.380211241711606,0.08333333333333333,0.1474088660375612,0.001250493,0.1640444432296578,0.0010484661727413,90.7439457377468,0.6133881086666667,0.4156832188396361,0.0025252822313167,1,0.001398645,0.1458526360437954,104.28138379917377,1.398645,0.9357439904221716,29.751593221173227,0.5702228366426091,0.6312103083946093,6306072641.41979,2969270.0,1.0,,,,,,cpu,0,0,0,0,0,0,0,0,0,0,0,0,1,1,1,1,1
axpy_N1000000,axpy,1000000,vector,cpu_ready,2,0.3010299956639812,cpu,11.309713711717105,cpu,0.0006879801982099072,56.146436183653144,0.0006879801982099072,0.3280888864593156,0.0020969323454826,91.15962895658643,0.6159133908979834,8160954.101519722,6.0,2000000.0,6.301029995663981,24000000.0,7.380211241711606,0.08333333333333333,0.1474088660375612,0.001250493,0.1640444432296578,0.0010484661727413,90.7439457377468,0.6133881086666667,0.4156832188396361,0.0025252822313167,1,0.001398645,0.1458526360437954,104.28138379917377,1.398645,0.9357439904221716,29.751593221173227,0.5702228366426091,0.6312103083946093,6306072641.41979,2969270.0,1.0,,,,,,cpu,0,0,0,0,0,0,0,0,0,0,0,0,1,1,1,1,1
axpy_N1000000,axpy,1000000,vector,cpu_ready,3,0.47712125471966244,cpu,10.507424757256116,cpu,0.001547955445972291,56.63371455317195,0.001547955445972291,0.4921333296889734,0.0031453985182239,91.57531217542608,0.6184386731293001,3658513.9930920023,6.0,2000000.0,6.301029995663981,24000000.0,7.380211241711606,0.08333333333333333,0.1474088660375612,0.001250493,0.1640444432296578,0.0010484661727413,90.7439457377468,0.6133881086666667,0.4156832188396361,0.0025252822313167,1,0.001398645,0.1458526360437954,104.28138379917377,1.398645,0.9357439904221716,29.751593221173227,0.5702228366426091,0.6312103083946093,6306072641.41979,2969270.0,1.0,,,,,,cpu,0,0,0,0,0,0,0,0,0,0,0,0,1,1,1,1,1
axpy_N1000000,axpy,1000000,vector,cpu_ready,5,0.6989700043360189,cpu,9.502944518475688,cpu,0.00429987623881192,57.61456959688788,0.00429987623881192,0.820222216148289,0.0052423308637065,92.40667861310534,0.6234892375919335,1339812.2764707087,6.0,2000000.0,6.301029995663981,24000000.0,7.380211241711606,0.08333333333333333,0.1474088660375612,0.001250493,0.1640444432296578,0.0010484661727413,90.7439457377468,0.6133881086666667,0.4156832188396361,0.0025252822313167,1,0.001398645,0.1458526360437954,104.28138379917377,1.398645,0.9357439904221716,29.751593221173227,0.5702228366426091,0.6312103083946093,6306072641.41979,2969270.0,1.0,,,,,,cpu,0,0,0,0,0,0,0,0,0,0,0,0,1,1,1,1,1
axpy_N1000000,axpy,1000000,vector,cpu_ready,10,1.0,cpu,8.158941876825292,cpu,0.01719950495524768,60.10344731680145,0.01719950495524768,1.640444432296578,0.010484661727413,94.48509470730352,0.636115648748517,349348.704908588,6.0,2000000.0,6.301029995663981,24000000.0,7.380211241711606,0.08333333333333333,0.1474088660375612,0.001250493,0.1640444432296578,0.0010484661727413,90.7439457377468,0.6133881086666667,0.4156832188396361,0.0025252822313167,1,0.001398645,0.1458526360437954,104.28138379917377,1.398645,0.9357439904221716,29.751593221173227,0.5702228366426091,0.6312103083946093,6306072641.41979,2969270.0,1.0,,,,,,cpu,0,0,0,0,0,0,0,0,0,0,0,0,1,1,1,1,1
axpy_N1000000,axpy,1000000,vector,cpu_ready,30,1.4771212547196624,cpu,6.122450996034904,cpu,0.15479554459722913,70.58381691965188,0.15479554459722913,4.921333296889734,0.031453985182239005,102.79875908409625,0.686621293374851,45498.09334519783,6.0,2000000.0,6.301029995663981,24000000.0,7.380211241711606,0.08333333333333333,0.1474088660375612,0.001250493,0.1640444432296578,0.0010484661727413,90.7439457377468,0.6133881086666667,0.4156832188396361,0.0025252822313167,1,0.001398645,0.1458526360437954,104.28138379917377,1.398645,0.9357439904221716,29.751593221173227,0.5702228366426091,0.6312103083946093,6306072641.41979,2969270.0,1.0,,,,,,cpu,0,0,0,0,0,0,0,0,0,0,0,0,1,1,1,1,1
axpy_N1000000,axpy,1000000,vector,cpu_ready,100,2.0,cpu,4.192835092884065,cpu,1.7199504955247678,113.87833044189964,1.7199504955247678,16.40444432296578,0.10484661727413,131.89658440287076,0.8633910495670201,6521.023729357666,6.0,2000000.0,6.301029995663981,24000000.0,7.380211241711606,0.08333333333333333,0.1474088660375612,0.001250493,0.1640444432296578,0.0010484661727413,90.7439457377468,0.6133881086666667,0.4156832188396361,0.0025252822313167,1,0.001398645,0.1458526360437954,104.28138379917377,1.398645,0.9357439904221716,29.751593221173227,0.5702228366426091,0.6312103083946093,6306072641.41979,2969270.0,1.0,,,,,,cpu,0,0,0,0,0,0,0,0,0,0,0,0,1,1,1,1,1
axpy_N1000000,axpy,1000000,vector,cpu_ready,1000,3.0,cpu,2.2220880218134704,cpu,171.99504955247681,1586.9254064283891,171.99504955247681,164.04444322965782,1.0484661727413,506.0114813585433,3.13614505775205,822.6576058773179,6.0,2000000.0,6.301029995663981,24000000.0,7.380211241711606,0.08333333333333333,0.1474088660375612,0.001250493,0.1640444432296578,0.0010484661727413,90.7439457377468,0.6133881086666667,0.4156832188396361,0.0025252822313167,1,0.001398645,0.1458526360437954,104.28138379917377,1.398645,0.9357439904221716,29.751593221173227,0.5702228366426091,0.6312103083946093,6306072641.41979,2969270.0,1.0,,,,,,cpu,0,0,0,0,0,0,0,0,0,0,0,0,1,1,1,1,1
axpy_N1000000,axpy,1000000,vector,gpu_ready,1,0.0,gpu,1.739528307250133,cpu,0.00018433375511790805,0.0010497174463922644,0.00018433375511790805,0.1474088660375612,0.001250493,0.4156832188396361,0.0025252822313167,469.46566607988785,6.0,2000000.0,6.301029995663981,24000000.0,7.380211241711606,0.08333333333333333,0.1474088660375612,0.001250493,0.1640444432296578,0.0010484661727413,90.7439457377468,0.6133881086666667,0.4156832188396361,0.0025252822313167,1,0.51988171,78.22842279150049,150.47350442757542,103.976342,,,,,,,,62676.92568399646,0.0,0.0,1410.0,22.0,gpu,0,0,0,0,0,1,1,1,1,1,1,1,0,0,0,0,0
axpy_N1000000,axpy,1000000,vector,gpu_ready,2,0.3010299956639812,gpu,1.7688647454637387,cpu,0.0007160184422205062,0.004198869785569058,0.0007160184422205062,0.31145330926721904,0.0022989591727413,0.8313664376792722,0.0050505644626334,486.41922302274537,6.0,2000000.0,6.301029995663981,24000000.0,7.380211241711606,0.08333333333333333,0.1474088660375612,0.001250493,0.1640444432296578,0.0010484661727413,90.7439457377468,0.6133881086666667,0.4156832188396361,0.0025252822313167,1,0.51988171,78.22842279150049,150.47350442757542,103.976342,,,,,,,,62676.92568399646,0.0,0.0,1410.0,22.0,gpu,0,0,0,0,0,1,1,1,1,1,1,1,0,0,0,0,0
axpy_N1000000,axpy,1000000,vector,gpu_ready,3,0.47712125471966244,gpu,1.7809472334751038,cpu,0.0015916932284280579,0.009447457017530378,0.0015916932284280579,0.4754977524968768,0.0033474253454826002,1.2470496565189082,0.0075758466939500994,493.5476038219125,6.0,2000000.0,6.301029995663981,24000000.0,7.380211241711606,0.08333333333333333,0.1474088660375612,0.001250493,0.1640444432296578,0.0010484661727413,90.7439457377468,0.6133881086666667,0.4156832188396361,0.0025252822313167,1,0.51988171,78.22842279150049,150.47350442757542,103.976342,,,,,,,,62676.92568399646,0.0,0.0,1410.0,22.0,gpu,0,0,0,0,0,1,1,1,1,1,1,1,0,0,0,0,0
axpy_N1000000,axpy,1000000,vector,gpu_ready,5,0.6989700043360189,gpu,1.791487340480267,cpu,0.004375013098158022,0.02624293615980661,0.004375013098158022,0.8035866389561924,0.0054443576909652,2.0784160941981806,0.0126264111565835,499.83674496552857,6.0,2000000.0,6.301029995663981,24000000.0,7.380211241711606,0.08333333333333333,0.1474088660375612,0.001250493,0.1640444432296578,0.0010484661727413,90.7439457377468,0.6133881086666667,0.4156832188396361,0.0025252822313167,1,0.51988171,78.22842279150049,150.47350442757542,103.976342,,,,,,,,62676.92568399646,0.0,0.0,1410.0,22.0,gpu,0,0,0,0,0,1,1,1,1,1,1,1,0,0,0,0,0
axpy_N1000000,axpy,1000000,vector,gpu_ready,10,1.0,gpu,1.7999177738450993,cpu,0.017353139506819618,0.10497174463922644,0.017353139506819618,1.6238088551044814,0.0106866885546717,4.156832188396361,0.025252822313167,504.9150045614141,6.0,2000000.0,6.301029995663981,24000000.0,7.380211241711606,0.08333333333333333,0.1474088660375612,0.001250493,0.1640444432296578,0.0010484661727413,90.7439457377468,0.6133881086666667,0.4156832188396361,0.0025252822313167,1,0.51988171,78.22842279150049,150.47350442757542,103.976342,,,,,,,,62676.92568399646,0.0,0.0,1410.0,22.0,gpu,0,0,0,0,0,1,1,1,1,1,1,1,0,0,0,0,0
axpy_N1000000,axpy,1000000,vector,gpu_ready,30,1.4771212547196624,gpu,1.8057942450026796,cpu,0.1552631699177044,0.944745701753038,0.1552631699177044,4.904697719697637,0.0316560120094977,12.470496565189084,0.075758466939501,508.48023536669416,6.0,2000000.0,6.301029995663981,24000000.0,7.380211241711606,0.08333333333333333,0.1474088660375612,0.001250493,0.1640444432296578,0.0010484661727413,90.7439457377468,0.6133881086666667,0.4156832188396361,0.0025252822313167,1,0.51988171,78.22842279150049,150.47350442757542,103.976342,,,,,,,,62676.92568399646,0.0,0.0,1410.0,22.0,gpu,0,0,0,0,0,1,1,1,1,1,1,1,0,0,0,0,0
axpy_N1000000,axpy,1000000,vector,gpu_ready,100,2.0,gpu,1.8079001919900057,cpu,1.7215170885364053,10.497174463922644,1.7215170885364053,16.387808745773686,0.10504864410138871,41.56832188396361,0.25252822313167,509.76301274169185,6.0,2000000.0,6.301029995663981,24000000.0,7.380211241711606,0.08333333333333333,0.1474088660375612,0.001250493,0.1640444432296578,0.0010484661727413,90.7439457377468,0.6133881086666667,0.4156832188396361,0.0025252822313167,1,0.51988171,78.22842279150049,150.47350442757542,103.976342,,,,,,,,62676.92568399646,0.0,0.0,1410.0,22.0,gpu,0,0,0,0,0,1,1,1,1,1,1,1,0,0,0,0,0
axpy_N1000000,axpy,1000000,vector,gpu_ready,1000,3.0,gpu,1.808719358227093,cpu,172.01074573008907,1049.7174463922643,172.01074573008907,164.0278076524657,1.0486681995685587,415.6832188396361,2.5252822313167,510.2627146558797,6.0,2000000.0,6.301029995663981,24000000.0,7.380211241711606,0.08333333333333333,0.1474088660375612,0.001250493,0.1640444432296578,0.0010484661727413,90.7439457377468,0.6133881086666667,0.4156832188396361,0.0025252822313167,1,0.51988171,78.22842279150049,150.47350442757542,103.976342,,,,,,,,62676.92568399646,0.0,0.0,1410.0,22.0,gpu,0,0,0,0,0,1,1,1,1,1,1,1,0,0,0,0,0
axpy_N1000000,axpy,1000000,vector,none_ready,1,0.0,none,12.618046900810073,cpu,0.00018433375511790805,55.66125724902714,0.00018433375511790805,0.1474088660375612,0.001250493,90.7439457377468,0.6133881086666667,30195811.331282616,6.0,2000000.0,6.301029995663981,24000000.0,7.380211241711606,0.08333333333333333,0.1474088660375612,0.001250493,0.1640444432296578,0.0010484661727413,90.7439457377468,0.6133881086666667,0.4156832188396361,0.0025252822313167,1,,,,,,,,,,,,,,,,,,1,1,1,1,1,1,1,1,1,1,1,1,1,1,1,1,1
axpy_N1000000,axpy,1000000,vector,none_ready,2,0.3010299956639812,none,11.269767843644459,cpu,0.0007160184422205062,56.146436183653144,0.0007160184422205062,0.31145330926721904,0.0022989591727413,91.15962895658643,0.6159133908979834,7841379.055976912,6.0,2000000.0,6.301029995663981,24000000.0,7.380211241711606,0.08333333333333333,0.1474088660375612,0.001250493,0.1640444432296578,0.0010484661727413,90.7439457377468,0.6133881086666667,0.4156832188396361,0.0025252822313167,1,,,,,,,,,,,,,,,,,,1,1,1,1,1,1,1,1,1,1,1,1,1,1,1,1,1
axpy_N1000000,axpy,1000000,vector,none_ready,3,0.47712125471966244,none,10.479561377194836,cpu,0.0015916932284280579,56.63371455317195,0.0015916932284280579,0.4754977524968768,0.0033474253454826002,91.57531217542608,0.6184386731293001,3557979.756932993,6.0,2000000.0,6.301029995663981,24000000.0,7.380211241711606,0.08333333333333333,0.1474088660375612,0.001250493,0.1640444432296578,0.0010484661727413,90.7439457377468,0.6133881086666667,0.4156832188396361,0.0025252822313167,1,,,,,,,,,,,,,,,,,,1,1,1,1,1,1,1,1,1,1,1,1,1,1,1,1,1
axpy_N1000000,axpy,1000000,vector,none_ready,5,0.6989700043360189,none,9.485621245419571,cpu,0.004375013098158022,57.61456959688788,0.004375013098158022,0.8035866389561924,0.0054443576909652,92.40667861310534,0.6234892375919335,1316800.5053069417,6.0,2000000.0,6.301029995663981,24000000.0,7.380211241711606,0.08333333333333333,0.1474088660375612,0.001250493,0.1640444432296578,0.0010484661727413,90.7439457377468,0.6133881086666667,0.4156832188396361,0.0025252822313167,1,,,,,,,,,,,,,,,,,,1,1,1,1,1,1,1,1,1,1,1,1,1,1,1,1,1
axpy_N1000000,axpy,1000000,vector,none_ready,10,1.0,none,8.150049037134007,cpu,0.017353139506819618,60.10344731680145,0.017353139506819618,1.6238088551044814,0.0106866885546717,94.48509470730352,0.636115648748517,346254.8903826963,6.0,2000000.0,6.301029995663981,24000000.0,7.380211241711606,0.08333333333333333,0.1474088660375612,0.001250493,0.1640444432296578,0.0010484661727413,90.7439457377468,0.6133881086666667,0.4156832188396361,0.0025252822313167,1,,,,,,,,,,,,,,,,,,1,1,1,1,1,1,1,1,1,1,1,1,1,1,1,1,1
axpy_N1000000,axpy,1000000,vector,none_ready,30,1.4771212547196624,none,6.1194346275011995,cpu,0.1552631699177044,70.58381691965188,0.1552631699177044,4.904697719697637,0.0316560120094977,102.79875908409625,0.686621293374851,45360.75991947355,6.0,2000000.0,6.301029995663981,24000000.0,7.380211241711606,0.08333333333333333,0.1474088660375612,0.001250493,0.1640444432296578,0.0010484661727413,90.7439457377468,0.6133881086666667,0.4156832188396361,0.0025252822313167,1,,,,,,,,,,,,,,,,,,1,1,1,1,1,1,1,1,1,1,1,1,1,1,1,1,1
axpy_N1000000,axpy,1000000,vector,none_ready,100,2.0,none,4.191924671337687,cpu,1.7215170885364053,113.87833044189964,1.7215170885364053,16.387808745773686,0.10504864410138871,131.89658440287076,0.8633910495670201,6514.998549838178,6.0,2000000.0,6.301029995663981,24000000.0,7.380211241711606,0.08333333333333333,0.1474088660375612,0.001250493,0.1640444432296578,0.0010484661727413,90.7439457377468,0.6133881086666667,0.4156832188396361,0.0025252822313167,1,,,,,,,,,,,,,,,,,,1,1,1,1,1,1,1,1,1,1,1,1,1,1,1,1,1
axpy_N1000000,axpy,1000000,vector,none_ready,1000,3.0,none,2.22199676650418,cpu,172.01074573008907,1586.9254064283891,172.01074573008907,164.0278076524657,1.0486681995685587,506.0114813585433,3.13614505775205,822.5734123137374,6.0,2000000.0,6.301029995663981,24000000.0,7.380211241711606,0.08333333333333333,0.1474088660375612,0.001250493,0.1640444432296578,0.0010484661727413,90.7439457377468,0.6133881086666667,0.4156832188396361,0.0025252822313167,1,,,,,,,,,,,,,,,,,,1,1,1,1,1,1,1,1,1,1,1,1,1,1,1,1,1
axpy_N10000000,axpy,10000000,vector,cpu_ready,1,0.0,cpu,8.299630860723322,cpu,0.01449043792402013,58.286153456697896,0.01449043792402013,1.4566868247430709,0.0099475313965141,92.9060157509046,0.6273668393333333,402138.7298597763,7.0,20000000.0,7.301029995663981,240000000.0,8.380211241711606,0.08333333333333333,0.5331284828964685,0.0043165553333333,1.4566868247430709,0.0099475313965141,92.9060157509046,0.6273668393333333,4.181496044998684,0.0254947151807909,1,0.003824572,0.5749843196878849,150.33952026210642,3.824572,0.4909404026690397,212.15180505165011,0.9466049887263897,0.8012180661276046,3714749067.7468576,2968092.5,1.0,,,,,,cpu,0,0,0,0,0,0,0,0,0,0,0,0,1,1,1,1,1
axpy_N10000000,axpy,10000000,vector,cpu_ready,2,0.3010299956639812,cpu,6.99719450801952,cpu,0.05796175169608052,63.38470387498179,0.05796175169608052,2.9133736494861417,0.0198950627930282,97.08751179590328,0.6528615545141242,109256.08745459633,7.0,20000000.0,7.301029995663981,240000000.0,8.380211241711606,0.08333333333333333,0.5331284828964685,0.0043165553333333,1.4566868247430709,0.0099475313965141,92.9060157509046,0.6273668393333333,4.181496044998684,0.0254947151807909,1,0.003824572,0.5749843196878849,150.33952026210642,3.824572,0.4909404026690397,212.15180505165011,0.9466049887263897,0.8012180661276046,3714749067.7468576,2968092.5,1.0,,,,,,cpu,0,0,0,0,0,0,0,0,0,0,0,0,1,1,1,1,1
axpy_N10000000,axpy,10000000,vector,cpu_ready,3,0.47712125471966244,cpu,6.266739485872459,cpu,0.13041394131618117,68.69646639465935,0.13041394131618117,4.370060474229213,0.0298425941895423,101.26900784090196,0.678356269694915,52575.707597939,7.0,20000000.0,7.301029995663981,240000000.0,8.380211241711606,0.08333333333333333,0.5331284828964685,0.0043165553333333,1.4566868247430709,0.0099475313965141,92.9060157509046,0.6273668393333333,4.181496044998684,0.0254947151807909,1,0.003824572,0.5749843196878849,150.33952026210642,3.824572,0.4909404026690397,212.15180505165011,0.9466049887263897,0.8012180661276046,3714749067.7468576,2968092.5,1.0,,,,,,cpu,0,0,0,0,0,0,0,0,0,0,0,0,1,1,1,1,1
axpy_N10000000,axpy,10000000,vector,cpu_ready,5,0.6989700043360189,cpu,5.396912329759378,cpu,0.36226094810050324,79.95962773819559,0.36226094810050324,7.283434123715354,0.0497376569825705,109.63199993089934,0.7293457000564969,21972.384052838104,7.0,20000000.0,7.301029995663981,240000000.0,8.380211241711606,0.08333333333333333,0.5331284828964685,0.0043165553333333,1.4566868247430709,0.0099475313965141,92.9060157509046,0.6273668393333333,4.181496044998684,0.0254947151807909,1,0.003824572,0.5749843196878849,150.33952026210642,3.824572,0.4909404026690397,212.15180505165011,0.9466049887263897,0.8012180661276046,3714749067.7468576,2968092.5,1.0,,,,,,cpu,0,0,0,0,0,0,0,0,0,0,0,0,1,1,1,1,1
axpy_N10000000,axpy,10000000,vector,cpu_ready,10,1.0,cpu,4.346243563076399,cpu,1.449043792402013,111.84874287142574,1.449043792402013,14.566868247430708,0.099475313965141,130.53948015589276,0.8568192759604514,7618.796592476978,7.0,20000000.0,7.301029995663981,240000000.0,8.380211241711606,0.08333333333333333,0.5331284828964685,0.0043165553333333,1.4566868247430709,0.0099475313965141,92.9060157509046,0.6273668393333333,4.181496044998684,0.0254947151807909,1,0.003824572,0.5749843196878849,150.33952026210642,3.824572,0.4909404026690397,212.15180505165011,0.9466049887263897,0.8012180661276046,3714749067.7468576,2968092.5,1.0,,,,,,cpu,0,0,0,0,0,0,0,0,0,0,0,0,1,1,1,1,1
axpy_N10000000,axpy,10000000,vector,cpu_ready,30,1.4771212547196624,cpu,3.111047843850285,cpu,13.041394131618118,292.7082287527689,13.041394131618118,43.70060474229213,0.298425941895423,214.16940105586644,1.3667135795762695,2144.455046743158,7.0,20000000.0,7.301029995663981,240000000.0,8.380211241711606,0.08333333333333333,0.5331284828964685,0.0043165553333333,1.4566868247430709,0.0099475313965141,92.9060157509046,0.6273668393333333,4.181496044998684,0.0254947151807909,1,0.003824572,0.5749843196878849,150.33952026210642,3.824572,0.4909404026690397,212.15180505165011,0.9466049887263897,0.8012180661276046,3714749067.7468576,2968092.5,1.0,,,,,,cpu,0,0,0,0,0,0,0,0,0,0,0,0,1,1,1,1,1
axpy_N10000000,axpy,10000000,vector,cpu_ready,100,2.0,cpu,2.400017540646838,cpu,144.90437924020128,1597.3345487275938,144.90437924020128,145.66868247430708,0.99475313965141,506.8741242057743,3.1513436422316325,1002.3369735981313,7.0,20000000.0,7.301029995663981,240000000.0,8.380211241711606,0.08333333333333333,0.5331284828964685,0.0043165553333333,1.4566868247430709,0.0099475313965141,92.9060157509046,0.6273668393333333,4.181496044998684,0.0254947151807909,1,0.003824572,0.5749843196878849,150.33952026210642,3.824572,0.4909404026690397,212.15180505165011,0.9466049887263897,0.8012180661276046,3714749067.7468576,2968092.5,1.0,,,,,,cpu,0,0,0,0,0,0,0,0,0,0,0,0,1,1,1,1,1
axpy_N10000000,axpy,10000000,vector,cpu_ready,1000,3.0,cpu,2.0399810532081353,cpu,14490.437924020129,111438.18377817824,14490.437924020129,1456.686824743071,9.9475313965141,4270.22056470459,26.096587304943444,669.0463487887577,7.0,20000000.0,7.301029995663981,240000000.0,8.380211241711606,0.08333333333333333,0.5331284828964685,0.0043165553333333,1.4566868247430709,0.0099475313965141,92.9060157509046,0.6273668393333333,4.181496044998684,0.0254947151807909,1,0.003824572,0.5749843196878849,150.33952026210642,3.824572,0.4909404026690397,212.15180505165011,0.9466049887263897,0.8012180661276046,3714749067.7468576,2968092.5,1.0,,,,,,cpu,0,0,0,0,0,0,0,0,0,0,0,0,1,1,1,1,1
axpy_N10000000,axpy,10000000,vector,gpu_ready,1,0.0,gpu,3.8356753910149872,cpu,0.002301278596198642,0.10660605069684506,0.002301278596198642,0.5331284828964685,0.0043165553333333,4.181496044998684,0.0254947151807909,4532.470439387124,7.0,20000000.0,7.301029995663981,240000000.0,8.380211241711606,0.08333333333333333,0.5331284828964685,0.0043165553333333,1.4566868247430709,0.0099475313965141,92.9060157509046,0.6273668393333333,4.181496044998684,0.0254947151807909,1,0.517461107,79.82426587226345,154.26138272506623,103.4922214,,,,,,,,63295.91583183468,0.0,0.0,1410.0,23.863156213979963,gpu,0,0,0,0,0,1,1,1,1,1,1,1,0,0,0,0,0
axpy_N10000000,axpy,10000000,vector,gpu_ready,2,0.3010299956639812,gpu,2.7096478469275467,cpu,0.028382898124548375,0.42642420278738025,0.028382898124548375,1.9898153076395393,0.0142640867298474,8.362992089997368,0.0509894303615818,1402.3983841120364,7.0,20000000.0,7.301029995663981,240000000.0,8.380211241711606,0.08333333333333333,0.5331284828964685,0.0043165553333333,1.4566868247430709,0.0099475313965141,92.9060157509046,0.6273668393333333,4.181496044998684,0.0254947151807909,1,0.517461107,79.82426587226345,154.26138272506623,103.4922214,,,,,,,,63295.91583183468,0.0,0.0,1410.0,23.863156213979963,gpu,0,0,0,0,0,1,1,1,1,1,1,1,0,0,0,0,0
axpy_N10000000,axpy,10000000,vector,gpu_ready,3,0.47712125471966244,gpu,2.442172400339049,cpu,0.08344539350093838,0.9594544562716055,0.08344539350093838,3.4465021323826104,0.024211618126361502,12.544488134996051,0.0764841455423727,1049.7991872503017,7.0,20000000.0,7.301029995663981,240000000.0,8.380211241711606,0.08333333333333333,0.5331284828964685,0.0043165553333333,1.4566868247430709,0.0099475313965141,92.9060157509046,0.6273668393333333,4.181496044998684,0.0254947151807909,1,0.517461107,79.82426587226345,154.26138272506623,103.4922214,,,,,,,,63295.91583183468,0.0,0.0,1410.0,23.863156213979963,gpu,0,0,0,0,0,1,1,1,1,1,1,1,0,0,0,0,0
axpy_N10000000,axpy,10000000,vector,gpu_ready,5,0.6989700043360189,gpu,2.251395983989559,cpu,0.2805130117978391,2.6651512674211264,0.2805130117978391,6.359875781868752,0.0441066809193897,20.90748022499342,0.1274735759039545,850.0989812700221,7.0,20000000.0,7.301029995663981,240000000.0,8.380211241711606,0.08333333333333333,0.5331284828964685,0.0043165553333333,1.4566868247430709,0.0099475313965141,92.9060157509046,0.6273668393333333,4.181496044998684,0.0254947151807909,1,0.517461107,79.82426587226345,154.26138272506623,103.4922214,,,,,,,,63295.91583183468,0.0,0.0,1410.0,23.863156213979963,gpu,0,0,0,0,0,1,1,1,1,1,1,1,0,0,0,0,0
axpy_N10000000,axpy,10000000,vector,gpu_ready,10,1.0,gpu,2.119423742336425,cpu,1.2803473848807958,10.660605069684506,1.2803473848807958,13.643309905584108,0.0938443379019602,41.81496044998684,0.254947151807909,732.6337988870919,7.0,20000000.0,7.301029995663981,240000000.0,8.380211241711606,0.08333333333333333,0.5331284828964685,0.0043165553333333,1.4566868247430709,0.0099475313965141,92.9060157509046,0.6273668393333333,4.181496044998684,0.0254947151807909,1,0.517461107,79.82426587226345,154.26138272506623,103.4922214,,,,,,,,63295.91583183468,0.0,0.0,1410.0,23.863156213979963,gpu,0,0,0,0,0,1,1,1,1,1,1,1,0,0,0,0,0
axpy_N10000000,axpy,10000000,vector,gpu_ready,30,1.4771212547196624,gpu,2.0360607857871984,cpu,12.524903839222684,95.94544562716057,12.524903839222684,42.77704640044552,0.2927949658322422,125.44488134996053,0.7648414554237271,666.0373832707612,7.0,20000000.0,7.301029995663981,240000000.0,8.380211241711606,0.08333333333333333,0.5331284828964685,0.0043165553333333,1.4566868247430709,0.0099475313965141,92.9060157509046,0.6273668393333333,4.181496044998684,0.0254947151807909,1,0.517461107,79.82426587226345,154.26138272506623,103.4922214,,,,,,,,63295.91583183468,0.0,0.0,1410.0,23.863156213979963,gpu,0,0,0,0,0,1,1,1,1,1,1,1,0,0,0,0,0
axpy_N10000000,axpy,10000000,vector,gpu_ready,100,2.0,gpu,2.007688365391214,cpu,143.17061035074613,1066.0605069684507,143.17061035074613,144.7451241324605,0.9891221635882292,418.1496044998684,2.54947151807909,644.608480998136,7.0,20000000.0,7.301029995663981,240000000.0,8.380211241711606,0.08333333333333333,0.5331284828964685,0.0043165553333333,1.4566868247430709,0.0099475313965141,92.9060157509046,0.6273668393333333,4.181496044998684,0.0254947151807909,1,0.517461107,79.82426587226345,154.26138272506623,103.4922214,,,,,,,,63295.91583183468,0.0,0.0,1410.0,23.863156213979963,gpu,0,0,0,0,0,1,1,1,1,1,1,1,0,0,0,0,0
axpy_N10000000,axpy,10000000,vector,gpu_ready,1000,3.0,gpu,1.9968517345073558,cpu,14473.053430311335,106606.05069684506,14473.053430311335,1455.7632664012242,9.941900420450919,4181.496044998684,25.4947151807909,636.5829968787161,7.0,20000000.0,7.301029995663981,240000000.0,8.380211241711606,0.08333333333333333,0.5331284828964685,0.0043165553333333,1.4566868247430709,0.0099475313965141,92.9060157509046,0.6273668393333333,4.181496044998684,0.0254947151807909,1,0.517461107,79.82426587226345,154.26138272506623,103.4922214,,,,,,,,63295.91583183468,0.0,0.0,1410.0,23.863156213979963,gpu,0,0,0,0,0,1,1,1,1,1,1,1,0,0,0,0,0
axpy_N10000000,axpy,10000000,vector,none_ready,1,0.0,none,10.139654959234564,cpu,0.002301278596198642,58.286153456697896,0.002301278596198642,0.5331284828964685,0.0043165553333333,92.9060157509046,0.6273668393333333,2532672.5879420964,7.0,20000000.0,7.301029995663981,240000000.0,8.380211241711606,0.08333333333333333,0.5331284828964685,0.0043165553333333,1.4566868247430709,0.0099475313965141,92.9060157509046,0.6273668393333333,4.181496044998684,0.0254947151807909,1,,,,,,,,,,,,,,,,,,1,1,1,1,1,1,1,1,1,1,1,1,1,1,1,1,1
axpy_N10000000,axpy,10000000,vector,none_ready,2,0.3010299956639812,none,7.711191062443322,cpu,0.028382898124548375,63.38470387498179,0.028382898124548375,1.9898153076395393,0.0142640867298474,97.08751179590328,0.6528615545141242,223220.0556082761,7.0,20000000.0,7.301029995663981,240000000.0,8.380211241711606,0.08333333333333333,0.5331284828964685,0.0043165553333333,1.4566868247430709,0.0099475313965141,92.9060157509046,0.6273668393333333,4.181496044998684,0.0254947151807909,1,,,,,,,,,,,,,,,,,,1,1,1,1,1,1,1,1,1,1,1,1,1,1,1,1,1
axpy_N10000000,axpy,10000000,vector,none_ready,3,0.47712125471966244,none,6.713260593707762,cpu,0.08344539350093838,68.69646639465935,0.08344539350093838,3.4465021323826104,0.024211618126361502,101.26900784090196,0.678356269694915,82225.05535957096,7.0,20000000.0,7.301029995663981,240000000.0,8.380211241711606,0.08333333333333333,0.5331284828964685,0.0043165553333333,1.4566868247430709,0.0099475313965141,92.9060157509046,0.6273668393333333,4.181496044998684,0.0254947151807909,1,,,,,,,,,,,,,,,,,,1,1,1,1,1,1,1,1,1,1,1,1,1,1,1,1,1
axpy_N10000000,axpy,10000000,vector,none_ready,5,0.6989700043360189,none,5.652657021245193,cpu,0.2805130117978391,79.95962773819559,0.2805130117978391,6.359875781868752,0.0441066809193897,109.63199993089934,0.7293457000564969,28404.783869284867,7.0,20000000.0,7.301029995663981,240000000.0,8.380211241711606,0.08333333333333333,0.5331284828964685,0.0043165553333333,1.4566868247430709,0.0099475313965141,92.9060157509046,0.6273668393333333,4.181496044998684,0.0254947151807909,1,,,,,,,,,,,,,,,,,,1,1,1,1,1,1,1,1,1,1,1,1,1,1,1,1,1
axpy_N10000000,axpy,10000000,vector,none_ready,10,1.0,none,4.4700160129090785,cpu,1.2803473848807958,111.84874287142574,1.2803473848807958,13.643309905584108,0.0938443379019602,130.53948015589276,0.8568192759604514,8635.812185990382,7.0,20000000.0,7.301029995663981,240000000.0,8.380211241711606,0.08333333333333333,0.5331284828964685,0.0043165553333333,1.4566868247430709,0.0099475313965141,92.9060157509046,0.6273668393333333,4.181496044998684,0.0254947151807909,1,,,,,,,,,,,,,,,,,,1,1,1,1,1,1,1,1,1,1,1,1,1,1,1,1,1
axpy_N10000000,axpy,10000000,vector,none_ready,30,1.4771212547196624,none,3.1514573371337375,cpu,12.524903839222684,292.7082287527689,12.524903839222684,42.77704640044552,0.2927949658322422,214.16940105586644,1.3667135795762695,2237.009788738904,7.0,20000000.0,7.301029995663981,240000000.0,8.380211241711606,0.08333333333333333,0.5331284828964685,0.0043165553333333,1.4566868247430709,0.0099475313965141,92.9060157509046,0.6273668393333333,4.181496044998684,0.0254947151807909,1,,,,,,,,,,,,,,,,,,1,1,1,1,1,1,1,1,1,1,1,1,1,1,1,1,1
axpy_N10000000,axpy,10000000,vector,none_ready,100,2.0,none,2.412054613534307,cpu,143.17061035074613,1597.3345487275938,143.17061035074613,144.7451241324605,0.9891221635882292,506.8741242057743,3.1513436422316325,1015.686064908411,7.0,20000000.0,7.301029995663981,240000000.0,8.380211241711606,0.08333333333333333,0.5331284828964685,0.0043165553333333,1.4566868247430709,0.0099475313965141,92.9060157509046,0.6273668393333333,4.181496044998684,0.0254947151807909,1,,,,,,,,,,,,,,,,,,1,1,1,1,1,1,1,1,1,1,1,1,1,1,1,1,1
axpy_N10000000,axpy,10000000,vector,none_ready,1000,3.0,none,2.0411814952117453,cpu,14473.053430311335,111438.18377817824,14473.053430311335,1455.7632664012242,9.941900420450919,4270.22056470459,26.096587304943444,669.9700986717152,7.0,20000000.0,7.301029995663981,240000000.0,8.380211241711606,0.08333333333333333,0.5331284828964685,0.0043165553333333,1.4566868247430709,0.0099475313965141,92.9060157509046,0.6273668393333333,4.181496044998684,0.0254947151807909,1,,,,,,,,,,,,,,,,,,1,1,1,1,1,1,1,1,1,1,1,1,1,1,1,1,1
axpy_N31622777,axpy,31622777,vector,cpu_ready,1,0.0,cpu,5.890881481350108,cpu,0.14137210959790358,51.13768452534334,0.14137210959790358,4.525878889829218,0.0312363881224489,86.59548913676639,0.5905352003333334,36072.39968392016,7.500000005470314,63245554.0,7.801030001134295,758946648.0,8.88021124718192,0.08333333333333333,1.6045630903710368,0.010420434,4.525878889829218,0.0312363881224489,86.59548913676639,0.5905352003333334,13.077912413910813,0.0795564447719298,1,0.010178726,1.7492027339197067,171.84888697462793,10.178726,0.1858676189821115,412.5901137620409,0.981489819549098,0.891099044520397,3204177652.68094,2583826.7956225565,1.0,,,,,,cpu,0,0,0,0,0,0,0,0,0,0,0,0,1,1,1,1,1
axpy_N31622777,axpy,31622777,vector,cpu_ready,2,0.3010299956639812,cpu,4.771623492880439,cpu,0.5654884383916143,66.79031361833077,0.5654884383916143,9.051757779658436,0.0624727762448978,99.6734015506772,0.6700916451052632,11711.083849618315,7.500000005470314,63245554.0,7.801030001134295,758946648.0,8.88021124718192,0.08333333333333333,1.6045630903710368,0.010420434,4.525878889829218,0.0312363881224489,86.59548913676639,0.5905352003333334,13.077912413910813,0.0795564447719298,1,0.010178726,1.7492027339197067,171.84888697462793,10.178726,0.1858676189821115,412.5901137620409,0.981489819549098,0.891099044520397,3204177652.68094,2583826.7956225565,1.0,,,,,,cpu,0,0,0,0,0,0,0,0,0,0,0,0,1,1,1,1,1
axpy_N31622777,axpy,31622777,vector,cpu_ready,3,0.47712125471966244,cpu,4.196168448388313,cpu,1.2723489863811321,84.52380714469707,1.2723489863811321,13.577636669487653,0.09370916436734669,112.75131396458801,0.749648089877193,6543.130780109567,7.500000005470314,63245554.0,7.801030001134295,758946648.0,8.88021124718192,0.08333333333333333,1.6045630903710368,0.010420434,4.525878889829218,0.0312363881224489,86.59548913676639,0.5905352003333334,13.077912413910813,0.0795564447719298,1,0.010178726,1.7492027339197067,171.84888697462793,10.178726,0.1858676189821115,412.5901137620409,0.981489819549098,0.891099044520397,3204177652.68094,2583826.7956225565,1.0,,,,,,cpu,0,0,0,0,0,0,0,0,0,0,0,0,1,1,1,1,1
axpy_N31622777,axpy,31622777,vector,cpu_ready,5,0.6989700043360189,cpu,3.575616440137303,cpu,3.53430273994759,126.23338749756626,3.53430273994759,22.62939444914609,0.1561819406122445,138.90713879240963,0.9087609794210526,3471.6631195956393,7.500000005470314,63245554.0,7.801030001134295,758946648.0,8.88021124718192,0.08333333333333333,1.6045630903710368,0.010420434,4.525878889829218,0.0312363881224489,86.59548913676639,0.5905352003333334,13.077912413910813,0.0795564447719298,1,0.010178726,1.7492027339197067,171.84888697462793,10.178726,0.1858676189821115,412.5901137620409,0.981489819549098,0.891099044520397,3204177652.68094,2583826.7956225565,1.0,,,,,,cpu,0,0,0,0,0,0,0,0,0,0,0,0,1,1,1,1,1
axpy_N31622777,axpy,31622777,vector,cpu_ready,10,1.0,cpu,2.938147830278176,cpu,14.13721095979036,266.92246596386934,14.13721095979036,45.25878889829218,0.312363881224489,204.2967008619637,1.3065432032807016,1788.084338014487,7.500000005470314,63245554.0,7.801030001134295,758946648.0,8.88021124718192,0.08333333333333333,1.6045630903710368,0.010420434,4.525878889829218,0.0312363881224489,86.59548913676639,0.5905352003333334,13.077912413910813,0.0795564447719298,1,0.010178726,1.7492027339197067,171.84888697462793,10.178726,0.1858676189821115,412.5901137620409,0.981489819549098,0.891099044520397,3204177652.68094,2583826.7956225565,1.0,,,,,,cpu,0,0,0,0,0,0,0,0,0,0,0,0,1,1,1,1,1
axpy_N31622777,axpy,31622777,vector,cpu_ready,30,1.4771212547196624,cpu,2.3617470341505524,cpu,127.23489863811324,1349.894888173797,127.23489863811324,135.77636669487654,0.937091643673467,465.85494914017994,2.8976720987192977,960.9470378195717,7.500000005470314,63245554.0,7.801030001134295,758946648.0,8.88021124718192,0.08333333333333333,1.6045630903710368,0.010420434,4.525878889829218,0.0312363881224489,86.59548913676639,0.5905352003333334,13.077912413910813,0.0795564447719298,1,0.010178726,1.7492027339197067,171.84888697462793,10.178726,0.1858676189821115,412.5901137620409,0.981489819549098,0.891099044520397,3204177652.68094,2583826.7956225565,1.0,,,,,,cpu,0,0,0,0,0,0,0,0,0,0,0,0,1,1,1,1,1
axpy_N31622777,axpy,31622777,vector,cpu_ready,100,2.0,cpu,2.1129379206724166,cpu,1413.721095979036,11695.021331051958,1413.721095979036,452.5878889829218,3.1236388122448897,1381.308818113937,8.466623232754383,727.2509594937376,7.500000005470314,63245554.0,7.801030001134295,758946648.0,8.88021124718192,0.08333333333333333,1.6045630903710368,0.010420434,4.525878889829218,0.0312363881224489,86.59548913676639,0.5905352003333334,13.077912413910813,0.0795564447719298,1,0.010178726,1.7492027339197067,171.84888697462793,10.178726,0.1858676189821115,412.5901137620409,0.981489819549098,0.891099044520397,3204177652.68094,2583826.7956225565,1.0,,,,,,cpu,0,0,0,0,0,0,0,0,0,0,0,0,1,1,1,1,1
axpy_N31622777,axpy,31622777,vector,cpu_ready,1000,3.0,cpu,2.0080040817659426,cpu,141372.1095979036,1053001.1150522155,141372.1095979036,4525.878889829218,31.236388122448897,13151.429990633667,80.0674235274912,644.8436032023608,7.500000005470314,63245554.0,7.801030001134295,758946648.0,8.88021124718192,0.08333333333333333,1.6045630903710368,0.010420434,4.525878889829218,0.0312363881224489,86.59548913676639,0.5905352003333334,13.077912413910813,0.0795564447719298,1,0.010178726,1.7492027339197067,171.84888697462793,10.178726,0.1858676189821115,412.5901137620409,0.981489819549098,0.891099044520397,3204177652.68094,2583826.7956225565,1.0,,,,,,cpu,0,0,0,0,0,0,0,0,0,0,0,0,1,1,1,1,1
axpy_N31622777,axpy,31622777,vector,gpu_ready,1,0.0,gpu,4.130771310954927,cpu,0.016720243782047423,1.0404322166894306,0.016720243782047423,1.6045630903710368,0.010420434,13.077912413910813,0.0795564447719298,6122.58999480944,7.500000005470314,63245554.0,7.801030001134295,758946648.0,8.88021124718192,0.08333333333333333,1.6045630903710368,0.010420434,4.525878889829218,0.0312363881224489,86.59548913676639,0.5905352003333334,13.077912413910813,0.0795564447719298,1,0.574586372,87.81145543625706,152.8255101676116,114.9172744,,,,,,,,63559.15482754262,0.0,0.0,1410.0,22.0,gpu,0,0,0,0,0,1,1,1,1,1,1,1,0,0,0,0,0
axpy_N31622777,axpy,31622777,vector,gpu_ready,2,0.3010299956639812,gpu,2.790953859710495,cpu,0.25537473110119535,4.161728866757723,0.25537473110119535,6.1304419802002545,0.041656822122448894,26.155824827821625,0.1591128895438596,1529.6557019608124,7.500000005470314,63245554.0,7.801030001134295,758946648.0,8.88021124718192,0.08333333333333333,1.6045630903710368,0.010420434,4.525878889829218,0.0312363881224489,86.59548913676639,0.5905352003333334,13.077912413910813,0.0795564447719298,1,0.574586372,87.81145543625706,152.8255101676116,114.9172744,,,,,,,,63559.15482754262,0.0,0.0,1410.0,22.0,gpu,0,0,0,0,0,1,1,1,1,1,1,1,0,0,0,0,0
axpy_N31622777,axpy,31622777,vector,gpu_ready,3,0.47712125471966244,gpu,2.4894673543388444,cpu,0.7767734376161506,9.363889950204877,0.7767734376161506,10.656320870029473,0.0728932102448978,39.23373724173244,0.2386693343157894,1105.4853444708194,7.500000005470314,63245554.0,7.801030001134295,758946648.0,8.88021124718192,0.08333333333333333,1.6045630903710368,0.010420434,4.525878889829218,0.0312363881224489,86.59548913676639,0.5905352003333334,13.077912413910813,0.0795564447719298,1,0.574586372,87.81145543625706,152.8255101676116,114.9172744,,,,,,,,63559.15482754262,0.0,0.0,1410.0,22.0,gpu,0,0,0,0,0,1,1,1,1,1,1,1,0,0,0,0,0
axpy_N31622777,axpy,31622777,vector,gpu_ready,5,0.6989700043360189,gpu,2.2772565669046383,cpu,2.6678035082334826,26.010805417235765,2.6678035082334826,19.70807864968791,0.1353659864897956,65.38956206955406,0.397782223859649,874.9895499035132,7.500000005470314,63245554.0,7.801030001134295,758946648.0,8.88021124718192,0.08333333333333333,1.6045630903710368,0.010420434,4.525878889829218,0.0312363881224489,86.59548913676639,0.5905352003333334,13.077912413910813,0.0795564447719298,1,0.574586372,87.81145543625706,152.8255101676116,114.9172744,,,,,,,,63559.15482754262,0.0,0.0,1410.0,22.0,gpu,0,0,0,0,0,1,1,1,1,1,1,1,0,0,0,0,0
axpy_N31622777,axpy,31622777,vector,gpu_ready,10,1.0,gpu,2.131684694293463,cpu,12.343402520703437,104.04322166894306,12.343402520703437,42.337473098833996,0.2915479271020401,130.77912413910812,0.795564447719298,742.905523776225,7.500000005470314,63245554.0,7.801030001134295,758946648.0,8.88021124718192,0.08333333333333333,1.6045630903710368,0.010420434,4.525878889829218,0.0312363881224489,86.59548913676639,0.5905352003333334,13.077912413910813,0.0795564447719298,1,0.574586372,87.81145543625706,152.8255101676116,114.9172744,,,,,,,,63559.15482754262,0.0,0.0,1410.0,22.0,gpu,0,0,0,0,0,1,1,1,1,1,1,1,0,0,0,0,0
axpy_N31622777,axpy,31622777,vector,gpu_ready,30,1.4771212547196624,gpu,2.040210280558968,cpu,121.73185336953507,936.3889950204878,121.73185336953507,132.85505089541837,0.9162756895510181,392.3373724173244,2.3866933431578943,669.222655452341,7.500000005470314,63245554.0,7.801030001134295,758946648.0,8.88021124718192,0.08333333333333333,1.6045630903710368,0.010420434,4.525878889829218,0.0312363881224489,86.59548913676639,0.5905352003333334,13.077912413910813,0.0795564447719298,1,0.574586372,87.81145543625706,152.8255101676116,114.9172744,,,,,,,,63559.15482754262,0.0,0.0,1410.0,22.0,gpu,0,0,0,0,0,1,1,1,1,1,1,1,0,0,0,0,0
axpy_N31622777,axpy,31622777,vector,gpu_ready,100,2.0,gpu,2.0091579355787306,cpu,1395.2357218072382,10404.322166894306,1395.2357218072382,449.6665731834636,3.102822858122441,1307.7912413910813,7.95564447719298,645.7035398590331,7.500000005470314,63245554.0,7.801030001134295,758946648.0,8.88021124718192,0.08333333333333333,1.6045630903710368,0.010420434,4.525878889829218,0.0312363881224489,86.59548913676639,0.5905352003333334,13.077912413910813,0.0795564447719298,1,0.574586372,87.81145543625706,152.8255101676116,114.9172744,,,,,,,,63559.15482754262,0.0,0.0,1410.0,22.0,gpu,0,0,0,0,0,1,1,1,1,1,1,1,0,0,0,0,0
axpy_N31622777,axpy,31622777,vector,gpu_ready,1000,3.0,gpu,1.9973083101087081,cpu,141186.70856640468,1040432.2166894309,141186.70856640468,4522.95757402976,31.21557216832645,13077.912413910813,79.5564447719298,636.9193794896648,7.500000005470314,63245554.0,7.801030001134295,758946648.0,8.88021124718192,0.08333333333333333,1.6045630903710368,0.010420434,4.525878889829218,0.0312363881224489,86.59548913676639,0.5905352003333334,13.077912413910813,0.0795564447719298,1,0.574586372,87.81145543625706,152.8255101676116,114.9172744,,,,,,,,63559.15482754262,0.0,0.0,1410.0,22.0,gpu,0,0,0,0,0,1,1,1,1,1,1,1,0,0,0,0,0
axpy_N31622777,axpy,31622777,vector,none_ready,1,0.0,none,8.025656782830302,cpu,0.016720243782047423,51.13768452534334,0.016720243782047423,1.6045630903710368,0.010420434,86.59548913676639,0.5905352003333334,305742.93621514074,7.500000005470314,63245554.0,7.801030001134295,758946648.0,8.88021124718192,0.08333333333333333,1.6045630903710368,0.010420434,4.525878889829218,0.0312363881224489,86.59548913676639,0.5905352003333334,13.077912413910813,0.0795564447719298,1,,,,,,,,,,,,,,,,,,1,1,1,1,1,1,1,1,1,1,1,1,1,1,1,1,1
axpy_N31622777,axpy,31622777,vector,none_ready,2,0.3010299956639812,none,5.5665813431162,cpu,0.25537473110119535,66.79031361833077,0.25537473110119535,6.1304419802002545,0.041656822122448894,99.6734015506772,0.6700916451052632,26053.84589161419,7.500000005470314,63245554.0,7.801030001134295,758946648.0,8.88021124718192,0.08333333333333333,1.6045630903710368,0.010420434,4.525878889829218,0.0312363881224489,86.59548913676639,0.5905352003333334,13.077912413910813,0.0795564447719298,1,,,,,,,,,,,,,,,,,,1,1,1,1,1,1,1,1,1,1,1,1,1,1,1,1,1
axpy_N31622777,axpy,31622777,vector,none_ready,3,0.47712125471966244,none,4.689639793252423,cpu,0.7767734376161506,84.52380714469707,0.7767734376161506,10.656320870029473,0.0728932102448978,112.75131396458801,0.749648089877193,10781.397721849657,7.500000005470314,63245554.0,7.801030001134295,758946648.0,8.88021124718192,0.08333333333333333,1.6045630903710368,0.010420434,4.525878889829218,0.0312363881224489,86.59548913676639,0.5905352003333334,13.077912413910813,0.0795564447719298,1,,,,,,,,,,,,,,,,,,1,1,1,1,1,1,1,1,1,1,1,1,1,1,1,1,1
axpy_N31622777,axpy,31622777,vector,none_ready,5,0.6989700043360189,none,3.856876997567208,cpu,2.6678035082334826,126.23338749756626,2.6678035082334826,19.70807864968791,0.1353659864897956,138.90713879240963,0.9087609794210526,4631.734818849278,7.500000005470314,63245554.0,7.801030001134295,758946648.0,8.88021124718192,0.08333333333333333,1.6045630903710368,0.010420434,4.525878889829218,0.0312363881224489,86.59548913676639,0.5905352003333334,13.077912413910813,0.0795564447719298,1,,,,,,,,,,,,,,,,,,1,1,1,1,1,1,1,1,1,1,1,1,1,1,1,1,1
axpy_N31622777,axpy,31622777,vector,none_ready,10,1.0,none,3.073836515096905,cpu,12.343402520703437,266.92246596386934,12.343402520703437,42.337473098833996,0.2915479271020401,204.2967008619637,1.3065432032807016,2062.4707248764153,7.500000005470314,63245554.0,7.801030001134295,758946648.0,8.88021124718192,0.08333333333333333,1.6045630903710368,0.010420434,4.525878889829218,0.0312363881224489,86.59548913676639,0.5905352003333334,13.077912413910813,0.0795564447719298,1,,,,,,,,,,,,,,,,,,1,1,1,1,1,1,1,1,1,1,1,1,1,1,1,1,1
axpy_N31622777,axpy,31622777,vector,none_ready,30,1.4771212547196624,none,2.4059613052347872,cpu,121.73185336953507,1349.894888173797,121.73185336953507,132.85505089541837,0.9162756895510181,465.85494914017994,2.8976720987192977,1008.9085155682228,7.500000005470314,63245554.0,7.801030001134295,758946648.0,8.88021124718192,0.08333333333333333,1.6045630903710368,0.010420434,4.525878889829218,0.0312363881224489,86.59548913676639,0.5905352003333334,13.077912413910813,0.0795564447719298,1,,,,,,,,,,,,,,,,,,1,1,1,1,1,1,1,1,1,1,1,1,1,1,1,1,1
axpy_N31622777,axpy,31622777,vector,none_ready,100,2.0,none,2.126099846776414,cpu,1395.2357218072382,11695.021331051958,1395.2357218072382,449.6665731834636,3.102822858122441,1381.308818113937,8.466623232754383,738.2111458487808,7.500000005470314,63245554.0,7.801030001134295,758946648.0,8.88021124718192,0.08333333333333333,1.6045630903710368,0.010420434,4.525878889829218,0.0312363881224489,86.59548913676639,0.5905352003333334,13.077912413910813,0.0795564447719298,1,,,,,,,,,,,,,,,,,,1,1,1,1,1,1,1,1,1,1,1,1,1,1,1,1,1
axpy_N31622777,axpy,31622777,vector,none_ready,1000,3.0,none,2.0093163823999167,cpu,141186.70856640468,1053001.1150522155,141186.70856640468,4522.95757402976,31.21557216832645,13151.429990633667,80.0674235274912,645.8217035755565,7.500000005470314,63245554.0,7.801030001134295,758946648.0,8.88021124718192,0.08333333333333333,1.6045630903710368,0.010420434,4.525878889829218,0.0312363881224489,86.59548913676639,0.5905352003333334,13.077912413910813,0.0795564447719298,1,,,,,,,,,,,,,,,,,,1,1,1,1,1,1,1,1,1,1,1,1,1,1,1,1,1
axpy_N3162278,axpy,3162278,vector,cpu_ready,1,0.0,cpu,10.697920105716454,cpu,0.0014539011629312783,64.3550383850722,0.0014539011629312783,0.4670355911375398,0.0031130414694736,93.99718357663522,0.6846485813333333,4426269.551512222,6.500000046671104,6324556.0,6.801030042335086,75894672.0,7.88021128838271,0.08333333333333333,0.2516450738393689,0.0018916373333333,0.4670355911375398,0.0031130414694736,93.99718357663522,0.6846485813333333,1.3233645367698337,0.0081148552162162,1,0.001892408,0.0659275206632,34.8379,1.892408,1.2449922469062682,24.769359370143672,0.8822245189563294,0.5881848533855537,8423101488.9087,2967804.5,1.0,,,,,,cpu,0,0,0,0,0,0,0,0,0,0,0,0,1,1,1,1,1
axpy_N3162278,axpy,3162278,vector,cpu_ready,2,0.3010299956639812,cpu,9.337389220027017,cpu,0.005815604651725113,66.03459048482917,0.005815604651725113,0.9340711822750796,0.0062260829389472,95.32054811340505,0.6927634365495495,1135372.4820443387,6.500000046671104,6324556.0,6.801030042335086,75894672.0,7.88021128838271,0.08333333333333333,0.2516450738393689,0.0018916373333333,0.4670355911375398,0.0031130414694736,93.99718357663522,0.6846485813333333,1.3233645367698337,0.0081148552162162,1,0.001892408,0.0659275206632,34.8379,1.892408,1.2449922469062682,24.769359370143672,0.8822245189563294,0.5881848533855537,8423101488.9087,2967804.5,1.0,,,,,,cpu,0,0,0,0,0,0,0,0,0,0,0,0,1,1,1,1,1
axpy_N3162278,axpy,3162278,vector,cpu_ready,3,0.47712125471966244,cpu,8.551892493150364,cpu,0.013085110466381505,67.73562040781444,0.013085110466381505,1.4011067734126192,0.009339124408420801,96.64391265017488,0.7008782917657657,517554.1732822354,6.500000046671104,6324556.0,6.801030042335086,75894672.0,7.88021128838271,0.08333333333333333,0.2516450738393689,0.0018916373333333,0.4670355911375398,0.0031130414694736,93.99718357663522,0.6846485813333333,1.3233645367698337,0.0081148552162162,1,0.001892408,0.0659275206632,34.8379,1.892408,1.2449922469062682,24.769359370143672,0.8822245189563294,0.5881848533855537,8423101488.9087,2967804.5,1.0,,,,,,cpu,0,0,0,0,0,0,0,0,0,0,0,0,1,1,1,1,1
axpy_N3162278,axpy,3162278,vector,cpu_ready,5,0.6989700043360189,cpu,7.580151558393481,cpu,0.03634752907328196,71.20211372346999,0.03634752907328196,2.335177955687699,0.015565207347368,99.29064172371456,0.717108002198198,195792.58345434174,6.500000046671104,6324556.0,6.801030042335086,75894672.0,7.88021128838271,0.08333333333333333,0.2516450738393689,0.0018916373333333,0.4670355911375398,0.0031130414694736,93.99718357663522,0.6846485813333333,1.3233645367698337,0.0081148552162162,1,0.001892408,0.0659275206632,34.8379,1.892408,1.2449922469062682,24.769359370143672,0.8822245189563294,0.5881848533855537,8423101488.9087,2967804.5,1.0,,,,,,cpu,0,0,0,0,0,0,0,0,0,0,0,0,1,1,1,1,1
axpy_N3162278,axpy,3162278,vector,cpu_ready,10,1.0,cpu,6.313409288573364,cpu,0.14539011629312784,80.24420891910455,0.14539011629312784,4.670355911375398,0.031130414694736,105.90746440756372,0.7576822782792791,55092.34110613161,6.500000046671104,6324556.0,6.801030042335086,75894672.0,7.88021128838271,0.08333333333333333,0.2516450738393689,0.0018916373333333,0.4670355911375398,0.0031130414694736,93.99718357663522,0.6846485813333333,1.3233645367698337,0.0081148552162162,1,0.001892408,0.0659275206632,34.8379,1.892408,1.2449922469062682,24.769359370143672,0.8822245189563294,0.5881848533855537,8423101488.9087,2967804.5,1.0,,,,,,cpu,0,0,0,0,0,0,0,0,0,0,0,0,1,1,1,1,1
axpy_N3162278,axpy,3162278,vector,cpu_ready,30,1.4771212547196624,cpu,4.533343049626249,cpu,1.3085110466381504,121.78204550872384,1.3085110466381504,14.011067734126193,0.093391244084208,132.3747551429604,0.9199793826036031,9206.917646710619,6.500000046671104,6324556.0,6.801030042335086,75894672.0,7.88021128838271,0.08333333333333333,0.2516450738393689,0.0018916373333333,0.4670355911375398,0.0031130414694736,93.99718357663522,0.6846485813333333,1.3233645367698337,0.0081148552162162,1,0.001892408,0.0659275206632,34.8379,1.892408,1.2449922469062682,24.769359370143672,0.8822245189563294,0.5881848533855537,8423101488.9087,2967804.5,1.0,,,,,,cpu,0,0,0,0,0,0,0,0,0,0,0,0,1,1,1,1,1
axpy_N3162278,axpy,3162278,vector,cpu_ready,100,2.0,cpu,3.1367564354978867,cpu,14.539011629312784,334.81961674161334,14.539011629312784,46.703559113753975,0.31130414694736,225.01027271684876,1.488019247738737,2202.9049379571843,6.500000046671104,6324556.0,6.801030042335086,75894672.0,7.88021128838271,0.08333333333333333,0.2516450738393689,0.0018916373333333,0.4670355911375398,0.0031130414694736,93.99718357663522,0.6846485813333333,1.3233645367698337,0.0081148552162162,1,0.001892408,0.0659275206632,34.8379,1.892408,1.2449922469062682,24.769359370143672,0.8822245189563294,0.5881848533855537,8423101488.9087,2967804.5,1.0,,,,,,cpu,0,0,0,0,0,0,0,0,0,0,0,0,1,1,1,1,1
axpy_N3162278,axpy,3162278,vector,cpu_ready,1000,3.0,cpu,2.147385394647309,cpu,1453.9011629312783,12448.94394318524,1453.9011629312783,467.03559113753977,3.1130414694736004,1416.0383558096992,8.791388942333317,756.2441698640876,6.500000046671104,6324556.0,6.801030042335086,75894672.0,7.88021128838271,0.08333333333333333,0.2516450738393689,0.0018916373333333,0.4670355911375398,0.0031130414694736,93.99718357663522,0.6846485813333333,1.3233645367698337,0.0081148552162162,1,0.001892408,0.0659275206632,34.8379,1.892408,1.2449922469062682,24.769359370143672,0.8822245189563294,0.5881848533855537,8423101488.9087,2967804.5,1.0,,,,,,cpu,0,0,0,0,0,0,0,0,0,0,0,0,1,1,1,1,1
axpy_N3162278,axpy,3162278,vector,gpu_ready,1,0.0,gpu,3.1161665979068265,cpu,0.00047602121642396515,0.01073891161416222,0.00047602121642396515,0.2516450738393689,0.0018916373333333,1.3233645367698337,0.0081148552162162,2155.9733145586683,6.500000046671104,6324556.0,6.801030042335086,75894672.0,7.88021128838271,0.08333333333333333,0.2516450738393689,0.0018916373333333,0.4670355911375398,0.0031130414694736,93.99718357663522,0.6846485813333333,1.3233645367698337,0.0081148552162162,1,0.545658882,77.72447642194399,142.44151242816935,109.1317764,,,,,,,,63791.56963579308,0.0,0.0,1410.0,24.0,gpu,0,0,0,0,0,1,1,1,1,1,1,1,0,0,0,0,0
axpy_N3162278,axpy,3162278,vector,gpu_ready,2,0.3010299956639812,gpu,2.4801330278002474,cpu,0.003596765889997102,0.04295564645664888,0.003596765889997102,0.7186806649769086,0.0050046788028069,2.6467290735396674,0.0162297104324324,1094.2853043650136,6.500000046671104,6324556.0,6.801030042335086,75894672.0,7.88021128838271,0.08333333333333333,0.2516450738393689,0.0018916373333333,0.4670355911375398,0.0031130414694736,93.99718357663522,0.6846485813333333,1.3233645367698337,0.0081148552162162,1,0.545658882,77.72447642194399,142.44151242816935,109.1317764,,,,,,,,63791.56963579308,0.0,0.0,1410.0,24.0,gpu,0,0,0,0,0,1,1,1,1,1,1,1,0,0,0,0,0
axpy_N3162278,axpy,3162278,vector,gpu_ready,3,0.47712125471966244,gpu,2.3067019341797748,cpu,0.009625312889432797,0.09665020452745997,0.009625312889432797,1.1857162561144485,0.0081177202722805,3.970093610309501,0.0243445656486486,904.1253270173474,6.500000046671104,6324556.0,6.801030042335086,75894672.0,7.88021128838271,0.08333333333333333,0.2516450738393689,0.0018916373333333,0.4670355911375398,0.0031130414694736,93.99718357663522,0.6846485813333333,1.3233645367698337,0.0081148552162162,1,0.545658882,77.72447642194399,142.44151242816935,109.1317764,,,,,,,,63791.56963579308,0.0,0.0,1410.0,24.0,gpu,0,0,0,0,0,1,1,1,1,1,1,1,0,0,0,0,0
axpy_N3162278,axpy,3162278,vector,gpu_ready,5,0.6989700043360189,gpu,2.1781157336346313,cpu,0.03040581386589185,0.2684727903540555,0.03040581386589185,2.119787438389528,0.0143438032112277,6.616822683849168,0.040574276081081,782.9653155747909,6.500000046671104,6324556.0,6.801030042335086,75894672.0,7.88021128838271,0.08333333333333333,0.2516450738393689,0.0018916373333333,0.4670355911375398,0.0031130414694736,93.99718357663522,0.6846485813333333,1.3233645367698337,0.0081148552162162,1,0.545658882,77.72447642194399,142.44151242816935,109.1317764,,,,,,,,63791.56963579308,0.0,0.0,1410.0,24.0,gpu,0,0,0,0,0,1,1,1,1,1,1,1,0,0,0,0,0
axpy_N3162278,axpy,3162278,vector,gpu_ready,10,1.0,gpu,2.0868648459887646,cpu,0.13324360700963425,1.073891161416222,0.13324360700963425,4.454965394077227,0.0299090105585957,13.233645367698337,0.081148552162162,705.9607402691927,6.500000046671104,6324556.0,6.801030042335086,75894672.0,7.88021128838271,0.08333333333333333,0.2516450738393689,0.0018916373333333,0.4670355911375398,0.0031130414694736,93.99718357663522,0.6846485813333333,1.3233645367698337,0.0081148552162162,1,0.545658882,77.72447642194399,142.44151242816935,109.1317764,,,,,,,,63791.56963579308,0.0,0.0,1410.0,24.0,gpu,0,0,0,0,0,1,1,1,1,1,1,1,0,0,0,0,0
axpy_N3162278,axpy,3162278,vector,gpu_ready,30,1.4771212547196624,gpu,2.028280248354228,cpu,1.271545361050243,9.665020452745997,1.271545361050243,13.795677216828022,0.09216983994806771,39.70093610309501,0.243445656486486,660.1003274285941,6.500000046671104,6324556.0,6.801030042335086,75894672.0,7.88021128838271,0.08333333333333333,0.2516450738393689,0.0018916373333333,0.4670355911375398,0.0031130414694736,93.99718357663522,0.6846485813333333,1.3233645367698337,0.0081148552162162,1,0.545658882,77.72447642194399,142.44151242816935,109.1317764,,,,,,,,63791.56963579308,0.0,0.0,1410.0,24.0,gpu,0,0,0,0,0,1,1,1,1,1,1,1,0,0,0,0,0
axpy_N3162278,axpy,3162278,vector,gpu_ready,100,2.0,gpu,2.0081771008671563,cpu,14.415178826659428,107.3891161416222,14.415178826659428,46.48816859645581,0.3100827428112197,132.33645367698335,0.81148552162162,644.9724865224481,6.500000046671104,6324556.0,6.801030042335086,75894672.0,7.88021128838271,0.08333333333333333,0.2516450738393689,0.0018916373333333,0.4670355911375398,0.0031130414694736,93.99718357663522,0.6846485813333333,1.3233645367698337,0.0081148552162162,1,0.545658882,77.72447642194399,142.44151242816935,109.1317764,,,,,,,,63791.56963579308,0.0,0.0,1410.0,24.0,gpu,0,0,0,0,0,1,1,1,1,1,1,1,0,0,0,0,0
axpy_N3162278,axpy,3162278,vector,gpu_ready,1000,3.0,gpu,2.000477064286038,cpu,1452.6604671949262,10738.911614162222,1452.6604671949262,466.8202006202416,3.1118200653374597,1323.3645367698336,8.1148552162162,639.2581994675576,6.500000046671104,6324556.0,6.801030042335086,75894672.0,7.88021128838271,0.08333333333333333,0.2516450738393689,0.0018916373333333,0.4670355911375398,0.0031130414694736,93.99718357663522,0.6846485813333333,1.3233645367698337,0.0081148552162162,1,0.545658882,77.72447642194399,142.44151242816935,109.1317764,,,,,,,,63791.56963579308,0.0,0.0,1410.0,24.0,gpu,0,0,0,0,0,1,1,1,1,1,1,1,0,0,0,0,0
axpy_N3162278,axpy,3162278,vector,none_ready,1,0.0,none,11.814463359966354,cpu,0.00047602121642396515,64.3550383850722,0.00047602121642396515,0.2516450738393689,0.0018916373333333,93.99718357663522,0.6846485813333333,13519263.457899911,6.500000046671104,6324556.0,6.801030042335086,75894672.0,7.88021128838271,0.08333333333333333,0.2516450738393689,0.0018916373333333,0.4670355911375398,0.0031130414694736,93.99718357663522,0.6846485813333333,1.3233645367698337,0.0081148552162162,1,,,,,,,,,,,,,,,,,,1,1,1,1,1,1,1,1,1,1,1,1,1,1,1,1,1
axpy_N3162278,axpy,3162278,vector,none_ready,2,0.3010299956639812,none,9.817898904170336,cpu,0.003596765889997102,66.03459048482917,0.003596765889997102,0.7186806649769086,0.0050046788028069,95.32054811340505,0.6927634365495495,1835843.525500971,6.500000046671104,6324556.0,6.801030042335086,75894672.0,7.88021128838271,0.08333333333333333,0.2516450738393689,0.0018916373333333,0.4670355911375398,0.0031130414694736,93.99718357663522,0.6846485813333333,1.3233645367698337,0.0081148552162162,1,,,,,,,,,,,,,,,,,,1,1,1,1,1,1,1,1,1,1,1,1,1,1,1,1,1
axpy_N3162278,axpy,3162278,vector,none_ready,3,0.47712125471966244,none,8.85897108367321,cpu,0.009625312889432797,67.73562040781444,0.009625312889432797,1.1857162561144485,0.0081177202722805,96.64391265017488,0.7008782917657657,703623.8288864185,6.500000046671104,6324556.0,6.801030042335086,75894672.0,7.88021128838271,0.08333333333333333,0.2516450738393689,0.0018916373333333,0.4670355911375398,0.0031130414694736,93.99718357663522,0.6846485813333333,1.3233645367698337,0.0081148552162162,1,,,,,,,,,,,,,,,,,,1,1,1,1,1,1,1,1,1,1,1,1,1,1,1,1,1
axpy_N3162278,axpy,3162278,vector,none_ready,5,0.6989700043360189,none,7.7586439483711835,cpu,0.03040581386589185,71.20211372346999,0.03040581386589185,2.119787438389528,0.0143438032112277,99.29064172371456,0.717108002198198,234072.69485866962,6.500000046671104,6324556.0,6.801030042335086,75894672.0,7.88021128838271,0.08333333333333333,0.2516450738393689,0.0018916373333333,0.4670355911375398,0.0031130414694736,93.99718357663522,0.6846485813333333,1.3233645367698337,0.0081148552162162,1,,,,,,,,,,,,,,,,,,1,1,1,1,1,1,1,1,1,1,1,1,1,1,1,1,1
axpy_N3162278,axpy,3162278,vector,none_ready,10,1.0,none,6.400650790905201,cpu,0.13324360700963425,80.24420891910455,0.13324360700963425,4.454965394077227,0.0299090105585957,105.90746440756372,0.7576822782792791,60123.684062607565,6.500000046671104,6324556.0,6.801030042335086,75894672.0,7.88021128838271,0.08333333333333333,0.2516450738393689,0.0018916373333333,0.4670355911375398,0.0031130414694736,93.99718357663522,0.6846485813333333,1.3233645367698337,0.0081148552162162,1,,,,,,,,,,,,,,,,,,1,1,1,1,1,1,1,1,1,1,1,1,1,1,1,1,1
axpy_N3162278,axpy,3162278,vector,none_ready,30,1.4771212547196624,none,4.561999954323549,cpu,1.271545361050243,121.78204550872384,1.271545361050243,13.795677216828022,0.09216983994806771,132.3747551429604,0.9199793826036031,9477.483370953985,6.500000046671104,6324556.0,6.801030042335086,75894672.0,7.88021128838271,0.08333333333333333,0.2516450738393689,0.0018916373333333,0.4670355911375398,0.0031130414694736,93.99718357663522,0.6846485813333333,1.3233645367698337,0.0081148552162162,1,,,,,,,,,,,,,,,,,,1,1,1,1,1,1,1,1,1,1,1,1,1,1,1,1,1
axpy_N3162278,axpy,3162278,vector,none_ready,100,2.0,none,3.145310192708114,cpu,14.415178826659428,334.81961674161334,14.415178826659428,46.48816859645581,0.3100827428112197,225.01027271684876,1.488019247738737,2222.687916450943,6.500000046671104,6324556.0,6.801030042335086,75894672.0,7.88021128838271,0.08333333333333333,0.2516450738393689,0.0018916373333333,0.4670355911375398,0.0031130414694736,93.99718357663522,0.6846485813333333,1.3233645367698337,0.0081148552162162,1,,,,,,,,,,,,,,,,,,1,1,1,1,1,1,1,1,1,1,1,1,1,1,1,1,1
axpy_N3162278,axpy,3162278,vector,none_ready,1000,3.0,none,2.148239115276418,cpu,1452.6604671949262,12448.94394318524,1452.6604671949262,466.8202006202416,3.1118200653374597,1416.0383558096992,8.791388942333317,756.9754752963047,6.500000046671104,6324556.0,6.801030042335086,75894672.0,7.88021128838271,0.08333333333333333,0.2516450738393689,0.0018916373333333,0.4670355911375398,0.0031130414694736,93.99718357663522,0.6846485813333333,1.3233645367698337,0.0081148552162162,1,,,,,,,,,,,,,,,,,,1,1,1,1,1,1,1,1,1,1,1,1,1,1,1,1,1
axpy_N316228,axpy,316228,vector,cpu_ready,1,0.0,cpu,15.68325213817486,cpu,6.8353916227891265e-06,44.24999884810332,6.8353916227891265e-06,0.0323391102043385,0.0002113661006626,79.66607436512749,0.5554434456666667,647365863.649753,5.500000321342935,632456.0,5.801030317006917,7589472.0,6.880211563054541,0.08333333333333333,0.0876683672072644,0.001049242,0.0323391102043385,0.0002113661006626,79.66607436512749,0.5554434456666667,0.1665032752937124,0.0010540613053078,1,0.00097805,0.0542644398981456,55.482275853121614,0.97805,,,,,,,,,,,,,cpu,0,0,0,0,0,1,1,1,1,1,1,1,1,1,1,1,1
axpy_N316228,axpy,316228,vector,cpu_ready,2,0.3010299956639812,cpu,14.300941505777365,cpu,2.7341566491156506e-05,44.42663043204099,2.7341566491156506e-05,0.064678220408677,0.0004227322013252,79.83257764042119,0.5564975069719745,162487409.4351692,5.500000321342935,632456.0,5.801030317006917,7589472.0,6.880211563054541,0.08333333333333333,0.0876683672072644,0.001049242,0.0323391102043385,0.0002113661006626,79.66607436512749,0.5554434456666667,0.1665032752937124,0.0010540613053078,1,0.00097805,0.0542644398981456,55.482275853121614,0.97805,,,,,,,,,,,,,cpu,0,0,0,0,0,1,1,1,1,1,1,1,1,1,1,1,1
axpy_N316228,axpy,316228,vector,cpu_ready,3,0.47712125471966244,cpu,13.49398708069702,cpu,6.151852460510215e-05,44.60361302529805,6.151852460510215e-05,0.09701733061301551,0.0006340983019878,79.99908091571491,0.5575515682772823,72504260.7785073,5.500000321342935,632456.0,5.801030317006917,7589472.0,6.880211563054541,0.08333333333333333,0.0876683672072644,0.001049242,0.0323391102043385,0.0002113661006626,79.66607436512749,0.5554434456666667,0.1665032752937124,0.0010540613053078,1,0.00097805,0.0542644398981456,55.482275853121614,0.97805,,,,,,,,,,,,,cpu,0,0,0,0,0,1,1,1,1,1,1,1,1,1,1,1,1
axpy_N316228,axpy,316228,vector,cpu_ready,5,0.6989700043360189,cpu,12.480263729051007,cpu,0.00017088479056972814,44.95863123977035,0.00017088479056972814,0.1616955510216925,0.001056830503313,80.33208746630234,0.5596596908878979,26309222.8425296,5.500000321342935,632456.0,5.801030317006917,7589472.0,6.880211563054541,0.08333333333333333,0.0876683672072644,0.001049242,0.0323391102043385,0.0002113661006626,79.66607436512749,0.5554434456666667,0.1665032752937124,0.0010540613053078,1,0.00097805,0.0542644398981456,55.482275853121614,0.97805,,,,,,,,,,,,,cpu,0,0,0,0,0,1,1,1,1,1,1,1,1,1,1,1,1
axpy_N316228,axpy,316228,vector,cpu_ready,10,1.0,cpu,11.113652391734588,cpu,0.0006835391622789126,45.852319439040365,0.0006835391622789126,0.323391102043385,0.002113661006626,81.1646038427709,0.564929997414437,6707974.967668158,5.500000321342935,632456.0,5.801030317006917,7589472.0,6.880211563054541,0.08333333333333333,0.0876683672072644,0.001049242,0.0323391102043385,0.0002113661006626,79.66607436512749,0.5554434456666667,0.1665032752937124,0.0010540613053078,1,0.00097805,0.0542644398981456,55.482275853121614,0.97805,,,,,,,,,,,,,cpu,0,0,0,0,0,1,1,1,1,1,1,1,1,1,1,1,1
axpy_N316228,axpy,316228,vector,cpu_ready,30,1.4771212547196624,cpu,8.993274140346946,cpu,0.006151852460510214,49.51482456596748,0.006151852460510214,0.9701733061301551,0.006340983019878,84.49466934864515,0.5860112235205929,804776.6592471381,5.500000321342935,632456.0,5.801030317006917,7589472.0,6.880211563054541,0.08333333333333333,0.0876683672072644,0.001049242,0.0323391102043385,0.0002113661006626,79.66607436512749,0.5554434456666667,0.1665032752937124,0.0010540613053078,1,0.00097805,0.0542644398981456,55.482275853121614,0.97805,,,,,,,,,,,,,cpu,0,0,0,0,0,1,1,1,1,1,1,1,1,1,1,1,1
axpy_N316228,axpy,316228,vector,cpu_ready,100,2.0,cpu,6.833139520519457,cpu,0.06835391622789128,63.43927186628532,0.06835391622789128,3.23391102043385,0.02113661006626,96.149898619205,0.6597955148921388,92710.00324074984,5.500000321342935,632456.0,5.801030317006917,7589472.0,6.880211563054541,0.08333333333333333,0.0876683672072644,0.001049242,0.0323391102043385,0.0002113661006626,79.66607436512749,0.5554434456666667,0.1665032752937124,0.0010540613053078,1,0.00097805,0.0542644398981456,55.482275853121614,0.97805,,,,,,,,,,,,,cpu,0,0,0,0,0,1,1,1,1,1,1,1,1,1,1,1,1
axpy_N316228,axpy,316228,vector,cpu_ready,1000,3.0,cpu,4.058500752449228,cpu,6.835391622789127,395.6834479261909,6.835391622789127,32.3391102043385,0.2113661006626,246.00284638354617,1.6084506896691586,5688.745835819945,5.500000321342935,632456.0,5.801030317006917,7589472.0,6.880211563054541,0.08333333333333333,0.0876683672072644,0.001049242,0.0323391102043385,0.0002113661006626,79.66607436512749,0.5554434456666667,0.1665032752937124,0.0010540613053078,1,0.00097805,0.0542644398981456,55.482275853121614,0.97805,,,,,,,,,,,,,cpu,0,0,0,0,0,1,1,1,1,1,1,1,1,1,1,1,1
axpy_N316228,axpy,316228,vector,gpu_ready,1,0.0,gpu,0.6460364536852393,cpu,9.198533294528451e-05,0.00017550465969411443,9.198533294528451e-05,0.0876683672072644,0.001049242,0.1665032752937124,0.0010540613053078,90.79635206463796,5.500000321342935,632456.0,5.801030317006917,7589472.0,6.880211563054541,0.08333333333333333,0.0876683672072644,0.001049242,0.0323391102043385,0.0002113661006626,79.66607436512749,0.5554434456666667,0.1665032752937124,0.0010540613053078,1,0.526484315,76.20430740295416,144.74183794621527,105.296863,,,,,,,,63061.83695169912,0.0,0.0,1410.0,22.0,gpu,0,0,0,0,0,1,1,1,1,1,1,1,0,0,0,0,0
axpy_N316228,axpy,316228,vector,gpu_ready,2,0.3010299956639812,gpu,1.53481167791934,cpu,0.00015128239816515057,0.0007020186387764577,0.00015128239816515057,0.12000747741160289,0.0012606081006625999,0.3330065505874248,0.0021081226106156,364.0451548170756,5.500000321342935,632456.0,5.801030317006917,7589472.0,6.880211563054541,0.08333333333333333,0.0876683672072644,0.001049242,0.0323391102043385,0.0002113661006626,79.66607436512749,0.5554434456666667,0.1665032752937124,0.0010540613053078,1,0.526484315,76.20430740295416,144.74183794621527,105.296863,,,,,,,,63061.83695169912,0.0,0.0,1410.0,22.0,gpu,0,0,0,0,0,1,1,1,1,1,1,1,0,0,0,0,0
axpy_N316228,axpy,316228,vector,gpu_ready,3,0.47712125471966244,gpu,1.9521275701129994,cpu,0.00022425024663059494,0.0015795419372470298,0.00022425024663059494,0.1523465876159414,0.0014719742013252,0.4995098258811372,0.0031621839159233995,604.3657525376071,5.500000321342935,632456.0,5.801030317006917,7589472.0,6.880211563054541,0.08333333333333333,0.0876683672072644,0.001049242,0.0323391102043385,0.0002113661006626,79.66607436512749,0.5554434456666667,0.1665032752937124,0.0010540613053078,1,0.526484315,76.20430740295416,144.74183794621527,105.296863,,,,,,,,63061.83695169912,0.0,0.0,1410.0,22.0,gpu,0,0,0,0,0,1,1,1,1,1,1,1,0,0,0,0,0
axpy_N316228,axpy,316228,vector,gpu_ready,5,0.6989700043360189,gpu,2.3674658547922762,cpu,0.0004111982932982184,0.004387616492352861,0.0004111982932982184,0.2170248080246184,0.0018947064026504,0.8325163764685619,0.005270306526539,967.0317858471209,5.500000321342935,632456.0,5.801030317006917,7589472.0,6.880211563054541,0.08333333333333333,0.0876683672072644,0.001049242,0.0323391102043385,0.0002113661006626,79.66607436512749,0.5554434456666667,0.1665032752937124,0.0010540613053078,1,0.526484315,76.20430740295416,144.74183794621527,105.296863,,,,,,,,63061.83695169912,0.0,0.0,1410.0,22.0,gpu,0,0,0,0,0,1,1,1,1,1,1,1,0,0,0,0,0
axpy_N316228,axpy,316228,vector,gpu_ready,10,1.0,gpu,2.753711665929318,cpu,0.0011178071167648965,0.017550465969411445,0.0011178071167648965,0.3787203590463109,0.0029515369059634,1.6650327529371238,0.010540613053078,1470.0799991509407,5.500000321342935,632456.0,5.801030317006917,7589472.0,6.880211563054541,0.08333333333333333,0.0876683672072644,0.001049242,0.0323391102043385,0.0002113661006626,79.66607436512749,0.5554434456666667,0.1665032752937124,0.0010540613053078,1,0.526484315,76.20430740295416,144.74183794621527,105.296863,,,,,,,,63061.83695169912,0.0,0.0,1410.0,22.0,gpu,0,0,0,0,0,1,1,1,1,1,1,1,0,0,0,0,0
axpy_N316228,axpy,316228,vector,gpu_ready,30,1.4771212547196624,gpu,3.065981834403772,cpu,0.007361938222026172,0.157954193724703,0.007361938222026172,1.025502563133081,0.0071788589192154,4.995098258811372,0.031621839159234,2045.5517414166843,5.500000321342935,632456.0,5.801030317006917,7589472.0,6.880211563054541,0.08333333333333333,0.0876683672072644,0.001049242,0.0323391102043385,0.0002113661006626,79.66607436512749,0.5554434456666667,0.1665032752937124,0.0010540613053078,1,0.526484315,76.20430740295416,144.74183794621527,105.296863,,,,,,,,63061.83695169912,0.0,0.0,1410.0,22.0,gpu,0,0,0,0,0,1,1,1,1,1,1,1,0,0,0,0,0
axpy_N316228,axpy,316228,vector,gpu_ready,100,2.0,gpu,3.189712015595927,cpu,0.07227936431401213,1.7550465969411444,0.07227936431401213,3.289240277436776,0.0219744859655974,16.65032752937124,0.10540613053077999,2328.143376187538,5.500000321342935,632456.0,5.801030317006917,7589472.0,6.880211563054541,0.08333333333333333,0.0876683672072644,0.001049242,0.0323391102043385,0.0002113661006626,79.66607436512749,0.5554434456666667,0.1665032752937124,0.0010540613053078,1,0.526484315,76.20430740295416,144.74183794621527,105.296863,,,,,,,,63061.83695169912,0.0,0.0,1410.0,22.0,gpu,0,0,0,0,0,1,1,1,1,1,1,1,0,0,0,0,0
axpy_N316228,axpy,316228,vector,gpu_ready,1000,3.0,gpu,3.2398861203001452,cpu,6.874228872191597,175.50465969411442,6.874228872191597,32.39443946134143,0.2122039765619374,166.5032752937124,1.0540613053077998,2453.0814140344614,5.500000321342935,632456.0,5.801030317006917,7589472.0,6.880211563054541,0.08333333333333333,0.0876683672072644,0.001049242,0.0323391102043385,0.0002113661006626,79.66607436512749,0.5554434456666667,0.1665032752937124,0.0010540613053078,1,0.526484315,76.20430740295416,144.74183794621527,105.296863,,,,,,,,63061.83695169912,0.0,0.0,1410.0,22.0,gpu,0,0,0,0,0,1,1,1,1,1,1,1,0,0,0,0,0
axpy_N316228,axpy,316228,vector,none_ready,1,0.0,none,13.083736763554823,cpu,9.198533294528451e-05,44.24999884810332,9.198533294528451e-05,0.0876683672072644,0.001049242,79.66607436512749,0.5554434456666667,48105394.029601954,5.500000321342935,632456.0,5.801030317006917,7589472.0,6.880211563054541,0.08333333333333333,0.0876683672072644,0.001049242,0.0323391102043385,0.0002113661006626,79.66607436512749,0.5554434456666667,0.1665032752937124,0.0010540613053078,1,,,,,,,,,,,,,,,,,,1,1,1,1,1,1,1,1,1,1,1,1,1,1,1,1,1
axpy_N316228,axpy,316228,vector,none_ready,2,0.3010299956639812,none,12.590201355391429,cpu,0.00015128239816515057,44.42663043204099,0.00015128239816515057,0.12000747741160289,0.0012606081006625999,79.83257764042119,0.5564975069719745,29366588.37278857,5.500000321342935,632456.0,5.801030317006917,7589472.0,6.880211563054541,0.08333333333333333,0.0876683672072644,0.001049242,0.0323391102043385,0.0002113661006626,79.66607436512749,0.5554434456666667,0.1665032752937124,0.0010540613053078,1,,,,,,,,,,,,,,,,,,1,1,1,1,1,1,1,1,1,1,1,1,1,1,1,1,1
axpy_N316228,axpy,316228,vector,none_ready,3,0.47712125471966244,none,12.200562822504743,cpu,0.00022425024663059494,44.60361302529805,0.00022425024663059494,0.1523465876159414,0.0014719742013252,79.99908091571491,0.5575515682772823,19890006.564196162,5.500000321342935,632456.0,5.801030317006917,7589472.0,6.880211563054541,0.08333333333333333,0.0876683672072644,0.001049242,0.0323391102043385,0.0002113661006626,79.66607436512749,0.5554434456666667,0.1665032752937124,0.0010540613053078,1,,,,,,,,,,,,,,,,,,1,1,1,1,1,1,1,1,1,1,1,1,1,1,1,1,1
axpy_N316228,axpy,316228,vector,none_ready,5,0.6989700043360189,none,11.602177755538008,cpu,0.0004111982932982184,44.95863123977035,0.0004111982932982184,0.2170248080246184,0.0018947064026504,80.33208746630234,0.5596596908878979,10933464.650562508,5.500000321342935,632456.0,5.801030317006917,7589472.0,6.880211563054541,0.08333333333333333,0.0876683672072644,0.001049242,0.0323391102043385,0.0002113661006626,79.66607436512749,0.5554434456666667,0.1665032752937124,0.0010540613053078,1,,,,,,,,,,,,,,,,,,1,1,1,1,1,1,1,1,1,1,1,1,1,1,1,1,1
axpy_N316228,axpy,316228,vector,none_ready,10,1.0,none,10.62181222935863,cpu,0.0011178071167648965,45.852319439040365,0.0011178071167648965,0.3787203590463109,0.0029515369059634,81.1646038427709,0.564929997414437,4101888.505113829,5.500000321342935,632456.0,5.801030317006917,7589472.0,6.880211563054541,0.08333333333333333,0.0876683672072644,0.001049242,0.0323391102043385,0.0002113661006626,79.66607436512749,0.5554434456666667,0.1665032752937124,0.0010540613053078,1,,,,,,,,,,,,,,,,,,1,1,1,1,1,1,1,1,1,1,1,1,1,1,1,1,1
axpy_N316228,axpy,316228,vector,none_ready,30,1.4771212547196624,none,8.813704146445442,cpu,0.007361938222026172,49.51482456596748,0.007361938222026172,1.025502563133081,0.0071788589192154,84.49466934864515,0.5860112235205929,672478.6480769989,5.500000321342935,632456.0,5.801030317006917,7589472.0,6.880211563054541,0.08333333333333333,0.0876683672072644,0.001049242,0.0323391102043385,0.0002113661006626,79.66607436512749,0.5554434456666667,0.1665032752937124,0.0010540613053078,1,,,,,,,,,,,,,,,,,,1,1,1,1,1,1,1,1,1,1,1,1,1,1,1,1,1
axpy_N316228,axpy,316228,vector,none_ready,100,2.0,none,6.777299707810108,cpu,0.07227936431401213,63.43927186628532,0.07227936431401213,3.289240277436776,0.0219744859655974,96.149898619205,0.6597955148921388,87669.54870643062,5.500000321342935,632456.0,5.801030317006917,7589472.0,6.880211563054541,0.08333333333333333,0.0876683672072644,0.001049242,0.0323391102043385,0.0002113661006626,79.66607436512749,0.5554434456666667,0.1665032752937124,0.0010540613053078,1,,,,,,,,,,,,,,,,,,1,1,1,1,1,1,1,1,1,1,1,1,1,1,1,1,1
axpy_N316228,axpy,316228,vector,none_ready,1000,3.0,none,4.052835044444097,cpu,6.874228872191597,395.6834479261909,6.874228872191597,32.39443946134143,0.2122039765619374,246.00284638354617,1.6084506896691586,5656.0412270655415,5.500000321342935,632456.0,5.801030317006917,7589472.0,6.880211563054541,0.08333333333333333,0.0876683672072644,0.001049242,0.0323391102043385,0.0002113661006626,79.66607436512749,0.5554434456666667,0.1665032752937124,0.0010540613053078,1,,,,,,,,,,,,,,,,,,1,1,1,1,1,1,1,1,1,1,1,1,1,1,1,1,1
axpy_N31623,axpy,31623,vector,cpu_ready,1,0.0,cpu,19.9848779232638,cpu,1.1252210582373238e-07,53.7724785341037,1.1252210582373238e-07,0.0041013965432985,2.743507111195783e-05,87.07603093269127,0.6175347906666667,47788368363.65026,4.500003068051694,63246.0,4.801033063715675,758952.0,5.880214309763299,0.08333333333333333,0.0833698895555415,0.0011028023333333,0.0041013965432985,2.743507111195783e-05,87.07603093269127,0.6175347906666667,0.0440501821488533,0.0002873569239709,1,0.001105725,0.0385211369774999,34.83789999999991,1.105725,2.02815727443771,0.1026000652563275,0.0141699368117988,0.3781326379278663,19039138176.23724,2835874.5,1.0,,,,,,cpu,0,0,0,0,0,0,0,0,0,0,0,0,1,1,1,1,1
axpy_N31623,axpy,31623,vector,cpu_ready,2,0.3010299956639812,cpu,18.599554536955207,cpu,4.5008842329492954e-07,53.82471561264107,4.5008842329492954e-07,0.008202793086597,5.487014222391566e-05,87.12008111484012,0.6178221475906376,11958697975.06054,4.500003068051694,63246.0,4.801033063715675,758952.0,5.880214309763299,0.08333333333333333,0.0833698895555415,0.0011028023333333,0.0041013965432985,2.743507111195783e-05,87.07603093269127,0.6175347906666667,0.0440501821488533,0.0002873569239709,1,0.001105725,0.0385211369774999,34.83789999999991,1.105725,2.02815727443771,0.1026000652563275,0.0141699368117988,0.3781326379278663,19039138176.23724,2835874.5,1.0,,,,,,cpu,0,0,0,0,0,0,0,0,0,0,0,0,1,1,1,1,1
axpy_N31623,axpy,31623,vector,cpu_ready,3,0.47712125471966244,cpu,17.789594823562602,cpu,1.0126989524135914e-06,53.876978007428136,1.0126989524135914e-06,0.0123041896298955,8.23052133358735e-05,87.16413129698897,0.6181095045146086,5320137526.194018,4.500003068051694,63246.0,4.801033063715675,758952.0,5.880214309763299,0.08333333333333333,0.0833698895555415,0.0011028023333333,0.0041013965432985,2.743507111195783e-05,87.07603093269127,0.6175347906666667,0.0440501821488533,0.0002873569239709,1,0.001105725,0.0385211369774999,34.83789999999991,1.105725,2.02815727443771,0.1026000652563275,0.0141699368117988,0.3781326379278663,19039138176.23724,2835874.5,1.0,,,,,,cpu,0,0,0,0,0,0,0,0,0,0,0,0,1,1,1,1,1
axpy_N31623,axpy,31623,vector,cpu_ready,5,0.6989700043360189,cpu,16.769883167552415,cpu,2.8130526455933096e-06,53.981578745751314,2.8130526455933096e-06,0.0205069827164925,0.00013717535555978914,87.25223166128669,0.6186842183625503,1918967852.1396194,4.500003068051694,63246.0,4.801033063715675,758952.0,5.880214309763299,0.08333333333333333,0.0833698895555415,0.0011028023333333,0.0041013965432985,2.743507111195783e-05,87.07603093269127,0.6175347906666667,0.0440501821488533,0.0002873569239709,1,0.001105725,0.0385211369774999,34.83789999999991,1.105725,2.02815727443771,0.1026000652563275,0.0141699368117988,0.3781326379278663,19039138176.23724,2835874.5,1.0,,,,,,cpu,0,0,0,0,0,0,0,0,0,0,0,0,1,1,1,1,1
axpy_N31623,axpy,31623,vector,cpu_ready,10,1.0,cpu,15.38842955753272,cpu,1.1252210582373238e-05,54.24352362592875,1.1252210582373238e-05,0.041013965432985,0.0002743507111195783,87.47248257203094,0.6201210029824048,482069829.53813064,4.500003068051694,63246.0,4.801033063715675,758952.0,5.880214309763299,0.08333333333333333,0.0833698895555415,0.0011028023333333,0.0041013965432985,2.743507111195783e-05,87.07603093269127,0.6175347906666667,0.0440501821488533,0.0002873569239709,1,0.001105725,0.0385211369774999,34.83789999999991,1.105725,2.02815727443771,0.1026000652563275,0.0141699368117988,0.3781326379278663,19039138176.23724,2835874.5,1.0,,,,,,cpu,0,0,0,0,0,0,0,0,0,0,0,0,1,1,1,1,1
axpy_N31623,axpy,31623,vector,cpu_ready,30,1.4771212547196624,cpu,13.210451465485106,cpu,0.00010126989524135916,55.29763220905985,0.00010126989524135916,0.12304189629895501,0.000823052133358735,88.35348621500802,0.6258681414618228,54604115.87014341,4.500003068051694,63246.0,4.801033063715675,758952.0,5.880214309763299,0.08333333333333333,0.0833698895555415,0.0011028023333333,0.0041013965432985,2.743507111195783e-05,87.07603093269127,0.6175347906666667,0.0440501821488533,0.0002873569239709,1,0.001105725,0.0385211369774999,34.83789999999991,1.105725,2.02815727443771,0.1026000652563275,0.0141699368117988,0.3781326379278663,19039138176.23724,2835874.5,1.0,,,,,,cpu,0,0,0,0,0,0,0,0,0,0,0,0,1,1,1,1,1
axpy_N31623,axpy,31623,vector,cpu_ready,100,2.0,cpu,10.868444069585129,cpu,0.0011252210582373239,59.06675843652738,0.0011252210582373239,0.41013965432985,0.002743507111195783,91.43699896542775,0.6459831261397858,5249247.050885838,4.500003068051694,63246.0,4.801033063715675,758952.0,5.880214309763299,0.08333333333333333,0.0833698895555415,0.0011028023333333,0.0041013965432985,2.743507111195783e-05,87.07603093269127,0.6175347906666667,0.0440501821488533,0.0002873569239709,1,0.001105725,0.0385211369774999,34.83789999999991,1.105725,2.02815727443771,0.1026000652563275,0.0141699368117988,0.3781326379278663,19039138176.23724,2835874.5,1.0,,,,,,cpu,0,0,0,0,0,0,0,0,0,0,0,0,1,1,1,1,1
axpy_N31623,axpy,31623,vector,cpu_ready,1000,3.0,cpu,6.960172300062077,cpu,0.11252210582373237,118.5774957773168,0.11252210582373237,4.1013965432985,0.02743507111195783,131.0821628993957,0.9046043577135958,105281.5114010311,4.500003068051694,63246.0,4.801033063715675,758952.0,5.880214309763299,0.08333333333333333,0.0833698895555415,0.0011028023333333,0.0041013965432985,2.743507111195783e-05,87.07603093269127,0.6175347906666667,0.0440501821488533,0.0002873569239709,1,0.001105725,0.0385211369774999,34.83789999999991,1.105725,2.02815727443771,0.1026000652563275,0.0141699368117988,0.3781326379278663,19039138176.23724,2835874.5,1.0,,,,,,cpu,0,0,0,0,0,0,0,0,0,0,0,0,1,1,1,1,1
axpy_N31623,axpy,31623,vector,gpu_ready,1,0.0,gpu,-1.9828424346111093,gpu,9.194050873159068e-05,1.2658124842652334e-05,1.2658124842652334e-05,0.0833698895555415,0.0011028023333333,0.0440501821488533,0.0002873569239709,626.3359294876874,4.500003068051694,63246.0,4.801033063715675,758952.0,5.880214309763299,0.08333333333333333,0.0833698895555415,0.0011028023333333,0.0041013965432985,2.743507111195783e-05,87.07603093269127,0.6175347906666667,0.0440501821488533,0.0002873569239709,1,0.522462133,77.52383115531273,148.38172234639777,104.4924266,,,,,,,,65253.16628223849,0.0,0.0,1410.0,28.491710672934072,gpu,0,0,0,0,0,1,1,1,1,1,1,1,0,0,0,0,0
axpy_N31623,axpy,31623,vector,gpu_ready,2,0.3010299956639812,gpu,-0.6691446335531896,gpu,9.886331936384148e-05,5.0632499370609336e-05,5.0632499370609336e-05,0.08747128609884,0.0011302374044452577,0.0881003642977066,0.0005747138479418,95.25664463095555,4.500003068051694,63246.0,4.801033063715675,758952.0,5.880214309763299,0.08333333333333333,0.0833698895555415,0.0011028023333333,0.0041013965432985,2.743507111195783e-05,87.07603093269127,0.6175347906666667,0.0440501821488533,0.0002873569239709,1,0.522462133,77.52383115531273,148.38172234639777,104.4924266,,,,,,,,65253.16628223849,0.0,0.0,1410.0,28.491710672934072,gpu,0,0,0,0,0,1,1,1,1,1,1,1,0,0,0,0,0
axpy_N31623,axpy,31623,vector,gpu_ready,3,0.47712125471966244,gpu,0.07197936077753167,cpu,0.00010601117420773974,0.000113923123583871,0.00010601117420773974,0.0915726826421385,0.0011576724755572156,0.13215054644655988,0.0008620707719127,7.46331642419787,4.500003068051694,63246.0,4.801033063715675,758952.0,5.880214309763299,0.08333333333333333,0.0833698895555415,0.0011028023333333,0.0041013965432985,2.743507111195783e-05,87.07603093269127,0.6175347906666667,0.0440501821488533,0.0002873569239709,1,0.522462133,77.52383115531273,148.38172234639777,104.4924266,,,,,,,,65253.16628223849,0.0,0.0,1410.0,28.491710672934072,gpu,0,0,0,0,0,1,1,1,1,1,1,1,0,0,0,0,0
axpy_N31623,axpy,31623,vector,gpu_ready,5,0.6989700043360189,gpu,0.9615332030836518,cpu,0.00012098201653047867,0.0003164531210663084,0.00012098201653047867,0.0997754757287355,0.0012125426177811312,0.2202509107442665,0.0014367846198545002,161.57038057518673,4.500003068051694,63246.0,4.801033063715675,758952.0,5.880214309763299,0.08333333333333333,0.0833698895555415,0.0011028023333333,0.0041013965432985,2.743507111195783e-05,87.07603093269127,0.6175347906666667,0.0440501821488533,0.0002873569239709,1,0.522462133,77.52383115531273,148.38172234639777,104.4924266,,,,,,,,65253.16628223849,0.0,0.0,1410.0,28.491710672934072,gpu,0,0,0,0,0,1,1,1,1,1,1,1,0,0,0,0,0
axpy_N31623,axpy,31623,vector,gpu_ready,10,1.0,gpu,2.053731015786905,cpu,0.0001623473960411566,0.0012658124842652337,0.0001623473960411566,0.120282458445228,0.0013497179733409203,0.440501821488533,0.0028735692397090003,679.6937401720556,4.500003068051694,63246.0,4.801033063715675,758952.0,5.880214309763299,0.08333333333333333,0.0833698895555415,0.0011028023333333,0.0041013965432985,2.743507111195783e-05,87.07603093269127,0.6175347906666667,0.0440501821488533,0.0002873569239709,1,0.522462133,77.52383115531273,148.38172234639777,104.4924266,,,,,,,,65253.16628223849,0.0,0.0,1410.0,28.491710672934072,gpu,0,0,0,0,0,1,1,1,1,1,1,1,0,0,0,0,0
axpy_N31623,axpy,31623,vector,gpu_ready,30,1.4771212547196624,gpu,3.3898693106675117,cpu,0.0003840699669957346,0.011392312358387103,0.0003840699669957346,0.202310389311198,0.001898419395580077,1.321505464465599,0.008620707719127001,2866.207550020079,4.500003068051694,63246.0,4.801033063715675,758952.0,5.880214309763299,0.08333333333333333,0.0833698895555415,0.0011028023333333,0.0041013965432985,2.743507111195783e-05,87.07603093269127,0.6175347906666667,0.0440501821488533,0.0002873569239709,1,0.522462133,77.52383115531273,148.38172234639777,104.4924266,,,,,,,,65253.16628223849,0.0,0.0,1410.0,28.491710672934072,gpu,0,0,0,0,0,1,1,1,1,1,1,1,0,0,0,0,0
axpy_N31623,axpy,31623,vector,gpu_ready,100,2.0,gpu,4.215487149993122,cpu,0.0018689882320262717,0.12658124842652335,0.0018689882320262717,0.48940814734209304,0.0038188743734171252,4.40501821488533,0.02873569239709,6672.715111709919,4.500003068051694,63246.0,4.801033063715675,758952.0,5.880214309763299,0.08333333333333333,0.0833698895555415,0.0011028023333333,0.0041013965432985,2.743507111195783e-05,87.07603093269127,0.6175347906666667,0.0440501821488533,0.0002873569239709,1,0.522462133,77.52383115531273,148.38172234639777,104.4924266,,,,,,,,65253.16628223849,0.0,0.0,1410.0,28.491710672934072,gpu,0,0,0,0,0,1,1,1,1,1,1,1,0,0,0,0,0
axpy_N31623,axpy,31623,vector,gpu_ready,1000,3.0,gpu,4.665313955594767,cpu,0.11919259288082297,12.658124842652333,0.11919259288082297,4.180665036310743,0.028510438374179173,44.050182148853295,0.2873569239709,10519.892173424572,4.500003068051694,63246.0,4.801033063715675,758952.0,5.880214309763299,0.08333333333333333,0.0833698895555415,0.0011028023333333,0.0041013965432985,2.743507111195783e-05,87.07603093269127,0.6175347906666667,0.0440501821488533,0.0002873569239709,1,0.522462133,77.52383115531273,148.38172234639777,104.4924266,,,,,,,,65253.16628223849,0.0,0.0,1410.0,28.491710672934072,gpu,0,0,0,0,0,1,1,1,1,1,1,1,0,0,0,0,0
axpy_N31623,axpy,31623,vector,none_ready,1,0.0,none,13.279130619171589,cpu,9.194050873159068e-05,53.7724785341037,9.194050873159068e-05,0.0833698895555415,0.0011028023333333,87.07603093269127,0.6175347906666667,58486065.9740061,4.500003068051694,63246.0,4.801033063715675,758952.0,5.880214309763299,0.08333333333333333,0.0833698895555415,0.0011028023333333,0.0041013965432985,2.743507111195783e-05,87.07603093269127,0.6175347906666667,0.0440501821488533,0.0002873569239709,1,,,,,,,,,,,,,,,,,,1,1,1,1,1,1,1,1,1,1,1,1,1,1,1,1,1
axpy_N31623,axpy,31623,vector,none_ready,2,0.3010299956639812,none,13.207505033920917,cpu,9.886331936384148e-05,53.82471561264107,9.886331936384148e-05,0.08747128609884,0.0011302374044452577,87.12008111484012,0.6178221475906376,54443465.07447701,4.500003068051694,63246.0,4.801033063715675,758952.0,5.880214309763299,0.08333333333333333,0.0833698895555415,0.0011028023333333,0.0041013965432985,2.743507111195783e-05,87.07603093269127,0.6175347906666667,0.0440501821488533,0.0002873569239709,1,,,,,,,,,,,,,,,,,,1,1,1,1,1,1,1,1,1,1,1,1,1,1,1,1,1
axpy_N31623,axpy,31623,vector,none_ready,3,0.47712125471966244,none,13.138669314859033,cpu,0.00010601117420773974,53.876978007428136,0.00010601117420773974,0.0915726826421385,0.0011576724755572156,87.16413129698897,0.6181095045146086,50821880.239413895,4.500003068051694,63246.0,4.801033063715675,758952.0,5.880214309763299,0.08333333333333333,0.0833698895555415,0.0011028023333333,0.0041013965432985,2.743507111195783e-05,87.07603093269127,0.6175347906666667,0.0440501821488533,0.0002873569239709,1,,,,,,,,,,,,,,,,,,1,1,1,1,1,1,1,1,1,1,1,1,1,1,1,1,1
axpy_N31623,axpy,31623,vector,none_ready,5,0.6989700043360189,none,13.008511501154965,cpu,0.00012098201653047867,53.981578745751314,0.00012098201653047867,0.0997754757287355,0.0012125426177811312,87.25223166128669,0.6186842183625503,44619406.51331049,4.500003068051694,63246.0,4.801033063715675,758952.0,5.880214309763299,0.08333333333333333,0.0833698895555415,0.0011028023333333,0.0041013965432985,2.743507111195783e-05,87.07603093269127,0.6175347906666667,0.0440501821488533,0.0002873569239709,1,,,,,,,,,,,,,,,,,,1,1,1,1,1,1,1,1,1,1,1,1,1,1,1,1,1
axpy_N31623,axpy,31623,vector,none_ready,10,1.0,none,12.719255703838524,cpu,0.0001623473960411566,54.24352362592875,0.0001623473960411566,0.120282458445228,0.0013497179733409203,87.47248257203094,0.6201210029824048,33411907.182534363,4.500003068051694,63246.0,4.801033063715675,758952.0,5.880214309763299,0.08333333333333333,0.0833698895555415,0.0011028023333333,0.0041013965432985,2.743507111195783e-05,87.07603093269127,0.6175347906666667,0.0440501821488533,0.0002873569239709,1,,,,,,,,,,,,,,,,,,1,1,1,1,1,1,1,1,1,1,1,1,1,1,1,1,1
axpy_N31623,axpy,31623,vector,none_ready,30,1.4771212547196624,none,11.877415906671516,cpu,0.0003840699669957346,55.29763220905985,0.0003840699669957346,0.202310389311198,0.001898419395580077,88.35348621500802,0.6258681414618228,14397701.692646792,4.500003068051694,63246.0,4.801033063715675,758952.0,5.880214309763299,0.08333333333333333,0.0833698895555415,0.0011028023333333,0.0041013965432985,2.743507111195783e-05,87.07603093269127,0.6175347906666667,0.0440501821488533,0.0002873569239709,1,,,,,,,,,,,,,,,,,,1,1,1,1,1,1,1,1,1,1,1,1,1,1,1,1,1
axpy_N31623,axpy,31623,vector,none_ready,100,2.0,none,10.36102635009715,cpu,0.0018689882320262717,59.06675843652738,0.0018689882320262717,0.48940814734209304,0.0038188743734171252,91.43699896542775,0.6459831261397858,3160260.1041666213,4.500003068051694,63246.0,4.801033063715675,758952.0,5.880214309763299,0.08333333333333333,0.0833698895555415,0.0011028023333333,0.0041013965432985,2.743507111195783e-05,87.07603093269127,0.6175347906666667,0.0440501821488533,0.0002873569239709,1,,,,,,,,,,,,,,,,,,1,1,1,1,1,1,1,1,1,1,1,1,1,1,1,1,1
axpy_N31623,axpy,31623,vector,none_ready,1000,3.0,none,6.9025813861757435,cpu,0.11919259288082297,118.5774957773168,0.11919259288082297,4.180665036310743,0.028510438374179173,131.0821628993957,0.9046043577135958,99383.94687233528,4.500003068051694,63246.0,4.801033063715675,758952.0,5.880214309763299,0.08333333333333333,0.0833698895555415,0.0011028023333333,0.0041013965432985,2.743507111195783e-05,87.07603093269127,0.6175347906666667,0.0440501821488533,0.0002873569239709,1,,,,,,,,,,,,,,,,,,1,1,1,1,1,1,1,1,1,1,1,1,1,1,1,1,1
cholesky_N1024,cholesky,1024,matrix,cpu_ready,1,0.0,cpu,7.8690187747224805,cpu,0.02394670644388673,62.62059966714446,0.02394670644388673,1.819244628779891,0.0131629941707988,93.2837285221304,0.6712917746666666,261399.8426354813,3.010299956639812,357913941.3333333,8.553778615199773,16777216.0,7.224719895935548,21.333333333333332,2.4188708521634337,0.018184039,1.819244628779891,0.0131629941707988,93.2837285221304,0.6712917746666666,0.4162081641258928,0.0025145382804161,1,0.018686138,2.6777881158161634,143.30345391948637,18.686138,1.0697409529726667,51.62483588609373,0.3952678633044356,0.5960005822342803,11774620116.654352,3036905.0,1.0,,,,,,cpu,0,0,0,0,0,0,0,0,0,0,0,0,1,1,1,1,1
cholesky_N1024,cholesky,1024,matrix,cpu_ready,2,0.3010299956639812,cpu,6.49091505611644,cpu,0.09578682577554692,63.13560886194144,0.09578682577554692,3.638489257559782,0.0263259883415976,93.6999366862563,0.6738063129470827,65812.62248305873,3.010299956639812,357913941.3333333,8.553778615199773,16777216.0,7.224719895935548,21.333333333333332,2.4188708521634337,0.018184039,1.819244628779891,0.0131629941707988,93.2837285221304,0.6712917746666666,0.4162081641258928,0.0025145382804161,1,0.018686138,2.6777881158161634,143.30345391948637,18.686138,1.0697409529726667,51.62483588609373,0.3952678633044356,0.5960005822342803,11774620116.654352,3036905.0,1.0,,,,,,cpu,0,0,0,0,0,0,0,0,0,0,0,0,1,1,1,1,1
cholesky_N1024,cholesky,1024,matrix,cpu_ready,3,0.47712125471966244,cpu,5.688141824777636,cpu,0.21552035799498057,63.65271119946105,0.21552035799498057,5.457733886339673,0.039488982512396395,94.11614485038218,0.6763208512274987,29434.430896288468,3.010299956639812,357913941.3333333,8.553778615199773,16777216.0,7.224719895935548,21.333333333333332,2.4188708521634337,0.018184039,1.819244628779891,0.0131629941707988,93.2837285221304,0.6712917746666666,0.4162081641258928,0.0025145382804161,1,0.018686138,2.6777881158161634,143.30345391948637,18.686138,1.0697409529726667,51.62483588609373,0.3952678633044356,0.5960005822342803,11774620116.654352,3036905.0,1.0,,,,,,cpu,0,0,0,0,0,0,0,0,0,0,0,0,1,1,1,1,1
cholesky_N1024,cholesky,1024,matrix,cpu_ready,5,0.6989700043360189,cpu,4.682704680624407,cpu,0.5986676610971683,64.69319530266819,0.5986676610971683,9.096223143899454,0.065814970853994,94.94856117863398,0.6813499277883309,10706.195073925664,3.010299956639812,357913941.3333333,8.553778615199773,16777216.0,7.224719895935548,21.333333333333332,2.4188708521634337,0.018184039,1.819244628779891,0.0131629941707988,93.2837285221304,0.6712917746666666,0.4162081641258928,0.0025145382804161,1,0.018686138,2.6777881158161634,143.30345391948637,18.686138,1.0697409529726667,51.62483588609373,0.3952678633044356,0.5960005822342803,11774620116.654352,3036905.0,1.0,,,,,,cpu,0,0,0,0,0,0,0,0,0,0,0,0,1,1,1,1,1
cholesky_N1024,cholesky,1024,matrix,cpu_ready,10,1.0,cpu,3.336375579373648,cpu,2.394670644388673,67.33103555833206,2.394670644388673,18.19244628779891,0.131629941707988,97.02960199926343,0.6939226191904114,2711.703384601383,3.010299956639812,357913941.3333333,8.553778615199773,16777216.0,7.224719895935548,21.333333333333332,2.4188708521634337,0.018184039,1.819244628779891,0.0131629941707988,93.2837285221304,0.6712917746666666,0.4162081641258928,0.0025145382804161,1,0.018686138,2.6777881158161634,143.30345391948637,18.686138,1.0697409529726667,51.62483588609373,0.3952678633044356,0.5960005822342803,11774620116.654352,3036905.0,1.0,,,,,,cpu,0,0,0,0,0,0,0,0,0,0,0,0,1,1,1,1,1
cholesky_N1024,cholesky,1024,matrix,cpu_ready,30,1.4771212547196624,cpu,1.2914261218150087,cpu,21.552035799498057,78.40568226164575,21.552035799498057,54.577338863396726,0.394889825123964,105.35376528178129,0.7442133847987334,263.79710478892116,3.010299956639812,357913941.3333333,8.553778615199773,16777216.0,7.224719895935548,21.333333333333332,2.4188708521634337,0.018184039,1.819244628779891,0.0131629941707988,93.2837285221304,0.6712917746666666,0.4162081641258928,0.0025145382804161,1,0.018686138,2.6777881158161634,143.30345391948637,18.686138,1.0697409529726667,51.62483588609373,0.3952678633044356,0.5960005822342803,11774620116.654352,3036905.0,1.0,,,,,,cpu,0,0,0,0,0,0,0,0,0,0,0,0,1,1,1,1,1
cholesky_N1024,cholesky,1024,matrix,cpu_ready,100,2.0,cpu,-0.6600688930592092,gpu,239.46706443886728,123.76034529953607,123.76034529953607,181.9244628779891,1.3162994170798799,134.48833677059378,0.9202310644278604,93.49256327564962,3.010299956639812,357913941.3333333,8.553778615199773,16777216.0,7.224719895935548,21.333333333333332,2.4188708521634337,0.018184039,1.819244628779891,0.0131629941707988,93.2837285221304,0.6712917746666666,0.4162081641258928,0.0025145382804161,1,0.018686138,2.6777881158161634,143.30345391948637,18.686138,1.0697409529726667,51.62483588609373,0.3952678633044356,0.5960005822342803,11774620116.654352,3036905.0,1.0,,,,,,cpu,0,0,0,0,0,0,0,0,0,0,0,0,1,1,1,1,1
cholesky_N1024,cholesky,1024,matrix,cpu_ready,1000,3.0,cpu,-2.6930661083895555,gpu,23946.70644388673,1620.5485256443676,1620.5485256443676,1819.244628779891,13.1629941707988,509.0756844838973,3.18331551680235,1377.6914152795869,3.010299956639812,357913941.3333333,8.553778615199773,16777216.0,7.224719895935548,21.333333333333332,2.4188708521634337,0.018184039,1.819244628779891,0.0131629941707988,93.2837285221304,0.6712917746666666,0.4162081641258928,0.0025145382804161,1,0.018686138,2.6777881158161634,143.30345391948637,18.686138,1.0697409529726667,51.62483588609373,0.3952678633044356,0.5960005822342803,11774620116.654352,3036905.0,1.0,,,,,,cpu,0,0,0,0,0,0,0,0,0,0,0,0,1,1,1,1,1
cholesky_N1024,cholesky,1024,matrix,gpu_ready,1,0.0,gpu,-3.7383256215181317,gpu,0.04398484191170311,0.0010465713613162643,0.0010465713613162643,2.4188708521634337,0.018184039,0.4162081641258928,0.0025145382804161,4102.756117498165,3.010299956639812,357913941.3333333,8.553778615199773,16777216.0,7.224719895935548,21.333333333333332,2.4188708521634337,0.018184039,1.819244628779891,0.0131629941707988,93.2837285221304,0.6712917746666666,0.4162081641258928,0.0025145382804161,1,0.460239463,71.10797357547818,154.5021218127881,92.0478926,,,,,,,,63498.82315341134,0.0,0.0,1410.0,25.89895140738942,gpu,0,0,0,0,0,1,1,1,1,1,1,1,0,0,0,0,0
cholesky_N1024,cholesky,1024,matrix,gpu_ready,2,0.3010299956639812,gpu,-3.4574245231413347,gpu,0.1328523465628063,0.004186285445265057,0.004186285445265057,4.238115480943325,0.0313470331707988,0.8324163282517856,0.0050290765608322,3073.513805970168,3.010299956639812,357913941.3333333,8.553778615199773,16777216.0,7.224719895935548,21.333333333333332,2.4188708521634337,0.018184039,1.819244628779891,0.0131629941707988,93.2837285221304,0.6712917746666666,0.4162081641258928,0.0025145382804161,1,0.460239463,71.10797357547818,154.5021218127881,92.0478926,,,,,,,,63498.82315341134,0.0,0.0,1410.0,25.89895140738942,gpu,0,0,0,0,0,1,1,1,1,1,1,1,0,0,0,0,0
cholesky_N1024,cholesky,1024,matrix,gpu_ready,3,0.47712125471966244,gpu,-3.3542445486429773,gpu,0.26961326410168296,0.009419142251846379,0.009419142251846379,6.0573601097232155,0.0445100273415976,1.2486244923776784,0.007543614841248299,2762.397200220989,3.010299956639812,357913941.3333333,8.553778615199773,16777216.0,7.224719895935548,21.333333333333332,2.4188708521634337,0.018184039,1.819244628779891,0.0131629941707988,93.2837285221304,0.6712917746666666,0.4162081641258928,0.0025145382804161,1,0.460239463,71.10797357547818,154.5021218127881,92.0478926,,,,,,,,63498.82315341134,0.0,0.0,1410.0,25.89895140738942,gpu,0,0,0,0,0,1,1,1,1,1,1,1,0,0,0,0,0
cholesky_N1024,cholesky,1024,matrix,gpu_ready,5,0.6989700043360189,gpu,-3.2676701851946577,gpu,0.6868153378427566,0.026164284032906604,0.026164284032906604,9.695849367282998,0.0708360156831952,2.0810408206294637,0.0125726914020805,2525.0110149353013,3.010299956639812,357913941.3333333,8.553778615199773,16777216.0,7.224719895935548,21.333333333333332,2.4188708521634337,0.018184039,1.819244628779891,0.0131629941707988,93.2837285221304,0.6712917746666666,0.4162081641258928,0.0025145382804161,1,0.460239463,71.10797357547818,154.5021218127881,92.0478926,,,,,,,,63498.82315341134,0.0,0.0,1410.0,25.89895140738942,gpu,0,0,0,0,0,1,1,1,1,1,1,1,0,0,0,0,0
cholesky_N1024,cholesky,1024,matrix,gpu_ready,10,1.0,gpu,-3.2001756007351343,gpu,2.5679552477314767,0.10465713613162642,0.10465713613162642,18.79207251118245,0.1366509865371892,4.162081641258927,0.025145382804161,2353.683850570668,3.010299956639812,357913941.3333333,8.553778615199773,16777216.0,7.224719895935548,21.333333333333332,2.4188708521634337,0.018184039,1.819244628779891,0.0131629941707988,93.2837285221304,0.6712917746666666,0.4162081641258928,0.0025145382804161,1,0.460239463,71.10797357547818,154.5021218127881,92.0478926,,,,,,,,63498.82315341134,0.0,0.0,1410.0,25.89895140738942,gpu,0,0,0,0,0,1,1,1,1,1,1,1,0,0,0,0,0
cholesky_N1024,cholesky,1024,matrix,gpu_ready,30,1.4771212547196624,gpu,-3.1538730498354424,gpu,22.06586810922972,0.941914225184638,0.941914225184638,55.17696508678027,0.39991086995316516,12.486244923776784,0.075436148412483,2242.662157470259,3.010299956639812,357913941.3333333,8.553778615199773,16777216.0,7.224719895935548,21.333333333333332,2.4188708521634337,0.018184039,1.819244628779891,0.0131629941707988,93.2837285221304,0.6712917746666666,0.4162081641258928,0.0025145382804161,1,0.460239463,71.10797357547818,154.5021218127881,92.0478926,,,,,,,,63498.82315341134,0.0,0.0,1410.0,25.89895140738942,gpu,0,0,0,0,0,1,1,1,1,1,1,1,0,0,0,0,0
cholesky_N1024,cholesky,1024,matrix,gpu_ready,100,2.0,gpu,-3.13740920186784,gpu,241.17281372096,10.465713613162643,10.465713613162643,182.52408910137262,1.3213204619090813,41.62081641258928,0.25145382804161,2204.4086875990843,3.010299956639812,357913941.3333333,8.553778615199773,16777216.0,7.224719895935548,21.333333333333332,2.4188708521634337,0.018184039,1.819244628779891,0.0131629941707988,93.2837285221304,0.6712917746666666,0.4162081641258928,0.0025145382804161,1,0.460239463,71.10797357547818,154.5021218127881,92.0478926,,,,,,,,63498.82315341134,0.0,0.0,1410.0,25.89895140738942,gpu,0,0,0,0,0,1,1,1,1,1,1,1,0,0,0,0,0
cholesky_N1024,cholesky,1024,matrix,gpu_ready,1000,3.0,gpu,-3.1310222716484173,gpu,23963.73683995632,1046.5713613162643,1046.5713613162643,1819.8442550032746,13.168015215628,416.2081641258928,2.5145382804160996,2189.7374919391373,3.010299956639812,357913941.3333333,8.553778615199773,16777216.0,7.224719895935548,21.333333333333332,2.4188708521634337,0.018184039,1.819244628779891,0.0131629941707988,93.2837285221304,0.6712917746666666,0.4162081641258928,0.0025145382804161,1,0.460239463,71.10797357547818,154.5021218127881,92.0478926,,,,,,,,63498.82315341134,0.0,0.0,1410.0,25.89895140738942,gpu,0,0,0,0,0,1,1,1,1,1,1,1,0,0,0,0,0
cholesky_N1024,cholesky,1024,matrix,none_ready,1,0.0,none,7.261004498565318,cpu,0.04398484191170311,62.62059966714446,0.04398484191170311,2.4188708521634337,0.018184039,93.2837285221304,0.6712917746666666,142268.59096334028,3.010299956639812,357913941.3333333,8.553778615199773,16777216.0,7.224719895935548,21.333333333333332,2.4188708521634337,0.018184039,1.819244628779891,0.0131629941707988,93.2837285221304,0.6712917746666666,0.4162081641258928,0.0025145382804161,1,,,,,,,,,,,,,,,,,,1,1,1,1,1,1,1,1,1,1,1,1,1,1,1,1,1
cholesky_N1024,cholesky,1024,matrix,none_ready,2,0.3010299956639812,none,6.163801878336074,cpu,0.1328523465628063,63.13560886194144,0.1328523465628063,4.238115480943325,0.0313470331707988,93.6999366862563,0.6738063129470827,47423.14166471565,3.010299956639812,357913941.3333333,8.553778615199773,16777216.0,7.224719895935548,21.333333333333332,2.4188708521634337,0.018184039,1.819244628779891,0.0131629941707988,93.2837285221304,0.6712917746666666,0.4162081641258928,0.0025145382804161,1,,,,,,,,,,,,,,,,,,1,1,1,1,1,1,1,1,1,1,1,1,1,1,1,1,1
cholesky_N1024,cholesky,1024,matrix,none_ready,3,0.47712125471966244,none,5.4642086214956285,cpu,0.26961326410168296,63.65271119946105,0.26961326410168296,6.0573601097232155,0.0445100273415976,94.11614485038218,0.6763208512274987,23508.894544392602,3.010299956639812,357913941.3333333,8.553778615199773,16777216.0,7.224719895935548,21.333333333333332,2.4188708521634337,0.018184039,1.819244628779891,0.0131629941707988,93.2837285221304,0.6712917746666666,0.4162081641258928,0.0025145382804161,1,,,,,,,,,,,,,,,,,,1,1,1,1,1,1,1,1,1,1,1,1,1,1,1,1,1
cholesky_N1024,cholesky,1024,matrix,none_ready,5,0.6989700043360189,none,4.545345840790718,cpu,0.6868153378427566,64.69319530266819,0.6868153378427566,9.695849367282998,0.0708360156831952,94.94856117863398,0.6813499277883309,9319.29973577256,3.010299956639812,357913941.3333333,8.553778615199773,16777216.0,7.224719895935548,21.333333333333332,2.4188708521634337,0.018184039,1.819244628779891,0.0131629941707988,93.2837285221304,0.6712917746666666,0.4162081641258928,0.0025145382804161,1,,,,,,,,,,,,,,,,,,1,1,1,1,1,1,1,1,1,1,1,1,1,1,1,1,1
cholesky_N1024,cholesky,1024,matrix,none_ready,10,1.0,none,3.266511323999483,cpu,2.5679552477314767,67.33103555833206,2.5679552477314767,18.79207251118245,0.1366509865371892,97.02960199926343,0.6939226191904114,2521.9707534939357,3.010299956639812,357913941.3333333,8.553778615199773,16777216.0,7.224719895935548,21.333333333333332,2.4188708521634337,0.018184039,1.819244628779891,0.0131629941707988,93.2837285221304,0.6712917746666666,0.4162081641258928,0.0025145382804161,1,,,,,,,,,,,,,,,,,,1,1,1,1,1,1,1,1,1,1,1,1,1,1,1,1,1
cholesky_N1024,cholesky,1024,matrix,none_ready,30,1.4771212547196624,none,1.2678644173405358,cpu,22.06586810922972,78.40568226164575,22.06586810922972,55.17696508678027,0.39991086995316516,105.35376528178129,0.7442133847987334,255.3256181607022,3.010299956639812,357913941.3333333,8.553778615199773,16777216.0,7.224719895935548,21.333333333333332,2.4188708521634337,0.018184039,1.819244628779891,0.0131629941707988,93.2837285221304,0.6712917746666666,0.4162081641258928,0.0025145382804161,1,,,,,,,,,,,,,,,,,,1,1,1,1,1,1,1,1,1,1,1,1,1,1,1,1,1
cholesky_N1024,cholesky,1024,matrix,none_ready,100,2.0,none,-0.6671667495660805,gpu,241.17281372096,123.76034529953607,123.76034529953607,182.52408910137262,1.3213204619090813,134.48833677059378,0.9202310644278604,94.8708313129311,3.010299956639812,357913941.3333333,8.553778615199773,16777216.0,7.224719895935548,21.333333333333332,2.4188708521634337,0.018184039,1.819244628779891,0.0131629941707988,93.2837285221304,0.6712917746666666,0.4162081641258928,0.0025145382804161,1,,,,,,,,,,,,,,,,,,1,1,1,1,1,1,1,1,1,1,1,1,1,1,1,1,1
cholesky_N1024,cholesky,1024,matrix,none_ready,1000,3.0,none,-2.693777034677003,gpu,23963.73683995632,1620.5485256443676,1620.5485256443676,1819.8442550032746,13.168015215628,509.0756844838973,3.18331551680235,1378.7423184645324,3.010299956639812,357913941.3333333,8.553778615199773,16777216.0,7.224719895935548,21.333333333333332,2.4188708521634337,0.018184039,1.819244628779891,0.0131629941707988,93.2837285221304,0.6712917746666666,0.4162081641258928,0.0025145382804161,1,,,,,,,,,,,,,,,,,,1,1,1,1,1,1,1,1,1,1,1,1,1,1,1,1,1
cholesky_N128,cholesky,128,matrix,cpu_ready,1,0.0,cpu,16.604542851568315,cpu,3.3191413309988173e-06,53.986737137851975,3.3191413309988173e-06,0.0222024035629705,0.0001494946851851,86.84887179779179,0.6216170229999999,1626527117.5561726,2.1072099696478683,699050.6666666666,5.844508654223943,262144.0,5.418539921951662,2.6666666666666665,0.3160130062203577,0.0018199413333333,0.0222024035629705,0.0001494946851851,86.84887179779179,0.6216170229999999,0.0446352267635203,0.0002905750866054,1,0.001503409,0.1152243310600866,76.6420388996518,1.503409,2.270088365975315,0.1734953083796172,0.0301631320930658,0.306370325045282,18033938518.67134,2576311.5,1.0,,,,,,cpu,0,0,0,0,0,0,0,0,0,0,0,0,1,1,1,1,1
cholesky_N128,cholesky,128,matrix,cpu_ready,2,0.3010299956639812,cpu,15.219229640895456,cpu,1.327656532399527e-05,54.03973224296275,1.327656532399527e-05,0.044404807125941,0.0002989893703702,86.8935070245553,0.6219075980866052,407030867.1530375,2.1072099696478683,699050.6666666666,5.844508654223943,262144.0,5.418539921951662,2.6666666666666665,0.3160130062203577,0.0018199413333333,0.0222024035629705,0.0001494946851851,86.84887179779179,0.6216170229999999,0.0446352267635203,0.0002905750866054,1,0.001503409,0.1152243310600866,76.6420388996518,1.503409,2.270088365975315,0.1734953083796172,0.0301631320930658,0.306370325045282,18033938518.67134,2576311.5,1.0,,,,,,cpu,0,0,0,0,0,0,0,0,0,0,0,0,1,1,1,1,1
cholesky_N128,cholesky,128,matrix,cpu_ready,3,0.47712125471966244,cpu,14.409280092956001,cpu,2.9872271978989357e-05,54.092753287843294,2.9872271978989357e-05,0.0666072106889115,0.0004484840555553,86.93814225131882,0.6221981731732107,181080044.57651362,2.1072099696478683,699050.6666666666,5.844508654223943,262144.0,5.418539921951662,2.6666666666666665,0.3160130062203577,0.0018199413333333,0.0222024035629705,0.0001494946851851,86.84887179779179,0.6216170229999999,0.0446352267635203,0.0002905750866054,1,0.001503409,0.1152243310600866,76.6420388996518,1.503409,2.270088365975315,0.1734953083796172,0.0301631320930658,0.306370325045282,18033938518.67134,2576311.5,1.0,,,,,,cpu,0,0,0,0,0,0,0,0,0,0,0,0,1,1,1,1,1
cholesky_N128,cholesky,128,matrix,cpu_ready,5,0.6989700043360189,cpu,13.389588737365509,cpu,8.297853327497042e-05,54.19887319691368,8.297853327497042e-05,0.1110120178148525,0.0007474734259255,87.02741270484587,0.6227793233464215,65316640.43612214,2.1072099696478683,699050.6666666666,5.844508654223943,262144.0,5.418539921951662,2.6666666666666665,0.3160130062203577,0.0018199413333333,0.0222024035629705,0.0001494946851851,86.84887179779179,0.6216170229999999,0.0446352267635203,0.0002905750866054,1,0.001503409,0.1152243310600866,76.6420388996518,1.503409,2.270088365975315,0.1734953083796172,0.0301631320930658,0.306370325045282,18033938518.67134,2576311.5,1.0,,,,,,cpu,0,0,0,0,0,0,0,0,0,0,0,0,1,1,1,1,1
cholesky_N128,cholesky,128,matrix,cpu_ready,10,1.0,cpu,12.008185701266797,cpu,0.0003319141330998817,54.46462691556051,0.0003319141330998817,0.222024035629705,0.001494946851851,87.25058883866348,0.6242321987794485,16409152.117977956,2.1072099696478683,699050.6666666666,5.844508654223943,262144.0,5.418539921951662,2.6666666666666665,0.3160130062203577,0.0018199413333333,0.0222024035629705,0.0001494946851851,86.84887179779179,0.6216170229999999,0.0446352267635203,0.0002905750866054,1,0.001503409,0.1152243310600866,76.6420388996518,1.503409,2.270088365975315,0.1734953083796172,0.0301631320930658,0.306370325045282,18033938518.67134,2576311.5,1.0,,,,,,cpu,0,0,0,0,0,0,0,0,0,0,0,0,1,1,1,1,1
cholesky_N128,cholesky,128,matrix,cpu_ready,30,1.4771212547196624,cpu,9.830407408268687,cpu,0.0029872271978989354,55.53412673258905,0.0029872271978989354,0.666072106889115,0.004484840555553,88.14329337393387,0.6300437005115564,1858952.6616672797,2.1072099696478683,699050.6666666666,5.844508654223943,262144.0,5.418539921951662,2.6666666666666665,0.3160130062203577,0.0018199413333333,0.0222024035629705,0.0001494946851851,86.84887179779179,0.6216170229999999,0.0446352267635203,0.0002905750866054,1,0.001503409,0.1152243310600866,76.6420388996518,1.503409,2.270088365975315,0.1734953083796172,0.0301631320930658,0.306370325045282,18033938518.67134,2576311.5,1.0,,,,,,cpu,0,0,0,0,0,0,0,0,0,0,0,0,1,1,1,1,1
cholesky_N128,cholesky,128,matrix,cpu_ready,100,2.0,cpu,7.489069279101176,cpu,0.03319141330998818,59.35908636694849,0.03319141330998818,2.22024035629705,0.01494946851851,91.2677592473803,0.6503839565739344,178738.68280199374,2.1072099696478683,699050.6666666666,5.844508654223943,262144.0,5.418539921951662,2.6666666666666665,0.3160130062203577,0.0018199413333333,0.0222024035629705,0.0001494946851851,86.84887179779179,0.6216170229999999,0.0446352267635203,0.0002905750866054,1,0.001503409,0.1152243310600866,76.6420388996518,1.503409,2.270088365975315,0.1734953083796172,0.0301631320930658,0.306370325045282,18033938518.67134,2576311.5,1.0,,,,,,cpu,0,0,0,0,0,0,0,0,0,0,0,0,1,1,1,1,1
cholesky_N128,cholesky,128,matrix,cpu_ready,1000,3.0,cpu,3.586617015243395,cpu,3.3191413309988174,119.85984831110166,3.3191413309988174,22.2024035629705,0.1494946851851,131.43946333454858,0.9119015345187944,3511.1703708330087,2.1072099696478683,699050.6666666666,5.844508654223943,262144.0,5.418539921951662,2.6666666666666665,0.3160130062203577,0.0018199413333333,0.0222024035629705,0.0001494946851851,86.84887179779179,0.6216170229999999,0.0446352267635203,0.0002905750866054,1,0.001503409,0.1152243310600866,76.6420388996518,1.503409,2.270088365975315,0.1734953083796172,0.0301631320930658,0.306370325045282,18033938518.67134,2576311.5,1.0,,,,,,cpu,0,0,0,0,0,0,0,0,0,0,0,0,1,1,1,1,1
cholesky_N128,cholesky,128,matrix,gpu_ready,1,0.0,gpu,-3.791957515190633,gpu,0.0005751251318913423,1.296988488246158e-05,1.296988488246158e-05,0.3160130062203577,0.0018199413333333,0.0446352267635203,0.0002905750866054,4334.3117699452405,2.1072099696478683,699050.6666666666,5.844508654223943,262144.0,5.418539921951662,2.6666666666666665,0.3160130062203577,0.0018199413333333,0.0222024035629705,0.0001494946851851,86.84887179779179,0.6216170229999999,0.0446352267635203,0.0002905750866054,1,0.535537178,77.55468378175601,144.8166195881848,107.1074356,,,,,,,,62913.840368694255,0.0,0.0,1410.0,23.0,gpu,0,0,0,0,0,1,1,1,1,1,1,1,0,0,0,0,0
cholesky_N128,cholesky,128,matrix,gpu_ready,2,0.3010299956639812,gpu,-2.552505732555609,gpu,0.000666093610045247,5.187953952984632e-05,5.187953952984632e-05,0.3382154097833282,0.0019694360185184,0.0892704535270406,0.0005811501732108,1183.9235199110492,2.1072099696478683,699050.6666666666,5.844508654223943,262144.0,5.418539921951662,2.6666666666666665,0.3160130062203577,0.0018199413333333,0.0222024035629705,0.0001494946851851,86.84887179779179,0.6216170229999999,0.0446352267635203,0.0002905750866054,1,0.535537178,77.55468378175601,144.8166195881848,107.1074356,,,,,,,,62913.840368694255,0.0,0.0,1410.0,23.0,gpu,0,0,0,0,0,1,1,1,1,1,1,1,0,0,0,0,0
cholesky_N128,cholesky,128,matrix,gpu_ready,3,0.47712125471966244,gpu,-1.8783208275576715,gpu,0.0007637003708611496,0.00011672896394215422,0.00011672896394215422,0.36041781334629874,0.0021189307037035,0.1339056802905609,0.0008717252598162,554.2509631453648,2.1072099696478683,699050.6666666666,5.844508654223943,262144.0,5.418539921951662,2.6666666666666665,0.3160130062203577,0.0018199413333333,0.0222024035629705,0.0001494946851851,86.84887179779179,0.6216170229999999,0.0446352267635203,0.0002905750866054,1,0.535537178,77.55468378175601,144.8166195881848,107.1074356,,,,,,,,62913.840368694255,0.0,0.0,1410.0,23.0,gpu,0,0,0,0,0,1,1,1,1,1,1,1,0,0,0,0,0
cholesky_N128,cholesky,128,matrix,gpu_ready,5,0.6989700043360189,gpu,-1.1048507466318607,gpu,0.0009788287404789472,0.0003242471220615395,0.0003242471220615395,0.4048226204722397,0.0024179200740737,0.2231761338176015,0.0014528754330269998,201.8773873012737,2.1072099696478683,699050.6666666666,5.844508654223943,262144.0,5.418539921951662,2.6666666666666665,0.3160130062203577,0.0018199413333333,0.0222024035629705,0.0001494946851851,86.84887179779179,0.6216170229999999,0.0446352267635203,0.0002905750866054,1,0.535537178,77.55468378175601,144.8166195881848,107.1074356,,,,,,,,62913.840368694255,0.0,0.0,1410.0,23.0,gpu,0,0,0,0,0,1,1,1,1,1,1,1,0,0,0,0,0
cholesky_N128,cholesky,128,matrix,gpu_ready,10,1.0,gpu,-0.23026331354697796,gpu,0.0016328196111084,0.001296988488246158,0.001296988488246158,0.5158346382870922,0.0031653934999992,0.446352267635203,0.0029057508660539997,25.893145999805053,2.1072099696478683,699050.6666666666,5.844508654223943,262144.0,5.418539921951662,2.6666666666666665,0.3160130062203577,0.0018199413333333,0.0222024035629705,0.0001494946851851,86.84887179779179,0.6216170229999999,0.0446352267635203,0.0002905750866054,1,0.535537178,77.55468378175601,144.8166195881848,107.1074356,,,,,,,,62913.840368694255,0.0,0.0,1410.0,23.0,gpu,0,0,0,0,0,1,1,1,1,1,1,1,0,0,0,0,0
cholesky_N128,cholesky,128,matrix,gpu_ready,30,1.4771212547196624,gpu,0.6809023660936745,cpu,0.005908353759125621,0.011672896394215421,0.005908353759125621,0.9598827095465021,0.006155287203701201,1.3390568029056091,0.008717252598161999,97.5659696440197,2.1072099696478683,699050.6666666666,5.844508654223943,262144.0,5.418539921951662,2.6666666666666665,0.3160130062203577,0.0018199413333333,0.0222024035629705,0.0001494946851851,86.84887179779179,0.6216170229999999,0.0446352267635203,0.0002905750866054,1,0.535537178,77.55468378175601,144.8166195881848,107.1074356,,,,,,,,62913.840368694255,0.0,0.0,1410.0,23.0,gpu,0,0,0,0,0,1,1,1,1,1,1,1,0,0,0,0,0
cholesky_N128,cholesky,128,matrix,gpu_ready,100,2.0,gpu,1.1327181504516581,cpu,0.04178331366247844,0.1296988488246158,0.04178331366247844,2.5140509589544373,0.0166199151666582,4.463522676352031,0.02905750866054,210.40824064915128,2.1072099696478683,699050.6666666666,5.844508654223943,262144.0,5.418539921951662,2.6666666666666665,0.3160130062203577,0.0018199413333333,0.0222024035629705,0.0001494946851851,86.84887179779179,0.6216170229999999,0.0446352267635203,0.0002905750866054,1,0.535537178,77.55468378175601,144.8166195881848,107.1074356,,,,,,,,62913.840368694255,0.0,0.0,1410.0,23.0,gpu,0,0,0,0,0,1,1,1,1,1,1,1,0,0,0,0,0
cholesky_N128,cholesky,128,matrix,gpu_ready,1000,3.0,gpu,1.338665538263249,cpu,3.400643180096125,12.969884882461578,3.400643180096125,22.496214165627887,0.1511651318332482,44.6352267635203,0.2905750866054,281.3950536879015,2.1072099696478683,699050.6666666666,5.844508654223943,262144.0,5.418539921951662,2.6666666666666665,0.3160130062203577,0.0018199413333333,0.0222024035629705,0.0001494946851851,86.84887179779179,0.6216170229999999,0.0446352267635203,0.0002905750866054,1,0.535537178,77.55468378175601,144.8166195881848,107.1074356,,,,,,,,62913.840368694255,0.0,0.0,1410.0,23.0,gpu,0,0,0,0,0,1,1,1,1,1,1,1,0,0,0,0,0
cholesky_N128,cholesky,128,matrix,none_ready,1,0.0,none,11.44966132800153,cpu,0.0005751251318913423,53.986737137851975,0.0005751251318913423,0.3160130062203577,0.0018199413333333,86.84887179779179,0.6216170229999999,9386854.967575932,2.1072099696478683,699050.6666666666,5.844508654223943,262144.0,5.418539921951662,2.6666666666666665,0.3160130062203577,0.0018199413333333,0.0222024035629705,0.0001494946851851,86.84887179779179,0.6216170229999999,0.0446352267635203,0.0002905750866054,1,,,,,,,,,,,,,,,,,,1,1,1,1,1,1,1,1,1,1,1,1,1,1,1,1,1
cholesky_N128,cholesky,128,matrix,none_ready,2,0.3010299956639812,none,11.303799899963694,cpu,0.000666093610045247,54.03973224296275,0.000666093610045247,0.3382154097833282,0.0019694360185184,86.8935070245553,0.6219075980866052,8112833.5919153895,2.1072099696478683,699050.6666666666,5.844508654223943,262144.0,5.418539921951662,2.6666666666666665,0.3160130062203577,0.0018199413333333,0.0222024035629705,0.0001494946851851,86.84887179779179,0.6216170229999999,0.0446352267635203,0.0002905750866054,1,,,,,,,,,,,,,,,,,,1,1,1,1,1,1,1,1,1,1,1,1,1,1,1,1,1
cholesky_N128,cholesky,128,matrix,none_ready,3,0.47712125471966244,none,11.168035257022177,cpu,0.0007637003708611496,54.092753287843294,0.0007637003708611496,0.36041781334629874,0.0021189307037035,86.93814225131882,0.6221981731732107,7082881.147023438,2.1072099696478683,699050.6666666666,5.844508654223943,262144.0,5.418539921951662,2.6666666666666665,0.3160130062203577,0.0018199413333333,0.0222024035629705,0.0001494946851851,86.84887179779179,0.6216170229999999,0.0446352267635203,0.0002905750866054,1,,,,,,,,,,,,,,,,,,1,1,1,1,1,1,1,1,1,1,1,1,1,1,1,1,1
cholesky_N128,cholesky,128,matrix,none_ready,5,0.6989700043360189,none,10.921813982357497,cpu,0.0009788287404789472,54.19887319691368,0.0009788287404789472,0.4048226204722397,0.0024179200740737,87.02741270484587,0.6227793233464215,5537015.01875127,2.1072099696478683,699050.6666666666,5.844508654223943,262144.0,5.418539921951662,2.6666666666666665,0.3160130062203577,0.0018199413333333,0.0222024035629705,0.0001494946851851,86.84887179779179,0.6216170229999999,0.0446352267635203,0.0002905750866054,1,,,,,,,,,,,,,,,,,,1,1,1,1,1,1,1,1,1,1,1,1,1,1,1,1,1
cholesky_N128,cholesky,128,matrix,none_ready,10,1.0,none,10.414998379343666,cpu,0.0016328196111084,54.46462691556051,0.0016328196111084,0.5158346382870922,0.0031653934999992,87.25058883866348,0.6242321987794485,3335518.126155927,2.1072099696478683,699050.6666666666,5.844508654223943,262144.0,5.418539921951662,2.6666666666666665,0.3160130062203577,0.0018199413333333,0.0222024035629705,0.0001494946851851,86.84887179779179,0.6216170229999999,0.0446352267635203,0.0002905750866054,1,,,,,,,,,,,,,,,,,,1,1,1,1,1,1,1,1,1,1,1,1,1,1,1,1,1
cholesky_N128,cholesky,128,matrix,none_ready,30,1.4771212547196624,none,9.14838576598621,cpu,0.005908353759125621,55.53412673258905,0.005908353759125621,0.9598827095465021,0.006155287203701201,88.14329337393387,0.6300437005115564,939825.5528126596,2.1072099696478683,699050.6666666666,5.844508654223943,262144.0,5.418539921951662,2.6666666666666665,0.3160130062203577,0.0018199413333333,0.0222024035629705,0.0001494946851851,86.84887179779179,0.6216170229999999,0.0446352267635203,0.0002905750866054,1,,,,,,,,,,,,,,,,,,1,1,1,1,1,1,1,1,1,1,1,1,1,1,1,1,1
cholesky_N128,cholesky,128,matrix,none_ready,100,2.0,none,7.258863421176681,cpu,0.04178331366247844,59.35908636694849,0.04178331366247844,2.5140509589544373,0.0166199151666582,91.2677592473803,0.6503839565739344,141964.09488353517,2.1072099696478683,699050.6666666666,5.844508654223943,262144.0,5.418539921951662,2.6666666666666665,0.3160130062203577,0.0018199413333333,0.0222024035629705,0.0001494946851851,86.84887179779179,0.6216170229999999,0.0446352267635203,0.0002905750866054,1,,,,,,,,,,,,,,,,,,1,1,1,1,1,1,1,1,1,1,1,1,1,1,1,1,1
cholesky_N128,cholesky,128,matrix,none_ready,1000,3.0,none,3.5623585451304915,cpu,3.400643180096125,119.85984831110166,3.400643180096125,22.496214165627887,0.1511651318332482,131.43946333454858,0.9119015345187944,3424.622901121711,2.1072099696478683,699050.6666666666,5.844508654223943,262144.0,5.418539921951662,2.6666666666666665,0.3160130062203577,0.0018199413333333,0.0222024035629705,0.0001494946851851,86.84887179779179,0.6216170229999999,0.0446352267635203,0.0002905750866054,1,,,,,,,,,,,,,,,,,,1,1,1,1,1,1,1,1,1,1,1,1,1,1,1,1,1
cholesky_N1536,cholesky,1536,matrix,cpu_ready,1,0.0,cpu,6.5672417895484765,cpu,0.08976429540771498,63.858762294916666,0.08976429540771498,3.5660887555037357,0.02517163805,94.48531323683436,0.6758591373333335,71040.49300433564,3.186391215695493,1207959552.0,9.082052392366817,37748736.0,7.576902414046911,32.0,5.057442227532706,0.0363523556666666,3.5660887555037357,0.02517163805,94.48531323683436,0.6758591373333335,0.841194927438762,0.0050654480119474,1,0.03662492,5.08621501750153,138.87306832346746,36.62492,0.996891015246032,51.62165625714277,0.4406391473548874,0.6269501183346682,10838776749.489813,2598583.0,1.0,,,,,,cpu,0,0,0,0,0,0,0,0,0,0,0,0,1,1,1,1,1
cholesky_N1536,cholesky,1536,matrix,cpu_ready,2,0.3010299956639812,cpu,5.197277829760851,cpu,0.3590571816308599,64.91016304417121,0.3590571816308599,7.132177511007471,0.0503432761,95.32650816427312,0.6809245853452809,17977.945899687966,3.186391215695493,1207959552.0,9.082052392366817,37748736.0,7.576902414046911,32.0,5.057442227532706,0.0363523556666666,3.5660887555037357,0.02517163805,94.48531323683436,0.6758591373333335,0.841194927438762,0.0050654480119474,1,0.03662492,5.08621501750153,138.87306832346746,36.62492,0.996891015246032,51.62165625714277,0.4406391473548874,0.6269501183346682,10838776749.489813,2598583.0,1.0,,,,,,cpu,0,0,0,0,0,0,0,0,0,0,0,0,1,1,1,1,1
cholesky_N1536,cholesky,1536,matrix,cpu_ready,3,0.47712125471966244,cpu,4.402544801262373,cpu,0.8078786586694349,65.97008585177146,0.8078786586694349,10.698266266511208,0.07551491415,96.16770309171189,0.6859900333572283,8065.84089006922,3.186391215695493,1207959552.0,9.082052392366817,37748736.0,7.576902414046911,32.0,5.057442227532706,0.0363523556666666,3.5660887555037357,0.02517163805,94.48531323683436,0.6758591373333335,0.841194927438762,0.0050654480119474,1,0.03662492,5.08621501750153,138.87306832346746,36.62492,0.996891015246032,51.62165625714277,0.4406391473548874,0.6269501183346682,10838776749.489813,2598583.0,1.0,,,,,,cpu,0,0,0,0,0,0,0,0,0,0,0,0,1,1,1,1,1
cholesky_N1536,cholesky,1536,matrix,cpu_ready,5,0.6989700043360189,cpu,3.4128969182211013,cpu,2.2441073851928746,68.11549764200909,2.2441073851928746,17.830443777518678,0.12585819025,97.8500929465894,0.696120929381123,2935.3047314692008,3.186391215695493,1207959552.0,9.082052392366817,37748736.0,7.576902414046911,32.0,5.057442227532706,0.0363523556666666,3.5660887555037357,0.02517163805,94.48531323683436,0.6758591373333335,0.841194927438762,0.0050654480119474,1,0.03662492,5.08621501750153,138.87306832346746,36.62492,0.996891015246032,51.62165625714277,0.4406391473548874,0.6269501183346682,10838776749.489813,2598583.0,1.0,,,,,,cpu,0,0,0,0,0,0,0,0,0,0,0,0,1,1,1,1,1
cholesky_N1536,cholesky,1536,matrix,cpu_ready,10,1.0,cpu,2.1044254018834896,cpu,8.976429540771498,73.62816313865311,8.976429540771498,35.660887555037355,0.2517163805,102.05606758378322,0.7214481694408601,720.2388578245886,3.186391215695493,1207959552.0,9.082052392366817,37748736.0,7.576902414046911,32.0,5.057442227532706,0.0363523556666666,3.5660887555037357,0.02517163805,94.48531323683436,0.6758591373333335,0.841194927438762,0.0050654480119474,1,0.03662492,5.08621501750153,138.87306832346746,36.62492,0.996891015246032,51.62165625714277,0.4406391473548874,0.6269501183346682,10838776749.489813,2598583.0,1.0,,,,,,cpu,0,0,0,0,0,0,0,0,0,0,0,0,1,1,1,1,1
cholesky_N1536,cholesky,1536,matrix,cpu_ready,30,1.4771212547196624,cpu,0.19119329121971668,cpu,80.78786586694349,97.80933971165659,80.78786586694349,106.98266266511207,0.7551491415,118.87996613255845,0.8227571296798081,21.069344587895458,3.186391215695493,1207959552.0,9.082052392366817,37748736.0,7.576902414046911,32.0,5.057442227532706,0.0363523556666666,3.5660887555037357,0.02517163805,94.48531323683436,0.6758591373333335,0.841194927438762,0.0050654480119474,1,0.03662492,5.08621501750153,138.87306832346746,36.62492,0.996891015246032,51.62165625714277,0.4406391473548874,0.6269501183346682,10838776749.489813,2598583.0,1.0,,,,,,cpu,0,0,0,0,0,0,0,0,0,0,0,0,1,1,1,1,1
cholesky_N1536,cholesky,1536,matrix,cpu_ready,100,2.0,cpu,-1.456061373639315,gpu,897.6429540771499,209.2879415061548,209.2879415061548,356.60887555037357,2.517163805,177.7636110532718,1.1773384905161262,328.90333175299145,3.186391215695493,1207959552.0,9.082052392366817,37748736.0,7.576902414046911,32.0,5.057442227532706,0.0363523556666666,3.5660887555037357,0.02517163805,94.48531323683436,0.6758591373333335,0.841194927438762,0.0050654480119474,1,0.03662492,5.08621501750153,138.87306832346746,36.62492,0.996891015246032,51.62165625714277,0.4406391473548874,0.6269501183346682,10838776749.489813,2598583.0,1.0,,,,,,cpu,0,0,0,0,0,0,0,0,0,0,0,0,1,1,1,1,1
cholesky_N1536,cholesky,1536,matrix,cpu_ready,1000,3.0,cpu,-2.817763963081428,gpu,89764.29540771498,5362.4627181949,5362.4627181949,3566.0887555037357,25.17163805,934.8390457481577,5.736241701268786,1573.9378924378093,3.186391215695493,1207959552.0,9.082052392366817,37748736.0,7.576902414046911,32.0,5.057442227532706,0.0363523556666666,3.5660887555037357,0.02517163805,94.48531323683436,0.6758591373333335,0.841194927438762,0.0050654480119474,1,0.03662492,5.08621501750153,138.87306832346746,36.62492,0.996891015246032,51.62165625714277,0.4406391473548874,0.6269501183346682,10838776749.489813,2598583.0,1.0,,,,,,cpu,0,0,0,0,0,0,0,0,0,0,0,0,1,1,1,1,1
cholesky_N1536,cholesky,1536,matrix,gpu_ready,1,0.0,gpu,-3.7646091529068593,gpu,0.1838499386188875,0.004261029172854914,0.004261029172854914,5.057442227532706,0.0363523556666666,0.841194927438762,0.0050654480119474,4214.683874734116,3.186391215695493,1207959552.0,9.082052392366817,37748736.0,7.576902414046911,32.0,5.057442227532706,0.0363523556666666,3.5660887555037357,0.02517163805,94.48531323683436,0.6758591373333335,0.841194927438762,0.0050654480119474,1,0.498140907,75.54739727722088,151.6586897715286,99.6281814,,,,,,,,64293.98959235645,0.0,0.0,1410.0,28.928489629140213,gpu,0,0,0,0,0,1,1,1,1,1,1,1,0,0,0,0,0
cholesky_N1536,cholesky,1536,matrix,gpu_ready,2,0.3010299956639812,gpu,-3.4381167859701276,gpu,0.5305540660158138,0.017044116691419656,0.017044116691419656,8.623530983036442,0.0615239937166666,1.682389854877524,0.0101308960238948,3012.82817186358,3.186391215695493,1207959552.0,9.082052392366817,37748736.0,7.576902414046911,32.0,5.057442227532706,0.0363523556666666,3.5660887555037357,0.02517163805,94.48531323683436,0.6758591373333335,0.841194927438762,0.0050654480119474,1,0.498140907,75.54739727722088,151.6586897715286,99.6281814,,,,,,,,64293.98959235645,0.0,0.0,1410.0,28.928489629140213,gpu,0,0,0,0,0,1,1,1,1,1,1,1,0,0,0,0,0
cholesky_N1536,cholesky,1536,matrix,gpu_ready,3,0.47712125471966244,gpu,-3.3162529493569006,gpu,1.05678678422817,0.03834926255569423,0.03834926255569423,12.189619738540177,0.0866956317666666,2.523584782316286,0.0151963440358422,2655.6899762894,3.186391215695493,1207959552.0,9.082052392366817,37748736.0,7.576902414046911,32.0,5.057442227532706,0.0363523556666666,3.5660887555037357,0.02517163805,94.48531323683436,0.6758591373333335,0.841194927438762,0.0050654480119474,1,0.498140907,75.54739727722088,151.6586897715286,99.6281814,,,,,,,,64293.98959235645,0.0,0.0,1410.0,28.928489629140213,gpu,0,0,0,0,0,1,1,1,1,1,1,1,0,0,0,0,0
cholesky_N1536,cholesky,1536,matrix,gpu_ready,5,0.6989700043360189,gpu,-3.2131121884880955,gpu,2.6478379930991727,0.10652572932137286,0.10652572932137286,19.32179724954765,0.13703890786666661,4.20597463719381,0.025327240059737,2385.632353767816,3.186391215695493,1207959552.0,9.082052392366817,37748736.0,7.576902414046911,32.0,5.057442227532706,0.0363523556666666,3.5660887555037357,0.02517163805,94.48531323683436,0.6758591373333335,0.841194927438762,0.0050654480119474,1,0.498140907,75.54739727722088,151.6586897715286,99.6281814,,,,,,,,64293.98959235645,0.0,0.0,1410.0,28.928489629140213,gpu,0,0,0,0,0,1,1,1,1,1,1,1,0,0,0,0,0
cholesky_N1536,cholesky,1536,matrix,gpu_ready,10,1.0,gpu,-3.132105879825491,gpu,9.767216354546703,0.42610291728549143,0.42610291728549143,37.152241027066324,0.2628970981166666,8.41194927438762,0.050654480119474,2192.220015006987,3.186391215695493,1207959552.0,9.082052392366817,37748736.0,7.576902414046911,32.0,5.057442227532706,0.0363523556666666,3.5660887555037357,0.02517163805,94.48531323683436,0.6758591373333335,0.841194927438762,0.0050654480119474,1,0.498140907,75.54739727722088,151.6586897715286,99.6281814,,,,,,,,64293.98959235645,0.0,0.0,1410.0,28.928489629140213,gpu,0,0,0,0,0,1,1,1,1,1,1,1,0,0,0,0,0
cholesky_N1536,cholesky,1536,matrix,gpu_ready,30,1.4771212547196624,gpu,-3.0762178799202053,gpu,83.12687750419431,3.834926255569423,3.834926255569423,108.47401613714104,0.7663298591166666,25.23584782316286,0.151963440358422,2067.626493038035,3.186391215695493,1207959552.0,9.082052392366817,37748736.0,7.576902414046911,32.0,5.057442227532706,0.0363523556666666,3.5660887555037357,0.02517163805,94.48531323683436,0.6758591373333335,0.841194927438762,0.0050654480119474,1,0.498140907,75.54739727722088,151.6586897715286,99.6281814,,,,,,,,64293.98959235645,0.0,0.0,1410.0,28.928489629140213,gpu,0,0,0,0,0,1,1,1,1,1,1,1,0,0,0,0,0
cholesky_N1536,cholesky,1536,matrix,gpu_ready,100,2.0,gpu,-3.0562818522632957,gpu,905.4007525965654,42.61029172854915,42.61029172854915,358.1002290224025,2.528344522616667,84.11949274387621,0.50654480119474,2024.8405393806343,3.186391215695493,1207959552.0,9.082052392366817,37748736.0,7.576902414046911,32.0,5.057442227532706,0.0363523556666666,3.5660887555037357,0.02517163805,94.48531323683436,0.6758591373333335,0.841194927438762,0.0050654480119474,1,0.498140907,75.54739727722088,151.6586897715286,99.6281814,,,,,,,,64293.98959235645,0.0,0.0,1410.0,28.928489629140213,gpu,0,0,0,0,0,1,1,1,1,1,1,1,0,0,0,0,0
cholesky_N1536,cholesky,1536,matrix,gpu_ready,1000,3.0,gpu,-3.0485387714091656,gpu,89841.7233232908,4261.029172854914,4261.029172854914,3567.5801089757647,25.182818767616666,841.194927438762,5.0654480119473995,2008.4512609214628,3.186391215695493,1207959552.0,9.082052392366817,37748736.0,7.576902414046911,32.0,5.057442227532706,0.0363523556666666,3.5660887555037357,0.02517163805,94.48531323683436,0.6758591373333335,0.841194927438762,0.0050654480119474,1,0.498140907,75.54739727722088,151.6586897715286,99.6281814,,,,,,,,64293.98959235645,0.0,0.0,1410.0,28.928489629140213,gpu,0,0,0,0,0,1,1,1,1,1,1,1,0,0,0,0,0
cholesky_N1536,cholesky,1536,matrix,none_ready,1,0.0,none,5.850309210659855,cpu,0.1838499386188875,63.858762294916666,0.1838499386188875,5.057442227532706,0.0363523556666666,94.48531323683436,0.6758591373333335,34634.176565211135,3.186391215695493,1207959552.0,9.082052392366817,37748736.0,7.576902414046911,32.0,5.057442227532706,0.0363523556666666,3.5660887555037357,0.02517163805,94.48531323683436,0.6758591373333335,0.841194927438762,0.0050654480119474,1,,,,,,,,,,,,,,,,,,1,1,1,1,1,1,1,1,1,1,1,1,1,1,1,1,1
cholesky_N1536,cholesky,1536,matrix,none_ready,2,0.3010299956639812,none,4.806837617808961,cpu,0.5305540660158138,64.91016304417121,0.5305540660158138,8.623530983036442,0.0615239937166666,95.32650816427312,0.6809245853452809,12134.410628800362,3.186391215695493,1207959552.0,9.082052392366817,37748736.0,7.576902414046911,32.0,5.057442227532706,0.0363523556666666,3.5660887555037357,0.02517163805,94.48531323683436,0.6758591373333335,0.841194927438762,0.0050654480119474,1,,,,,,,,,,,,,,,,,,1,1,1,1,1,1,1,1,1,1,1,1,1,1,1,1,1
cholesky_N1536,cholesky,1536,matrix,none_ready,3,0.47712125471966244,none,4.133968425923709,cpu,1.05678678422817,65.97008585177146,1.05678678422817,12.189619738540177,0.0866956317666666,96.16770309171189,0.6859900333572283,6142.516166584453,3.186391215695493,1207959552.0,9.082052392366817,37748736.0,7.576902414046911,32.0,5.057442227532706,0.0363523556666666,3.5660887555037357,0.02517163805,94.48531323683436,0.6758591373333335,0.841194927438762,0.0050654480119474,1,,,,,,,,,,,,,,,,,,1,1,1,1,1,1,1,1,1,1,1,1,1,1,1,1,1
cholesky_N1536,cholesky,1536,matrix,none_ready,5,0.6989700043360189,none,3.2474613037512436,cpu,2.6478379930991727,68.11549764200909,2.6478379930991727,19.32179724954765,0.13703890786666661,97.8500929465894,0.696120929381123,2472.494911680115,3.186391215695493,1207959552.0,9.082052392366817,37748736.0,7.576902414046911,32.0,5.057442227532706,0.0363523556666666,3.5660887555037357,0.02517163805,94.48531323683436,0.6758591373333335,0.841194927438762,0.0050654480119474,1,,,,,,,,,,,,,,,,,,1,1,1,1,1,1,1,1,1,1,1,1,1,1,1,1,1
cholesky_N1536,cholesky,1536,matrix,none_ready,10,1.0,none,2.0199960960762366,cpu,9.767216354546703,73.62816313865311,9.767216354546703,37.152241027066324,0.2628970981166666,102.05606758378322,0.7214481694408601,653.8295504673521,3.186391215695493,1207959552.0,9.082052392366817,37748736.0,7.576902414046911,32.0,5.057442227532706,0.0363523556666666,3.5660887555037357,0.02517163805,94.48531323683436,0.6758591373333335,0.841194927438762,0.0050654480119474,1,,,,,,,,,,,,,,,,,,1,1,1,1,1,1,1,1,1,1,1,1,1,1,1,1,1
cholesky_N1536,cholesky,1536,matrix,none_ready,30,1.4771212547196624,none,0.16265198531774908,cpu,83.12687750419431,97.80933971165659,83.12687750419431,108.47401613714104,0.7663298591166666,118.87996613255845,0.8227571296798081,17.662713490857936,3.186391215695493,1207959552.0,9.082052392366817,37748736.0,7.576902414046911,32.0,5.057442227532706,0.0363523556666666,3.5660887555037357,0.02517163805,94.48531323683436,0.6758591373333335,0.841194927438762,0.0050654480119474,1,,,,,,,,,,,,,,,,,,1,1,1,1,1,1,1,1,1,1,1,1,1,1,1,1,1
cholesky_N1536,cholesky,1536,matrix,none_ready,100,2.0,none,-1.4646666518843734,gpu,905.4007525965654,209.2879415061548,209.2879415061548,358.1002290224025,2.528344522616667,177.7636110532718,1.1773384905161262,332.61009023300045,3.186391215695493,1207959552.0,9.082052392366817,37748736.0,7.576902414046911,32.0,5.057442227532706,0.0363523556666666,3.5660887555037357,0.02517163805,94.48531323683436,0.6758591373333335,0.841194927438762,0.0050654480119474,1,,,,,,,,,,,,,,,,,,1,1,1,1,1,1,1,1,1,1,1,1,1,1,1,1,1
cholesky_N1536,cholesky,1536,matrix,none_ready,1000,3.0,none,-2.818626160472356,gpu,89841.7233232908,5362.4627181949,5362.4627181949,3567.5801089757647,25.182818767616666,934.8390457481577,5.736241701268786,1575.381779689708,3.186391215695493,1207959552.0,9.082052392366817,37748736.0,7.576902414046911,32.0,5.057442227532706,0.0363523556666666,3.5660887555037357,0.02517163805,94.48531323683436,0.6758591373333335,0.841194927438762,0.0050654480119474,1,,,,,,,,,,,,,,,,,,1,1,1,1,1,1,1,1,1,1,1,1,1,1,1,1,1
cholesky_N192,cholesky,192,matrix,cpu_ready,1,0.0,cpu,15.187850532989827,cpu,1.198031418828728e-05,47.257189138076065,1.198031418828728e-05,0.0423380403093967,0.0002829680849831,81.9758837169433,0.576476727,394456910.01963454,2.2833012287035497,2359296.0,6.372782431390986,589824.0,5.770722440063024,4.0,0.2139630576525084,0.0020220403333333,0.0423380403093967,0.0002829680849831,81.9758837169433,0.576476727,0.0776119735663205,0.0005195819684817,1,0.001820229,0.1376863590499097,75.64232799824072,1.820229,2.4461106712559952,0.4400110494757845,0.1060705234714599,0.2468683384869895,11200436634.230583,3109902.5,1.0,,,,,,cpu,0,0,0,0,0,0,0,0,0,0,0,0,1,1,1,1,1
cholesky_N192,cholesky,192,matrix,cpu_ready,2,0.3010299956639812,cpu,13.803403390026391,cpu,4.792125675314912e-05,47.34456415138526,4.792125675314912e-05,0.0846760806187934,0.0005659361699662,82.05349569050962,0.5769963089684816,98796482.89277658,2.2833012287035497,2359296.0,6.372782431390986,589824.0,5.770722440063024,4.0,0.2139630576525084,0.0020220403333333,0.0423380403093967,0.0002829680849831,81.9758837169433,0.576476727,0.0776119735663205,0.0005195819684817,1,0.001820229,0.1376863590499097,75.64232799824072,1.820229,2.4461106712559952,0.4400110494757845,0.1060705234714599,0.2468683384869895,11200436634.230583,3109902.5,1.0,,,,,,cpu,0,0,0,0,0,0,0,0,0,0,0,0,1,1,1,1,1
cholesky_N192,cholesky,192,matrix,cpu_ready,3,0.47712125471966244,cpu,12.99431868640472,cpu,0.00010782282769458553,47.432019816258475,0.00010782282769458553,0.12701412092819012,0.0008489042549493001,82.13110766407594,0.5775158909369633,43990602.92481333,2.2833012287035497,2359296.0,6.372782431390986,589824.0,5.770722440063024,4.0,0.2139630576525084,0.0020220403333333,0.0423380403093967,0.0002829680849831,81.9758837169433,0.576476727,0.0776119735663205,0.0005195819684817,1,0.001820229,0.1376863590499097,75.64232799824072,1.820229,2.4461106712559952,0.4400110494757845,0.1060705234714599,0.2468683384869895,11200436634.230583,3109902.5,1.0,,,,,,cpu,0,0,0,0,0,0,0,0,0,0,0,0,1,1,1,1,1
cholesky_N192,cholesky,192,matrix,cpu_ready,5,0.6989700043360189,cpu,11.976353359962038,cpu,0.000299507854707182,47.60717310069692,0.000299507854707182,0.2116902015469835,0.0014148404249155,82.28633161120858,0.5785550548739268,15895033.417198936,2.2833012287035497,2359296.0,6.372782431390986,589824.0,5.770722440063024,4.0,0.2139630576525084,0.0020220403333333,0.0423380403093967,0.0002829680849831,81.9758837169433,0.576476727,0.0776119735663205,0.0005195819684817,1,0.001820229,0.1376863590499097,75.64232799824072,1.820229,2.4461106712559952,0.4400110494757845,0.1060705234714599,0.2468683384869895,11200436634.230583,3109902.5,1.0,,,,,,cpu,0,0,0,0,0,0,0,0,0,0,0,0,1,1,1,1,1
cholesky_N192,cholesky,192,matrix,cpu_ready,10,1.0,cpu,10.599244173566975,cpu,0.001198031418828728,48.04646771416313,0.001198031418828728,0.423380403093967,0.002829680849831,82.67439147904018,0.5811529647163353,4010351.3920959122,2.2833012287035497,2359296.0,6.372782431390986,589824.0,5.770722440063024,4.0,0.2139630576525084,0.0020220403333333,0.0423380403093967,0.0002829680849831,81.9758837169433,0.576476727,0.0776119735663205,0.0005195819684817,1,0.001820229,0.1376863590499097,75.64232799824072,1.820229,2.4461106712559952,0.4400110494757845,0.1060705234714599,0.2468683384869895,11200436634.230583,3109902.5,1.0,,,,,,cpu,0,0,0,0,0,0,0,0,0,0,0,0,1,1,1,1,1
cholesky_N192,cholesky,192,matrix,cpu_ready,30,1.4771212547196624,cpu,8.438343939564282,cpu,0.010782282769458551,49.82380905902966,0.010782282769458551,1.270141209281901,0.008489042549493,84.2266309503666,0.5915446040859693,461989.6161261743,2.2833012287035497,2359296.0,6.372782431390986,589824.0,5.770722440063024,4.0,0.2139630576525084,0.0020220403333333,0.0423380403093967,0.0002829680849831,81.9758837169433,0.576476727,0.0776119735663205,0.0005195819684817,1,0.001820229,0.1376863590499097,75.64232799824072,1.820229,2.4461106712559952,0.4400110494757845,0.1060705234714599,0.2468683384869895,11200436634.230583,3109902.5,1.0,,,,,,cpu,0,0,0,0,0,0,0,0,0,0,0,0,1,1,1,1,1
cholesky_N192,cholesky,192,matrix,cpu_ready,100,2.0,cpu,6.15257425750394,cpu,0.1198031418828728,56.29855619268351,0.1198031418828728,4.2338040309396705,0.02829680849831,89.65946910000903,0.6279153418796882,46892.55404146626,2.2833012287035497,2359296.0,6.372782431390986,589824.0,5.770722440063024,4.0,0.2139630576525084,0.0020220403333333,0.0423380403093967,0.0002829680849831,81.9758837169433,0.576476727,0.0776119735663205,0.0005195819684817,1,0.001820229,0.1376863590499097,75.64232799824072,1.820229,2.4461106712559952,0.4400110494757845,0.1060705234714599,0.2468683384869895,11200436634.230583,3109902.5,1.0,,,,,,cpu,0,0,0,0,0,0,0,0,0,0,0,0,1,1,1,1,1
cholesky_N192,cholesky,192,matrix,cpu_ready,1000,3.0,cpu,2.680089918884106,cpu,11.980314188287279,174.74971274286196,11.980314188287279,42.3380403093967,0.2829680849831,159.5102453096975,1.0955391135132182,1358.64048301595,2.2833012287035497,2359296.0,6.372782431390986,589824.0,5.770722440063024,4.0,0.2139630576525084,0.0020220403333333,0.0423380403093967,0.0002829680849831,81.9758837169433,0.576476727,0.0776119735663205,0.0005195819684817,1,0.001820229,0.1376863590499097,75.64232799824072,1.820229,2.4461106712559952,0.4400110494757845,0.1060705234714599,0.2468683384869895,11200436634.230583,3109902.5,1.0,,,,,,cpu,0,0,0,0,0,0,0,0,0,0,0,0,1,1,1,1,1
cholesky_N192,cholesky,192,matrix,gpu_ready,1,0.0,gpu,-2.372919423631729,gpu,0.00043264193241669013,4.032578200333847e-05,4.032578200333847e-05,0.2139630576525084,0.0020220403333333,0.0776119735663205,0.0005195819684817,972.8668135459166,2.2833012287035497,2359296.0,6.372782431390986,589824.0,5.770722440063024,4.0,0.2139630576525084,0.0020220403333333,0.0423380403093967,0.0002829680849831,81.9758837169433,0.576476727,0.0776119735663205,0.0005195819684817,1,0.508605412,75.01094368589179,147.48357354461615,101.7210824,,,,,,,,61731.77070424685,0.0,0.0,1410.0,22.89370502412192,gpu,0,0,0,0,0,1,1,1,1,1,1,1,0,0,0,0,0
cholesky_N192,cholesky,192,matrix,gpu_ready,2,0.3010299956639812,gpu,-1.2981518684319269,gpu,0.0005907761884259275,0.0001613031280133539,0.0001613031280133539,0.2563010979619051,0.0023050084183164,0.155223947132641,0.0010391639369634,266.2521587163633,2.2833012287035497,2359296.0,6.372782431390986,589824.0,5.770722440063024,4.0,0.2139630576525084,0.0020220403333333,0.0423380403093967,0.0002829680849831,81.9758837169433,0.576476727,0.0776119735663205,0.0005195819684817,1,0.508605412,75.01094368589179,147.48357354461615,101.7210824,,,,,,,,61731.77070424685,0.0,0.0,1410.0,22.89370502412192,gpu,0,0,0,0,0,1,1,1,1,1,1,1,0,0,0,0,0
cholesky_N192,cholesky,192,matrix,gpu_ready,3,0.47712125471966244,gpu,-0.7558966529149092,gpu,0.0007728710728117394,0.00036293203803004624,0.00036293203803004624,0.2986391382713018,0.0025879765032995,0.23283592069896153,0.0015587459054450998,112.95201079706152,2.2833012287035497,2359296.0,6.372782431390986,589824.0,5.770722440063024,4.0,0.2139630576525084,0.0020220403333333,0.0423380403093967,0.0002829680849831,81.9758837169433,0.576476727,0.0776119735663205,0.0005195819684817,1,0.508605412,75.01094368589179,147.48357354461615,101.7210824,,,,,,,,61731.77070424685,0.0,0.0,1410.0,22.89370502412192,gpu,0,0,0,0,0,1,1,1,1,1,1,1,0,0,0,0,0
cholesky_N192,cholesky,192,matrix,gpu_ready,5,0.6989700043360189,gpu,-0.1816346358362484,gpu,0.0012089427267130872,0.0010081445500834617,0.0010081445500834617,0.38331521889009523,0.0031539126732657,0.3880598678316025,0.0025979098424085,19.917597790217872,2.2833012287035497,2359296.0,6.372782431390986,589824.0,5.770722440063024,4.0,0.2139630576525084,0.0020220403333333,0.0423380403093967,0.0002829680849831,81.9758837169433,0.576476727,0.0776119735663205,0.0005195819684817,1,0.508605412,75.01094368589179,147.48357354461615,101.7210824,,,,,,,,61731.77070424685,0.0,0.0,1410.0,22.89370502412192,gpu,0,0,0,0,0,1,1,1,1,1,1,1,0,0,0,0,0
cholesky_N192,cholesky,192,matrix,gpu_ready,10,1.0,gpu,0.3943503642079588,cpu,0.002718432858056511,0.004032578200333847,0.002718432858056511,0.5950054204370787,0.0045687530981812,0.776119735663205,0.005195819684817,48.34201949783883,2.2833012287035497,2359296.0,6.372782431390986,589824.0,5.770722440063024,4.0,0.2139630576525084,0.0020220403333333,0.0423380403093967,0.0002829680849831,81.9758837169433,0.576476727,0.0776119735663205,0.0005195819684817,1,0.508605412,75.01094368589179,147.48357354461615,101.7210824,,,,,,,,61731.77070424685,0.0,0.0,1410.0,22.89370502412192,gpu,0,0,0,0,0,1,1,1,1,1,1,1,0,0,0,0,0
cholesky_N192,cholesky,192,matrix,gpu_ready,30,1.4771212547196624,gpu,0.9006213111769251,cpu,0.014746550477573846,0.036293203803004624,0.014746550477573846,1.4417662266250129,0.0102281147978432,2.328359206989615,0.015587459054450999,146.11317648963632,2.2833012287035497,2359296.0,6.372782431390986,589824.0,5.770722440063024,4.0,0.2139630576525084,0.0020220403333333,0.0423380403093967,0.0002829680849831,81.9758837169433,0.576476727,0.0776119735663205,0.0005195819684817,1,0.508605412,75.01094368589179,147.48357354461615,101.7210824,,,,,,,,61731.77070424685,0.0,0.0,1410.0,22.89370502412192,gpu,0,0,0,0,0,1,1,1,1,1,1,1,0,0,0,0,0
cholesky_N192,cholesky,192,matrix,gpu_ready,100,2.0,gpu,1.1143457625174304,cpu,0.1323209415320944,0.40325782003338473,0.1323209415320944,4.405429048282782,0.030035880746660203,7.76119735663205,0.05195819684817,204.7573689880182,2.2833012287035497,2359296.0,6.372782431390986,589824.0,5.770722440063024,4.0,0.2139630576525084,0.0020220403333333,0.0423380403093967,0.0002829680849831,81.9758837169433,0.576476727,0.0776119735663205,0.0005195819684817,1,0.508605412,75.01094368589179,147.48357354461615,101.7210824,,,,,,,,61731.77070424685,0.0,0.0,1410.0,22.89370502412192,gpu,0,0,0,0,0,1,1,1,1,1,1,1,0,0,0,0,0
cholesky_N192,cholesky,192,matrix,gpu_ready,1000,3.0,gpu,1.203553692273935,cpu,12.10280597003644,40.325782003338475,12.10280597003644,42.509665326739814,0.28470715723145024,77.6119735663205,0.5195819684817,233.19365858772878,2.2833012287035497,2359296.0,6.372782431390986,589824.0,5.770722440063024,4.0,0.2139630576525084,0.0020220403333333,0.0423380403093967,0.0002829680849831,81.9758837169433,0.576476727,0.0776119735663205,0.0005195819684817,1,0.508605412,75.01094368589179,147.48357354461615,101.7210824,,,,,,,,61731.77070424685,0.0,0.0,1410.0,22.89370502412192,gpu,0,0,0,0,0,1,1,1,1,1,1,1,0,0,0,0,0
cholesky_N192,cholesky,192,matrix,none_ready,1,0.0,none,11.601204911426407,cpu,0.00043264193241669013,47.257189138076065,0.00043264193241669013,0.2139630576525084,0.0020220403333333,81.9758837169433,0.576476727,10922833.168799106,2.2833012287035497,2359296.0,6.372782431390986,589824.0,5.770722440063024,4.0,0.2139630576525084,0.0020220403333333,0.0423380403093967,0.0002829680849831,81.9758837169433,0.576476727,0.0776119735663205,0.0005195819684817,1,,,,,,,,,,,,,,,,,,1,1,1,1,1,1,1,1,1,1,1,1,1,1,1,1,1
cholesky_N192,cholesky,192,matrix,none_ready,2,0.3010299956639812,none,11.291525323662773,cpu,0.0005907761884259275,47.34456415138526,0.0005907761884259275,0.2563010979619051,0.0023050084183164,82.05349569050962,0.5769963089684816,8013859.445036333,2.2833012287035497,2359296.0,6.372782431390986,589824.0,5.770722440063024,4.0,0.2139630576525084,0.0020220403333333,0.0423380403093967,0.0002829680849831,81.9758837169433,0.576476727,0.0776119735663205,0.0005195819684817,1,,,,,,,,,,,,,,,,,,1,1,1,1,1,1,1,1,1,1,1,1,1,1,1,1,1
cholesky_N192,cholesky,192,matrix,none_ready,3,0.47712125471966244,none,11.02469583555812,cpu,0.0007728710728117394,47.432019816258475,0.0007728710728117394,0.2986391382713018,0.0025879765032995,82.13110766407594,0.5775158909369633,6137019.305513489,2.2833012287035497,2359296.0,6.372782431390986,589824.0,5.770722440063024,4.0,0.2139630576525084,0.0020220403333333,0.0423380403093967,0.0002829680849831,81.9758837169433,0.576476727,0.0776119735663205,0.0005195819684817,1,,,,,,,,,,,,,,,,,,1,1,1,1,1,1,1,1,1,1,1,1,1,1,1,1,1
cholesky_N192,cholesky,192,matrix,none_ready,5,0.6989700043360189,none,10.580992526194098,cpu,0.0012089427267130872,47.60717310069692,0.0012089427267130872,0.38331521889009523,0.0031539126732657,82.28633161120858,0.5785550548739268,3937817.9880698603,2.2833012287035497,2359296.0,6.372782431390986,589824.0,5.770722440063024,4.0,0.2139630576525084,0.0020220403333333,0.0423380403093967,0.0002829680849831,81.9758837169433,0.576476727,0.0776119735663205,0.0005195819684817,1,,,,,,,,,,,,,,,,,,1,1,1,1,1,1,1,1,1,1,1,1,1,1,1,1,1
cholesky_N192,cholesky,192,matrix,none_ready,10,1.0,none,9.779868339843242,cpu,0.002718432858056511,48.04646771416313,0.002718432858056511,0.5950054204370787,0.0045687530981812,82.67439147904018,0.5811529647163353,1767332.569532469,2.2833012287035497,2359296.0,6.372782431390986,589824.0,5.770722440063024,4.0,0.2139630576525084,0.0020220403333333,0.0423380403093967,0.0002829680849831,81.9758837169433,0.576476727,0.0776119735663205,0.0005195819684817,1,,,,,,,,,,,,,,,,,,1,1,1,1,1,1,1,1,1,1,1,1,1,1,1,1,1
cholesky_N192,cholesky,192,matrix,none_ready,30,1.4771212547196624,none,8.125239052809516,cpu,0.014746550477573846,49.82380905902966,0.014746550477573846,1.4417662266250129,0.0102281147978432,84.2266309503666,0.5915446040859693,337767.5517016698,2.2833012287035497,2359296.0,6.372782431390986,589824.0,5.770722440063024,4.0,0.2139630576525084,0.0020220403333333,0.0423380403093967,0.0002829680849831,81.9758837169433,0.576476727,0.0776119735663205,0.0005195819684817,1,,,,,,,,,,,,,,,,,,1,1,1,1,1,1,1,1,1,1,1,1,1,1,1,1,1
cholesky_N192,cholesky,192,matrix,none_ready,100,2.0,none,6.053193822089679,cpu,0.1323209415320944,56.29855619268351,0.1323209415320944,4.405429048282782,0.030035880746660203,89.65946910000903,0.6279153418796882,42446.973699569935,2.2833012287035497,2359296.0,6.372782431390986,589824.0,5.770722440063024,4.0,0.2139630576525084,0.0020220403333333,0.0423380403093967,0.0002829680849831,81.9758837169433,0.576476727,0.0776119735663205,0.0005195819684817,1,,,,,,,,,,,,,,,,,,1,1,1,1,1,1,1,1,1,1,1,1,1,1,1,1,1
cholesky_N192,cholesky,192,matrix,none_ready,1000,3.0,none,2.669917413226349,cpu,12.10280597003644,174.74971274286196,12.10280597003644,42.509665326739814,0.28470715723145024,159.5102453096975,1.0955391135132182,1343.8776691578723,2.2833012287035497,2359296.0,6.372782431390986,589824.0,5.770722440063024,4.0,0.2139630576525084,0.0020220403333333,0.0423380403093967,0.0002829680849831,81.9758837169433,0.576476727,0.0776119735663205,0.0005195819684817,1,,,,,,,,,,,,,,,,,,1,1,1,1,1,1,1,1,1,1,1,1,1,1,1,1,1
cholesky_N2048,cholesky,2048,matrix,cpu_ready,1,0.0,cpu,4.4200817811367505,cpu,0.6692515160796255,55.616863180968195,0.6692515160796255,9.59241150488271,0.0697688496515151,88.61727271081487,0.6276074796666666,8210.308134490811,3.3113299523037933,2863311530.6666665,9.456868602191717,67108864.0,7.826779887263511,42.666666666666664,10.566473688657783,0.0781676053333333,9.59241150488271,0.0697688496515151,88.61727271081487,0.6276074796666666,1.4203689706306557,0.008458548574074,1,0.077732336,10.550654281953788,135.73057011889864,77.732336,0.8194004343413771,94.7776307316252,0.6534856879696138,0.6974835494696633,9635295328.903105,3035770.5,1.0,,,,,,cpu,0,0,0,0,0,0,0,0,0,0,0,0,1,1,1,1,1
cholesky_N2048,cholesky,2048,matrix,cpu_ready,2,0.3010299956639812,cpu,3.0630758908778337,cpu,2.677006064318502,57.26988513648002,2.677006064318502,19.18482300976542,0.1395376993030302,90.03764168144554,0.6360660282407407,2039.325939519658,3.3113299523037933,2863311530.6666665,9.456868602191717,67108864.0,7.826779887263511,42.666666666666664,10.566473688657783,0.0781676053333333,9.59241150488271,0.0697688496515151,88.61727271081487,0.6276074796666666,1.4203689706306557,0.008458548574074,1,0.077732336,10.550654281953788,135.73057011889864,77.732336,0.8194004343413771,94.7776307316252,0.6534856879696138,0.6974835494696633,9635295328.903105,3035770.5,1.0,,,,,,cpu,0,0,0,0,0,0,0,0,0,0,0,0,1,1,1,1,1
cholesky_N2048,cholesky,2048,matrix,cpu_ready,3,0.47712125471966244,cpu,2.281008396703624,cpu,6.0232636447166295,58.946935611854215,6.0232636447166295,28.77723451464813,0.2093065489545453,91.45801065207618,0.6445245768148147,878.6544154274262,3.3113299523037933,2863311530.6666665,9.456868602191717,67108864.0,7.826779887263511,42.666666666666664,10.566473688657783,0.0781676053333333,9.59241150488271,0.0697688496515151,88.61727271081487,0.6276074796666666,1.4203689706306557,0.008458548574074,1,0.077732336,10.550654281953788,135.73057011889864,77.732336,0.8194004343413771,94.7776307316252,0.6534856879696138,0.6974835494696633,9635295328.903105,3035770.5,1.0,,,,,,cpu,0,0,0,0,0,0,0,0,0,0,0,0,1,1,1,1,1
cholesky_N2048,cholesky,2048,matrix,cpu_ready,5,0.6989700043360189,cpu,1.3158539537358003,cpu,16.731287901990637,62.37312212218972,16.731287901990637,47.96205752441355,0.3488442482575755,94.29874859333749,0.6614416739629626,272.7933108769754,3.3113299523037933,2863311530.6666665,9.456868602191717,67108864.0,7.826779887263511,42.666666666666664,10.566473688657783,0.0781676053333333,9.59241150488271,0.0697688496515151,88.61727271081487,0.6276074796666666,1.4203689706306557,0.008458548574074,1,0.077732336,10.550654281953788,135.73057011889864,77.732336,0.8194004343413771,94.7776307316252,0.6534856879696138,0.6974835494696633,9635295328.903105,3035770.5,1.0,,,,,,cpu,0,0,0,0,0,0,0,0,0,0,0,0,1,1,1,1,1
cholesky_N2048,cholesky,2048,matrix,cpu_ready,10,1.0,cpu,0.0641498461077408,cpu,66.92515160796255,71.35908749562003,66.92515160796255,95.9241150488271,0.697688496515151,101.40059344649077,0.7037344168333326,6.625216052749214,3.3113299523037933,2863311530.6666665,9.456868602191717,67108864.0,7.826779887263511,42.666666666666664,10.566473688657783,0.0781676053333333,9.59241150488271,0.0697688496515151,88.61727271081487,0.6276074796666666,1.4203689706306557,0.008458548574074,1,0.077732336,10.550654281953788,135.73057011889864,77.732336,0.8194004343413771,94.7776307316252,0.6534856879696138,0.6974835494696633,9635295328.903105,3035770.5,1.0,,,,,,cpu,0,0,0,0,0,0,0,0,0,0,0,0,1,1,1,1,1
cholesky_N2048,cholesky,2048,matrix,cpu_ready,30,1.4771212547196624,cpu,-1.6706713098844295,gpu,602.3263644716629,113.31007895493474,113.31007895493474,287.7723451464813,2.093065489545453,129.8079728591039,0.8729053883148126,431.5735105181755,3.3113299523037933,2863311530.6666665,9.456868602191717,67108864.0,7.826779887263511,42.666666666666664,10.566473688657783,0.0781676053333333,9.59241150488271,0.0697688496515151,88.61727271081487,0.6276074796666666,1.4203689706306557,0.008458548574074,1,0.077732336,10.550654281953788,135.73057011889864,77.732336,0.8194004343413771,94.7776307316252,0.6534856879696138,0.6974835494696633,9635295328.903105,3035770.5,1.0,,,,,,cpu,0,0,0,0,0,0,0,0,0,0,0,0,1,1,1,1,1
cholesky_N2048,cholesky,2048,matrix,cpu_ready,100,2.0,cpu,-2.992144765329591,gpu,6692.515160796255,335.8283866290136,335.8283866290136,959.241150488271,6.97688496515151,229.23380080324978,1.4650037884999927,1892.8378383895856,3.3113299523037933,2863311530.6666665,9.456868602191717,67108864.0,7.826779887263511,42.666666666666664,10.566473688657783,0.0781676053333333,9.59241150488271,0.0697688496515151,88.61727271081487,0.6276074796666666,1.4203689706306557,0.008458548574074,1,0.077732336,10.550654281953788,135.73057011889864,77.732336,0.8194004343413771,94.7776307316252,0.6534856879696138,0.6974835494696633,9635295328.903105,3035770.5,1.0,,,,,,cpu,0,0,0,0,0,0,0,0,0,0,0,0,1,1,1,1,1
cholesky_N2048,cholesky,2048,matrix,cpu_ready,1000,3.0,cpu,-3.889843019585684,gpu,669251.5160796255,13685.226976650465,13685.226976650465,9592.41150488271,69.7688496515151,1507.56587437084,9.077697505166592,4790.320907512113,3.3113299523037933,2863311530.6666665,9.456868602191717,67108864.0,7.826779887263511,42.666666666666664,10.566473688657783,0.0781676053333333,9.59241150488271,0.0697688496515151,88.61727271081487,0.6276074796666666,1.4203689706306557,0.008458548574074,1,0.077732336,10.550654281953788,135.73057011889864,77.732336,0.8194004343413771,94.7776307316252,0.6534856879696138,0.6974835494696633,9635295328.903105,3035770.5,1.0,,,,,,cpu,0,0,0,0,0,0,0,0,0,0,0,0,1,1,1,1,1
cholesky_N2048,cholesky,2048,matrix,gpu_ready,1,0.0,gpu,-4.230447164935692,gpu,0.8259559450600522,0.012014259931186887,0.012014259931186887,10.566473688657783,0.0781676053333333,1.4203689706306557,0.008458548574074,6774.796698180445,3.3113299523037933,2863311530.6666665,9.456868602191717,67108864.0,7.826779887263511,42.666666666666664,10.566473688657783,0.0781676053333333,9.59241150488271,0.0697688496515151,88.61727271081487,0.6276074796666666,1.4203689706306557,0.008458548574074,1,0.50884118,74.65252947936614,146.7108646343563,101.768236,,,,,,,,63727.25308613977,0.0,0.0,1410.0,22.0,gpu,0,0,0,0,0,1,1,1,1,1,1,1,0,0,0,0,0
cholesky_N2048,cholesky,2048,matrix,gpu_ready,2,0.3010299956639812,gpu,-4.12803933408331,gpu,2.9822340119789303,0.04805703972474755,0.04805703972474755,20.158885193540492,0.14793645498484842,2.8407379412613114,0.016917097148148,6105.613223494483,3.3113299523037933,2863311530.6666665,9.456868602191717,67108864.0,7.826779887263511,42.666666666666664,10.566473688657783,0.0781676053333333,9.59241150488271,0.0697688496515151,88.61727271081487,0.6276074796666666,1.4203689706306557,0.008458548574074,1,0.50884118,74.65252947936614,146.7108646343563,101.768236,,,,,,,,63727.25308613977,0.0,0.0,1410.0,22.0,gpu,0,0,0,0,0,1,1,1,1,1,1,1,0,0,0,0,0
cholesky_N2048,cholesky,2048,matrix,gpu_ready,3,0.47712125471966244,gpu,-4.092696202992811,gpu,6.477015111057059,0.10812833938068199,0.10812833938068199,29.751296698423204,0.2177053046363635,4.261106911891967,0.025375645722222,5890.117991411816,3.3113299523037933,2863311530.6666665,9.456868602191717,67108864.0,7.826779887263511,42.666666666666664,10.566473688657783,0.0781676053333333,9.59241150488271,0.0697688496515151,88.61727271081487,0.6276074796666666,1.4203689706306557,0.008458548574074,1,0.50884118,74.65252947936614,146.7108646343563,101.768236,,,,,,,,63727.25308613977,0.0,0.0,1410.0,22.0,gpu,0,0,0,0,0,1,1,1,1,1,1,1,0,0,0,0,0
cholesky_N2048,cholesky,2048,matrix,gpu_ready,5,0.6989700043360189,gpu,-4.063961904927324,gpu,17.48208640569107,0.3003564982796722,0.3003564982796722,48.93611970818863,0.3572430039393937,7.1018448531532785,0.04229274287037,5720.445539158238,3.3113299523037933,2863311530.6666665,9.456868602191717,67108864.0,7.826779887263511,42.666666666666664,10.566473688657783,0.0781676053333333,9.59241150488271,0.0697688496515151,88.61727271081487,0.6276074796666666,1.4203689706306557,0.008458548574074,1,0.50884118,74.65252947936614,146.7108646343563,101.768236,,,,,,,,63727.25308613977,0.0,0.0,1410.0,22.0,gpu,0,0,0,0,0,1,1,1,1,1,1,1,0,0,0,0,0
cholesky_N2048,cholesky,2048,matrix,gpu_ready,10,1.0,gpu,-4.042135066576418,gpu,68.41856770506298,1.2014259931186888,1.2014259931186888,96.89817723260217,0.7060872521969692,14.203689706306557,0.08458548574074,5594.780044458712,3.3113299523037933,2863311530.6666665,9.456868602191717,67108864.0,7.826779887263511,42.666666666666664,10.566473688657783,0.0781676053333333,9.59241150488271,0.0697688496515151,88.61727271081487,0.6276074796666666,1.4203689706306557,0.008458548574074,1,0.50884118,74.65252947936614,146.7108646343563,101.768236,,,,,,,,63727.25308613977,0.0,0.0,1410.0,22.0,gpu,0,0,0,0,0,1,1,1,1,1,1,1,0,0,0,0,0
cholesky_N2048,cholesky,2048,matrix,gpu_ready,30,1.4771212547196624,gpu,-4.027449424774455,gpu,606.7902509423635,10.8128339380682,10.8128339380682,288.7464073302564,2.1014642452272714,42.61106911891967,0.25375645722222,5511.759640606961,3.3113299523037933,2863311530.6666665,9.456868602191717,67108864.0,7.826779887263511,42.666666666666664,10.566473688657783,0.0781676053333333,9.59241150488271,0.0697688496515151,88.61727271081487,0.6276074796666666,1.4203689706306557,0.008458548574074,1,0.50884118,74.65252947936614,146.7108646343563,101.768236,,,,,,,,63727.25308613977,0.0,0.0,1410.0,22.0,gpu,0,0,0,0,0,1,1,1,1,1,1,1,0,0,0,0,0
cholesky_N2048,cholesky,2048,matrix,gpu_ready,100,2.0,gpu,-4.022283684796937,gpu,6707.375693574555,120.14259931186888,120.14259931186888,960.215212672046,6.985283720833328,142.03689706306557,0.8458548574074,5482.845495263005,3.3113299523037933,2863311530.6666665,9.456868602191717,67108864.0,7.826779887263511,42.666666666666664,10.566473688657783,0.0781676053333333,9.59241150488271,0.0697688496515151,88.61727271081487,0.6276074796666666,1.4203689706306557,0.008458548574074,1,0.50884118,74.65252947936614,146.7108646343563,101.768236,,,,,,,,63727.25308613977,0.0,0.0,1410.0,22.0,gpu,0,0,0,0,0,1,1,1,1,1,1,1,0,0,0,0,0
cholesky_N2048,cholesky,2048,matrix,gpu_ready,1000,3.0,gpu,-4.020287588268882,gpu,669400.0477792158,12014.259931186887,12014.259931186887,9593.385567066485,69.77724840719692,1420.3689706306557,8.458548574074,5471.712711505201,3.3113299523037933,2863311530.6666665,9.456868602191717,67108864.0,7.826779887263511,42.666666666666664,10.566473688657783,0.0781676053333333,9.59241150488271,0.0697688496515151,88.61727271081487,0.6276074796666666,1.4203689706306557,0.008458548574074,1,0.50884118,74.65252947936614,146.7108646343563,101.768236,,,,,,,,63727.25308613977,0.0,0.0,1410.0,22.0,gpu,0,0,0,0,0,1,1,1,1,1,1,1,0,0,0,0,0
cholesky_N2048,cholesky,2048,matrix,none_ready,1,0.0,none,4.209700292055674,cpu,0.8259559450600522,55.616863180968195,0.8259559450600522,10.566473688657783,0.0781676053333333,88.61727271081487,0.6276074796666666,6633.635554487655,3.3113299523037933,2863311530.6666665,9.456868602191717,67108864.0,7.826779887263511,42.666666666666664,10.566473688657783,0.0781676053333333,9.59241150488271,0.0697688496515151,88.61727271081487,0.6276074796666666,1.4203689706306557,0.008458548574074,1,,,,,,,,,,,,,,,,,,1,1,1,1,1,1,1,1,1,1,1,1,1,1,1,1,1
cholesky_N2048,cholesky,2048,matrix,none_ready,2,0.3010299956639812,none,2.955102232649138,cpu,2.9822340119789303,57.26988513648002,2.9822340119789303,20.158885193540492,0.14793645498484842,90.03764168144554,0.6360660282407407,1820.368586316178,3.3113299523037933,2863311530.6666665,9.456868602191717,67108864.0,7.826779887263511,42.666666666666664,10.566473688657783,0.0781676053333333,9.59241150488271,0.0697688496515151,88.61727271081487,0.6276074796666666,1.4203689706306557,0.008458548574074,1,,,,,,,,,,,,,,,,,,1,1,1,1,1,1,1,1,1,1,1,1,1,1,1,1,1
cholesky_N2048,cholesky,2048,matrix,none_ready,3,0.47712125471966244,none,2.208377869565427,cpu,6.477015111057059,58.946935611854215,6.477015111057059,29.751296698423204,0.2177053046363635,91.45801065207618,0.6445245768148147,810.094149868889,3.3113299523037933,2863311530.6666665,9.456868602191717,67108864.0,7.826779887263511,42.666666666666664,10.566473688657783,0.0781676053333333,9.59241150488271,0.0697688496515151,88.61727271081487,0.6276074796666666,1.4203689706306557,0.008458548574074,1,,,,,,,,,,,,,,,,,,1,1,1,1,1,1,1,1,1,1,1,1,1,1,1,1,1
cholesky_N2048,cholesky,2048,matrix,none_ready,5,0.6989700043360189,none,1.2719577246630902,cpu,17.48208640569107,62.37312212218972,17.48208640569107,48.93611970818863,0.3572430039393937,94.29874859333749,0.6614416739629626,256.7830559508329,3.3113299523037933,2863311530.6666665,9.456868602191717,67108864.0,7.826779887263511,42.666666666666664,10.566473688657783,0.0781676053333333,9.59241150488271,0.0697688496515151,88.61727271081487,0.6276074796666666,1.4203689706306557,0.008458548574074,1,,,,,,,,,,,,,,,,,,1,1,1,1,1,1,1,1,1,1,1,1,1,1,1,1,1
cholesky_N2048,cholesky,2048,matrix,none_ready,10,1.0,none,0.04208045538593628,cpu,68.41856770506298,71.35908749562003,68.41856770506298,96.89817723260217,0.7060872521969692,101.40059344649077,0.7037344168333326,4.297838860399658,3.3113299523037933,2863311530.6666665,9.456868602191717,67108864.0,7.826779887263511,42.666666666666664,10.566473688657783,0.0781676053333333,9.59241150488271,0.0697688496515151,88.61727271081487,0.6276074796666666,1.4203689706306557,0.008458548574074,1,,,,,,,,,,,,,,,,,,1,1,1,1,1,1,1,1,1,1,1,1,1,1,1,1,1
cholesky_N2048,cholesky,2048,matrix,none_ready,30,1.4771212547196624,none,-1.6780550588042709,gpu,606.7902509423635,113.31007895493474,113.31007895493474,288.7464073302564,2.1014642452272714,129.8079728591039,0.8729053883148126,435.5130422102114,3.3113299523037933,2863311530.6666665,9.456868602191717,67108864.0,7.826779887263511,42.666666666666664,10.566473688657783,0.0781676053333333,9.59241150488271,0.0697688496515151,88.61727271081487,0.6276074796666666,1.4203689706306557,0.008458548574074,1,,,,,,,,,,,,,,,,,,1,1,1,1,1,1,1,1,1,1,1,1,1,1,1,1,1
cholesky_N2048,cholesky,2048,matrix,none_ready,100,2.0,none,-2.9943627742719143,gpu,6707.375693574555,335.8283866290136,335.8283866290136,960.215212672046,6.985283720833328,229.23380080324978,1.4650037884999927,1897.2628761082453,3.3113299523037933,2863311530.6666665,9.456868602191717,67108864.0,7.826779887263511,42.666666666666664,10.566473688657783,0.0781676053333333,9.59241150488271,0.0697688496515151,88.61727271081487,0.6276074796666666,1.4203689706306557,0.008458548574074,1,,,,,,,,,,,,,,,,,,1,1,1,1,1,1,1,1,1,1,1,1,1,1,1,1,1
cholesky_N2048,cholesky,2048,matrix,none_ready,1000,3.0,none,-3.890064931999952,gpu,669400.0477792158,13685.226976650465,13685.226976650465,9593.385567066485,69.77724840719692,1507.56587437084,9.077697505166592,4791.406250852372,3.3113299523037933,2863311530.6666665,9.456868602191717,67108864.0,7.826779887263511,42.666666666666664,10.566473688657783,0.0781676053333333,9.59241150488271,0.0697688496515151,88.61727271081487,0.6276074796666666,1.4203689706306557,0.008458548574074,1,,,,,,,,,,,,,,,,,,1,1,1,1,1,1,1,1,1,1,1,1,1,1,1,1,1
cholesky_N256,cholesky,256,matrix,cpu_ready,1,0.0,cpu,14.34155153463568,cpu,4.142921649596659e-05,70.10732772756899,4.142921649596659e-05,0.0788265453428782,0.0005255744282051,98.5507812628344,0.7113827696666667,169221849.28401408,2.4082399653118496,5592405.333333333,6.747598641215887,1048576.0,6.020599913279624,5.333333333333333,0.2317450220286252,0.002340609,0.0788265453428782,0.0005255744282051,98.5507812628344,0.7113827696666667,0.0940076670794897,0.0006135042914334,1,0.002501532,0.1914485093002964,76.53250460129888,2.501532,2.4488750971041107,0.186065676106572,0.0338346162583671,0.2476584644635329,25571743501.713795,2347553.0,1.0,,,,,,cpu,0,0,0,0,0,0,0,0,0,0,0,0,1,1,1,1,1
cholesky_N256,cholesky,256,matrix,cpu_ready,2,0.3010299956639812,cpu,12.957072658910263,cpu,0.00016571686598386637,70.23472216348193,0.00016571686598386637,0.1576530906857564,0.0010511488564102,98.6447889299139,0.7119962739581001,42382262.076724134,2.4082399653118496,5592405.333333333,6.747598641215887,1048576.0,6.020599913279624,5.333333333333333,0.2317450220286252,0.002340609,0.0788265453428782,0.0005255744282051,98.5507812628344,0.7113827696666667,0.0940076670794897,0.0006135042914334,1,0.002501532,0.1914485093002964,76.53250460129888,2.501532,2.4488750971041107,0.186065676106572,0.0338346162583671,0.2476584644635329,25571743501.713795,2347553.0,1.0,,,,,,cpu,0,0,0,0,0,0,0,0,0,0,0,0,1,1,1,1,1
cholesky_N256,cholesky,256,matrix,cpu_ready,3,0.47712125471966244,cpu,12.147956277423035,cpu,0.00037286294846369935,70.36223194760925,0.00037286294846369935,0.2364796360286346,0.0015767232846153,98.73879659699338,0.7126097782495335,18870702.861352008,2.4082399653118496,5592405.333333333,6.747598641215887,1048576.0,6.020599913279624,5.333333333333333,0.2317450220286252,0.002340609,0.0788265453428782,0.0005255744282051,98.5507812628344,0.7113827696666667,0.0940076670794897,0.0006135042914334,1,0.002501532,0.1914485093002964,76.53250460129888,2.501532,2.4488750971041107,0.186065676106572,0.0338346162583671,0.2476584644635329,25571743501.713795,2347553.0,1.0,,,,,,cpu,0,0,0,0,0,0,0,0,0,0,0,0,1,1,1,1,1
cholesky_N256,cholesky,256,matrix,cpu_ready,5,0.6989700043360189,cpu,11.12992775937054,cpu,0.0010357304123991648,70.61759756050695,0.0010357304123991648,0.394132726714391,0.0026278721410254997,98.92681193115236,0.7138367868324003,6818044.636395142,2.4082399653118496,5592405.333333333,6.747598641215887,1048576.0,6.020599913279624,5.333333333333333,0.2317450220286252,0.002340609,0.0788265453428782,0.0005255744282051,98.5507812628344,0.7113827696666667,0.0940076670794897,0.0006135042914334,1,0.002501532,0.1914485093002964,76.53250460129888,2.501532,2.4488750971041107,0.186065676106572,0.0338346162583671,0.2476584644635329,25571743501.713795,2347553.0,1.0,,,,,,cpu,0,0,0,0,0,0,0,0,0,0,0,0,1,1,1,1,1
cholesky_N256,cholesky,256,matrix,cpu_ready,10,1.0,cpu,9.752661544749966,cpu,0.004142921649596659,71.2580301865026,0.004142921649596659,0.788265453428782,0.0052557442820509994,99.39685026654982,0.7169043082895673,1719894.6369596447,2.4082399653118496,5592405.333333333,6.747598641215887,1048576.0,6.020599913279624,5.333333333333333,0.2317450220286252,0.002340609,0.0788265453428782,0.0005255744282051,98.5507812628344,0.7113827696666667,0.0940076670794897,0.0006135042914334,1,0.002501532,0.1914485093002964,76.53250460129888,2.501532,2.4488750971041107,0.186065676106572,0.0338346162583671,0.2476584644635329,25571743501.713795,2347553.0,1.0,,,,,,cpu,0,0,0,0,0,0,0,0,0,0,0,0,1,1,1,1,1
cholesky_N256,cholesky,256,matrix,cpu_ready,30,1.4771212547196624,cpu,7.591146471147439,cpu,0.03728629484636993,73.84859774407552,0.03728629484636993,2.3647963602863458,0.015767232846152997,101.27700360813961,0.7291743941182353,197958.28937509775,2.4082399653118496,5592405.333333333,6.747598641215887,1048576.0,6.020599913279624,5.333333333333333,0.2317450220286252,0.002340609,0.0788265453428782,0.0005255744282051,98.5507812628344,0.7113827696666667,0.0940076670794897,0.0006135042914334,1,0.002501532,0.1914485093002964,76.53250460129888,2.501532,2.4488750971041107,0.186065676106572,0.0338346162583671,0.2476584644635329,25571743501.713795,2347553.0,1.0,,,,,,cpu,0,0,0,0,0,0,0,0,0,0,0,0,1,1,1,1,1
cholesky_N256,cholesky,256,matrix,cpu_ready,100,2.0,cpu,5.303379430451361,cpu,0.4142921649596659,83.27893107082055,0.4142921649596659,7.88265453428782,0.052557442820509996,107.85754030370389,0.7721196945185733,20001.497955899868,2.4082399653118496,5592405.333333333,6.747598641215887,1048576.0,6.020599913279624,5.333333333333333,0.2317450220286252,0.002340609,0.0788265453428782,0.0005255744282051,98.5507812628344,0.7113827696666667,0.0940076670794897,0.0006135042914334,1,0.002501532,0.1914485093002964,76.53250460129888,2.501532,2.4488750971041107,0.186065676106572,0.0338346162583671,0.2476584644635329,25571743501.713795,2347553.0,1.0,,,,,,cpu,0,0,0,0,0,0,0,0,0,0,0,0,1,1,1,1,1
cholesky_N256,cholesky,256,matrix,cpu_ready,1000,3.0,cpu,1.816789118579962,cpu,41.429216495966585,254.87556941219037,41.429216495966585,78.82654534287819,0.5255744282050999,192.46444067524462,1.3242735568086332,515.2073125423558,2.4082399653118496,5592405.333333333,6.747598641215887,1048576.0,6.020599913279624,5.333333333333333,0.2317450220286252,0.002340609,0.0788265453428782,0.0005255744282051,98.5507812628344,0.7113827696666667,0.0940076670794897,0.0006135042914334,1,0.002501532,0.1914485093002964,76.53250460129888,2.501532,2.4488750971041107,0.186065676106572,0.0338346162583671,0.2476584644635329,25571743501.713795,2347553.0,1.0,,,,,,cpu,0,0,0,0,0,0,0,0,0,0,0,0,1,1,1,1,1
cholesky_N256,cholesky,256,matrix,gpu_ready,1,0.0,gpu,-2.241240552449637,gpu,0.0005424244842653984,5.767410718090929e-05,5.767410718090929e-05,0.2317450220286252,0.002340609,0.0940076670794897,0.0006135042914334,840.4991438600827,2.4082399653118496,5592405.333333333,6.747598641215887,1048576.0,6.020599913279624,5.333333333333333,0.2317450220286252,0.002340609,0.0788265453428782,0.0005255744282051,98.5507812628344,0.7113827696666667,0.0940076670794897,0.0006135042914334,1,0.512236989,76.45837615112772,149.26367637056316,102.4473978,,,,,,,,64698.99795818728,0.0,0.0,1410.0,27.0,gpu,0,0,0,0,0,1,1,1,1,1,1,1,0,0,0,0,0
cholesky_N256,cholesky,256,matrix,gpu_ready,2,0.3010299956639812,gpu,-1.350293009484385,gpu,0.0008901550796718867,0.00023069642872363717,0.00023069642872363717,0.3105715673715034,0.0028661834282051,0.1880153341589794,0.0012270085828668,285.8555958567734,2.4082399653118496,5592405.333333333,6.747598641215887,1048576.0,6.020599913279624,5.333333333333333,0.2317450220286252,0.002340609,0.0788265453428782,0.0005255744282051,98.5507812628344,0.7113827696666667,0.0940076670794897,0.0006135042914334,1,0.512236989,76.45837615112772,149.26367637056316,102.4473978,,,,,,,,64698.99795818728,0.0,0.0,1410.0,27.0,gpu,0,0,0,0,0,1,1,1,1,1,1,1,0,0,0,0,0
cholesky_N256,cholesky,256,matrix,gpu_ready,3,0.47712125471966244,gpu,-0.9339176738848022,gpu,0.0013207441080703086,0.0005190669646281836,0.0005190669646281836,0.38939811271438163,0.0033917578564102,0.2820230012384691,0.0018405128743002003,154.44580334955043,2.4082399653118496,5592405.333333333,6.747598641215887,1048576.0,6.020599913279624,5.333333333333333,0.2317450220286252,0.002340609,0.0788265453428782,0.0005255744282051,98.5507812628344,0.7113827696666667,0.0940076670794897,0.0006135042914334,1,0.512236989,76.45837615112772,149.26367637056316,102.4473978,,,,,,,,64698.99795818728,0.0,0.0,1410.0,27.0,gpu,0,0,0,0,0,1,1,1,1,1,1,1,0,0,0,0,0
cholesky_N256,cholesky,256,matrix,gpu_ready,5,0.6989700043360189,gpu,-0.5221670843804026,gpu,0.0024304974638429512,0.0014418526795227323,0.0014418526795227323,0.547051203400138,0.0044429067128204,0.4700383353974485,0.003067521457167,68.56766980156878,2.4082399653118496,5592405.333333333,6.747598641215887,1048576.0,6.020599913279624,5.333333333333333,0.2317450220286252,0.002340609,0.0788265453428782,0.0005255744282051,98.5507812628344,0.7113827696666667,0.0940076670794897,0.0006135042914334,1,0.512236989,76.45837615112772,149.26367637056316,102.4473978,,,,,,,,64698.99795818728,0.0,0.0,1410.0,27.0,gpu,0,0,0,0,0,1,1,1,1,1,1,1,0,0,0,0,0
cholesky_N256,cholesky,256,matrix,gpu_ready,10,1.0,gpu,-0.14313071017190823,gpu,0.006654903430633389,0.005767410718090929,0.005767410718090929,0.941183930114529,0.0070707788538459,0.940076670794897,0.006135042914334,15.3880615742974,2.4082399653118496,5592405.333333333,6.747598641215887,1048576.0,6.020599913279624,5.333333333333333,0.2317450220286252,0.002340609,0.0788265453428782,0.0005255744282051,98.5507812628344,0.7113827696666667,0.0940076670794897,0.0006135042914334,1,0.512236989,76.45837615112772,149.26367637056316,102.4473978,,,,,,,,64698.99795818728,0.0,0.0,1410.0,27.0,gpu,0,0,0,0,0,1,1,1,1,1,1,1,0,0,0,0,0
cholesky_N256,cholesky,256,matrix,gpu_ready,30,1.4771212547196624,gpu,0.15920526764047746,cpu,0.04426713554577843,0.05190669646281836,0.04426713554577843,2.5177148369720928,0.017582267417947897,2.820230012384691,0.018405128743002,17.25786144246798,2.4082399653118496,5592405.333333333,6.747598641215887,1048576.0,6.020599913279624,5.333333333333333,0.2317450220286252,0.002340609,0.0788265453428782,0.0005255744282051,98.5507812628344,0.7113827696666667,0.0940076670794897,0.0006135042914334,1,0.512236989,76.45837615112772,149.26367637056316,102.4473978,,,,,,,,64698.99795818728,0.0,0.0,1410.0,27.0,gpu,0,0,0,0,0,1,1,1,1,1,1,1,0,0,0,0,0
cholesky_N256,cholesky,256,matrix,gpu_ready,100,2.0,gpu,0.2776570101935652,cpu,0.43691401187337564,0.576741071809093,0.43691401187337564,8.035573010973566,0.0543724773923049,9.40076670794897,0.061350429143340005,32.00333615673588,2.4082399653118496,5592405.333333333,6.747598641215887,1048576.0,6.020599913279624,5.333333333333333,0.2317450220286252,0.002340609,0.0788265453428782,0.0005255744282051,98.5507812628344,0.7113827696666667,0.0940076670794897,0.0006135042914334,1,0.512236989,76.45837615112772,149.26367637056316,102.4473978,,,,,,,,64698.99795818728,0.0,0.0,1410.0,27.0,gpu,0,0,0,0,0,1,1,1,1,1,1,1,0,0,0,0,0
cholesky_N256,cholesky,256,matrix,gpu_ready,1000,3.0,gpu,0.3254364415709336,cpu,41.65293699420703,57.67410718090929,41.65293699420703,78.97946381956393,0.5273894627768949,94.00766707948969,0.6135042914334,38.46348263252225,2.4082399653118496,5592405.333333333,6.747598641215887,1048576.0,6.020599913279624,5.333333333333333,0.2317450220286252,0.002340609,0.0788265453428782,0.0005255744282051,98.5507812628344,0.7113827696666667,0.0940076670794897,0.0006135042914334,1,0.512236989,76.45837615112772,149.26367637056316,102.4473978,,,,,,,,64698.99795818728,0.0,0.0,1410.0,27.0,gpu,0,0,0,0,0,1,1,1,1,1,1,1,0,0,0,0,0
cholesky_N256,cholesky,256,matrix,none_ready,1,0.0,none,11.769489002817286,cpu,0.0005424244842653984,70.10732772756899,0.0005424244842653984,0.2317450220286252,0.002340609,98.5507812628344,0.7113827696666667,12924708.846435985,2.4082399653118496,5592405.333333333,6.747598641215887,1048576.0,6.020599913279624,5.333333333333333,0.2317450220286252,0.002340609,0.0788265453428782,0.0005255744282051,98.5507812628344,0.7113827696666667,0.0940076670794897,0.0006135042914334,1,,,,,,,,,,,,,,,,,,1,1,1,1,1,1,1,1,1,1,1,1,1,1,1,1,1
cholesky_N256,cholesky,256,matrix,none_ready,2,0.3010299956639812,none,11.275957670057121,cpu,0.0008901550796718867,70.23472216348193,0.0008901550796718867,0.3105715673715034,0.0028661834282051,98.6447889299139,0.7119962739581001,7890066.979597602,2.4082399653118496,5592405.333333333,6.747598641215887,1048576.0,6.020599913279624,5.333333333333333,0.2317450220286252,0.002340609,0.0788265453428782,0.0005255744282051,98.5507812628344,0.7113827696666667,0.0940076670794897,0.0006135042914334,1,,,,,,,,,,,,,,,,,,1,1,1,1,1,1,1,1,1,1,1,1,1,1,1,1,1
cholesky_N256,cholesky,256,matrix,none_ready,3,0.47712125471966244,none,10.883216624169476,cpu,0.0013207441080703086,70.36223194760925,0.0013207441080703086,0.38939811271438163,0.0033917578564102,98.73879659699338,0.7126097782495335,5327368.925862782,2.4082399653118496,5592405.333333333,6.747598641215887,1048576.0,6.020599913279624,5.333333333333333,0.2317450220286252,0.002340609,0.0788265453428782,0.0005255744282051,98.5507812628344,0.7113827696666667,0.0940076670794897,0.0006135042914334,1,,,,,,,,,,,,,,,,,,1,1,1,1,1,1,1,1,1,1,1,1,1,1,1,1,1
cholesky_N256,cholesky,256,matrix,none_ready,5,0.6989700043360189,none,10.27693869562138,cpu,0.0024304974638429512,70.61759756050695,0.0024304974638429512,0.547051203400138,0.0044429067128204,98.92681193115236,0.7138367868324003,2905379.1708710855,2.4082399653118496,5592405.333333333,6.747598641215887,1048576.0,6.020599913279624,5.333333333333333,0.2317450220286252,0.002340609,0.0788265453428782,0.0005255744282051,98.5507812628344,0.7113827696666667,0.0940076670794897,0.0006135042914334,1,,,,,,,,,,,,,,,,,,1,1,1,1,1,1,1,1,1,1,1,1,1,1,1,1,1
cholesky_N256,cholesky,256,matrix,none_ready,10,1.0,none,9.2787088552093,cpu,0.006654903430633389,71.2580301865026,0.006654903430633389,0.941183930114529,0.0070707788538459,99.39685026654982,0.7169043082895673,1070659.7928242292,2.4082399653118496,5592405.333333333,6.747598641215887,1048576.0,6.020599913279624,5.333333333333333,0.2317450220286252,0.002340609,0.0788265453428782,0.0005255744282051,98.5507812628344,0.7113827696666667,0.0940076670794897,0.0006135042914334,1,,,,,,,,,,,,,,,,,,1,1,1,1,1,1,1,1,1,1,1,1,1,1,1,1,1
cholesky_N256,cholesky,256,matrix,none_ready,30,1.4771212547196624,none,7.419529759419159,cpu,0.04426713554577843,73.84859774407552,0.04426713554577843,2.5177148369720928,0.017582267417947897,101.27700360813961,0.7291743941182353,166724.8844963228,2.4082399653118496,5592405.333333333,6.747598641215887,1048576.0,6.020599913279624,5.333333333333333,0.2317450220286252,0.002340609,0.0788265453428782,0.0005255744282051,98.5507812628344,0.7113827696666667,0.0940076670794897,0.0006135042914334,1,,,,,,,,,,,,,,,,,,1,1,1,1,1,1,1,1,1,1,1,1,1,1,1,1,1
cholesky_N256,cholesky,256,matrix,none_ready,100,2.0,none,5.250214461276169,cpu,0.43691401187337564,83.27893107082055,0.43691401187337564,8.035573010973566,0.0543724773923049,107.85754030370389,0.7721196945185733,18960.71419264898,2.4082399653118496,5592405.333333333,6.747598641215887,1048576.0,6.020599913279624,5.333333333333333,0.2317450220286252,0.002340609,0.0788265453428782,0.0005255744282051,98.5507812628344,0.7113827696666667,0.0940076670794897,0.0006135042914334,1,,,,,,,,,,,,,,,,,,1,1,1,1,1,1,1,1,1,1,1,1,1,1,1,1,1
cholesky_N256,cholesky,256,matrix,none_ready,1000,3.0,none,1.8114035807821383,cpu,41.65293699420703,254.87556941219037,41.65293699420703,78.97946381956393,0.5273894627768949,192.46444067524462,1.3242735568086332,511.9029960543664,2.4082399653118496,5592405.333333333,6.747598641215887,1048576.0,6.020599913279624,5.333333333333333,0.2317450220286252,0.002340609,0.0788265453428782,0.0005255744282051,98.5507812628344,0.7113827696666667,0.0940076670794897,0.0006135042914334,1,,,,,,,,,,,,,,,,,,1,1,1,1,1,1,1,1,1,1,1,1,1,1,1,1,1
cholesky_N3072,cholesky,3072,matrix,cpu_ready,1,0.0,cpu,2.6793543166803597,cpu,3.924582612607459,57.20345630788151,3.924582612607459,23.398258577063924,0.167729688074074,91.32651500417391,0.626361975,1357.567898408336,3.4874212113594742,9663676416.0,9.985142379358761,150994944.0,8.178962405374874,64.0,25.26890016566772,0.1799949883333333,23.398258577063924,0.167729688074074,91.32651500417391,0.626361975,3.153013219417329,0.0179614702991453,1,0.18095321,24.957690834659,137.9234490212083,180.95321,0.7820044474906056,112.00024436865525,0.7254259111219442,0.7130200370171195,10258660590.427666,3136063.9873077604,1.0,,,,,,cpu,0,0,0,0,0,0,0,0,0,0,0,0,1,1,1,1,1
cholesky_N3072,cholesky,3072,matrix,cpu_ready,2,0.3010299956639812,cpu,1.3552743778072707,cpu,15.698330450429836,60.875375135262146,15.698330450429836,46.79651715412785,0.335459376148148,94.47952822359125,0.6443234452991453,287.78247997445686,3.4874212113594742,9663676416.0,9.985142379358761,150994944.0,8.178962405374874,64.0,25.26890016566772,0.1799949883333333,23.398258577063924,0.167729688074074,91.32651500417391,0.626361975,3.153013219417329,0.0179614702991453,1,0.18095321,24.957690834659,137.9234490212083,180.95321,0.7820044474906056,112.00024436865525,0.7254259111219442,0.7130200370171195,10258660590.427666,3136063.9873077604,1.0,,,,,,cpu,0,0,0,0,0,0,0,0,0,0,0,0,1,1,1,1,1
cholesky_N3072,cholesky,3072,matrix,cpu_ready,3,0.47712125471966244,cpu,0.6046668425588254,cpu,35.32124351346713,64.66055946922954,35.32124351346713,70.19477573119177,0.5031890642222221,97.63254144300858,0.6622849155982906,83.0642215203325,3.4874212113594742,9663676416.0,9.985142379358761,150994944.0,8.178962405374874,64.0,25.26890016566772,0.1799949883333333,23.398258577063924,0.167729688074074,91.32651500417391,0.626361975,3.153013219417329,0.0179614702991453,1,0.18095321,24.957690834659,137.9234490212083,180.95321,0.7820044474906056,112.00024436865525,0.7254259111219442,0.7130200370171195,10258660590.427666,3136063.9873077604,1.0,,,,,,cpu,0,0,0,0,0,0,0,0,0,0,0,0,1,1,1,1,1
cholesky_N3072,cholesky,3072,matrix,cpu_ready,5,0.6989700043360189,cpu,-0.30157423084422197,gpu,98.11456531518647,72.5707246569246,72.5707246569246,116.99129288531962,0.83864844037037,103.93856788184323,0.6982078561965812,35.198547043617694,3.4874212113594742,9663676416.0,9.985142379358761,150994944.0,8.178962405374874,64.0,25.26890016566772,0.1799949883333333,23.398258577063924,0.167729688074074,91.32651500417391,0.626361975,3.153013219417329,0.0179614702991453,1,0.18095321,24.957690834659,137.9234490212083,180.95321,0.7820044474906056,112.00024436865525,0.7254259111219442,0.7130200370171195,10258660590.427666,3136063.9873077604,1.0,,,,,,cpu,0,0,0,0,0,0,0,0,0,0,0,0,1,1,1,1,1
cholesky_N3072,cholesky,3072,matrix,cpu_ready,10,1.0,cpu,-1.4256491098810147,gpu,392.45826126074587,94.32828399143041,94.32828399143041,233.98258577063925,1.67729688074074,119.70363397892987,0.7880152076923077,316.0557625498627,3.4874212113594742,9663676416.0,9.985142379358761,150994944.0,8.178962405374874,64.0,25.26890016566772,0.1799949883333333,23.398258577063924,0.167729688074074,91.32651500417391,0.626361975,3.153013219417329,0.0179614702991453,1,0.18095321,24.957690834659,137.9234490212083,180.95321,0.7820044474906056,112.00024436865525,0.7254259111219442,0.7130200370171195,10258660590.427666,3136063.9873077604,1.0,,,,,,cpu,0,0,0,0,0,0,0,0,0,0,0,0,1,1,1,1,1
cholesky_N3072,cholesky,3072,matrix,cpu_ready,30,1.4771212547196624,cpu,-2.824096541877732,gpu,3532.1243513467125,209.6748979761421,209.6748979761421,701.9477573119177,5.03189064222222,182.76389836727645,1.1472446136752137,1584.571870758042,3.4874212113594742,9663676416.0,9.985142379358761,150994944.0,8.178962405374874,64.0,25.26890016566772,0.1799949883333333,23.398258577063924,0.167729688074074,91.32651500417391,0.626361975,3.153013219417329,0.0179614702991453,1,0.18095321,24.957690834659,137.9234490212083,180.95321,0.7820044474906056,112.00024436865525,0.7254259111219442,0.7130200370171195,10258660590.427666,3136063.9873077604,1.0,,,,,,cpu,0,0,0,0,0,0,0,0,0,0,0,0,1,1,1,1,1
cholesky_N3072,cholesky,3072,matrix,cpu_ready,100,2.0,cpu,-3.700124535222541,gpu,39245.82612607459,970.1743926709073,970.1743926709073,2339.8258577063925,16.772968807407402,403.4748237264895,2.404547534615385,3945.234178777914,3.4874212113594742,9663676416.0,9.985142379358761,150994944.0,8.178962405374874,64.0,25.26890016566772,0.1799949883333333,23.398258577063924,0.167729688074074,91.32651500417391,0.626361975,3.153013219417329,0.0179614702991453,1,0.18095321,24.957690834659,137.9234490212083,180.95321,0.7820044474906056,112.00024436865525,0.7254259111219442,0.7130200370171195,10258660590.427666,3136063.9873077604,1.0,,,,,,cpu,0,0,0,0,0,0,0,0,0,0,0,0,1,1,1,1,1
cholesky_N3072,cholesky,3072,matrix,cpu_ready,1000,3.0,cpu,-4.177535331016731,gpu,3924582.6126074586,60188.41866386443,60188.41866386443,23398.258577063923,167.729688074074,3241.186721202085,18.56987080384615,6420.494639550443,3.4874212113594742,9663676416.0,9.985142379358761,150994944.0,8.178962405374874,64.0,25.26890016566772,0.1799949883333333,23.398258577063924,0.167729688074074,91.32651500417391,0.626361975,3.153013219417329,0.0179614702991453,1,0.18095321,24.957690834659,137.9234490212083,180.95321,0.7820044474906056,112.00024436865525,0.7254259111219442,0.7130200370171195,10258660590.427666,3136063.9873077604,1.0,,,,,,cpu,0,0,0,0,0,0,0,0,0,0,0,0,1,1,1,1,1
cholesky_N3072,cholesky,3072,matrix,gpu_ready,1,0.0,gpu,-4.385915907108147,gpu,4.548275390515525,0.05663275329337685,0.05663275329337685,25.26890016566772,0.1799949883333333,3.153013219417329,0.0179614702991453,7931.174763751848,3.4874212113594742,9663676416.0,9.985142379358761,150994944.0,8.178962405374874,64.0,25.26890016566772,0.1799949883333333,23.398258577063924,0.167729688074074,91.32651500417391,0.626361975,3.153013219417329,0.0179614702991453,1,0.531973938,77.46225489967654,145.61287568128296,106.3947876,,,,,,,,64383.60180963038,0.3020547859996855,0.0,1410.0,24.0,gpu,0,0,0,0,0,1,1,1,1,1,1,1,0,0,0,0,0
cholesky_N3072,cholesky,3072,matrix,gpu_ready,2,0.3010299956639812,gpu,-4.313533591981465,gpu,16.922772025484285,0.2265310131735074,0.2265310131735074,48.667158742731644,0.34772467640740734,6.306026438834658,0.0359229405982906,7370.399654515556,3.4874212113594742,9663676416.0,9.985142379358761,150994944.0,8.178962405374874,64.0,25.26890016566772,0.1799949883333333,23.398258577063924,0.167729688074074,91.32651500417391,0.626361975,3.153013219417329,0.0179614702991453,1,0.531973938,77.46225489967654,145.61287568128296,106.3947876,,,,,,,,64383.60180963038,0.3020547859996855,0.0,1410.0,24.0,gpu,0,0,0,0,0,1,1,1,1,1,1,1,0,0,0,0,0
cholesky_N3072,cholesky,3072,matrix,gpu_ready,3,0.47712125471966244,gpu,-4.288810977958336,gpu,37.14643388566796,0.5096947796403917,0.5096947796403917,72.06541731979557,0.5154543644814813,9.459039658251987,0.0538844108974359,7187.976131887427,3.4874212113594742,9663676416.0,9.985142379358761,150994944.0,8.178962405374874,64.0,25.26890016566772,0.1799949883333333,23.398258577063924,0.167729688074074,91.32651500417391,0.626361975,3.153013219417329,0.0179614702991453,1,0.531973938,77.46225489967654,145.61287568128296,106.3947876,,,,,,,,64383.60180963038,0.3020547859996855,0.0,1410.0,24.0,gpu,0,0,0,0,0,1,1,1,1,1,1,1,0,0,0,0,0
cholesky_N3072,cholesky,3072,matrix,gpu_ready,5,0.6989700043360189,gpu,-4.2688100433087195,gpu,101.14125328168006,1.4158188323344212,1.4158188323344212,118.86193447392341,0.8509137406296293,15.765066097086644,0.0898073514957265,7043.657858747154,3.4874212113594742,9663676416.0,9.985142379358761,150994944.0,8.178962405374874,64.0,25.26890016566772,0.1799949883333333,23.398258577063924,0.167729688074074,91.32651500417391,0.626361975,3.153013219417329,0.0179614702991453,1,0.531973938,77.46225489967654,145.61287568128296,106.3947876,,,,,,,,64383.60180963038,0.3020547859996855,0.0,1410.0,24.0,gpu,0,0,0,0,0,1,1,1,1,1,1,1,0,0,0,0,0
cholesky_N3072,cholesky,3072,matrix,gpu_ready,10,1.0,gpu,-4.253676719520709,gpu,398.48869321297144,5.663275329337685,5.663275329337685,235.85322735924305,1.6895621809999994,31.530132194173287,0.179614702991453,6936.364471786584,3.4874212113594742,9663676416.0,9.985142379358761,150994944.0,8.178962405374874,64.0,25.26890016566772,0.1799949883333333,23.398258577063924,0.167729688074074,91.32651500417391,0.626361975,3.153013219417329,0.0179614702991453,1,0.531973938,77.46225489967654,145.61287568128296,106.3947876,,,,,,,,64383.60180963038,0.3020547859996855,0.0,1410.0,24.0,gpu,0,0,0,0,0,1,1,1,1,1,1,1,0,0,0,0,0
cholesky_N3072,cholesky,3072,matrix,gpu_ready,30,1.4771212547196624,gpu,-4.243523718555348,gpu,3550.169759241866,50.969477964039164,50.969477964039164,703.8183989005215,5.0441559424814795,94.59039658251986,0.538844108974359,6865.285698524597,3.4874212113594742,9663676416.0,9.985142379358761,150994944.0,8.178962405374874,64.0,25.26890016566772,0.1799949883333333,23.398258577063924,0.167729688074074,91.32651500417391,0.626361975,3.153013219417329,0.0179614702991453,1,0.531973938,77.46225489967654,145.61287568128296,106.3947876,,,,,,,,64383.60180963038,0.3020547859996855,0.0,1410.0,24.0,gpu,0,0,0,0,0,1,1,1,1,1,1,1,0,0,0,0,0
cholesky_N3072,cholesky,3072,matrix,gpu_ready,100,2.0,gpu,-4.239957932205676,gpu,39305.92394976999,566.3275329337686,566.3275329337686,2341.696499294996,16.78523410766666,315.3013219417329,1.79614702991453,6840.493206493419,3.4874212113594742,9663676416.0,9.985142379358761,150994944.0,8.178962405374874,64.0,25.26890016566772,0.1799949883333333,23.398258577063924,0.167729688074074,91.32651500417391,0.626361975,3.153013219417329,0.0179614702991453,1,0.531973938,77.46225489967654,145.61287568128296,106.3947876,,,,,,,,64383.60180963038,0.3020547859996855,0.0,1410.0,24.0,gpu,0,0,0,0,0,1,1,1,1,1,1,1,0,0,0,0,0
cholesky_N3072,cholesky,3072,matrix,gpu_ready,1000,3.0,gpu,-4.238580853318718,gpu,3925183.3843485857,56632.753293376845,56632.753293376845,23400.129218652528,167.74195337433326,3153.013219417329,17.961470299145297,6830.942177603138,3.4874212113594742,9663676416.0,9.985142379358761,150994944.0,8.178962405374874,64.0,25.26890016566772,0.1799949883333333,23.398258577063924,0.167729688074074,91.32651500417391,0.626361975,3.153013219417329,0.0179614702991453,1,0.531973938,77.46225489967654,145.61287568128296,106.3947876,,,,,,,,64383.60180963038,0.3020547859996855,0.0,1410.0,24.0,gpu,0,0,0,0,0,1,1,1,1,1,1,1,0,0,0,0,0
cholesky_N3072,cholesky,3072,matrix,none_ready,1,0.0,none,2.531866195463817,cpu,4.548275390515525,57.20345630788151,4.548275390515525,25.26890016566772,0.1799949883333333,91.32651500417391,0.626361975,1157.6955306437098,3.4874212113594742,9663676416.0,9.985142379358761,150994944.0,8.178962405374874,64.0,25.26890016566772,0.1799949883333333,23.398258577063924,0.167729688074074,91.32651500417391,0.626361975,3.153013219417329,0.0179614702991453,1,,,,,,,,,,,,,,,,,,1,1,1,1,1,1,1,1,1,1,1,1,1,1,1,1,1
cholesky_N3072,cholesky,3072,matrix,none_ready,2,0.3010299956639812,none,1.280168571717409,cpu,16.922772025484285,60.875375135262146,16.922772025484285,48.667158742731644,0.34772467640740734,94.47952822359125,0.6443234452991453,259.72460684094136,3.4874212113594742,9663676416.0,9.985142379358761,150994944.0,8.178962405374874,64.0,25.26890016566772,0.1799949883333333,23.398258577063924,0.167729688074074,91.32651500417391,0.626361975,3.153013219417329,0.0179614702991453,1,,,,,,,,,,,,,,,,,,1,1,1,1,1,1,1,1,1,1,1,1,1,1,1,1,1
cholesky_N3072,cholesky,3072,matrix,none_ready,3,0.47712125471966244,none,0.5542836504920933,cpu,37.14643388566796,64.66055946922954,37.14643388566796,72.06541731979557,0.5154543644814813,97.63254144300858,0.6622849155982906,74.0693593044398,3.4874212113594742,9663676416.0,9.985142379358761,150994944.0,8.178962405374874,64.0,25.26890016566772,0.1799949883333333,23.398258577063924,0.167729688074074,91.32651500417391,0.626361975,3.153013219417329,0.0179614702991453,1,,,,,,,,,,,,,,,,,,1,1,1,1,1,1,1,1,1,1,1,1,1,1,1,1,1
cholesky_N3072,cholesky,3072,matrix,none_ready,5,0.6989700043360189,none,-0.33195648826133733,gpu,101.14125328168006,72.5707246569246,72.5707246569246,118.86193447392341,0.8509137406296293,103.93856788184323,0.6982078561965812,39.36922052221689,3.4874212113594742,9663676416.0,9.985142379358761,150994944.0,8.178962405374874,64.0,25.26890016566772,0.1799949883333333,23.398258577063924,0.167729688074074,91.32651500417391,0.626361975,3.153013219417329,0.0179614702991453,1,,,,,,,,,,,,,,,,,,1,1,1,1,1,1,1,1,1,1,1,1,1,1,1,1,1
cholesky_N3072,cholesky,3072,matrix,none_ready,10,1.0,none,-1.4408980435101195,gpu,398.48869321297144,94.32828399143041,94.32828399143041,235.85322735924305,1.6895621809999994,119.70363397892987,0.7880152076923077,322.4487887950698,3.4874212113594742,9663676416.0,9.985142379358761,150994944.0,8.178962405374874,64.0,25.26890016566772,0.1799949883333333,23.398258577063924,0.167729688074074,91.32651500417391,0.626361975,3.153013219417329,0.0179614702991453,1,,,,,,,,,,,,,,,,,,1,1,1,1,1,1,1,1,1,1,1,1,1,1,1,1,1
cholesky_N3072,cholesky,3072,matrix,none_ready,30,1.4771212547196624,none,-2.8291924745414763,gpu,3550.169759241866,209.6748979761421,209.6748979761421,703.8183989005215,5.0441559424814795,182.76389836727645,1.1472446136752137,1593.1782457077065,3.4874212113594742,9663676416.0,9.985142379358761,150994944.0,8.178962405374874,64.0,25.26890016566772,0.1799949883333333,23.398258577063924,0.167729688074074,91.32651500417391,0.626361975,3.153013219417329,0.0179614702991453,1,,,,,,,,,,,,,,,,,,1,1,1,1,1,1,1,1,1,1,1,1,1,1,1,1,1
cholesky_N3072,cholesky,3072,matrix,none_ready,100,2.0,none,-3.701654681536613,gpu,39305.92394976999,970.1743926709073,970.1743926709073,2341.696499294996,16.78523410766666,403.4748237264895,2.404547534615385,3951.428717012421,3.4874212113594742,9663676416.0,9.985142379358761,150994944.0,8.178962405374874,64.0,25.26890016566772,0.1799949883333333,23.398258577063924,0.167729688074074,91.32651500417391,0.626361975,3.153013219417329,0.0179614702991453,1,,,,,,,,,,,,,,,,,,1,1,1,1,1,1,1,1,1,1,1,1,1,1,1,1,1
cholesky_N3072,cholesky,3072,matrix,none_ready,1000,3.0,none,-4.177688398443845,gpu,3925183.3843485857,60188.41866386443,60188.41866386443,23400.129218652528,167.74195337433326,3241.186721202085,18.56987080384615,6421.492791278739,3.4874212113594742,9663676416.0,9.985142379358761,150994944.0,8.178962405374874,64.0,25.26890016566772,0.1799949883333333,23.398258577063924,0.167729688074074,91.32651500417391,0.626361975,3.153013219417329,0.0179614702991453,1,,,,,,,,,,,,,,,,,,1,1,1,1,1,1,1,1,1,1,1,1,1,1,1,1,1
cholesky_N384,cholesky,384,matrix,cpu_ready,1,0.0,cpu,12.734731264667932,cpu,0.00018444304666681905,62.5872405578772,0.00018444304666681905,0.1663631866218944,0.0011086770481622,95.08588771491893,0.658217976,33932998.421940416,2.584331224367531,18874368.0,7.27587241838293,2359296.0,6.372782431390986,8.0,0.2807757186204775,0.0035739523333333,0.1663631866218944,0.0011086770481622,95.08588771491893,0.658217976,0.1287987431980254,0.0008435550552451,1,0.003400718,0.1767222017431294,51.966144132835886,3.400718,2.026761250186506,0.8865945939456444,0.1174292337415837,0.3391746184712539,10248825772.628248,3053035.718899656,1.0,,,,,,cpu,0,0,0,0,0,0,0,0,0,0,0,0,1,1,1,1,1
cholesky_N384,cholesky,384,matrix,cpu_ready,2,0.3010299956639812,cpu,11.351071292091623,cpu,0.0007377721866672762,62.75233703603167,0.0007377721866672762,0.3327263732437888,0.0022173540963244,95.21468645811694,0.6590615310552451,8505552.30975995,2.584331224367531,18874368.0,7.27587241838293,2359296.0,6.372782431390986,8.0,0.2807757186204775,0.0035739523333333,0.1663631866218944,0.0011086770481622,95.08588771491893,0.658217976,0.1287987431980254,0.0008435550552451,1,0.003400718,0.1767222017431294,51.966144132835886,3.400718,2.026761250186506,0.8865945939456444,0.1174292337415837,0.3391746184712539,10248825772.628248,3053035.718899656,1.0,,,,,,cpu,0,0,0,0,0,0,0,0,0,0,0,0,1,1,1,1,1
cholesky_N384,cholesky,384,matrix,cpu_ready,3,0.47712125471966244,cpu,10.542771996336134,cpu,0.0016599874200013715,62.917650811848006,0.0016599874200013715,0.49908955986568315,0.0033260311444866,95.34348520131498,0.6599050861104901,3790148.65211304,2.584331224367531,18874368.0,7.27587241838293,2359296.0,6.372782431390986,8.0,0.2807757186204775,0.0035739523333333,0.1663631866218944,0.0011086770481622,95.08588771491893,0.658217976,0.1287987431980254,0.0008435550552451,1,0.003400718,0.1767222017431294,51.966144132835886,3.400718,2.026761250186506,0.8865945939456444,0.1174292337415837,0.3391746184712539,10248825772.628248,3053035.718899656,1.0,,,,,,cpu,0,0,0,0,0,0,0,0,0,0,0,0,1,1,1,1,1
cholesky_N384,cholesky,384,matrix,cpu_ready,5,0.6989700043360189,cpu,9.526372221946206,cpu,0.0046110761666704764,63.24893025646629,0.0046110761666704764,0.831815933109472,0.005543385240810999,95.60108268771103,0.6615921962209804,1371573.9427042797,2.584331224367531,18874368.0,7.27587241838293,2359296.0,6.372782431390986,8.0,0.2807757186204775,0.0035739523333333,0.1663631866218944,0.0011086770481622,95.08588771491893,0.658217976,0.1287987431980254,0.0008435550552451,1,0.003400718,0.1767222017431294,51.966144132835886,3.400718,2.026761250186506,0.8865945939456444,0.1174292337415837,0.3391746184712539,10248825772.628248,3053035.718899656,1.0,,,,,,cpu,0,0,0,0,0,0,0,0,0,0,0,0,1,1,1,1,1
cholesky_N384,cholesky,384,matrix,cpu_ready,10,1.0,cpu,8.153146486677342,cpu,0.018444304666681906,64.08093157709466,0.018444304666681906,1.663631866218944,0.011086770481621998,96.24507640370115,0.6658099714972059,347329.3703944909,2.584331224367531,18874368.0,7.27587241838293,2359296.0,6.372782431390986,8.0,0.2807757186204775,0.0035739523333333,0.1663631866218944,0.0011086770481622,95.08588771491893,0.658217976,0.1287987431980254,0.0008435550552451,1,0.003400718,0.1767222017431294,51.966144132835886,3.400718,2.026761250186506,0.8865945939456444,0.1174292337415837,0.3391746184712539,10248825772.628248,3053035.718899656,1.0,,,,,,cpu,0,0,0,0,0,0,0,0,0,0,0,0,1,1,1,1,1
cholesky_N384,cholesky,384,matrix,cpu_ready,30,1.4771212547196624,cpu,6.007358241266211,cpu,0.16599874200013717,67.46326127507515,0.16599874200013717,4.990895598656832,0.033260311444866,98.82105126766166,0.6826810726021079,40540.826829289705,2.584331224367531,18874368.0,7.27587241838293,2359296.0,6.372782431390986,8.0,0.2807757186204775,0.0035739523333333,0.1663631866218944,0.0011086770481622,95.08588771491893,0.658217976,0.1287987431980254,0.0008435550552451,1,0.003400718,0.1767222017431294,51.966144132835886,3.400718,2.026761250186506,0.8865945939456444,0.1174292337415837,0.3391746184712539,10248825772.628248,3053035.718899656,1.0,,,,,,cpu,0,0,0,0,0,0,0,0,0,0,0,0,1,1,1,1,1
cholesky_N384,cholesky,384,matrix,cpu_ready,100,2.0,cpu,3.7696798651223062,cpu,1.8444304666681905,79.9859028528905,1.8444304666681905,16.63631866218944,0.11086770481621999,107.83696329152343,0.7417299264692649,4236.61795867959,2.584331224367531,18874368.0,7.27587241838293,2359296.0,6.372782431390986,8.0,0.2807757186204775,0.0035739523333333,0.1663631866218944,0.0011086770481622,95.08588771491893,0.658217976,0.1287987431980254,0.0008435550552451,1,0.003400718,0.1767222017431294,51.966144132835886,3.400718,2.026761250186506,0.8865945939456444,0.1174292337415837,0.3391746184712539,10248825772.628248,3053035.718899656,1.0,,,,,,cpu,0,0,0,0,0,0,0,0,0,0,0,0,1,1,1,1,1
cholesky_N384,cholesky,384,matrix,cpu_ready,1000,3.0,cpu,0.5992992637022685,cpu,184.44304666681904,335.84172397296237,184.44304666681904,166.36318662189439,1.1086770481622,223.7558321697463,1.5009294761898548,82.08424228625566,2.584331224367531,18874368.0,7.27587241838293,2359296.0,6.372782431390986,8.0,0.2807757186204775,0.0035739523333333,0.1663631866218944,0.0011086770481622,95.08588771491893,0.658217976,0.1287987431980254,0.0008435550552451,1,0.003400718,0.1767222017431294,51.966144132835886,3.400718,2.026761250186506,0.8865945939456444,0.1174292337415837,0.3391746184712539,10248825772.628248,3053035.718899656,1.0,,,,,,cpu,0,0,0,0,0,0,0,0,0,0,0,0,1,1,1,1,1
cholesky_N384,cholesky,384,matrix,gpu_ready,1,0.0,gpu,-2.223107329130384,gpu,0.0010034790347069897,0.00010864883093390977,0.00010864883093390977,0.2807757186204775,0.0035739523333333,0.1287987431980254,0.0008435550552451,823.5985570037086,2.584331224367531,18874368.0,7.27587241838293,2359296.0,6.372782431390986,8.0,0.2807757186204775,0.0035739523333333,0.1663631866218944,0.0011086770481622,95.08588771491893,0.658217976,0.1287987431980254,0.0008435550552451,1,0.524400356,82.9361075890981,158.15417865410086,104.8800712,,,,,,,,62816.7430293373,0.0,0.0,1410.0,24.314588871102902,gpu,0,0,0,0,0,1,1,1,1,1,1,1,0,0,0,0,0
cholesky_N384,cholesky,384,matrix,gpu_ready,2,0.3010299956639812,gpu,-1.5723137742994906,gpu,0.002093785775297663,0.00043459532373563907,0.00043459532373563907,0.4471389052423719,0.0046826293814955,0.2575974863960508,0.0016871101104902,381.7782569080969,2.584331224367531,18874368.0,7.27587241838293,2359296.0,6.372782431390986,8.0,0.2807757186204775,0.0035739523333333,0.1663631866218944,0.0011086770481622,95.08588771491893,0.658217976,0.1287987431980254,0.0008435550552451,1,0.524400356,82.9361075890981,158.15417865410086,104.8800712,,,,,,,,62816.7430293373,0.0,0.0,1410.0,24.314588871102902,gpu,0,0,0,0,0,1,1,1,1,1,1,1,0,0,0,0,0
cholesky_N384,cholesky,384,matrix,gpu_ready,3,0.47712125471966244,gpu,-1.2901960514657915,gpu,0.003552978609221974,0.0009778394784051877,0.0009778394784051877,0.6135020918642663,0.0057913064296577,0.38639622959407616,0.0025306651657353,263.34988387017495,2.584331224367531,18874368.0,7.27587241838293,2359296.0,6.372782431390986,8.0,0.2807757186204775,0.0035739523333333,0.1663631866218944,0.0011086770481622,95.08588771491893,0.658217976,0.1287987431980254,0.0008435550552451,1,0.524400356,82.9361075890981,158.15417865410086,104.8800712,,,,,,,,62816.7430293373,0.0,0.0,1410.0,24.314588871102902,gpu,0,0,0,0,0,1,1,1,1,1,1,1,0,0,0,0,0
cholesky_N384,cholesky,384,matrix,gpu_ready,5,0.6989700043360189,gpu,-1.0260107966409147,gpu,0.00757802255707151,0.002716220773347744,0.002716220773347744,0.946228465108055,0.008008660525982099,0.643993715990127,0.0042177752762255,178.99140715765867,2.584331224367531,18874368.0,7.27587241838293,2359296.0,6.372782431390986,8.0,0.2807757186204775,0.0035739523333333,0.1663631866218944,0.0011086770481622,95.08588771491893,0.658217976,0.1287987431980254,0.0008435550552451,1,0.524400356,82.9361075890981,158.15417865410086,104.8800712,,,,,,,,62816.7430293373,0.0,0.0,1410.0,24.314588871102902,gpu,0,0,0,0,0,1,1,1,1,1,1,1,0,0,0,0,0
cholesky_N384,cholesky,384,matrix,gpu_ready,10,1.0,gpu,-0.7965157689612749,gpu,0.024096139060034022,0.010864883093390976,0.010864883093390976,1.7780443982175271,0.0135520457667931,1.287987431980254,0.008435550552451,121.78001229200078,2.584331224367531,18874368.0,7.27587241838293,2359296.0,6.372782431390986,8.0,0.2807757186204775,0.0035739523333333,0.1663631866218944,0.0011086770481622,95.08588771491893,0.658217976,0.1287987431980254,0.0008435550552451,1,0.524400356,82.9361075890981,158.15417865410086,104.8800712,,,,,,,,62816.7430293373,0.0,0.0,1410.0,24.314588871102902,gpu,0,0,0,0,0,1,1,1,1,1,1,1,0,0,0,0,0
cholesky_N384,cholesky,384,matrix,gpu_ready,30,1.4771212547196624,gpu,-0.6233875245311217,gpu,0.18239012840529356,0.09778394784051879,0.09778394784051879,5.1053081306554144,0.0357255867300371,3.863962295940762,0.025306651657353,86.52358841429029,2.584331224367531,18874368.0,7.27587241838293,2359296.0,6.372782431390986,8.0,0.2807757186204775,0.0035739523333333,0.1663631866218944,0.0011086770481622,95.08588771491893,0.658217976,0.1287987431980254,0.0008435550552451,1,0.524400356,82.9361075890981,158.15417865410086,104.8800712,,,,,,,,62816.7430293373,0.0,0.0,1410.0,24.314588871102902,gpu,0,0,0,0,0,1,1,1,1,1,1,1,0,0,0,0,0
cholesky_N384,cholesky,384,matrix,gpu_ready,100,2.0,gpu,-0.5580660831760663,gpu,1.8984102851146623,1.0864883093390976,1.0864883093390976,16.750731194188024,0.11333298010139109,12.87987431980254,0.08435550552451,74.72901169727731,2.584331224367531,18874368.0,7.27587241838293,2359296.0,6.372782431390986,8.0,0.2807757186204775,0.0035739523333333,0.1663631866218944,0.0011086770481622,95.08588771491893,0.658217976,0.1287987431980254,0.0008435550552451,1,0.524400356,82.9361075890981,158.15417865410086,104.8800712,,,,,,,,62816.7430293373,0.0,0.0,1410.0,24.314588871102902,gpu,0,0,0,0,0,1,1,1,1,1,1,1,0,0,0,0,0
cholesky_N384,cholesky,384,matrix,gpu_ready,1000,3.0,gpu,-0.5321284204015362,gpu,184.98030632579673,108.64883093390975,108.64883093390975,166.47759915389298,1.111142323447371,128.7987431980254,0.8435550552451,70.25522017656944,2.584331224367531,18874368.0,7.27587241838293,2359296.0,6.372782431390986,8.0,0.2807757186204775,0.0035739523333333,0.1663631866218944,0.0011086770481622,95.08588771491893,0.658217976,0.1287987431980254,0.0008435550552451,1,0.524400356,82.9361075890981,158.15417865410086,104.8800712,,,,,,,,62816.7430293373,0.0,0.0,1410.0,24.314588871102902,gpu,0,0,0,0,0,1,1,1,1,1,1,1,0,0,0,0,0
cholesky_N384,cholesky,384,matrix,none_ready,1,0.0,none,11.040843714493425,cpu,0.0010034790347069897,62.5872405578772,0.0010034790347069897,0.2807757186204775,0.0035739523333333,95.08588771491893,0.658217976,6236925.228549227,2.584331224367531,18874368.0,7.27587241838293,2359296.0,6.372782431390986,8.0,0.2807757186204775,0.0035739523333333,0.1663631866218944,0.0011086770481622,95.08588771491893,0.658217976,0.1287987431980254,0.0008435550552451,1,,,,,,,,,,,,,,,,,,1,1,1,1,1,1,1,1,1,1,1,1,1,1,1,1,1
cholesky_N384,cholesky,384,matrix,none_ready,2,0.3010299956639812,none,10.307977296748009,cpu,0.002093785775297663,62.75233703603167,0.002093785775297663,0.4471389052423719,0.0046826293814955,95.21468645811694,0.6590615310552451,2996975.3348494065,2.584331224367531,18874368.0,7.27587241838293,2359296.0,6.372782431390986,8.0,0.2807757186204775,0.0035739523333333,0.1663631866218944,0.0011086770481622,95.08588771491893,0.658217976,0.1287987431980254,0.0008435550552451,1,,,,,,,,,,,,,,,,,,1,1,1,1,1,1,1,1,1,1,1,1,1,1,1,1,1
cholesky_N384,cholesky,384,matrix,none_ready,3,0.47712125471966244,none,9.78179572382622,cpu,0.003552978609221974,62.917650811848006,0.003552978609221974,0.6135020918642663,0.0057913064296577,95.34348520131498,0.6599050861104901,1770742.3757053134,2.584331224367531,18874368.0,7.27587241838293,2359296.0,6.372782431390986,8.0,0.2807757186204775,0.0035739523333333,0.1663631866218944,0.0011086770481622,95.08588771491893,0.658217976,0.1287987431980254,0.0008435550552451,1,,,,,,,,,,,,,,,,,,1,1,1,1,1,1,1,1,1,1,1,1,1,1,1,1,1
cholesky_N384,cholesky,384,matrix,none_ready,5,0.6989700043360189,none,9.029581204261168,cpu,0.00757802255707151,63.24893025646629,0.00757802255707151,0.946228465108055,0.008008660525982099,95.60108268771103,0.6615921962209804,834536.3418705438,2.584331224367531,18874368.0,7.27587241838293,2359296.0,6.372782431390986,8.0,0.2807757186204775,0.0035739523333333,0.1663631866218944,0.0011086770481622,95.08588771491893,0.658217976,0.1287987431980254,0.0008435550552451,1,,,,,,,,,,,,,,,,,,1,1,1,1,1,1,1,1,1,1,1,1,1,1,1,1,1
cholesky_N384,cholesky,384,matrix,none_ready,10,1.0,none,7.885850496671944,cpu,0.024096139060034022,64.08093157709466,0.024096139060034022,1.7780443982175271,0.0135520457667931,96.24507640370115,0.6658099714972059,265838.58633302635,2.584331224367531,18874368.0,7.27587241838293,2359296.0,6.372782431390986,8.0,0.2807757186204775,0.0035739523333333,0.1663631866218944,0.0011086770481622,95.08588771491893,0.658217976,0.1287987431980254,0.0008435550552451,1,,,,,,,,,,,,,,,,,,1,1,1,1,1,1,1,1,1,1,1,1,1,1,1,1,1
cholesky_N384,cholesky,384,matrix,none_ready,30,1.4771212547196624,none,5.913190495690967,cpu,0.18239012840529356,67.46326127507515,0.18239012840529356,5.1053081306554144,0.0357255867300371,98.82105126766166,0.6826810726021079,36888.43893851722,2.584331224367531,18874368.0,7.27587241838293,2359296.0,6.372782431390986,8.0,0.2807757186204775,0.0035739523333333,0.1663631866218944,0.0011086770481622,95.08588771491893,0.658217976,0.1287987431980254,0.0008435550552451,1,,,,,,,,,,,,,,,,,,1,1,1,1,1,1,1,1,1,1,1,1,1,1,1,1,1
cholesky_N384,cholesky,384,matrix,none_ready,100,2.0,none,3.7408335609021166,cpu,1.8984102851146623,79.9859028528905,1.8984102851146623,16.750731194188024,0.11333298010139109,107.83696329152343,0.7417299264692649,4113.309603306297,2.584331224367531,18874368.0,7.27587241838293,2359296.0,6.372782431390986,8.0,0.2807757186204775,0.0035739523333333,0.1663631866218944,0.0011086770481622,95.08588771491893,0.658217976,0.1287987431980254,0.0008435550552451,1,,,,,,,,,,,,,,,,,,1,1,1,1,1,1,1,1,1,1,1,1,1,1,1,1,1
cholesky_N384,cholesky,384,matrix,none_ready,1000,3.0,none,0.5963906222566089,cpu,184.98030632579673,335.84172397296237,184.98030632579673,166.47759915389298,1.111142323447371,223.7558321697463,1.5009294761898548,81.55539400040826,2.584331224367531,18874368.0,7.27587241838293,2359296.0,6.372782431390986,8.0,0.2807757186204775,0.0035739523333333,0.1663631866218944,0.0011086770481622,95.08588771491893,0.658217976,0.1287987431980254,0.0008435550552451,1,,,,,,,,,,,,,,,,,,1,1,1,1,1,1,1,1,1,1,1,1,1,1,1,1,1
cholesky_N4096,cholesky,4096,matrix,cpu_ready,1,0.0,cpu,1.1115870231253422,cpu,14.595462825635362,44.358206813962035,14.595462825635362,45.32526142780849,0.3220160759333333,81.8105893614204,0.542206176,203.91778146323398,3.612359947967774,22906492245.333332,10.35995858918366,268435456.0,8.428839878591473,85.33333333333333,47.84105144742104,0.3428680903333334,45.32526142780849,0.3220160759333333,81.8105893614204,0.542206176,5.616986871564177,0.0310267074791666,1,0.342613209,48.15004136791032,140.53760947643534,342.613209,0.8174273300468992,121.27801823576668,0.8009946356247369,0.7039192093647085,11617159690.218763,3043675.9750491013,1.0,,,,,,cpu,0,0,0,0,0,0,0,0,0,0,0,0,1,1,1,1,1
cholesky_N4096,cholesky,4096,matrix,cpu_ready,2,0.3010299956639812,cpu,-0.15265754215964888,gpu,58.38185130254145,50.1163616196284,50.1163616196284,90.65052285561698,0.6440321518666666,87.42757623298458,0.5732328834791666,16.492597259246804,3.612359947967774,22906492245.333332,10.35995858918366,268435456.0,8.428839878591473,85.33333333333333,47.84105144742104,0.3428680903333334,45.32526142780849,0.3220160759333333,81.8105893614204,0.542206176,5.616986871564177,0.0310267074791666,1,0.342613209,48.15004136791032,140.53760947643534,342.613209,0.8174273300468992,121.27801823576668,0.8009946356247369,0.7039192093647085,11617159690.218763,3043675.9750491013,1.0,,,,,,cpu,0,0,0,0,0,0,0,0,0,0,0,0,1,1,1,1,1
cholesky_N4096,cholesky,4096,matrix,cpu_ready,3,0.47712125471966244,cpu,-0.8486081278560275,gpu,131.35916543071826,56.22306964245145,56.22306964245145,135.97578428342547,0.9660482278,93.04456310454876,0.6042595909583331,133.63926279033154,3.612359947967774,22906492245.333332,10.35995858918366,268435456.0,8.428839878591473,85.33333333333333,47.84105144742104,0.3428680903333334,45.32526142780849,0.3220160759333333,81.8105893614204,0.542206176,5.616986871564177,0.0310267074791666,1,0.342613209,48.15004136791032,140.53760947643534,342.613209,0.8174273300468992,121.27801823576668,0.8009946356247369,0.7039192093647085,11617159690.218763,3043675.9750491013,1.0,,,,,,cpu,0,0,0,0,0,0,0,0,0,0,0,0,1,1,1,1,1
cholesky_N4096,cholesky,4096,matrix,cpu_ready,5,0.6989700043360189,cpu,-1.6585167219405623,gpu,364.8865706408841,69.4821453395676,69.4821453395676,226.62630713904247,1.6100803796666665,104.2785368476771,0.6663130059166664,425.15156067452955,3.612359947967774,22906492245.333332,10.35995858918366,268435456.0,8.428839878591473,85.33333333333333,47.84105144742104,0.3428680903333334,45.32526142780849,0.3220160759333333,81.8105893614204,0.542206176,5.616986871564177,0.0310267074791666,1,0.342613209,48.15004136791032,140.53760947643534,342.613209,0.8174273300468992,121.27801823576668,0.8009946356247369,0.7039192093647085,11617159690.218763,3043675.9750491013,1.0,,,,,,cpu,0,0,0,0,0,0,0,0,0,0,0,0,1,1,1,1,1
cholesky_N4096,cholesky,4096,matrix,cpu_ready,10,1.0,cpu,-2.5970176085107317,gpu,1459.5462825635364,108.72951588259987,108.72951588259987,453.25261427808493,3.220160759333333,132.363471205498,0.8214465433124993,1242.364371546981,3.612359947967774,22906492245.333332,10.35995858918366,268435456.0,8.428839878591473,85.33333333333333,47.84105144742104,0.3428680903333334,45.32526142780849,0.3220160759333333,81.8105893614204,0.542206176,5.616986871564177,0.0310267074791666,1,0.342613209,48.15004136791032,140.53760947643534,342.613209,0.8174273300468992,121.27801823576668,0.8009946356247369,0.7039192093647085,11617159690.218763,3043675.9750491013,1.0,,,,,,cpu,0,0,0,0,0,0,0,0,0,0,0,0,1,1,1,1,1
cholesky_N4096,cholesky,4096,matrix,cpu_ready,30,1.4771212547196624,cpu,-3.6170417458202304,gpu,13135.916543071826,352.85730234389945,352.85730234389945,1359.7578428342547,9.660482278,244.70320863678154,1.4419806928958314,3622.727702052595,3.612359947967774,22906492245.333332,10.35995858918366,268435456.0,8.428839878591473,85.33333333333333,47.84105144742104,0.3428680903333334,45.32526142780849,0.3220160759333333,81.8105893614204,0.542206176,5.616986871564177,0.0310267074791666,1,0.342613209,48.15004136791032,140.53760947643534,342.613209,0.8174273300468992,121.27801823576668,0.8009946356247369,0.7039192093647085,11617159690.218763,3043675.9750491013,1.0,,,,,,cpu,0,0,0,0,0,0,0,0,0,0,0,0,1,1,1,1,1
cholesky_N4096,cholesky,4096,matrix,cpu_ready,100,2.0,cpu,-4.148107896996618,gpu,145954.6282563536,2305.2471890019956,2305.2471890019956,4532.526142780849,32.20160759333333,637.892289646274,3.6138502164374935,6231.409011262751,3.612359947967774,22906492245.333332,10.35995858918366,268435456.0,8.428839878591473,85.33333333333333,47.84105144742104,0.3428680903333334,45.32526142780849,0.3220160759333333,81.8105893614204,0.542206176,5.616986871564177,0.0310267074791666,1,0.342613209,48.15004136791032,140.53760947643534,342.613209,0.8174273300468992,121.27801823576668,0.8009946356247369,0.7039192093647085,11617159690.218763,3043675.9750491013,1.0,,,,,,cpu,0,0,0,0,0,0,0,0,0,0,0,0,1,1,1,1,1
cholesky_N4096,cholesky,4096,matrix,cpu_ready,1000,3.0,cpu,-4.398007360180103,gpu,14595462.825635362,179550.88216349765,179550.88216349765,45325.261427808495,322.0160759333333,5693.180474054033,31.537886947687433,8028.872801830539,3.612359947967774,22906492245.333332,10.35995858918366,268435456.0,8.428839878591473,85.33333333333333,47.84105144742104,0.3428680903333334,45.32526142780849,0.3220160759333333,81.8105893614204,0.542206176,5.616986871564177,0.0310267074791666,1,0.342613209,48.15004136791032,140.53760947643534,342.613209,0.8174273300468992,121.27801823576668,0.8009946356247369,0.7039192093647085,11617159690.218763,3043675.9750491013,1.0,,,,,,cpu,0,0,0,0,0,0,0,0,0,0,0,0,1,1,1,1,1
cholesky_N4096,cholesky,4096,matrix,gpu_ready,1,0.0,gpu,-4.544586143281555,gpu,16.403169949316005,0.17427660857834085,0.17427660857834085,47.84105144742104,0.3428680903333334,5.616986871564177,0.0310267074791666,9312.146634665804,3.612359947967774,22906492245.333332,10.35995858918366,268435456.0,8.428839878591473,85.33333333333333,47.84105144742104,0.3428680903333334,45.32526142780849,0.3220160759333333,81.8105893614204,0.542206176,5.616986871564177,0.0310267074791666,1,0.524410246,83.87958729688145,159.9503212164193,104.8820492,,,,,,,,63175.02391898728,0.0,0.0,1410.0,25.0,gpu,0,0,0,0,0,1,1,1,1,1,1,1,0,0,0,0,0
cholesky_N4096,cholesky,4096,matrix,gpu_ready,2,0.3010299956639812,gpu,-4.4870609433697135,gpu,61.9448062601864,0.6971064343133634,0.6971064343133634,93.16631287522952,0.6648841662666667,11.233973743128354,0.0620534149583332,8785.989744335218,3.612359947967774,22906492245.333332,10.35995858918366,268435456.0,8.428839878591473,85.33333333333333,47.84105144742104,0.3428680903333334,45.32526142780849,0.3220160759333333,81.8105893614204,0.542206176,5.616986871564177,0.0310267074791666,1,0.524410246,83.87958729688145,159.9503212164193,104.8820492,,,,,,,,63175.02391898728,0.0,0.0,1410.0,25.0,gpu,0,0,0,0,0,1,1,1,1,1,1,1,0,0,0,0,0
cholesky_N4096,cholesky,4096,matrix,gpu_ready,3,0.47712125471966244,gpu,-4.467510132231221,gpu,136.67736822232752,1.5684894772050677,1.5684894772050677,138.49157430303802,0.9869002421999999,16.850960614692532,0.0930801224374998,8613.948688127412,3.612359947967774,22906492245.333332,10.35995858918366,268435456.0,8.428839878591473,85.33333333333333,47.84105144742104,0.3428680903333334,45.32526142780849,0.3220160759333333,81.8105893614204,0.542206176,5.616986871564177,0.0310267074791666,1,0.524410246,83.87958729688145,159.9503212164193,104.8820492,,,,,,,,63175.02391898728,0.0,0.0,1410.0,25.0,gpu,0,0,0,0,0,1,1,1,1,1,1,1,0,0,0,0,0
cholesky_N4096,cholesky,4096,matrix,gpu_ready,5,0.6989700043360189,gpu,-4.451729907572024,gpu,373.71526910042195,4.356915214458521,4.356915214458521,229.14209715865502,1.6309323940666667,28.084934357820885,0.155133537395833,8477.51988976603,3.612359947967774,22906492245.333332,10.35995858918366,268435456.0,8.428839878591473,85.33333333333333,47.84105144742104,0.3428680903333334,45.32526142780849,0.3220160759333333,81.8105893614204,0.542206176,5.616986871564177,0.0310267074791666,1,0.524410246,83.87958729688145,159.9503212164193,104.8820492,,,,,,,,63175.02391898728,0.0,0.0,1410.0,25.0,gpu,0,0,0,0,0,1,1,1,1,1,1,1,0,0,0,0,0
cholesky_N4096,cholesky,4096,matrix,gpu_ready,10,1.0,gpu,-4.439812012179269,gpu,1477.1512201928956,17.427660857834084,17.427660857834084,455.76840429769743,3.2410127737333334,56.16986871564177,0.310267074791666,8375.900651514494,3.612359947967774,22906492245.333332,10.35995858918366,268435456.0,8.428839878591473,85.33333333333333,47.84105144742104,0.3428680903333334,45.32526142780849,0.3220160759333333,81.8105893614204,0.542206176,5.616986871564177,0.0310267074791666,1,0.524410246,83.87958729688145,159.9503212164193,104.8820492,,,,,,,,63175.02391898728,0.0,0.0,1410.0,25.0,gpu,0,0,0,0,0,1,1,1,1,1,1,1,0,0,0,0,0
cholesky_N4096,cholesky,4096,matrix,gpu_ready,30,1.4771212547196624,gpu,-4.43182687783582,gpu,13188.62643738047,156.84894772050677,156.84894772050677,1362.2736328538672,9.681334292399999,168.5096061469253,0.930801224374998,8308.488950070374,3.612359947967774,22906492245.333332,10.35995858918366,268435456.0,8.428839878591473,85.33333333333333,47.84105144742104,0.3428680903333334,45.32526142780849,0.3220160759333333,81.8105893614204,0.542206176,5.616986871564177,0.0310267074791666,1,0.524410246,83.87958729688145,159.9503212164193,104.8820492,,,,,,,,63175.02391898728,0.0,0.0,1410.0,25.0,gpu,0,0,0,0,0,1,1,1,1,1,1,1,0,0,0,0,0
cholesky_N4096,cholesky,4096,matrix,gpu_ready,100,2.0,gpu,-4.429024487304023,gpu,146130.2054990398,1742.7660857834085,1742.7660857834085,4535.041932800462,32.222459607733335,561.6986871564177,3.10267074791666,8284.95806701169,3.612359947967774,22906492245.333332,10.35995858918366,268435456.0,8.428839878591473,85.33333333333333,47.84105144742104,0.3428680903333334,45.32526142780849,0.3220160759333333,81.8105893614204,0.542206176,5.616986871564177,0.0310267074791666,1,0.524410246,83.87958729688145,159.9503212164193,104.8820492,,,,,,,,63175.02391898728,0.0,0.0,1410.0,25.0,gpu,0,0,0,0,0,1,1,1,1,1,1,1,0,0,0,0,0
cholesky_N4096,cholesky,4096,matrix,gpu_ready,1000,3.0,gpu,-4.4279425087764,gpu,14597218.125928618,174276.60857834085,174276.60857834085,45327.77721782811,322.0369279477333,5616.986871564177,31.0267074791666,8275.890628699533,3.612359947967774,22906492245.333332,10.35995858918366,268435456.0,8.428839878591473,85.33333333333333,47.84105144742104,0.3428680903333334,45.32526142780849,0.3220160759333333,81.8105893614204,0.542206176,5.616986871564177,0.0310267074791666,1,0.524410246,83.87958729688145,159.9503212164193,104.8820492,,,,,,,,63175.02391898728,0.0,0.0,1410.0,25.0,gpu,0,0,0,0,0,1,1,1,1,1,1,1,0,0,0,0,0
cholesky_N4096,cholesky,4096,matrix,none_ready,1,0.0,none,0.9948231324300632,cpu,16.403169949316005,44.358206813962035,16.403169949316005,47.84105144742104,0.3428680903333334,81.8105893614204,0.542206176,170.42460055601464,3.612359947967774,22906492245.333332,10.35995858918366,268435456.0,8.428839878591473,85.33333333333333,47.84105144742104,0.3428680903333334,45.32526142780849,0.3220160759333333,81.8105893614204,0.542206176,5.616986871564177,0.0310267074791666,1,,,,,,,,,,,,,,,,,,1,1,1,1,1,1,1,1,1,1,1,1,1,1,1,1,1
cholesky_N4096,cholesky,4096,matrix,none_ready,2,0.3010299956639812,none,-0.21189623294308674,gpu,61.9448062601864,50.1163616196284,50.1163616196284,93.16631287522952,0.6648841662666667,87.42757623298458,0.5732328834791666,23.60196203055034,3.612359947967774,22906492245.333332,10.35995858918366,268435456.0,8.428839878591473,85.33333333333333,47.84105144742104,0.3428680903333334,45.32526142780849,0.3220160759333333,81.8105893614204,0.542206176,5.616986871564177,0.0310267074791666,1,,,,,,,,,,,,,,,,,,1,1,1,1,1,1,1,1,1,1,1,1,1,1,1,1,1
cholesky_N4096,cholesky,4096,matrix,none_ready,3,0.47712125471966244,none,-0.888296007500973,gpu,136.67736822232752,56.22306964245145,56.22306964245145,138.49157430303802,0.9869002421999999,93.04456310454876,0.6042595909583331,143.09837419323105,3.612359947967774,22906492245.333332,10.35995858918366,268435456.0,8.428839878591473,85.33333333333333,47.84105144742104,0.3428680903333334,45.32526142780849,0.3220160759333333,81.8105893614204,0.542206176,5.616986871564177,0.0310267074791666,1,,,,,,,,,,,,,,,,,,1,1,1,1,1,1,1,1,1,1,1,1,1,1,1,1,1
cholesky_N4096,cholesky,4096,matrix,none_ready,5,0.6989700043360189,none,-1.68242437692631,gpu,373.71526910042195,69.4821453395676,69.4821453395676,229.14209715865502,1.6309323940666667,104.2785368476771,0.6663130059166664,437.8579882270913,3.612359947967774,22906492245.333332,10.35995858918366,268435456.0,8.428839878591473,85.33333333333333,47.84105144742104,0.3428680903333334,45.32526142780849,0.3220160759333333,81.8105893614204,0.542206176,5.616986871564177,0.0310267074791666,1,,,,,,,,,,,,,,,,,,1,1,1,1,1,1,1,1,1,1,1,1,1,1,1,1,1
cholesky_N4096,cholesky,4096,matrix,none_ready,10,1.0,none,-2.6090073681037245,gpu,1477.1512201928956,108.72951588259987,108.72951588259987,455.76840429769743,3.2410127737333334,132.363471205498,0.8214465433124993,1258.555869767545,3.612359947967774,22906492245.333332,10.35995858918366,268435456.0,8.428839878591473,85.33333333333333,47.84105144742104,0.3428680903333334,45.32526142780849,0.3220160759333333,81.8105893614204,0.542206176,5.616986871564177,0.0310267074791666,1,,,,,,,,,,,,,,,,,,1,1,1,1,1,1,1,1,1,1,1,1,1,1,1,1,1
cholesky_N4096,cholesky,4096,matrix,none_ready,30,1.4771212547196624,none,-3.6210463710697742,gpu,13188.62643738047,352.85730234389945,352.85730234389945,1362.2736328538672,9.681334292399999,244.70320863678154,1.4419806928958314,3637.6657220279535,3.612359947967774,22906492245.333332,10.35995858918366,268435456.0,8.428839878591473,85.33333333333333,47.84105144742104,0.3428680903333334,45.32526142780849,0.3220160759333333,81.8105893614204,0.542206176,5.616986871564177,0.0310267074791666,1,,,,,,,,,,,,,,,,,,1,1,1,1,1,1,1,1,1,1,1,1,1,1,1,1,1
cholesky_N4096,cholesky,4096,matrix,none_ready,100,2.0,none,-4.149310131714365,gpu,146130.2054990398,2305.2471890019956,2305.2471890019956,4535.041932800462,32.222459607733335,637.892289646274,3.6138502164374935,6239.025428431541,3.612359947967774,22906492245.333332,10.35995858918366,268435456.0,8.428839878591473,85.33333333333333,47.84105144742104,0.3428680903333334,45.32526142780849,0.3220160759333333,81.8105893614204,0.542206176,5.616986871564177,0.0310267074791666,1,,,,,,,,,,,,,,,,,,1,1,1,1,1,1,1,1,1,1,1,1,1,1,1,1,1
cholesky_N4096,cholesky,4096,matrix,none_ready,1000,3.0,none,-4.398127616370227,gpu,14597218.125928618,179550.88216349765,179550.88216349765,45327.77721782811,322.0369279477333,5693.180474054033,31.537886947687433,8029.850407884102,3.612359947967774,22906492245.333332,10.35995858918366,268435456.0,8.428839878591473,85.33333333333333,47.84105144742104,0.3428680903333334,45.32526142780849,0.3220160759333333,81.8105893614204,0.542206176,5.616986871564177,0.0310267074791666,1,,,,,,,,,,,,,,,,,,1,1,1,1,1,1,1,1,1,1,1,1,1,1,1,1,1
cholesky_N512,cholesky,512,matrix,cpu_ready,1,0.0,cpu,11.396184792823822,cpu,0.0006839390105800641,60.8579818074808,0.0006839390105800641,0.3167357812764417,0.0021593361123388,92.3319767446535,0.6591214003333334,8898059.17297447,2.709269960975831,44739242.666666664,7.6506886282078295,4194304.0,6.622659904607587,10.666666666666666,0.709085543465584,0.0057185579999999,0.3167357812764417,0.0021593361123388,92.3319767446535,0.6591214003333334,0.1695114059510625,0.0010965626252444,1,0.005872535,0.6973417870765,118.74629731053113,5.872535,1.8322919816955032,3.750502402601044,0.1765864405350634,0.3764833473602326,13163288571.92545,3143325.956315288,1.0,,,,,,cpu,0,0,0,0,0,0,0,0,0,0,0,0,1,1,1,1,1
cholesky_N512,cholesky,512,matrix,cpu_ready,2,0.3010299956639812,cpu,10.013386929945336,cpu,0.0027357560423202565,61.07114407742917,0.0027357560423202565,0.6334715625528834,0.0043186722246776,92.50148815060456,0.6602179629585778,2232231.506636584,2.709269960975831,44739242.666666664,7.6506886282078295,4194304.0,6.622659904607587,10.666666666666666,0.709085543465584,0.0057185579999999,0.3167357812764417,0.0021593361123388,92.3319767446535,0.6591214003333334,0.1695114059510625,0.0010965626252444,1,0.005872535,0.6973417870765,118.74629731053113,5.872535,1.8322919816955032,3.750502402601044,0.1765864405350634,0.3764833473602326,13163288571.92545,3143325.956315288,1.0,,,,,,cpu,0,0,0,0,0,0,0,0,0,0,0,0,1,1,1,1,1
cholesky_N512,cholesky,512,matrix,cpu_ready,3,0.47712125471966244,cpu,9.20594709518641,cpu,0.006155451095220577,61.28467810712218,0.006155451095220577,0.950207343829325,0.0064780083370164,92.67099955655563,0.6613145255838222,995516.3595338593,2.709269960975831,44739242.666666664,7.6506886282078295,4194304.0,6.622659904607587,10.666666666666666,0.709085543465584,0.0057185579999999,0.3167357812764417,0.0021593361123388,92.3319767446535,0.6591214003333334,0.1695114059510625,0.0010965626252444,1,0.005872535,0.6973417870765,118.74629731053113,5.872535,1.8322919816955032,3.750502402601044,0.1765864405350634,0.3764833473602326,13163288571.92545,3143325.956315288,1.0,,,,,,cpu,0,0,0,0,0,0,0,0,0,0,0,0,1,1,1,1,1
cholesky_N512,cholesky,512,matrix,cpu_ready,5,0.6989700043360189,cpu,8.191258345764663,cpu,0.017098475264501603,61.71286144574213,0.017098475264501603,1.5836789063822085,0.010796680561694,93.01002236845775,0.6635076508343111,360826.1088552446,2.709269960975831,44739242.666666664,7.6506886282078295,4194304.0,6.622659904607587,10.666666666666666,0.709085543465584,0.0057185579999999,0.3167357812764417,0.0021593361123388,92.3319767446535,0.6591214003333334,0.1695114059510625,0.0010965626252444,1,0.005872535,0.6973417870765,118.74629731053113,5.872535,1.8322919816955032,3.750502402601044,0.1765864405350634,0.3764833473602326,13163288571.92545,3143325.956315288,1.0,,,,,,cpu,0,0,0,0,0,0,0,0,0,0,0,0,1,1,1,1,1
cholesky_N512,cholesky,512,matrix,cpu_ready,10,1.0,cpu,6.822264671563647,cpu,0.06839390105800641,62.789825587823124,0.06839390105800641,3.167357812764417,0.021593361123388,93.85757939821306,0.6689904639605331,91706.17659836315,2.709269960975831,44739242.666666664,7.6506886282078295,4194304.0,6.622659904607587,10.666666666666666,0.709085543465584,0.0057185579999999,0.3167357812764417,0.0021593361123388,92.3319767446535,0.6591214003333334,0.1695114059510625,0.0010965626252444,1,0.005872535,0.6973417870765,118.74629731053113,5.872535,1.8322919816955032,3.750502402601044,0.1765864405350634,0.3764833473602326,13163288571.92545,3143325.956315288,1.0,,,,,,cpu,0,0,0,0,0,0,0,0,0,0,0,0,1,1,1,1,1
cholesky_N512,cholesky,512,matrix,cpu_ready,30,1.4771212547196624,cpu,4.692780732404509,cpu,0.6155451095220578,67.19062209230641,0.6155451095220578,9.502073438293252,0.064780083370164,97.24780751723432,0.690921716465421,10815.62926143249,2.709269960975831,44739242.666666664,7.6506886282078295,4194304.0,6.622659904607587,10.666666666666666,0.709085543465584,0.0057185579999999,0.3167357812764417,0.0021593361123388,92.3319767446535,0.6591214003333334,0.1695114059510625,0.0010965626252444,1,0.005872535,0.6973417870765,118.74629731053113,5.872535,1.8322919816955032,3.750502402601044,0.1765864405350634,0.3764833473602326,13163288571.92545,3143325.956315288,1.0,,,,,,cpu,0,0,0,0,0,0,0,0,0,0,0,0,1,1,1,1,1
cholesky_N512,cholesky,512,matrix,cpu_ready,100,2.0,cpu,2.50531016775009,cpu,6.839390105800642,83.76445305360485,6.839390105800642,31.67357812764417,0.21593361123388002,109.11360593380869,0.767681100232529,1124.7357111939311,2.709269960975831,44739242.666666664,7.6506886282078295,4194304.0,6.622659904607587,10.666666666666666,0.709085543465584,0.0057185579999999,0.3167357812764417,0.0021593361123388,92.3319767446535,0.6591214003333334,0.1695114059510625,0.0010965626252444,1,0.005872535,0.6973417870765,118.74629731053113,5.872535,1.8322919816955032,3.750502402601044,0.1765864405350634,0.3764833473602326,13163288571.92545,3143325.956315288,1.0,,,,,,cpu,0,0,0,0,0,0,0,0,0,0,0,0,1,1,1,1,1
cholesky_N512,cholesky,512,matrix,cpu_ready,1000,3.0,cpu,-0.39853602006045025,gpu,683.9390105800642,459.1296939472649,459.1296939472649,316.7357812764417,2.1593361123388,261.673871289765,1.7545874629524891,48.96422940978864,2.709269960975831,44739242.666666664,7.6506886282078295,4194304.0,6.622659904607587,10.666666666666666,0.709085543465584,0.0057185579999999,0.3167357812764417,0.0021593361123388,92.3319767446535,0.6591214003333334,0.1695114059510625,0.0010965626252444,1,0.005872535,0.6973417870765,118.74629731053113,5.872535,1.8322919816955032,3.750502402601044,0.1765864405350634,0.3764833473602326,13163288571.92545,3143325.956315288,1.0,,,,,,cpu,0,0,0,0,0,0,0,0,0,0,0,0,1,1,1,1,1
cholesky_N512,cholesky,512,matrix,gpu_ready,1,0.0,gpu,-3.082592231336689,gpu,0.004054946807269391,0.00018587987231856633,0.00018587987231856633,0.709085543465584,0.0057185579999999,0.1695114059510625,0.0010965626252444,2081.4878376502784,2.709269960975831,44739242.666666664,7.6506886282078295,4194304.0,6.622659904607587,10.666666666666666,0.709085543465584,0.0057185579999999,0.3167357812764417,0.0021593361123388,92.3319767446535,0.6591214003333334,0.1695114059510625,0.0010965626252444,1,0.504908631,74.86530045981763,148.274946917708,100.9817262,,,,,,,,62334.22494126269,0.0,0.0,1410.0,24.898718190063978,gpu,0,0,0,0,0,1,1,1,1,1,1,1,0,0,0,0,0
cholesky_N512,cholesky,512,matrix,gpu_ready,2,0.3010299956639812,gpu,-2.385914508232927,gpu,0.00808131177449669,0.0007435194892742653,0.0007435194892742653,1.0258213247420256,0.0078778941123387,0.339022811902125,0.0021931252504888,986.8997909368453,2.709269960975831,44739242.666666664,7.6506886282078295,4194304.0,6.622659904607587,10.666666666666666,0.709085543465584,0.0057185579999999,0.3167357812764417,0.0021593361123388,92.3319767446535,0.6591214003333334,0.1695114059510625,0.0010965626252444,1,0.504908631,74.86530045981763,148.274946917708,100.9817262,,,,,,,,62334.22494126269,0.0,0.0,1410.0,24.898718190063978,gpu,0,0,0,0,0,1,1,1,1,1,1,1,0,0,0,0,0
cholesky_N512,cholesky,512,matrix,gpu_ready,3,0.47712125471966244,gpu,-2.0863073700667867,gpu,0.013475554762884116,0.0016729188508670968,0.0016729188508670968,1.3425571060184673,0.0100372302246775,0.5085342178531875,0.0032896878757332,705.5115617771627,2.709269960975831,44739242.666666664,7.6506886282078295,4194304.0,6.622659904607587,10.666666666666666,0.709085543465584,0.0057185579999999,0.3167357812764417,0.0021593361123388,92.3319767446535,0.6591214003333334,0.1695114059510625,0.0010965626252444,1,0.504908631,74.86530045981763,148.274946917708,100.9817262,,,,,,,,62334.22494126269,0.0,0.0,1410.0,24.898718190063978,gpu,0,0,0,0,0,1,1,1,1,1,1,1,0,0,0,0,0
cholesky_N512,cholesky,512,matrix,gpu_ready,5,0.6989700043360189,gpu,-1.8090291225557078,gpu,0.02836767480313935,0.004646996807964158,0.004646996807964158,1.9760286685713506,0.0143559024493551,0.8475570297553126,0.005482813126222,510.45178155754286,2.709269960975831,44739242.666666664,7.6506886282078295,4194304.0,6.622659904607587,10.666666666666666,0.709085543465584,0.0057185579999999,0.3167357812764417,0.0021593361123388,92.3319767446535,0.6591214003333334,0.1695114059510625,0.0010965626252444,1,0.504908631,74.86530045981763,148.274946917708,100.9817262,,,,,,,,62334.22494126269,0.0,0.0,1410.0,24.898718190063978,gpu,0,0,0,0,0,1,1,1,1,1,1,1,0,0,0,0,0
cholesky_N512,cholesky,512,matrix,gpu_ready,10,1.0,gpu,-1.5721234707918164,gpu,0.08953584027407968,0.01858798723185663,0.01858798723185663,3.5597075749535594,0.0251525830110491,1.695114059510625,0.010965626252444,381.68658153923496,2.709269960975831,44739242.666666664,7.6506886282078295,4194304.0,6.622659904607587,10.666666666666666,0.709085543465584,0.0057185579999999,0.3167357812764417,0.0021593361123388,92.3319767446535,0.6591214003333334,0.1695114059510625,0.0010965626252444,1,0.504908631,74.86530045981763,148.274946917708,100.9817262,,,,,,,,62334.22494126269,0.0,0.0,1410.0,24.898718190063978,gpu,0,0,0,0,0,1,1,1,1,1,1,1,0,0,0,0,0
cholesky_N512,cholesky,512,matrix,gpu_ready,30,1.4771212547196624,gpu,-1.3967162643499194,gpu,0.6761780074478732,0.1672918850867097,0.1672918850867097,9.894423200482393,0.06833930525782511,5.085342178531875,0.032896878757332,304.190560168176,2.709269960975831,44739242.666666664,7.6506886282078295,4194304.0,6.622659904607587,10.666666666666666,0.709085543465584,0.0057185579999999,0.3167357812764417,0.0021593361123388,92.3319767446535,0.6591214003333334,0.1695114059510625,0.0010965626252444,1,0.504908631,74.86530045981763,148.274946917708,100.9817262,,,,,,,,62334.22494126269,0.0,0.0,1410.0,24.898718190063978,gpu,0,0,0,0,0,1,1,1,1,1,1,1,0,0,0,0,0
cholesky_N512,cholesky,512,matrix,gpu_ready,100,2.0,gpu,-1.331427900706717,gpu,7.038241359210554,1.8587987231856633,1.8587987231856633,32.06592788983331,0.2194928331215411,16.951140595106253,0.10965626252444,278.6446198514819,2.709269960975831,44739242.666666664,7.6506886282078295,4194304.0,6.622659904607587,10.666666666666666,0.709085543465584,0.0057185579999999,0.3167357812764417,0.0021593361123388,92.3319767446535,0.6591214003333334,0.1695114059510625,0.0010965626252444,1,0.504908631,74.86530045981763,148.274946917708,100.9817262,,,,,,,,62334.22494126269,0.0,0.0,1410.0,24.898718190063978,gpu,0,0,0,0,0,1,1,1,1,1,1,1,0,0,0,0,0
cholesky_N512,cholesky,512,matrix,gpu_ready,1000,3.0,gpu,-1.3056530303875729,gpu,685.9149549754125,185.87987231856633,185.87987231856633,317.12813103863084,2.1628953342264614,169.5114059510625,1.0965626252444,269.0098053219401,2.709269960975831,44739242.666666664,7.6506886282078295,4194304.0,6.622659904607587,10.666666666666666,0.709085543465584,0.0057185579999999,0.3167357812764417,0.0021593361123388,92.3319767446535,0.6591214003333334,0.1695114059510625,0.0010965626252444,1,0.504908631,74.86530045981763,148.274946917708,100.9817262,,,,,,,,62334.22494126269,0.0,0.0,1410.0,24.898718190063978,gpu,0,0,0,0,0,1,1,1,1,1,1,1,0,0,0,0,0
cholesky_N512,cholesky,512,matrix,none_ready,1,0.0,none,9.616360692001498,cpu,0.004054946807269391,60.8579818074808,0.004054946807269391,0.709085543465584,0.0057185579999999,92.3319767446535,0.6591214003333334,1500733.0491137237,2.709269960975831,44739242.666666664,7.6506886282078295,4194304.0,6.622659904607587,10.666666666666666,0.709085543465584,0.0057185579999999,0.3167357812764417,0.0021593361123388,92.3319767446535,0.6591214003333334,0.1695114059510625,0.0010965626252444,1,,,,,,,,,,,,,,,,,,1,1,1,1,1,1,1,1,1,1,1,1,1,1,1,1,1
cholesky_N512,cholesky,512,matrix,none_ready,2,0.3010299956639812,none,8.930240552226772,cpu,0.00808131177449669,61.07114407742917,0.00808131177449669,1.0258213247420256,0.0078778941123387,92.50148815060456,0.6602179629585778,755608.3030772281,2.709269960975831,44739242.666666664,7.6506886282078295,4194304.0,6.622659904607587,10.666666666666666,0.709085543465584,0.0057185579999999,0.3167357812764417,0.0021593361123388,92.3319767446535,0.6591214003333334,0.1695114059510625,0.0010965626252444,1,,,,,,,,,,,,,,,,,,1,1,1,1,1,1,1,1,1,1,1,1,1,1,1,1,1
cholesky_N512,cholesky,512,matrix,none_ready,3,0.47712125471966244,none,8.422407855633988,cpu,0.013475554762884116,61.28467810712218,0.013475554762884116,1.3425571060184673,0.0100372302246775,92.67099955655563,0.6613145255838222,454684.0826258175,2.709269960975831,44739242.666666664,7.6506886282078295,4194304.0,6.622659904607587,10.666666666666666,0.709085543465584,0.0057185579999999,0.3167357812764417,0.0021593361123388,92.3319767446535,0.6591214003333334,0.1695114059510625,0.0010965626252444,1,,,,,,,,,,,,,,,,,,1,1,1,1,1,1,1,1,1,1,1,1,1,1,1,1,1
cholesky_N512,cholesky,512,matrix,none_ready,5,0.6989700043360189,none,7.684997353723319,cpu,0.02836767480313935,61.71286144574213,0.02836767480313935,1.9760286685713506,0.0143559024493551,93.01002236845775,0.6635076508343111,217446.42167186923,2.709269960975831,44739242.666666664,7.6506886282078295,4194304.0,6.622659904607587,10.666666666666666,0.709085543465584,0.0057185579999999,0.3167357812764417,0.0021593361123388,92.3319767446535,0.6591214003333334,0.1695114059510625,0.0010965626252444,1,,,,,,,,,,,,,,,,,,1,1,1,1,1,1,1,1,1,1,1,1,1,1,1,1,1
cholesky_N512,cholesky,512,matrix,none_ready,10,1.0,none,6.5529093312861955,cpu,0.08953584027407968,62.789825587823124,0.08953584027407968,3.5597075749535594,0.0251525830110491,93.85757939821306,0.6689904639605331,70028.14689136342,2.709269960975831,44739242.666666664,7.6506886282078295,4194304.0,6.622659904607587,10.666666666666666,0.709085543465584,0.0057185579999999,0.3167357812764417,0.0021593361123388,92.3319767446535,0.6591214003333334,0.1695114059510625,0.0010965626252444,1,,,,,,,,,,,,,,,,,,1,1,1,1,1,1,1,1,1,1,1,1,1,1,1,1,1
cholesky_N512,cholesky,512,matrix,none_ready,30,1.4771212547196624,none,4.598832598568955,cpu,0.6761780074478732,67.19062209230641,0.6761780074478732,9.894423200482393,0.06833930525782511,97.24780751723432,0.690921716465421,9836.824527302622,2.709269960975831,44739242.666666664,7.6506886282078295,4194304.0,6.622659904607587,10.666666666666666,0.709085543465584,0.0057185579999999,0.3167357812764417,0.0021593361123388,92.3319767446535,0.6591214003333334,0.1695114059510625,0.0010965626252444,1,,,,,,,,,,,,,,,,,,1,1,1,1,1,1,1,1,1,1,1,1,1,1,1,1,1
cholesky_N512,cholesky,512,matrix,none_ready,100,2.0,none,2.4766503975577376,cpu,7.038241359210554,83.76445305360485,7.038241359210554,32.06592788983331,0.2194928331215411,109.11360593380869,0.767681100232529,1090.1332844175197,2.709269960975831,44739242.666666664,7.6506886282078295,4194304.0,6.622659904607587,10.666666666666666,0.709085543465584,0.0057185579999999,0.3167357812764417,0.0021593361123388,92.3319767446535,0.6591214003333334,0.1695114059510625,0.0010965626252444,1,,,,,,,,,,,,,,,,,,1,1,1,1,1,1,1,1,1,1,1,1,1,1,1,1,1
cholesky_N512,cholesky,512,matrix,none_ready,1000,3.0,none,-0.40142091993365797,gpu,685.9149549754125,459.1296939472649,459.1296939472649,317.12813103863084,2.1628953342264614,261.673871289765,1.7545874629524891,49.39459678123015,2.709269960975831,44739242.666666664,7.6506886282078295,4194304.0,6.622659904607587,10.666666666666666,0.709085543465584,0.0057185579999999,0.3167357812764417,0.0021593361123388,92.3319767446535,0.6591214003333334,0.1695114059510625,0.0010965626252444,1,,,,,,,,,,,,,,,,,,1,1,1,1,1,1,1,1,1,1,1,1,1,1,1,1,1
cholesky_N64,cholesky,64,matrix,cpu_ready,1,0.0,cpu,19.20869172290887,cpu,2.8940773388893443e-07,63.64128682695058,2.8940773388893443e-07,0.0065298728918653,4.432057693641618e-05,93.94335040149008,0.6774432309999999,21990181700.523026,1.806179973983887,87381.33333333333,4.941418667231999,65536.0,4.816479930623699,1.3333333333333333,0.1665194239977223,0.001604302,0.0065298728918653,4.432057693641618e-05,93.94335040149008,0.6774432309999999,0.0153463523642443,0.0001026116261617,1,0.001551497,0.0820859852075826,52.90760163092975,1.551497,1.9985947096781405,0.1137552035486171,0.015600980982981,0.3767066612959149,10906428484.65868,3001553.5,1.0,,,,,,cpu,0,0,0,0,0,0,0,0,0,0,0,0,1,1,1,1,1
cholesky_N64,cholesky,64,matrix,cpu_ready,2,0.3010299956639812,cpu,17.822712163459954,cpu,1.1576309355557377e-06,63.661324364146225,1.1576309355557377e-06,0.0130597457837306,8.864115387283236e-05,93.95869675385433,0.6775458426261616,5499276259.056928,1.806179973983887,87381.33333333333,4.941418667231999,65536.0,4.816479930623699,1.3333333333333333,0.1665194239977223,0.001604302,0.0065298728918653,4.432057693641618e-05,93.94335040149008,0.6774432309999999,0.0153463523642443,0.0001026116261617,1,0.001551497,0.0820859852075826,52.90760163092975,1.551497,1.9985947096781405,0.1137552035486171,0.015600980982981,0.3767066612959149,10906428484.65868,3001553.5,1.0,,,,,,cpu,0,0,0,0,0,0,0,0,0,0,0,0,1,1,1,1,1
cholesky_N64,cholesky,64,matrix,cpu_ready,3,0.47712125471966244,cpu,17.012096699301736,cpu,2.60466960500041e-06,63.68136505077022,2.60466960500041e-06,0.019589618675595902,0.00013296173080924853,93.97404310621857,0.6776484542523233,2444892140.018296,1.806179973983887,87381.33333333333,4.941418667231999,65536.0,4.816479930623699,1.3333333333333333,0.1665194239977223,0.001604302,0.0065298728918653,4.432057693641618e-05,93.94335040149008,0.6774432309999999,0.0153463523642443,0.0001026116261617,1,0.001551497,0.0820859852075826,52.90760163092975,1.551497,1.9985947096781405,0.1137552035486171,0.015600980982981,0.3767066612959149,10906428484.65868,3001553.5,1.0,,,,,,cpu,0,0,0,0,0,0,0,0,0,0,0,0,1,1,1,1,1
cholesky_N64,cholesky,64,matrix,cpu_ready,5,0.6989700043360189,cpu,15.991074807110019,cpu,7.235193347223361e-06,63.721455872303224,7.235193347223361e-06,0.0326493644593265,0.0002216028846820809,94.00473581094705,0.6778536775046468,880715214.9094144,1.806179973983887,87381.33333333333,4.941418667231999,65536.0,4.816479930623699,1.3333333333333333,0.1665194239977223,0.001604302,0.0065298728918653,4.432057693641618e-05,93.94335040149008,0.6774432309999999,0.0153463523642443,0.0001026116261617,1,0.001551497,0.0820859852075826,52.90760163092975,1.551497,1.9985947096781405,0.1137552035486171,0.015600980982981,0.3767066612959149,10906428484.65868,3001553.5,1.0,,,,,,cpu,0,0,0,0,0,0,0,0,0,0,0,0,1,1,1,1,1
cholesky_N64,cholesky,64,matrix,cpu_ready,10,1.0,cpu,14.606352967210846,cpu,2.8940773388893445e-05,63.82173804113175,2.8940773388893445e-05,0.065298728918653,0.0004432057693641618,94.08146757276828,0.6783667356354552,220525236.9822678,1.806179973983887,87381.33333333333,4.941418667231999,65536.0,4.816479930623699,1.3333333333333333,0.1665194239977223,0.001604302,0.0065298728918653,4.432057693641618e-05,93.94335040149008,0.6774432309999999,0.0153463523642443,0.0001026116261617,1,0.001551497,0.0820859852075826,52.90760163092975,1.551497,1.9985947096781405,0.1137552035486171,0.015600980982981,0.3767066612959149,10906428484.65868,3001553.5,1.0,,,,,,cpu,0,0,0,0,0,0,0,0,0,0,0,0,1,1,1,1,1
cholesky_N64,cholesky,64,matrix,cpu_ready,30,1.4771212547196624,cpu,12.415406122258716,cpu,0.000260466960500041,64.22365407353175,0.000260466960500041,0.19589618675595902,0.0013296173080924853,94.38839462005316,0.6804189681586892,24657021.175843585,1.806179973983887,87381.33333333333,4.941418667231999,65536.0,4.816479930623699,1.3333333333333333,0.1665194239977223,0.001604302,0.0065298728918653,4.432057693641618e-05,93.94335040149008,0.6774432309999999,0.0153463523642443,0.0001026116261617,1,0.001551497,0.0820859852075826,52.90760163092975,1.551497,1.9985947096781405,0.1137552035486171,0.015600980982981,0.3767066612959149,10906428484.65868,3001553.5,1.0,,,,,,cpu,0,0,0,0,0,0,0,0,0,0,0,0,1,1,1,1,1
cholesky_N64,cholesky,64,matrix,cpu_ready,100,2.0,cpu,10.029278472662126,cpu,0.002894077338889344,65.64028088621373,0.002894077338889344,0.65298728918653,0.004432057693641618,95.46263928555027,0.6876017819900082,2267990.075001396,1.806179973983887,87381.33333333333,4.941418667231999,65536.0,4.816479930623699,1.3333333333333333,0.1665194239977223,0.001604302,0.0065298728918653,4.432057693641618e-05,93.94335040149008,0.6774432309999999,0.0153463523642443,0.0001026116261617,1,0.001551497,0.0820859852075826,52.90760163092975,1.551497,1.9985947096781405,0.1137552035486171,0.015600980982981,0.3767066612959149,10906428484.65868,3001553.5,1.0,,,,,,cpu,0,0,0,0,0,0,0,0,0,0,0,0,1,1,1,1,1
cholesky_N64,cholesky,64,matrix,cpu_ready,1000,3.0,cpu,5.68525790755003,cpu,0.2894077338889344,85.22877966405878,0.2894077338889344,6.5298728918653,0.04432057693641618,109.27435641337013,0.7799522455355382,29349.378742852427,1.806179973983887,87381.33333333333,4.941418667231999,65536.0,4.816479930623699,1.3333333333333333,0.1665194239977223,0.001604302,0.0065298728918653,4.432057693641618e-05,93.94335040149008,0.6774432309999999,0.0153463523642443,0.0001026116261617,1,0.001551497,0.0820859852075826,52.90760163092975,1.551497,1.9985947096781405,0.1137552035486171,0.015600980982981,0.3767066612959149,10906428484.65868,3001553.5,1.0,,,,,,cpu,0,0,0,0,0,0,0,0,0,0,0,0,1,1,1,1,1
cholesky_N64,cholesky,64,matrix,gpu_ready,1,0.0,gpu,-5.133726956735265,gpu,0.0002671474449583939,1.5747141717455571e-06,1.5747141717455571e-06,0.1665194239977223,0.001604302,0.0153463523642443,0.0001026116261617,16864.8212832341,1.806179973983887,87381.33333333333,4.941418667231999,65536.0,4.816479930623699,1.3333333333333333,0.1665194239977223,0.001604302,0.0065298728918653,4.432057693641618e-05,93.94335040149008,0.6774432309999999,0.0153463523642443,0.0001026116261617,1,0.492615569,73.72974458159834,149.6699439103565,98.5231138,,,,,,,,61462.33494620427,0.0,0.0,1410.0,23.0,gpu,0,0,0,0,0,1,1,1,1,1,1,1,0,0,0,0,0
cholesky_N64,cholesky,64,matrix,gpu_ready,2,0.3010299956639812,gpu,-3.8131485057684844,gpu,0.00028529297777514685,6.2988566869822285e-06,6.2988566869822285e-06,0.1730492968895876,0.0016486225769364162,0.0306927047284886,0.0002052232523234,4429.281930874193,1.806179973983887,87381.33333333333,4.941418667231999,65536.0,4.816479930623699,1.3333333333333333,0.1665194239977223,0.001604302,0.0065298728918653,4.432057693641618e-05,93.94335040149008,0.6774432309999999,0.0153463523642443,0.0001026116261617,1,0.492615569,73.72974458159834,149.6699439103565,98.5231138,,,,,,,,61462.33494620427,0.0,0.0,1410.0,23.0,gpu,0,0,0,0,0,1,1,1,1,1,1,1,0,0,0,0,0
cholesky_N64,cholesky,64,matrix,gpu_ready,3,0.47712125471966244,gpu,-3.0657863385116526,gpu,0.0003040173260596777,1.4172427545710013e-05,1.4172427545710013e-05,0.17957916978145289,0.0016929431538728324,0.0460390570927329,0.0003078348784851,2045.1323358622749,1.806179973983887,87381.33333333333,4.941418667231999,65536.0,4.816479930623699,1.3333333333333333,0.1665194239977223,0.001604302,0.0065298728918653,4.432057693641618e-05,93.94335040149008,0.6774432309999999,0.0153463523642443,0.0001026116261617,1,0.492615569,73.72974458159834,149.6699439103565,98.5231138,,,,,,,,61462.33494620427,0.0,0.0,1410.0,23.0,gpu,0,0,0,0,0,1,1,1,1,1,1,1,0,0,0,0,0
cholesky_N64,cholesky,64,matrix,gpu_ready,5,0.6989700043360189,gpu,-2.1653709593174892,gpu,0.00034320246903207297,3.9367854293638934e-05,3.9367854293638934e-05,0.1926389155651835,0.0017815843077456646,0.0767317618212215,0.0005130581308085,771.7835279316397,1.806179973983887,87381.33333333333,4.941418667231999,65536.0,4.816479930623699,1.3333333333333333,0.1665194239977223,0.001604302,0.0065298728918653,4.432057693641618e-05,93.94335040149008,0.6774432309999999,0.0153463523642443,0.0001026116261617,1,0.492615569,73.72974458159834,149.6699439103565,98.5231138,,,,,,,,61462.33494620427,0.0,0.0,1410.0,23.0,gpu,0,0,0,0,0,1,1,1,1,1,1,1,0,0,0,0,0
cholesky_N64,cholesky,64,matrix,gpu_ready,10,1.0,gpu,-1.052876371471453,gpu,0.000451294597149174,0.00015747141717455573,0.00015747141717455573,0.22528828002451,0.0020031871924277456,0.153463523642443,0.001026116261617,186.58826169635452,1.806179973983887,87381.33333333333,4.941418667231999,65536.0,4.816479930623699,1.3333333333333333,0.1665194239977223,0.001604302,0.0065298728918653,4.432057693641618e-05,93.94335040149008,0.6774432309999999,0.0153463523642443,0.0001026116261617,1,0.492615569,73.72974458159834,149.6699439103565,98.5231138,,,,,,,,61462.33494620427,0.0,0.0,1410.0,23.0,gpu,0,0,0,0,0,1,1,1,1,1,1,1,0,0,0,0,0
cholesky_N64,cholesky,64,matrix,gpu_ready,30,1.4771212547196624,gpu,0.32074117747194264,cpu,0.001028366976562045,0.0014172427545710014,0.001028366976562045,0.355885737861816,0.002889598731156069,0.460390570927329,0.003078348784851,37.81488387628073,1.806179973983887,87381.33333333333,4.941418667231999,65536.0,4.816479930623699,1.3333333333333333,0.1665194239977223,0.001604302,0.0065298728918653,4.432057693641618e-05,93.94335040149008,0.6774432309999999,0.0153463523642443,0.0001026116261617,1,0.492615569,73.72974458159834,149.6699439103565,98.5231138,,,,,,,,61462.33494620427,0.0,0.0,1410.0,23.0,gpu,0,0,0,0,0,1,1,1,1,1,1,1,0,0,0,0,0
cholesky_N64,cholesky,64,matrix,gpu_ready,100,2.0,gpu,1.1732797527623098,cpu,0.0048713890280073805,0.01574714171745557,0.0048713890280073805,0.8129768402923869,0.005992039116705202,1.53463523642443,0.01026116261617,223.2577325875545,1.806179973983887,87381.33333333333,4.941418667231999,65536.0,4.816479930623699,1.3333333333333333,0.1665194239977223,0.001604302,0.0065298728918653,4.432057693641618e-05,93.94335040149008,0.6774432309999999,0.0153463523642443,0.0001026116261617,1,0.492615569,73.72974458159834,149.6699439103565,98.5231138,,,,,,,,61462.33494620427,0.0,0.0,1410.0,23.0,gpu,0,0,0,0,0,1,1,1,1,1,1,1,0,0,0,0,0
cholesky_N64,cholesky,64,matrix,gpu_ready,1000,3.0,gpu,1.6351942820092984,cpu,0.3069346242316301,1.574714171745557,0.3069346242316301,6.689862442971157,0.04588055835947977,15.3463523642443,0.1026116261617,413.04546552466803,1.806179973983887,87381.33333333333,4.941418667231999,65536.0,4.816479930623699,1.3333333333333333,0.1665194239977223,0.001604302,0.0065298728918653,4.432057693641618e-05,93.94335040149008,0.6774432309999999,0.0153463523642443,0.0001026116261617,1,0.492615569,73.72974458159834,149.6699439103565,98.5231138,,,,,,,,61462.33494620427,0.0,0.0,1410.0,23.0,gpu,0,0,0,0,0,1,1,1,1,1,1,1,0,0,0,0,0
cholesky_N64,cholesky,64,matrix,none_ready,1,0.0,none,12.380972247353444,cpu,0.0002671474449583939,63.64128682695058,0.0002671474449583939,0.1665194239977223,0.001604302,93.94335040149008,0.6774432309999999,23822432.473354634,1.806179973983887,87381.33333333333,4.941418667231999,65536.0,4.816479930623699,1.3333333333333333,0.1665194239977223,0.001604302,0.0065298728918653,4.432057693641618e-05,93.94335040149008,0.6774432309999999,0.0153463523642443,0.0001026116261617,1,,,,,,,,,,,,,,,,,,1,1,1,1,1,1,1,1,1,1,1,1,1,1,1,1,1
cholesky_N64,cholesky,64,matrix,none_ready,2,0.3010299956639812,none,12.315571138871308,cpu,0.00028529297777514685,63.661324364146225,0.00028529297777514685,0.1730492968895876,0.0016486225769364162,93.95869675385433,0.6775458426261616,22314267.798537537,1.806179973983887,87381.33333333333,4.941418667231999,65536.0,4.816479930623699,1.3333333333333333,0.1665194239977223,0.001604302,0.0065298728918653,4.432057693641618e-05,93.94335040149008,0.6774432309999999,0.0153463523642443,0.0001026116261617,1,,,,,,,,,,,,,,,,,,1,1,1,1,1,1,1,1,1,1,1,1,1,1,1,1,1
cholesky_N64,cholesky,64,matrix,none_ready,3,0.47712125471966244,none,12.252317841969923,cpu,0.0003040173260596777,63.68136505077022,0.0003040173260596777,0.17957916978145289,0.0016929431538728324,93.97404310621857,0.6776484542523233,20946523.627059255,1.806179973983887,87381.33333333333,4.941418667231999,65536.0,4.816479930623699,1.3333333333333333,0.1665194239977223,0.001604302,0.0065298728918653,4.432057693641618e-05,93.94335040149008,0.6774432309999999,0.0153463523642443,0.0001026116261617,1,,,,,,,,,,,,,,,,,,1,1,1,1,1,1,1,1,1,1,1,1,1,1,1,1,1
cholesky_N64,cholesky,64,matrix,none_ready,5,0.6989700043360189,none,12.131711328972369,cpu,0.00034320246903207297,63.721455872303224,0.00034320246903207297,0.1926389155651835,0.0017815843077456646,94.00473581094705,0.6778536775046468,18566624.19986242,1.806179973983887,87381.33333333333,4.941418667231999,65536.0,4.816479930623699,1.3333333333333333,0.1665194239977223,0.001604302,0.0065298728918653,4.432057693641618e-05,93.94335040149008,0.6774432309999999,0.0153463523642443,0.0001026116261617,1,,,,,,,,,,,,,,,,,,1,1,1,1,1,1,1,1,1,1,1,1,1,1,1,1,1
cholesky_N64,cholesky,64,matrix,none_ready,10,1.0,none,11.859484076919232,cpu,0.000451294597149174,63.82173804113175,0.000451294597149174,0.22528828002451,0.0020031871924277456,94.08146757276828,0.6783667356354552,14141823.799729355,1.806179973983887,87381.33333333333,4.941418667231999,65536.0,4.816479930623699,1.3333333333333333,0.1665194239977223,0.001604302,0.0065298728918653,4.432057693641618e-05,93.94335040149008,0.6774432309999999,0.0153463523642443,0.0001026116261617,1,,,,,,,,,,,,,,,,,,1,1,1,1,1,1,1,1,1,1,1,1,1,1,1,1,1
cholesky_N64,cholesky,64,matrix,none_ready,30,1.4771212547196624,none,11.042154780910497,cpu,0.001028366976562045,64.22365407353175,0.001028366976562045,0.355885737861816,0.002889598731156069,94.38839462005316,0.6804189681586892,6245107.745608401,1.806179973983887,87381.33333333333,4.941418667231999,65536.0,4.816479930623699,1.3333333333333333,0.1665194239977223,0.001604302,0.0065298728918653,4.432057693641618e-05,93.94335040149008,0.6774432309999999,0.0153463523642443,0.0001026116261617,1,,,,,,,,,,,,,,,,,,1,1,1,1,1,1,1,1,1,1,1,1,1,1,1,1,1
cholesky_N64,cholesky,64,matrix,none_ready,100,2.0,none,9.508565706604275,cpu,0.0048713890280073805,65.64028088621373,0.0048713890280073805,0.8129768402923869,0.005992039116705202,95.46263928555027,0.6876017819900082,1347365.3842841121,1.806179973983887,87381.33333333333,4.941418667231999,65536.0,4.816479930623699,1.3333333333333333,0.1665194239977223,0.001604302,0.0065298728918653,4.432057693641618e-05,93.94335040149008,0.6774432309999999,0.0153463523642443,0.0001026116261617,1,,,,,,,,,,,,,,,,,,1,1,1,1,1,1,1,1,1,1,1,1,1,1,1,1,1
cholesky_N64,cholesky,64,matrix,none_ready,1000,3.0,none,5.626459670739167,cpu,0.3069346242316301,85.22877966405878,0.3069346242316301,6.689862442971157,0.04588055835947977,109.27435641337013,0.7799522455355382,27667.7306290933,1.806179973983887,87381.33333333333,4.941418667231999,65536.0,4.816479930623699,1.3333333333333333,0.1665194239977223,0.001604302,0.0065298728918653,4.432057693641618e-05,93.94335040149008,0.6774432309999999,0.0153463523642443,0.0001026116261617,1,,,,,,,,,,,,,,,,,,1,1,1,1,1,1,1,1,1,1,1,1,1,1,1,1,1
cholesky_N768,cholesky,768,matrix,cpu_ready,1,0.0,cpu,9.508255561772318,cpu,0.0038073679070952356,51.287055718272185,0.0038073679070952356,0.7359139584553178,0.0051736590444444,85.39052125708645,0.6006176676666667,1346947.5396584603,2.885361220031512,150994944.0,8.178962405374874,9437184.0,6.9748424227189485,16.0,1.4370000693850875,0.010685245,0.7359139584553178,0.0051736590444444,85.39052125708645,0.6006176676666667,0.2721053718264715,0.0016934439853658,1,0.009961072,1.3193701108391866,132.45262265338377,9.961072,1.339013507848706,14.394474578063512,0.3501038639380462,0.5010170894956091,12052943974.406668,3048291.7991814534,1.0,,,,,,cpu,0,0,0,0,0,0,0,0,0,0,0,0,1,1,1,1,1
cholesky_N768,cholesky,768,matrix,cpu_ready,2,0.3010299956639812,cpu,8.127958270233602,cpu,0.015229471628380942,51.595551871893534,0.015229471628380942,1.4718279169106356,0.0103473180888888,85.66262662891292,0.6023111116520324,338687.53728883434,2.885361220031512,150994944.0,8.178962405374874,9437184.0,6.9748424227189485,16.0,1.4370000693850875,0.010685245,0.7359139584553178,0.0051736590444444,85.39052125708645,0.6006176676666667,0.2721053718264715,0.0016934439853658,1,0.009961072,1.3193701108391866,132.45262265338377,9.961072,1.339013507848706,14.394474578063512,0.3501038639380462,0.5010170894956091,12052943974.406668,3048291.7991814534,1.0,,,,,,cpu,0,0,0,0,0,0,0,0,0,0,0,0,1,1,1,1,1
cholesky_N768,cholesky,768,matrix,cpu_ready,3,0.47712125471966244,cpu,7.323007128545078,cpu,0.03426631116385712,51.9049696159255,0.03426631116385712,2.2077418753659535,0.0155209771333332,85.93473200073939,0.6040045556373983,151375.2182332162,2.885361220031512,150994944.0,8.178962405374874,9437184.0,6.9748424227189485,16.0,1.4370000693850875,0.010685245,0.7359139584553178,0.0051736590444444,85.39052125708645,0.6006176676666667,0.2721053718264715,0.0016934439853658,1,0.009961072,1.3193701108391866,132.45262265338377,9.961072,1.339013507848706,14.394474578063512,0.3501038639380462,0.5010170894956091,12052943974.406668,3048291.7991814534,1.0,,,,,,cpu,0,0,0,0,0,0,0,0,0,0,0,0,1,1,1,1,1
cholesky_N768,cholesky,768,matrix,cpu_ready,5,0.6989700043360189,cpu,6.313260476183762,cpu,0.09518419767738089,52.52656987522127,0.09518419767738089,3.679569792276589,0.025868295222222,86.47894274439233,0.6073914436081299,55084.12841305425,2.885361220031512,150994944.0,8.178962405374874,9437184.0,6.9748424227189485,16.0,1.4370000693850875,0.010685245,0.7359139584553178,0.0051736590444444,85.39052125708645,0.6006176676666667,0.2721053718264715,0.0016934439853658,1,0.009961072,1.3193701108391866,132.45262265338377,9.961072,1.339013507848706,14.394474578063512,0.3501038639380462,0.5010170894956091,12052943974.406668,3048291.7991814534,1.0,,,,,,cpu,0,0,0,0,0,0,0,0,0,0,0,0,1,1,1,1,1
cholesky_N768,cholesky,768,matrix,cpu_ready,10,1.0,cpu,4.956420136070576,cpu,0.38073679070952354,54.09669835564636,0.38073679070952354,7.359139584553178,0.051736590444444,87.83946960352469,0.6158586635349589,14108.424212126767,2.885361220031512,150994944.0,8.178962405374874,9437184.0,6.9748424227189485,16.0,1.4370000693850875,0.010685245,0.7359139584553178,0.0051736590444444,85.39052125708645,0.6006176676666667,0.2721053718264715,0.0016934439853658,1,0.009961072,1.3193701108391866,132.45262265338377,9.961072,1.339013507848706,14.394474578063512,0.3501038639380462,0.5010170894956091,12052943974.406668,3048291.7991814534,1.0,,,,,,cpu,0,0,0,0,0,0,0,0,0,0,0,0,1,1,1,1,1
cholesky_N768,cholesky,768,matrix,cpu_ready,30,1.4771212547196624,cpu,2.8728428640593795,cpu,3.426631116385712,60.60760987999936,3.426631116385712,22.077418753659536,0.155209771333332,93.28157704005412,0.6497275432422749,1668.7229182674935,2.885361220031512,150994944.0,8.178962405374874,9437184.0,6.9748424227189485,16.0,1.4370000693850875,0.010685245,0.7359139584553178,0.0051736590444444,85.39052125708645,0.6006176676666667,0.2721053718264715,0.0016934439853658,1,0.009961072,1.3193701108391866,132.45262265338377,9.961072,1.339013507848706,14.394474578063512,0.3501038639380462,0.5010170894956091,12052943974.406668,3048291.7991814534,1.0,,,,,,cpu,0,0,0,0,0,0,0,0,0,0,0,0,1,1,1,1,1
cholesky_N768,cholesky,768,matrix,cpu_ready,100,2.0,cpu,0.8182926036255185,cpu,38.07367907095235,86.29881000865801,38.07367907095235,73.59139584553178,0.51736590444444,112.32895306790712,0.768268622217881,126.66265019420771,2.885361220031512,150994944.0,8.178962405374874,9437184.0,6.9748424227189485,16.0,1.4370000693850875,0.010685245,0.7359139584553178,0.0051736590444444,85.39052125708645,0.6006176676666667,0.2721053718264715,0.0016934439853658,1,0.009961072,1.3193701108391866,132.45262265338377,9.961072,1.339013507848706,14.394474578063512,0.3501038639380462,0.5010170894956091,12052943974.406668,3048291.7991814534,1.0,,,,,,cpu,0,0,0,0,0,0,0,0,0,0,0,0,1,1,1,1,1
cholesky_N768,cholesky,768,matrix,cpu_ready,1000,3.0,cpu,-1.5367455140055628,gpu,3807.3679070952353,818.8884544657635,818.8884544657635,735.9139584553178,5.1736590444444,357.22378771173146,2.2923682090471007,364.94341034263726,2.885361220031512,150994944.0,8.178962405374874,9437184.0,6.9748424227189485,16.0,1.4370000693850875,0.010685245,0.7359139584553178,0.0051736590444444,85.39052125708645,0.6006176676666667,0.2721053718264715,0.0016934439853658,1,0.009961072,1.3193701108391866,132.45262265338377,9.961072,1.339013507848706,14.394474578063512,0.3501038639380462,0.5010170894956091,12052943974.406668,3048291.7991814534,1.0,,,,,,cpu,0,0,0,0,0,0,0,0,0,0,0,0,1,1,1,1,1
cholesky_N768,cholesky,768,matrix,gpu_ready,1,0.0,gpu,-3.506223048038102,gpu,0.015354697806396658,0.00046079520530526276,0.00046079520530526276,1.4370000693850875,0.010685245,0.2721053718264715,0.0016934439853658,3232.217355912946,2.885361220031512,150994944.0,8.178962405374874,9437184.0,6.9748424227189485,16.0,1.4370000693850875,0.010685245,0.7359139584553178,0.0051736590444444,85.39052125708645,0.6006176676666667,0.2721053718264715,0.0016934439853658,1,0.45383128,64.89035506569579,142.98343442897058,90.766256,,,,,,,,63895.32502127883,0.0,0.0,1410.0,27.0,gpu,0,0,0,0,0,1,1,1,1,1,1,1,0,0,0,0,0
cholesky_N768,cholesky,768,matrix,gpu_ready,2,0.3010299956639812,gpu,-2.9283074623251464,gpu,0.03446003506434817,0.001843180821221051,0.001843180821221051,2.172914027840405,0.0158589040444444,0.544210743652943,0.0033868879707316,1769.5960085738877,2.885361220031512,150994944.0,8.178962405374874,9437184.0,6.9748424227189485,16.0,1.4370000693850875,0.010685245,0.7359139584553178,0.0051736590444444,85.39052125708645,0.6006176676666667,0.2721053718264715,0.0016934439853658,1,0.45383128,64.89035506569579,142.98343442897058,90.766256,,,,,,,,63895.32502127883,0.0,0.0,1410.0,27.0,gpu,0,0,0,0,0,1,1,1,1,1,1,1,0,0,0,0,0
cholesky_N768,cholesky,768,matrix,gpu_ready,3,0.47712125471966244,gpu,-2.6913991037068077,gpu,0.061180108136490156,0.004147156847747364,0.004147156847747364,2.908827986295723,0.0210325630888888,0.8163161154794145,0.0050803319560974,1375.230148811992,2.885361220031512,150994944.0,8.178962405374874,9437184.0,6.9748424227189485,16.0,1.4370000693850875,0.010685245,0.7359139584553178,0.0051736590444444,85.39052125708645,0.6006176676666667,0.2721053718264715,0.0016934439853658,1,0.45383128,64.89035506569579,142.98343442897058,90.766256,,,,,,,,63895.32502127883,0.0,0.0,1410.0,27.0,gpu,0,0,0,0,0,1,1,1,1,1,1,1,0,0,0,0,0
cholesky_N768,cholesky,768,matrix,gpu_ready,5,0.6989700043360189,gpu,-2.4792911734460814,gpu,0.13746446172334553,0.011519880132631569,0.011519880132631569,4.380655903206359,0.0313798811777776,1.3605268591323574,0.008467219926829,1093.2803131688797,2.885361220031512,150994944.0,8.178962405374874,9437184.0,6.9748424227189485,16.0,1.4370000693850875,0.010685245,0.7359139584553178,0.0051736590444444,85.39052125708645,0.6006176676666667,0.2721053718264715,0.0016934439853658,1,0.45383128,64.89035506569579,142.98343442897058,90.766256,,,,,,,,63895.32502127883,0.0,0.0,1410.0,27.0,gpu,0,0,0,0,0,1,1,1,1,1,1,1,0,0,0,0,0
cholesky_N768,cholesky,768,matrix,gpu_ready,10,1.0,gpu,-2.303968735519366,gpu,0.4614332224388173,0.046079520530526275,0.046079520530526275,8.060225695482949,0.0572481763999996,2.7210537182647148,0.016934439853658,901.3846002002817,2.885361220031512,150994944.0,8.178962405374874,9437184.0,6.9748424227189485,16.0,1.4370000693850875,0.010685245,0.7359139584553178,0.0051736590444444,85.39052125708645,0.6006176676666667,0.2721053718264715,0.0016934439853658,1,0.45383128,64.89035506569579,142.98343442897058,90.766256,,,,,,,,63895.32502127883,0.0,0.0,1410.0,27.0,gpu,0,0,0,0,0,1,1,1,1,1,1,1,0,0,0,0,0
cholesky_N768,cholesky,768,matrix,gpu_ready,30,1.4771212547196624,gpu,-2.177896299184755,gpu,3.6609922188483224,0.41471568477473647,0.41471568477473647,22.778504864589305,0.16072135728888762,8.163161154794144,0.050803319560974,782.7715838229955,2.885361220031512,150994944.0,8.178962405374874,9437184.0,6.9748424227189485,16.0,1.4370000693850875,0.010685245,0.7359139584553178,0.0051736590444444,85.39052125708645,0.6006176676666667,0.2721053718264715,0.0016934439853658,1,0.45383128,64.89035506569579,142.98343442897058,90.766256,,,,,,,,63895.32502127883,0.0,0.0,1410.0,27.0,gpu,0,0,0,0,0,1,1,1,1,1,1,1,0,0,0,0,0
cholesky_N768,cholesky,768,matrix,gpu_ready,100,2.0,gpu,-2.1318181571109394,gpu,38.84586652098158,4.607952053052627,4.607952053052627,74.29248195646156,0.5228774903999956,27.210537182647148,0.16934439853658,743.0180278296816,2.885361220031512,150994944.0,8.178962405374874,9437184.0,6.9748424227189485,16.0,1.4370000693850875,0.010685245,0.7359139584553178,0.0051736590444444,85.39052125708645,0.6006176676666667,0.2721053718264715,0.0016934439853658,1,0.45383128,64.89035506569579,142.98343442897058,90.766256,,,,,,,,63895.32502127883,0.0,0.0,1410.0,27.0,gpu,0,0,0,0,0,1,1,1,1,1,1,1,0,0,0,0,0
cholesky_N768,cholesky,768,matrix,gpu_ready,1000,3.0,gpu,-2.1137566574558537,gpu,3815.055004728265,460.79520530526275,460.79520530526275,736.6150445662477,5.179170630399956,272.10537182647147,1.6934439853658,727.9285376246282,2.885361220031512,150994944.0,8.178962405374874,9437184.0,6.9748424227189485,16.0,1.4370000693850875,0.010685245,0.7359139584553178,0.0051736590444444,85.39052125708645,0.6006176676666667,0.2721053718264715,0.0016934439853658,1,0.45383128,64.89035506569579,142.98343442897058,90.766256,,,,,,,,63895.32502127883,0.0,0.0,1410.0,27.0,gpu,0,0,0,0,0,1,1,1,1,1,1,1,0,0,0,0,0
cholesky_N768,cholesky,768,matrix,none_ready,1,0.0,none,8.113772200909624,cpu,0.015354697806396658,51.287055718272185,0.015354697806396658,1.4370000693850875,0.010685245,85.39052125708645,0.6006176676666667,333915.40274473105,2.885361220031512,150994944.0,8.178962405374874,9437184.0,6.9748424227189485,16.0,1.4370000693850875,0.010685245,0.7359139584553178,0.0051736590444444,85.39052125708645,0.6006176676666667,0.2721053718264715,0.0016934439853658,1,,,,,,,,,,,,,,,,,,1,1,1,1,1,1,1,1,1,1,1,1,1,1,1,1,1
cholesky_N768,cholesky,768,matrix,none_ready,2,0.3010299956639812,none,7.311390495083864,cpu,0.03446003506434817,51.595551871893534,0.03446003506434817,2.172914027840405,0.0158589040444444,85.66262662891292,0.6023111116520324,149625.76718377604,2.885361220031512,150994944.0,8.178962405374874,9437184.0,6.9748424227189485,16.0,1.4370000693850875,0.010685245,0.7359139584553178,0.0051736590444444,85.39052125708645,0.6006176676666667,0.2721053718264715,0.0016934439853658,1,,,,,,,,,,,,,,,,,,1,1,1,1,1,1,1,1,1,1,1,1,1,1,1,1,1
cholesky_N768,cholesky,768,matrix,none_ready,3,0.47712125471966244,none,6.74334771201368,cpu,0.061180108136490156,51.9049696159255,0.061180108136490156,2.908827986295723,0.0210325630888888,85.93473200073939,0.6040045556373983,84739.61731503936,2.885361220031512,150994944.0,8.178962405374874,9437184.0,6.9748424227189485,16.0,1.4370000693850875,0.010685245,0.7359139584553178,0.0051736590444444,85.39052125708645,0.6006176676666667,0.2721053718264715,0.0016934439853658,1,,,,,,,,,,,,,,,,,,1,1,1,1,1,1,1,1,1,1,1,1,1,1,1,1,1
cholesky_N768,cholesky,768,matrix,none_ready,5,0.6989700043360189,none,5.945708989913089,cpu,0.13746446172334553,52.52656987522127,0.13746446172334553,4.380655903206359,0.0313798811777776,86.47894274439233,0.6073914436081299,38111.0177544897,2.885361220031512,150994944.0,8.178962405374874,9437184.0,6.9748424227189485,16.0,1.4370000693850875,0.010685245,0.7359139584553178,0.0051736590444444,85.39052125708645,0.6006176676666667,0.2721053718264715,0.0016934439853658,1,,,,,,,,,,,,,,,,,,1,1,1,1,1,1,1,1,1,1,1,1,1,1,1,1,1
cholesky_N768,cholesky,768,matrix,none_ready,10,1.0,none,4.764191087726619,cpu,0.4614332224388173,54.09669835564636,0.4614332224388173,8.060225695482949,0.0572481763999996,87.83946960352469,0.6158586635349589,11623.62450838034,2.885361220031512,150994944.0,8.178962405374874,9437184.0,6.9748424227189485,16.0,1.4370000693850875,0.010685245,0.7359139584553178,0.0051736590444444,85.39052125708645,0.6006176676666667,0.2721053718264715,0.0016934439853658,1,,,,,,,,,,,,,,,,,,1,1,1,1,1,1,1,1,1,1,1,1,1,1,1,1,1
cholesky_N768,cholesky,768,matrix,none_ready,30,1.4771212547196624,none,2.8066862520500337,cpu,3.6609922188483224,60.60760987999936,3.6609922188483224,22.778504864589305,0.16072135728888762,93.28157704005412,0.6497275432422749,1555.4968231826876,2.885361220031512,150994944.0,8.178962405374874,9437184.0,6.9748424227189485,16.0,1.4370000693850875,0.010685245,0.7359139584553178,0.0051736590444444,85.39052125708645,0.6006176676666667,0.2721053718264715,0.0016934439853658,1,,,,,,,,,,,,,,,,,,1,1,1,1,1,1,1,1,1,1,1,1,1,1,1,1,1
cholesky_N768,cholesky,768,matrix,none_ready,100,2.0,none,0.7982141336899881,cpu,38.84586652098158,86.29881000865801,38.84586652098158,74.29248195646156,0.5228774903999956,112.32895306790712,0.768268622217881,122.15699567943982,2.885361220031512,150994944.0,8.178962405374874,9437184.0,6.9748424227189485,16.0,1.4370000693850875,0.010685245,0.7359139584553178,0.0051736590444444,85.39052125708645,0.6006176676666667,0.2721053718264715,0.0016934439853658,1,,,,,,,,,,,,,,,,,,1,1,1,1,1,1,1,1,1,1,1,1,1,1,1,1,1
cholesky_N768,cholesky,768,matrix,none_ready,1000,3.0,none,-1.5387624842860073,gpu,3815.055004728265,818.8884544657635,818.8884544657635,736.6150445662477,5.179170630399956,357.22378771173146,2.2923682090471007,365.8821337537574,2.885361220031512,150994944.0,8.178962405374874,9437184.0,6.9748424227189485,16.0,1.4370000693850875,0.010685245,0.7359139584553178,0.0051736590444444,85.39052125708645,0.6006176676666667,0.2721053718264715,0.0016934439853658,1,,,,,,,,,,,,,,,,,,1,1,1,1,1,1,1,1,1,1,1,1,1,1,1,1,1
cholesky_N96,cholesky,96,matrix,cpu_ready,1,0.0,cpu,17.802645347973677,cpu,1.0794027241812489e-06,58.18005771073237,1.0794027241812489e-06,0.0126636296629289,8.523644112406868e-05,91.21736883394613,0.6378177583333332,5390023142.239197,1.9822712330395684,294912.0,5.469692444399043,147456.0,5.168662448735062,2.0,0.1684706074382223,0.0017661843333333,0.0126636296629289,8.523644112406868e-05,91.21736883394613,0.6378177583333332,0.0422509724474844,0.0002793954465277,1,0.001756893,0.1302813383112298,74.15439546473792,1.756893,2.116876651950724,0.0979140846923472,0.013628273168268,0.3413778238492437,19250712688.05853,3119530.5,1.0,,,,,,cpu,0,0,0,0,0,0,0,0,0,0,0,0,1,1,1,1,1
cholesky_N96,cholesky,96,matrix,cpu_ready,2,0.3010299956639812,cpu,16.417252022716124,cpu,4.3176108967249955e-06,58.23250365349198,4.3176108967249955e-06,0.0253272593258578,0.00017047288224813736,91.25961980639362,0.6380971537798609,1348720408.7809706,1.9822712330395684,294912.0,5.469692444399043,147456.0,5.168662448735062,2.0,0.1684706074382223,0.0017661843333333,0.0126636296629289,8.523644112406868e-05,91.21736883394613,0.6378177583333332,0.0422509724474844,0.0002793954465277,1,0.001756893,0.1302813383112298,74.15439546473792,1.756893,2.116876651950724,0.0979140846923472,0.013628273168268,0.3413778238492437,19250712688.05853,3119530.5,1.0,,,,,,cpu,0,0,0,0,0,0,0,0,0,0,0,0,1,1,1,1,1
cholesky_N96,cholesky,96,matrix,cpu_ready,3,0.47712125471966244,cpu,15.607222436296786,cpu,9.71462451763124e-06,58.28497320571022,9.71462451763124e-06,0.0379908889887867,0.00025570932337220603,91.30187077884109,0.6383765492263886,599971346.1421316,1.9822712330395684,294912.0,5.469692444399043,147456.0,5.168662448735062,2.0,0.1684706074382223,0.0017661843333333,0.0126636296629289,8.523644112406868e-05,91.21736883394613,0.6378177583333332,0.0422509724474844,0.0002793954465277,1,0.001756893,0.1302813383112298,74.15439546473792,1.756893,2.116876651950724,0.0979140846923472,0.013628273168268,0.3413778238492437,19250712688.05853,3119530.5,1.0,,,,,,cpu,0,0,0,0,0,0,0,0,0,0,0,0,1,1,1,1,1
cholesky_N96,cholesky,96,matrix,cpu_ready,5,0.6989700043360189,cpu,14.58737123162673,cpu,2.698506810453122e-05,58.389983138522574,2.698506810453122e-05,0.0633181483146445,0.0004261822056203434,91.38637272373606,0.638935340119444,216378761.49606556,1.9822712330395684,294912.0,5.469692444399043,147456.0,5.168662448735062,2.0,0.1684706074382223,0.0017661843333333,0.0126636296629289,8.523644112406868e-05,91.21736883394613,0.6378177583333332,0.0422509724474844,0.0002793954465277,1,0.001756893,0.1302813383112298,74.15439546473792,1.756893,2.116876651950724,0.0979140846923472,0.013628273168268,0.3413778238492437,19250712688.05853,3119530.5,1.0,,,,,,cpu,0,0,0,0,0,0,0,0,0,0,0,0,1,1,1,1,1
cholesky_N96,cholesky,96,matrix,cpu_ready,10,1.0,cpu,13.205569897085768,cpu,0.00010794027241812488,58.65292113607944,0.00010794027241812488,0.126636296629289,0.0008523644112406868,91.59762758597348,0.6403323173520825,54338211.19943578,1.9822712330395684,294912.0,5.469692444399043,147456.0,5.168662448735062,2.0,0.1684706074382223,0.0017661843333333,0.0126636296629289,8.523644112406868e-05,91.21736883394613,0.6378177583333332,0.0422509724474844,0.0002793954465277,1,0.001756893,0.1302813383112298,74.15439546473792,1.756893,2.116876651950724,0.0979140846923472,0.013628273168268,0.3413778238492437,19250712688.05853,3119530.5,1.0,,,,,,cpu,0,0,0,0,0,0,0,0,0,0,0,0,1,1,1,1,1
cholesky_N96,cholesky,96,matrix,cpu_ready,30,1.4771212547196624,cpu,11.026217088261253,cpu,0.0009714624517631241,59.710575490963464,0.0009714624517631241,0.37990888988786703,0.0025570932337220602,92.44264703492317,0.6459202262826365,6146362.519739564,1.9822712330395684,294912.0,5.469692444399043,147456.0,5.168662448735062,2.0,0.1684706074382223,0.0017661843333333,0.0126636296629289,8.523644112406868e-05,91.21736883394613,0.6378177583333332,0.0422509724474844,0.0002793954465277,1,0.001756893,0.1302813383112298,74.15439546473792,1.756893,2.116876651950724,0.0979140846923472,0.013628273168268,0.3413778238492437,19250712688.05853,3119530.5,1.0,,,,,,cpu,0,0,0,0,0,0,0,0,0,0,0,0,1,1,1,1,1
cholesky_N96,cholesky,96,matrix,cpu_ready,100,2.0,cpu,8.679593325747875,cpu,0.010794027241812488,63.4867355277307,0.010794027241812488,1.26636296629289,0.008523644112406867,95.40021510624707,0.6654779075395755,588065.4187586642,1.9822712330395684,294912.0,5.469692444399043,147456.0,5.168662448735062,2.0,0.1684706074382223,0.0017661843333333,0.0126636296629289,8.523644112406868e-05,91.21736883394613,0.6378177583333332,0.0422509724474844,0.0002793954465277,1,0.001756893,0.1302813383112298,74.15439546473792,1.756893,2.116876651950724,0.0979140846923472,0.013628273168268,0.3413778238492437,19250712688.05853,3119530.5,1.0,,,,,,cpu,0,0,0,0,0,0,0,0,0,0,0,0,1,1,1,1,1
cholesky_N96,cholesky,96,matrix,cpu_ready,1000,3.0,cpu,4.730419847900112,cpu,1.079402724181249,122.34289326229967,1.079402724181249,12.6636296629289,0.08523644112406868,133.42609030898305,0.9169338094145055,11234.3139239434,1.9822712330395684,294912.0,5.469692444399043,147456.0,5.168662448735062,2.0,0.1684706074382223,0.0017661843333333,0.0126636296629289,8.523644112406868e-05,91.21736883394613,0.6378177583333332,0.0422509724474844,0.0002793954465277,1,0.001756893,0.1302813383112298,74.15439546473792,1.756893,2.116876651950724,0.0979140846923472,0.013628273168268,0.3413778238492437,19250712688.05853,3119530.5,1.0,,,,,,cpu,0,0,0,0,0,0,0,0,0,0,0,0,1,1,1,1,1
cholesky_N96,cholesky,96,matrix,gpu_ready,1,0.0,gpu,-3.2270825333229354,gpu,0.0002975501474845327,1.1804729313194454e-05,1.1804729313194454e-05,0.1684706074382223,0.0017661843333333,0.0422509724474844,0.0002793954465277,2420.601189490666,1.9822712330395684,294912.0,5.469692444399043,147456.0,5.168662448735062,2.0,0.1684706074382223,0.0017661843333333,0.0126636296629289,8.523644112406868e-05,91.21736883394613,0.6378177583333332,0.0422509724474844,0.0002793954465277,1,0.523337431,82.33920327815605,157.3348252977457,104.6674862,,,,,,,,61843.0860605822,0.0,0.0,1410.0,21.888230928010955,gpu,0,0,0,0,0,1,1,1,1,1,1,1,0,0,0,0,0
cholesky_N96,cholesky,96,matrix,gpu_ready,2,0.3010299956639812,gpu,-1.960397126810727,gpu,0.000335355689534558,4.7218917252777816e-05,4.7218917252777816e-05,0.18113423710115117,0.0018514207744573688,0.0845019448949688,0.0005587908930554,610.2146958162823,1.9822712330395684,294912.0,5.469692444399043,147456.0,5.168662448735062,2.0,0.1684706074382223,0.0017661843333333,0.0126636296629289,8.523644112406868e-05,91.21736883394613,0.6378177583333332,0.0422509724474844,0.0002793954465277,1,0.523337431,82.33920327815605,157.3348252977457,104.6674862,,,,,,,,61843.0860605822,0.0,0.0,1410.0,21.888230928010955,gpu,0,0,0,0,0,1,1,1,1,1,1,1,0,0,0,0,0
cholesky_N96,cholesky,96,matrix,gpu_ready,3,0.47712125471966244,gpu,-1.2620542763251212,gpu,0.0003753200370329457,0.00010624256381875009,0.00010624256381875009,0.1937978667640801,0.0019366572155814373,0.1267529173424532,0.0008381863395831,253.2671121088927,1.9822712330395684,294912.0,5.469692444399043,147456.0,5.168662448735062,2.0,0.1684706074382223,0.0017661843333333,0.0126636296629289,8.523644112406868e-05,91.21736883394613,0.6378177583333332,0.0422509724474844,0.0002793954465277,1,0.523337431,82.33920327815605,157.3348252977457,104.6674862,,,,,,,,61843.0860605822,0.0,0.0,1410.0,21.888230928010955,gpu,0,0,0,0,0,1,1,1,1,1,1,1,0,0,0,0,0
cholesky_N96,cholesky,96,matrix,gpu_ready,5,0.6989700043360189,gpu,-0.44759373181176954,gpu,0.00046172514837480877,0.0002951182328298614,0.0002951182328298614,0.2191251260899379,0.0021071300978295748,0.21125486223742201,0.0013969772326385,56.454294249246864,1.9822712330395684,294912.0,5.469692444399043,147456.0,5.168662448735062,2.0,0.1684706074382223,0.0017661843333333,0.0126636296629289,8.523644112406868e-05,91.21736883394613,0.6378177583333332,0.0422509724474844,0.0002793954465277,1,0.523337431,82.33920327815605,157.3348252977457,104.6674862,,,,,,,,61843.0860605822,0.0,0.0,1410.0,21.888230928010955,gpu,0,0,0,0,0,1,1,1,1,1,1,1,0,0,0,0,0
cholesky_N96,cholesky,96,matrix,gpu_ready,10,1.0,gpu,0.5006650372430532,cpu,0.00071551702207581,0.0011804729313194455,0.00071551702207581,0.2824432744045824,0.002533312303449918,0.42250972447484403,0.002793954465277,64.98180964231105,1.9822712330395684,294912.0,5.469692444399043,147456.0,5.168662448735062,2.0,0.1684706074382223,0.0017661843333333,0.0126636296629289,8.523644112406868e-05,91.21736883394613,0.6378177583333332,0.0422509724474844,0.0002793954465277,1,0.523337431,82.33920327815605,157.3348252977457,104.6674862,,,,,,,,61843.0860605822,0.0,0.0,1410.0,21.888230928010955,gpu,0,0,0,0,0,1,1,1,1,1,1,1,0,0,0,0,0
cholesky_N96,cholesky,96,matrix,gpu_ready,30,1.4771212547196624,gpu,1.543189916990601,cpu,0.002270385878970439,0.010624256381875008,0.002270385878970439,0.5357158676631604,0.004238041125931292,1.267529173424532,0.008381863395831,367.94936844360706,1.9822712330395684,294912.0,5.469692444399043,147456.0,5.168662448735062,2.0,0.1684706074382223,0.0017661843333333,0.0126636296629289,8.523644112406868e-05,91.21736883394613,0.6378177583333332,0.0422509724474844,0.0002793954465277,1,0.523337431,82.33920327815605,157.3348252977457,104.6674862,,,,,,,,61843.0860605822,0.0,0.0,1410.0,21.888230928010955,gpu,0,0,0,0,0,1,1,1,1,1,1,1,0,0,0,0,0
cholesky_N96,cholesky,96,matrix,gpu_ready,100,2.0,gpu,2.096063683075012,cpu,0.01451266404044351,0.11804729313194455,0.01451266404044351,1.4221699440681834,0.0102045920046161,4.22509724474844,0.02793954465277,713.408846252993,1.9822712330395684,294912.0,5.469692444399043,147456.0,5.168662448735062,2.0,0.1684706074382223,0.0017661843333333,0.0126636296629289,8.523644112406868e-05,91.21736883394613,0.6378177583333332,0.0422509724474844,0.0002793954465277,1,0.523337431,82.33920327815605,157.3348252977457,104.6674862,,,,,,,,61843.0860605822,0.0,0.0,1410.0,21.888230928010955,gpu,0,0,0,0,0,1,1,1,1,1,1,1,0,0,0,0,0
cholesky_N96,cholesky,96,matrix,gpu_ready,1000,3.0,gpu,2.360334896660923,cpu,1.1142319614696132,11.804729313194454,1.1142319614696132,12.819436640704193,0.08691738901627791,42.2509724474844,0.2793954465277,959.4498920695684,1.9822712330395684,294912.0,5.469692444399043,147456.0,5.168662448735062,2.0,0.1684706074382223,0.0017661843333333,0.0126636296629289,8.523644112406868e-05,91.21736883394613,0.6378177583333332,0.0422509724474844,0.0002793954465277,1,0.523337431,82.33920327815605,157.3348252977457,104.6674862,,,,,,,,61843.0860605822,0.0,0.0,1410.0,21.888230928010955,gpu,0,0,0,0,0,1,1,1,1,1,1,1,0,0,0,0,0
cholesky_N96,cholesky,96,matrix,none_ready,1,0.0,none,12.183470429211287,cpu,0.0002975501474845327,58.18005771073237,0.0002975501474845327,0.1684706074382223,0.0017661843333333,91.21736883394613,0.6378177583333332,19552926.003375344,1.9822712330395684,294912.0,5.469692444399043,147456.0,5.168662448735062,2.0,0.1684706074382223,0.0017661843333333,0.0126636296629289,8.523644112406868e-05,91.21736883394613,0.6378177583333332,0.0422509724474844,0.0002793954465277,1,,,,,,,,,,,,,,,,,,1,1,1,1,1,1,1,1,1,1,1,1,1,1,1,1,1
cholesky_N96,cholesky,96,matrix,none_ready,2,0.3010299956639812,none,12.064762510465942,cpu,0.000335355689534558,58.23250365349198,0.000335355689534558,0.18113423710115117,0.0018514207744573688,91.25961980639362,0.6380971537798609,17364300.0894433,1.9822712330395684,294912.0,5.469692444399043,147456.0,5.168662448735062,2.0,0.1684706074382223,0.0017661843333333,0.0126636296629289,8.523644112406868e-05,91.21736883394613,0.6378177583333332,0.0422509724474844,0.0002793954465277,1,,,,,,,,,,,,,,,,,,1,1,1,1,1,1,1,1,1,1,1,1,1,1,1,1,1
cholesky_N96,cholesky,96,matrix,none_ready,3,0.47712125471966244,none,11.953075774532211,cpu,0.0003753200370329457,58.28497320571022,0.0003753200370329457,0.1937978667640801,0.0019366572155814373,91.30187077884109,0.6383765492263886,15529306.227942461,1.9822712330395684,294912.0,5.469692444399043,147456.0,5.168662448735062,2.0,0.1684706074382223,0.0017661843333333,0.0126636296629289,8.523644112406868e-05,91.21736883394613,0.6378177583333332,0.0422509724474844,0.0002793954465277,1,,,,,,,,,,,,,,,,,,1,1,1,1,1,1,1,1,1,1,1,1,1,1,1,1,1
cholesky_N96,cholesky,96,matrix,none_ready,5,0.6989700043360189,none,11.747685114375505,cpu,0.00046172514837480877,58.389983138522574,0.00046172514837480877,0.2191251260899379,0.0021071300978295748,91.38637272373606,0.638935340119444,12645947.836910125,1.9822712330395684,294912.0,5.469692444399043,147456.0,5.168662448735062,2.0,0.1684706074382223,0.0017661843333333,0.0126636296629289,8.523644112406868e-05,91.21736883394613,0.6378177583333332,0.0422509724474844,0.0002793954465277,1,,,,,,,,,,,,,,,,,,1,1,1,1,1,1,1,1,1,1,1,1,1,1,1,1,1
cholesky_N96,cholesky,96,matrix,none_ready,10,1.0,none,11.314142548889368,cpu,0.00071551702207581,58.65292113607944,0.00071551702207581,0.2824432744045824,0.002533312303449918,91.59762758597348,0.6403323173520825,8197178.237479176,1.9822712330395684,294912.0,5.469692444399043,147456.0,5.168662448735062,2.0,0.1684706074382223,0.0017661843333333,0.0126636296629289,8.523644112406868e-05,91.21736883394613,0.6378177583333332,0.0422509724474844,0.0002793954465277,1,,,,,,,,,,,,,,,,,,1,1,1,1,1,1,1,1,1,1,1,1,1,1,1,1,1
cholesky_N96,cholesky,96,matrix,none_ready,30,1.4771212547196624,none,10.177314619812401,cpu,0.002270385878970439,59.710575490963464,0.002270385878970439,0.5357158676631604,0.004238041125931292,92.44264703492317,0.6459202262826365,2629874.756451562,1.9822712330395684,294912.0,5.469692444399043,147456.0,5.168662448735062,2.0,0.1684706074382223,0.0017661843333333,0.0126636296629289,8.523644112406868e-05,91.21736883394613,0.6378177583333332,0.0422509724474844,0.0002793954465277,1,,,,,,,,,,,,,,,,,,1,1,1,1,1,1,1,1,1,1,1,1,1,1,1,1,1
cholesky_N96,cholesky,96,matrix,none_ready,100,2.0,none,8.383564623383432,cpu,0.01451266404044351,63.4867355277307,0.01451266404044351,1.4221699440681834,0.0102045920046161,95.40021510624707,0.6654779075395755,437357.48782447894,1.9822712330395684,294912.0,5.469692444399043,147456.0,5.168662448735062,2.0,0.1684706074382223,0.0017661843333333,0.0126636296629289,8.523644112406868e-05,91.21736883394613,0.6378177583333332,0.0422509724474844,0.0002793954465277,1,,,,,,,,,,,,,,,,,,1,1,1,1,1,1,1,1,1,1,1,1,1,1,1,1,1
cholesky_N96,cholesky,96,matrix,none_ready,1000,3.0,none,4.698662359121582,cpu,1.1142319614696132,122.34289326229967,1.1142319614696132,12.819436640704193,0.08691738901627791,133.42609030898305,0.9169338094145055,10880.020093925134,1.9822712330395684,294912.0,5.469692444399043,147456.0,5.168662448735062,2.0,0.1684706074382223,0.0017661843333333,0.0126636296629289,8.523644112406868e-05,91.21736883394613,0.6378177583333332,0.0422509724474844,0.0002793954465277,1,,,,,,,,,,,,,,,,,,1,1,1,1,1,1,1,1,1,1,1,1,1,1,1,1,1
fft_N1024,fft,1024,matrix,cpu_ready,1,0.0,cpu,8.568026755637915,cpu,0.010000275767466022,52.60883892450005,0.010000275767466022,1.233010127823209,0.0081104571177536,85.24255344061821,0.6171663893333333,525973.881838867,3.010299956639812,104857600.0,8.020599913279623,33554432.0,7.52574989159953,3.125,4.206849388916922,0.0334500879999999,1.233010127823209,0.0081104571177536,85.24255344061821,0.6171663893333333,0.5959151599864908,0.0036730155734265,1,0.032677647,4.168737655731283,127.57153707337872,32.677647,1.451821522702171,9.19771552320048,0.4008366946096077,0.5041732139020976,4440438531.077058,3129018.5570641453,0.6606512702704695,,,,,,cpu,0,0,0,0,0,0,0,0,0,0,0,0,1,1,1,1,1
fft_N1024,fft,1024,matrix,cpu_ready,2,0.3010299956639812,cpu,7.194632668775659,cpu,0.04000110306986409,53.29190376410701,0.04000110306986409,2.466020255646418,0.0162209142355072,85.8384686006047,0.6208394049067598,133126.08546826776,3.010299956639812,104857600.0,8.020599913279623,33554432.0,7.52574989159953,3.125,4.206849388916922,0.0334500879999999,1.233010127823209,0.0081104571177536,85.24255344061821,0.6171663893333333,0.5959151599864908,0.0036730155734265,1,0.032677647,4.168737655731283,127.57153707337872,32.677647,1.451821522702171,9.19771552320048,0.4008366946096077,0.5041732139020976,4440438531.077058,3129018.5570641453,0.6606512702704695,,,,,,cpu,0,0,0,0,0,0,0,0,0,0,0,0,1,1,1,1,1
fft_N1024,fft,1024,matrix,cpu_ready,3,0.47712125471966244,cpu,6.396519528187343,cpu,0.0900024819071942,53.97934621504011,0.0900024819071942,3.699030383469627,0.0243313713532608,86.43438376059119,0.6245124204801863,59875.39742370744,3.010299956639812,104857600.0,8.020599913279623,33554432.0,7.52574989159953,3.125,4.206849388916922,0.0334500879999999,1.233010127823209,0.0081104571177536,85.24255344061821,0.6171663893333333,0.5959151599864908,0.0036730155734265,1,0.032677647,4.168737655731283,127.57153707337872,32.677647,1.451821522702171,9.19771552320048,0.4008366946096077,0.5041732139020976,4440438531.077058,3129018.5570641453,0.6606512702704695,,,,,,cpu,0,0,0,0,0,0,0,0,0,0,0,0,1,1,1,1,1
fft_N1024,fft,1024,matrix,cpu_ready,5,0.6989700043360189,cpu,5.400257106560662,cpu,0.25000689418665056,55.36736395088475,0.25000689418665056,6.165050639116045,0.040552285588768,87.62621408056417,0.6318584516270394,22046.334856489393,3.010299956639812,104857600.0,8.020599913279623,33554432.0,7.52574989159953,3.125,4.206849388916922,0.0334500879999999,1.233010127823209,0.0081104571177536,85.24255344061821,0.6171663893333333,0.5959151599864908,0.0036730155734265,1,0.032677647,4.168737655731283,127.57153707337872,32.677647,1.451821522702171,9.19771552320048,0.4008366946096077,0.5041732139020976,4440438531.077058,3129018.5570641453,0.6606512702704695,,,,,,cpu,0,0,0,0,0,0,0,0,0,0,0,0,1,1,1,1,1
fft_N1024,fft,1024,matrix,cpu_ready,10,1.0,cpu,4.0760514569263115,cpu,1.0000275767466023,58.91401648870384,1.0000275767466023,12.33010127823209,0.081104571177536,90.60578988049663,0.6502235294941718,5791.239187660132,3.010299956639812,104857600.0,8.020599913279623,33554432.0,7.52574989159953,3.125,4.206849388916922,0.0334500879999999,1.233010127823209,0.0081104571177536,85.24255344061821,0.6171663893333333,0.5959151599864908,0.0036730155734265,1,0.032677647,4.168737655731283,127.57153707337872,32.677647,1.451821522702171,9.19771552320048,0.4008366946096077,0.5041732139020976,4440438531.077058,3129018.5570641453,0.6606512702704695,,,,,,cpu,0,0,0,0,0,0,0,0,0,0,0,0,1,1,1,1,1
fft_N1024,fft,1024,matrix,cpu_ready,30,1.4771212547196624,cpu,2.109445005972428,cpu,9.00024819071942,74.19502947151584,9.00024819071942,36.99030383469627,0.243313713532608,102.52409308022644,0.7236838409627019,724.3664830045668,3.010299956639812,104857600.0,8.020599913279623,33554432.0,7.52574989159953,3.125,4.206849388916922,0.0334500879999999,1.233010127823209,0.0081104571177536,85.24255344061821,0.6171663893333333,0.5959151599864908,0.0036730155734265,1,0.032677647,4.168737655731283,127.57153707337872,32.677647,1.451821522702171,9.19771552320048,0.4008366946096077,0.5041732139020976,4440438531.077058,3129018.5570641453,0.6606512702704695,,,,,,cpu,0,0,0,0,0,0,0,0,0,0,0,0,1,1,1,1,1
fft_N1024,fft,1024,matrix,cpu_ready,100,2.0,cpu,0.34687613834169995,cpu,100.00275767466023,141.46805058870717,100.00275767466023,123.30101278232091,0.81104571177536,144.2381542792808,0.9807949311025568,41.46414946770399,3.010299956639812,104857600.0,8.020599913279623,33554432.0,7.52574989159953,3.125,4.206849388916922,0.0334500879999999,1.233010127823209,0.0081104571177536,85.24255344061821,0.6171663893333333,0.5959151599864908,0.0036730155734265,1,0.032677647,4.168737655731283,127.57153707337872,32.677647,1.451821522702171,9.19771552320048,0.4008366946096077,0.5041732139020976,4440438531.077058,3129018.5570641453,0.6606512702704695,,,,,,cpu,0,0,0,0,0,0,0,0,0,0,0,0,1,1,1,1,1
fft_N1024,fft,1024,matrix,cpu_ready,1000,3.0,cpu,-1.2319766809153287,gpu,10000.275767466024,2917.234237385291,2917.234237385291,1233.0101278232091,8.110457117753601,680.5617982671225,4.286508947186407,242.79989036565135,3.010299956639812,104857600.0,8.020599913279623,33554432.0,7.52574989159953,3.125,4.206849388916922,0.0334500879999999,1.233010127823209,0.0081104571177536,85.24255344061821,0.6171663893333333,0.5959151599864908,0.0036730155734265,1,0.032677647,4.168737655731283,127.57153707337872,32.677647,1.451821522702171,9.19771552320048,0.4008366946096077,0.5041732139020976,4440438531.077058,3129018.5570641453,0.6606512702704695,,,,,,cpu,0,0,0,0,0,0,0,0,0,0,0,0,1,1,1,1,1
fft_N1024,fft,1024,matrix,gpu_ready,1,0.0,gpu,-4.163412385477958,gpu,0.14071948226201683,0.002188805663071325,0.002188805663071325,4.206849388916922,0.0334500879999999,0.5959151599864908,0.0036730155734265,6329.053279429097,3.010299956639812,104857600.0,8.020599913279623,33554432.0,7.52574989159953,3.125,4.206849388916922,0.0334500879999999,1.233010127823209,0.0081104571177536,85.24255344061821,0.6171663893333333,0.5959151599864908,0.0036730155734265,1,0.4955969,72.4525905421749,146.19258220173472,99.11938,,,,,,,,61713.56246909535,0.0,0.0,1410.0,22.83974042815845,gpu,0,0,0,0,0,1,1,1,1,1,1,1,0,0,0,0,0
fft_N1024,fft,1024,matrix,gpu_ready,2,0.3010299956639812,gpu,-3.2512541220971847,gpu,0.22608352687971894,0.0087552226522853,0.0087552226522853,5.439859516740131,0.0415605451177535,1.1918303199729816,0.007346031146853,2482.2704442668437,3.010299956639812,104857600.0,8.020599913279623,33554432.0,7.52574989159953,3.125,4.206849388916922,0.0334500879999999,1.233010127823209,0.0081104571177536,85.24255344061821,0.6171663893333333,0.5959151599864908,0.0036730155734265,1,0.4955969,72.4525905421749,146.19258220173472,99.11938,,,,,,,,61713.56246909535,0.0,0.0,1410.0,22.83974042815845,gpu,0,0,0,0,0,1,1,1,1,1,1,1,0,0,0,0,0
fft_N1024,fft,1024,matrix,gpu_ready,3,0.47712125471966244,gpu,-2.8228906926990702,gpu,0.3314481230323531,0.019699250967641923,0.019699250967641923,6.67286964456334,0.0496710022355071,1.7877454799594723,0.0110190467202795,1582.5417554037526,3.010299956639812,104857600.0,8.020599913279623,33554432.0,7.52574989159953,3.125,4.206849388916922,0.0334500879999999,1.233010127823209,0.0081104571177536,85.24255344061821,0.6171663893333333,0.5959151599864908,0.0036730155734265,1,0.4955969,72.4525905421749,146.19258220173472,99.11938,,,,,,,,61713.56246909535,0.0,0.0,1410.0,22.83974042815845,gpu,0,0,0,0,0,1,1,1,1,1,1,1,0,0,0,0,0
fft_N1024,fft,1024,matrix,gpu_ready,5,0.6989700043360189,gpu,-2.398322832783424,gpu,0.6021789699424176,0.05472014157678312,0.05472014157678312,9.138889900209758,0.0658919164710143,2.979575799932454,0.018365077867132498,1000.4704165420371,3.010299956639812,104857600.0,8.020599913279623,33554432.0,7.52574989159953,3.125,4.206849388916922,0.0334500879999999,1.233010127823209,0.0081104571177536,85.24255344061821,0.6171663893333333,0.5959151599864908,0.0036730155734265,1,0.4955969,72.4525905421749,146.19258220173472,99.11938,,,,,,,,61713.56246909535,0.0,0.0,1410.0,22.83974042815845,gpu,0,0,0,0,0,1,1,1,1,1,1,1,0,0,0,0,0
fft_N1024,fft,1024,matrix,gpu_ready,10,1.0,gpu,-2.007205048633625,gpu,1.6290157390788897,0.21888056630713248,0.21888056630713248,15.303940539325804,0.1064442020597823,5.959151599864908,0.036730155734264996,644.2486861958591,3.010299956639812,104857600.0,8.020599913279623,33554432.0,7.52574989159953,3.125,4.206849388916922,0.0334500879999999,1.233010127823209,0.0081104571177536,85.24255344061821,0.6171663893333333,0.5959151599864908,0.0036730155734265,1,0.4955969,72.4525905421749,146.19258220173472,99.11938,,,,,,,,61713.56246909535,0.0,0.0,1410.0,22.83974042815845,gpu,0,0,0,0,0,1,1,1,1,1,1,1,0,0,0,0,0
fft_N1024,fft,1024,matrix,gpu_ready,30,1.4771212547196624,gpu,-1.6956536964834537,gpu,10.736500699357787,1.9699250967641921,1.9699250967641921,39.964143095789986,0.2686533444148543,17.877454799594723,0.11019046720279499,445.02075825083966,3.010299956639812,104857600.0,8.020599913279623,33554432.0,7.52574989159953,3.125,4.206849388916922,0.0334500879999999,1.233010127823209,0.0081104571177536,85.24255344061821,0.6171663893333333,0.5959151599864908,0.0036730155734265,1,0.4955969,72.4525905421749,146.19258220173472,99.11938,,,,,,,,61713.56246909535,0.0,0.0,1410.0,22.83974042815845,gpu,0,0,0,0,0,1,1,1,1,1,1,1,0,0,0,0,0
fft_N1024,fft,1024,matrix,gpu_ready,100,2.0,gpu,-1.5738539320177132,gpu,105.61443539536988,21.888056630713248,21.888056630713248,126.27485204341463,0.8363853426576063,59.59151599864908,0.36730155734264996,382.52084311209273,3.010299956639812,104857600.0,8.020599913279623,33554432.0,7.52574989159953,3.125,4.206849388916922,0.0334500879999999,1.233010127823209,0.0081104571177536,85.24255344061821,0.6171663893333333,0.5959151599864908,0.0036730155734265,1,0.4955969,72.4525905421749,146.19258220173472,99.11938,,,,,,,,61713.56246909535,0.0,0.0,1410.0,22.83974042815845,gpu,0,0,0,0,0,1,1,1,1,1,1,1,0,0,0,0,0
fft_N1024,fft,1024,matrix,gpu_ready,1000,3.0,gpu,-1.5247850283020843,gpu,10055.714340770506,2188.805663071325,2188.805663071325,1235.9839670843028,8.135796748635848,595.9151599864908,3.6730155734265,359.4155849661116,3.010299956639812,104857600.0,8.020599913279623,33554432.0,7.52574989159953,3.125,4.206849388916922,0.0334500879999999,1.233010127823209,0.0081104571177536,85.24255344061821,0.6171663893333333,0.5959151599864908,0.0036730155734265,1,0.4955969,72.4525905421749,146.19258220173472,99.11938,,,,,,,,61713.56246909535,0.0,0.0,1410.0,22.83974042815845,gpu,0,0,0,0,0,1,1,1,1,1,1,1,0,0,0,0,0
fft_N1024,fft,1024,matrix,none_ready,1,0.0,none,5.9238710037826126,cpu,0.14071948226201683,52.60883892450005,0.14071948226201683,4.206849388916922,0.0334500879999999,85.24255344061821,0.6171663893333333,37285.61148664792,3.010299956639812,104857600.0,8.020599913279623,33554432.0,7.52574989159953,3.125,4.206849388916922,0.0334500879999999,1.233010127823209,0.0081104571177536,85.24255344061821,0.6171663893333333,0.5959151599864908,0.0036730155734265,1,,,,,,,,,,,,,,,,,,1,1,1,1,1,1,1,1,1,1,1,1,1,1,1,1,1
fft_N1024,fft,1024,matrix,none_ready,2,0.3010299956639812,none,5.46263518030113,cpu,0.22608352687971894,53.29190376410701,0.22608352687971894,5.439859516740131,0.0415605451177535,85.8384686006047,0.6208394049067598,23471.776546311306,3.010299956639812,104857600.0,8.020599913279623,33554432.0,7.52574989159953,3.125,4.206849388916922,0.0334500879999999,1.233010127823209,0.0081104571177536,85.24255344061821,0.6171663893333333,0.5959151599864908,0.0036730155734265,1,,,,,,,,,,,,,,,,,,1,1,1,1,1,1,1,1,1,1,1,1,1,1,1,1,1
fft_N1024,fft,1024,matrix,none_ready,3,0.47712125471966244,none,5.0928854691109295,cpu,0.3314481230323531,53.97934621504011,0.3314481230323531,6.67286964456334,0.0496710022355071,86.43438376059119,0.6245124204801863,16185.91096585305,3.010299956639812,104857600.0,8.020599913279623,33554432.0,7.52574989159953,3.125,4.206849388916922,0.0334500879999999,1.233010127823209,0.0081104571177536,85.24255344061821,0.6171663893333333,0.5959151599864908,0.0036730155734265,1,,,,,,,,,,,,,,,,,,1,1,1,1,1,1,1,1,1,1,1,1,1,1,1,1,1
fft_N1024,fft,1024,matrix,none_ready,5,0.6989700043360189,none,4.521190907399895,cpu,0.6021789699424176,55.36736395088475,0.6021789699424176,9.138889900209758,0.0658919164710143,87.62621408056417,0.6318584516270394,9094.503082061994,3.010299956639812,104857600.0,8.020599913279623,33554432.0,7.52574989159953,3.125,4.206849388916922,0.0334500879999999,1.233010127823209,0.0081104571177536,85.24255344061821,0.6171663893333333,0.5959151599864908,0.0036730155734265,1,,,,,,,,,,,,,,,,,,1,1,1,1,1,1,1,1,1,1,1,1,1,1,1,1,1
fft_N1024,fft,1024,matrix,none_ready,10,1.0,none,3.588103041915343,cpu,1.6290157390788897,58.91401648870384,1.6290157390788897,15.303940539325804,0.1064442020597823,90.60578988049663,0.6502235294941718,3516.5406555259046,3.010299956639812,104857600.0,8.020599913279623,33554432.0,7.52574989159953,3.125,4.206849388916922,0.0334500879999999,1.233010127823209,0.0081104571177536,85.24255344061821,0.6171663893333333,0.5959151599864908,0.0036730155734265,1,,,,,,,,,,,,,,,,,,1,1,1,1,1,1,1,1,1,1,1,1,1,1,1,1,1
fft_N1024,fft,1024,matrix,none_ready,30,1.4771212547196624,none,1.9330479431116303,cpu,10.736500699357787,74.19502947151584,10.736500699357787,39.964143095789986,0.2686533444148543,102.52409308022644,0.7236838409627019,591.054111103014,3.010299956639812,104857600.0,8.020599913279623,33554432.0,7.52574989159953,3.125,4.206849388916922,0.0334500879999999,1.233010127823209,0.0081104571177536,85.24255344061821,0.6171663893333333,0.5959151599864908,0.0036730155734265,1,,,,,,,,,,,,,,,,,,1,1,1,1,1,1,1,1,1,1,1,1,1,1,1,1,1
fft_N1024,fft,1024,matrix,none_ready,100,2.0,none,0.29227883994664294,cpu,105.61443539536988,141.46805058870717,105.61443539536988,126.27485204341463,0.8363853426576063,144.2381542792808,0.9807949311025568,33.947646511689925,3.010299956639812,104857600.0,8.020599913279623,33554432.0,7.52574989159953,3.125,4.206849388916922,0.0334500879999999,1.233010127823209,0.0081104571177536,85.24255344061821,0.6171663893333333,0.5959151599864908,0.0036730155734265,1,,,,,,,,,,,,,,,,,,1,1,1,1,1,1,1,1,1,1,1,1,1,1,1,1,1
fft_N1024,fft,1024,matrix,none_ready,1000,3.0,none,-1.2375050755947568,gpu,10055.714340770506,2917.234237385291,2917.234237385291,1235.9839670843028,8.135796748635848,680.5617982671225,4.286508947186407,244.70027164439884,3.010299956639812,104857600.0,8.020599913279623,33554432.0,7.52574989159953,3.125,4.206849388916922,0.0334500879999999,1.233010127823209,0.0081104571177536,85.24255344061821,0.6171663893333333,0.5959151599864908,0.0036730155734265,1,,,,,,,,,,,,,,,,,,1,1,1,1,1,1,1,1,1,1,1,1,1,1,1,1,1
fft_N128,fft,128,matrix,cpu_ready,1,0.0,cpu,18.89032315052376,cpu,3.5070167323514584e-07,56.0920023545897,3.5070167323514584e-07,0.0072842750591362,4.814503439093547e-05,88.43909028720948,0.634244452,15994221380.93943,2.1072099696478683,1146880.0,6.059517979309994,524288.0,5.719569917615643,2.1875,2.901200080446353,0.0211982886666666,0.0072842750591362,4.814503439093547e-05,88.43909028720948,0.634244452,0.0282240166161745,0.0001885866258413,1,0.010093068,1.32602394811797,131.37967049443935,10.093068,1.480231109655078,4.288507805696364,0.1730355711965844,0.4572852706001326,3581646732.057636,3126478.595448133,0.9977897701670096,,,,,,cpu,0,0,0,0,0,0,0,0,0,0,0,0,1,1,1,1,1
fft_N128,fft,128,matrix,cpu_ready,2,0.3010299956639812,cpu,17.504645169979273,cpu,1.4028066929405834e-06,56.12658703284347,1.4028066929405834e-06,0.0145685501182724,9.629006878187093e-05,88.46731430382566,0.6344330386258413,4001020661.826429,2.1072099696478683,1146880.0,6.059517979309994,524288.0,5.719569917615643,2.1875,2.901200080446353,0.0211982886666666,0.0072842750591362,4.814503439093547e-05,88.43909028720948,0.634244452,0.0282240166161745,0.0001885866258413,1,0.010093068,1.32602394811797,131.37967049443935,10.093068,1.480231109655078,4.288507805696364,0.1730355711965844,0.4572852706001326,3581646732.057636,3126478.595448133,0.9977897701670096,,,,,,cpu,0,0,0,0,0,0,0,0,0,0,0,0,1,1,1,1,1
fft_N128,fft,128,matrix,cpu_ready,3,0.47712125471966244,cpu,16.69433114419723,cpu,3.1563150591163123e-06,56.16118235644135,3.1563150591163123e-06,0.0218528251774086,0.0001444351031728064,88.49553832044182,0.6346216252516826,1779327416.568167,2.1072099696478683,1146880.0,6.059517979309994,524288.0,5.719569917615643,2.1875,2.901200080446353,0.0211982886666666,0.0072842750591362,4.814503439093547e-05,88.43909028720948,0.634244452,0.0282240166161745,0.0001885866258413,1,0.010093068,1.32602394811797,131.37967049443935,10.093068,1.480231109655078,4.288507805696364,0.1730355711965844,0.4572852706001326,3581646732.057636,3126478.595448133,0.9977897701670096,,,,,,cpu,0,0,0,0,0,0,0,0,0,0,0,0,1,1,1,1,1
fft_N128,fft,128,matrix,cpu_ready,5,0.6989700043360189,cpu,15.673911707580041,cpu,8.767541830878646e-06,56.230404939669505,8.767541830878646e-06,0.036421375295681,0.00024072517195467734,88.55198635367418,0.6349987985033653,641347338.3621428,2.1072099696478683,1146880.0,6.059517979309994,524288.0,5.719569917615643,2.1875,2.901200080446353,0.0211982886666666,0.0072842750591362,4.814503439093547e-05,88.43909028720948,0.634244452,0.0282240166161745,0.0001885866258413,1,0.010093068,1.32602394811797,131.37967049443935,10.093068,1.480231109655078,4.288507805696364,0.1730355711965844,0.4572852706001326,3581646732.057636,3126478.595448133,0.9977897701670096,,,,,,cpu,0,0,0,0,0,0,0,0,0,0,0,0,1,1,1,1,1
fft_N128,fft,128,matrix,cpu_ready,10,1.0,cpu,14.29069355448362,cpu,3.507016732351458e-05,56.403647691261995,3.507016732351458e-05,0.072842750591362,0.0004814503439093547,88.69310643675504,0.6359417316325717,160830748.54129934,2.1072099696478683,1146880.0,6.059517979309994,524288.0,5.719569917615643,2.1875,2.901200080446353,0.0211982886666666,0.0072842750591362,4.814503439093547e-05,88.43909028720948,0.634244452,0.0282240166161745,0.0001885866258413,1,0.010093068,1.32602394811797,131.37967049443935,10.093068,1.480231109655078,4.288507805696364,0.1730355711965844,0.4572852706001326,3581646732.057636,3126478.595448133,0.9977897701670096,,,,,,cpu,0,0,0,0,0,0,0,0,0,0,0,0,1,1,1,1,1
fft_N128,fft,128,matrix,cpu_ready,30,1.4771212547196624,cpu,12.105726653072683,cpu,0.00031563150591163125,57.09928003366268,0.00031563150591163125,0.218528251774086,0.001444351031728064,89.25758676907854,0.6397134641493977,18090388.10534428,2.1072099696478683,1146880.0,6.059517979309994,524288.0,5.719569917615643,2.1875,2.901200080446353,0.0211982886666666,0.0072842750591362,4.814503439093547e-05,88.43909028720948,0.634244452,0.0282240166161745,0.0001885866258413,1,0.010093068,1.32602394811797,131.37967049443935,10.093068,1.480231109655078,4.288507805696364,0.1730355711965844,0.4572852706001326,3581646732.057636,3126478.595448133,0.9977897701670096,,,,,,cpu,0,0,0,0,0,0,0,0,0,0,0,0,1,1,1,1,1
fft_N128,fft,128,matrix,cpu_ready,100,2.0,cpu,9.740100097620937,cpu,0.0035070167323514585,59.567526066051464,0.0035070167323514585,0.72842750591362,0.004814503439093547,91.23326793221075,0.6529145279582887,1698424.1477907456,2.1072099696478683,1146880.0,6.059517979309994,524288.0,5.719569917615643,2.1875,2.901200080446353,0.0211982886666666,0.0072842750591362,4.814503439093547e-05,88.43909028720948,0.634244452,0.0282240166161745,0.0001885866258413,1,0.010093068,1.32602394811797,131.37967049443935,10.093068,1.480231109655078,4.288507805696364,0.1730355711965844,0.4572852706001326,3581646732.057636,3126478.595448133,0.9977897701670096,,,,,,cpu,0,0,0,0,0,0,0,0,0,0,0,0,1,1,1,1,1
fft_N128,fft,128,matrix,cpu_ready,1000,3.0,cpu,5.611634177269709,cpu,0.35070167323514584,95.94881062059395,0.35070167323514584,7.2842750591362,0.04814503439093547,116.63488288676781,0.8226424912154587,27259.096902928137,2.1072099696478683,1146880.0,6.059517979309994,524288.0,5.719569917615643,2.1875,2.901200080446353,0.0211982886666666,0.0072842750591362,4.814503439093547e-05,88.43909028720948,0.634244452,0.0282240166161745,0.0001885866258413,1,0.010093068,1.32602394811797,131.37967049443935,10.093068,1.480231109655078,4.288507805696364,0.1730355711965844,0.4572852706001326,3581646732.057636,3126478.595448133,0.9977897701670096,,,,,,cpu,0,0,0,0,0,0,0,0,0,0,0,0,1,1,1,1,1
fft_N128,fft,128,matrix,gpu_ready,1,0.0,gpu,-9.354824761939629,gpu,0.06150047678505815,5.322672061333135e-06,5.322672061333135e-06,2.901200080446353,0.0211982886666666,0.0282240166161745,0.0001885866258413,1155343.6583052333,2.1072099696478683,1146880.0,6.059517979309994,524288.0,5.719569917615643,2.1875,2.901200080446353,0.0211982886666666,0.0072842750591362,4.814503439093547e-05,88.43909028720948,0.634244452,0.0282240166161745,0.0001885866258413,1,0.459483774,71.00443822056133,154.53089366450908,91.8967548,,,,,,,,62810.89205504349,0.0,0.0,1410.0,24.0,gpu,0,0,0,0,0,1,1,1,1,1,1,1,0,0,0,0,0
fft_N128,fft,128,matrix,gpu_ready,2,0.3010299956639812,gpu,-7.973306634354891,gpu,0.06179492002981042,2.129068824533254e-05,2.129068824533254e-05,2.908484355505489,0.021246433701057534,0.056448033232349,0.0003771732516826,290143.8818217041,2.1072099696478683,1146880.0,6.059517979309994,524288.0,5.719569917615643,2.1875,2.901200080446353,0.0211982886666666,0.0072842750591362,4.814503439093547e-05,88.43909028720948,0.634244452,0.0282240166161745,0.0001885866258413,1,0.459483774,71.00443822056133,154.53089366450908,91.8967548,,,,,,,,62810.89205504349,0.0,0.0,1410.0,24.0,gpu,0,0,0,0,0,1,1,1,1,1,1,1,0,0,0,0,0
fft_N128,fft,128,matrix,gpu_ready,3,0.47712125471966244,gpu,-7.167141244274642,gpu,0.06209006467790918,4.790404855199821e-05,4.790404855199821e-05,2.9157686305646253,0.02129457873544847,0.0846720498485235,0.0005657598775239,129513.39710256961,2.1072099696478683,1146880.0,6.059517979309994,524288.0,5.719569917615643,2.1875,2.901200080446353,0.0211982886666666,0.0072842750591362,4.814503439093547e-05,88.43909028720948,0.634244452,0.0282240166161745,0.0001885866258413,1,0.459483774,71.00443822056133,154.53089366450908,91.8967548,,,,,,,,62810.89205504349,0.0,0.0,1410.0,24.0,gpu,0,0,0,0,0,1,1,1,1,1,1,1,0,0,0,0,0
fft_N128,fft,128,matrix,gpu_ready,5,0.6989700043360189,gpu,-6.154985644403751,gpu,0.06268245818414608,0.0001330668015333284,0.0001330668015333284,2.9303371806828977,0.021390868804230342,0.1411200830808725,0.0009429331292065001,47006.00800639701,2.1072099696478683,1146880.0,6.059517979309994,524288.0,5.719569917615643,2.1875,2.901200080446353,0.0211982886666666,0.0072842750591362,4.814503439093547e-05,88.43909028720948,0.634244452,0.0282240166161745,0.0001885866258413,1,0.459483774,71.00443822056133,154.53089366450908,91.8967548,,,,,,,,62810.89205504349,0.0,0.0,1410.0,24.0,gpu,0,0,0,0,0,1,1,1,1,1,1,1,0,0,0,0,0
fft_N128,fft,128,matrix,gpu_ready,10,1.0,gpu,-4.792234540174574,gpu,0.06417571650830159,0.0005322672061333135,0.0005322672061333135,2.9667585559785787,0.02163159397618502,0.282240166161745,0.0018858662584130001,11957.048747096382,2.1072099696478683,1146880.0,6.059517979309994,524288.0,5.719569917615643,2.1875,2.901200080446353,0.0211982886666666,0.0072842750591362,4.814503439093547e-05,88.43909028720948,0.634244452,0.0282240166161745,0.0001885866258413,1,0.459483774,71.00443822056133,154.53089366450908,91.8967548,,,,,,,,62810.89205504349,0.0,0.0,1410.0,24.0,gpu,0,0,0,0,0,1,1,1,1,1,1,1,0,0,0,0,0
fft_N128,fft,128,matrix,gpu_ready,30,1.4771212547196624,gpu,-2.6864996369221408,gpu,0.07032410064154117,0.004790404855199821,0.004790404855199821,3.112444057161303,0.022594494664003727,0.846720498485235,0.005657598775239,1368.0199851001476,2.1072099696478683,1146880.0,6.059517979309994,524288.0,5.719569917615643,2.1875,2.901200080446353,0.0211982886666666,0.0072842750591362,4.814503439093547e-05,88.43909028720948,0.634244452,0.0282240166161745,0.0001885866258413,1,0.459483774,71.00443822056133,154.53089366450908,91.8967548,,,,,,,,62810.89205504349,0.0,0.0,1410.0,24.0,gpu,0,0,0,0,0,1,1,1,1,1,1,1,0,0,0,0,0
fft_N128,fft,128,matrix,gpu_ready,100,2.0,gpu,-0.5692964872846059,gpu,0.09405286564926112,0.05322672061333135,0.05322672061333135,3.6223433113008365,0.02596464707136921,2.8224016616174503,0.01885866258413,76.70234905605722,2.1072099696478683,1146880.0,6.059517979309994,524288.0,5.719569917615643,2.1875,2.901200080446353,0.0211982886666666,0.0072842750591362,4.814503439093547e-05,88.43909028720948,0.634244452,0.0282240166161745,0.0001885866258413,1,0.459483774,71.00443822056133,154.53089366450908,91.8967548,,,,,,,,62810.89205504349,0.0,0.0,1410.0,24.0,gpu,0,0,0,0,0,1,1,1,1,1,1,1,0,0,0,0,0
fft_N128,fft,128,matrix,gpu_ready,1000,3.0,gpu,2.021108120183416,cpu,0.7052995479113715,5.322672061333135,0.7052995479113715,10.178190864523417,0.06929517802321114,28.224016616174502,0.1885866258413,654.6682933649046,2.1072099696478683,1146880.0,6.059517979309994,524288.0,5.719569917615643,2.1875,2.901200080446353,0.0211982886666666,0.0072842750591362,4.814503439093547e-05,88.43909028720948,0.634244452,0.0282240166161745,0.0001885866258413,1,0.459483774,71.00443822056133,154.53089366450908,91.8967548,,,,,,,,62810.89205504349,0.0,0.0,1410.0,24.0,gpu,0,0,0,0,0,1,1,1,1,1,1,1,0,0,0,0,0
fft_N128,fft,128,matrix,none_ready,1,0.0,none,6.81570359343883,cpu,0.06150047678505815,56.0920023545897,0.06150047678505815,2.901200080446353,0.0211982886666666,88.43909028720948,0.634244452,91105.80081131589,2.1072099696478683,1146880.0,6.059517979309994,524288.0,5.719569917615643,2.1875,2.901200080446353,0.0211982886666666,0.0072842750591362,4.814503439093547e-05,88.43909028720948,0.634244452,0.0282240166161745,0.0001885866258413,1,,,,,,,,,,,,,,,,,,1,1,1,1,1,1,1,1,1,1,1,1,1,1,1,1,1
fft_N128,fft,128,matrix,none_ready,2,0.3010299956639812,none,6.811543740479078,cpu,0.06179492002981042,56.12658703284347,0.06179492002981042,2.908484355505489,0.021246433701057534,88.46731430382566,0.6344330386258413,90727.18612754495,2.1072099696478683,1146880.0,6.059517979309994,524288.0,5.719569917615643,2.1875,2.901200080446353,0.0211982886666666,0.0072842750591362,4.814503439093547e-05,88.43909028720948,0.634244452,0.0282240166161745,0.0001885866258413,1,,,,,,,,,,,,,,,,,,1,1,1,1,1,1,1,1,1,1,1,1,1,1,1,1,1
fft_N128,fft,128,matrix,none_ready,3,0.47712125471966244,none,6.807395104777285,cpu,0.06209006467790918,56.16118235644135,0.06209006467790918,2.9157686305646253,0.02129457873544847,88.49553832044182,0.6346216252516826,90351.15776215764,2.1072099696478683,1146880.0,6.059517979309994,524288.0,5.719569917615643,2.1875,2.901200080446353,0.0211982886666666,0.0072842750591362,4.814503439093547e-05,88.43909028720948,0.634244452,0.0282240166161745,0.0001885866258413,1,,,,,,,,,,,,,,,,,,1,1,1,1,1,1,1,1,1,1,1,1,1,1,1,1,1
fft_N128,fft,128,matrix,none_ready,5,0.6989700043360189,none,6.799131268030988,cpu,0.06268245818414608,56.230404939669505,0.06268245818414608,2.9303371806828977,0.021390868804230342,88.55198635367418,0.6349987985033653,89606.7641707318,2.1072099696478683,1146880.0,6.059517979309994,524288.0,5.719569917615643,2.1875,2.901200080446353,0.0211982886666666,0.0072842750591362,4.814503439093547e-05,88.43909028720948,0.634244452,0.0282240166161745,0.0001885866258413,1,,,,,,,,,,,,,,,,,,1,1,1,1,1,1,1,1,1,1,1,1,1,1,1,1,1
fft_N128,fft,128,matrix,none_ready,10,1.0,none,6.778664219163744,cpu,0.06417571650830159,56.403647691261995,0.06417571650830159,2.9667585559785787,0.02163159397618502,88.69310643675504,0.6359417316325717,87789.39299799758,2.1072099696478683,1146880.0,6.059517979309994,524288.0,5.719569917615643,2.1875,2.901200080446353,0.0211982886666666,0.0072842750591362,4.814503439093547e-05,88.43909028720948,0.634244452,0.0282240166161745,0.0001885866258413,1,,,,,,,,,,,,,,,,,,1,1,1,1,1,1,1,1,1,1,1,1,1,1,1,1,1
fft_N128,fft,128,matrix,none_ready,30,1.4771212547196624,none,6.69943222100524,cpu,0.07032410064154117,57.09928003366268,0.07032410064154117,3.112444057161303,0.022594494664003727,89.25758676907854,0.6397134641493977,81094.46891288582,2.1072099696478683,1146880.0,6.059517979309994,524288.0,5.719569917615643,2.1875,2.901200080446353,0.0211982886666666,0.0072842750591362,4.814503439093547e-05,88.43909028720948,0.634244452,0.0282240166161745,0.0001885866258413,1,,,,,,,,,,,,,,,,,,1,1,1,1,1,1,1,1,1,1,1,1,1,1,1,1,1
fft_N128,fft,128,matrix,none_ready,100,2.0,none,6.451008815191029,cpu,0.09405286564926112,59.567526066051464,0.09405286564926112,3.6223433113008365,0.02596464707136921,91.23326793221075,0.6529145279582887,63234.08945580536,2.1072099696478683,1146880.0,6.059517979309994,524288.0,5.719569917615643,2.1875,2.901200080446353,0.0211982886666666,0.0072842750591362,4.814503439093547e-05,88.43909028720948,0.634244452,0.0282240166161745,0.0001885866258413,1,,,,,,,,,,,,,,,,,,1,1,1,1,1,1,1,1,1,1,1,1,1,1,1,1,1
fft_N128,fft,128,matrix,none_ready,1000,3.0,none,4.912947502307823,cpu,0.7052995479113715,95.94881062059395,0.7052995479113715,10.178190864523417,0.06929517802321114,116.63488288676781,0.8226424912154587,13503.980167679187,2.1072099696478683,1146880.0,6.059517979309994,524288.0,5.719569917615643,2.1875,2.901200080446353,0.0211982886666666,0.0072842750591362,4.814503439093547e-05,88.43909028720948,0.634244452,0.0282240166161745,0.0001885866258413,1,,,,,,,,,,,,,,,,,,1,1,1,1,1,1,1,1,1,1,1,1,1,1,1,1,1
fft_N1536,fft,1536,matrix,cpu_ready,1,0.0,cpu,6.189217146565633,cpu,0.10789395363467086,52.594455294087645,0.10789395363467086,3.9800171472375143,0.0271089167818181,86.68518078006745,0.6067294873333333,48646.434366630565,3.186391215695493,249730596.8810142,8.397471755176863,75497472.0,7.877932409710892,3.307800781475361,6.832471577143515,0.0508073293333333,3.9800171472375143,0.0271089167818181,86.68518078006745,0.6067294873333333,1.374824343654706,0.008203849025641,1,0.053802248,7.073514230828577,131.472466184472,53.802248,1.762158564718303,8.582564405619415,0.4800368656883381,0.43031173469746,15812551205.241163,2585799.070431425,0.8517492800672567,,,,,,cpu,0,0,0,0,0,0,0,0,0,0,0,0,1,1,1,1,1
fft_N1536,fft,1536,matrix,cpu_ready,2,0.3010299956639812,cpu,4.832089129215186,cpu,0.43157581453868343,54.151032750518844,0.43157581453868343,7.960034294475029,0.0542178335636362,88.06000512372216,0.6149333363589743,12447.281596027695,3.186391215695493,249730596.8810142,8.397471755176863,75497472.0,7.877932409710892,3.307800781475361,6.832471577143515,0.0508073293333333,3.9800171472375143,0.0271089167818181,86.68518078006745,0.6067294873333333,1.374824343654706,0.008203849025641,1,0.053802248,7.073514230828577,131.472466184472,53.802248,1.762158564718303,8.582564405619415,0.4800368656883381,0.43031173469746,15812551205.241163,2585799.070431425,0.8517492800672567,,,,,,cpu,0,0,0,0,0,0,0,0,0,0,0,0,1,1,1,1,1
fft_N1536,fft,1536,matrix,cpu_ready,3,0.47712125471966244,cpu,4.0499034821921205,cpu,0.9710455827120377,55.73016790965428,0.9710455827120377,11.940051441712543,0.08132675034545431,89.43482946737687,0.6231371853846153,5639.191743605407,3.186391215695493,249730596.8810142,8.397471755176863,75497472.0,7.877932409710892,3.307800781475361,6.832471577143515,0.0508073293333333,3.9800171472375143,0.0271089167818181,86.68518078006745,0.6067294873333333,1.374824343654706,0.008203849025641,1,0.053802248,7.073514230828577,131.472466184472,53.802248,1.762158564718303,8.582564405619415,0.4800368656883381,0.43031173469746,15812551205.241163,2585799.070431425,0.8517492800672567,,,,,,cpu,0,0,0,0,0,0,0,0,0,0,0,0,1,1,1,1,1
fft_N1536,fft,1536,matrix,cpu_ready,5,0.6989700043360189,cpu,3.0845239116025636,cpu,2.697348840866771,58.95611133603786,2.697348840866771,19.90008573618757,0.1355445839090905,92.18447815468627,0.6395448834358973,2085.705847267897,3.186391215695493,249730596.8810142,8.397471755176863,75497472.0,7.877932409710892,3.307800781475361,6.832471577143515,0.0508073293333333,3.9800171472375143,0.0271089167818181,86.68518078006745,0.6067294873333333,1.374824343654706,0.008203849025641,1,0.053802248,7.073514230828577,131.472466184472,53.802248,1.762158564718303,8.582564405619415,0.4800368656883381,0.43031173469746,15812551205.241163,2585799.070431425,0.8517492800672567,,,,,,cpu,0,0,0,0,0,0,0,0,0,0,0,0,1,1,1,1,1
fft_N1536,fft,1536,matrix,cpu_ready,10,1.0,cpu,1.8323146280680929,cpu,10.789395363467085,67.41572969932099,10.789395363467085,39.80017147237514,0.271089167818181,99.0585998729598,0.6805641285641023,524.8332499482852,3.186391215695493,249730596.8810142,8.397471755176863,75497472.0,7.877932409710892,3.307800781475361,6.832471577143515,0.0508073293333333,3.9800171472375143,0.0271089167818181,86.68518078006745,0.6067294873333333,1.374824343654706,0.008203849025641,1,0.053802248,7.073514230828577,131.472466184472,53.802248,1.762158564718303,8.582564405619415,0.4800368656883381,0.43031173469746,15812551205.241163,2585799.070431425,0.8517492800672567,,,,,,cpu,0,0,0,0,0,0,0,0,0,0,0,0,1,1,1,1,1
fft_N1536,fft,1536,matrix,cpu_ready,30,1.4771212547196624,cpu,0.09604589860968876,cpu,97.10455827120377,106.89362882851312,97.10455827120377,119.40051441712544,0.813267503454543,126.55508674605393,0.8446411090769224,10.080958846411106,3.186391215695493,249730596.8810142,8.397471755176863,75497472.0,7.877932409710892,3.307800781475361,6.832471577143515,0.0508073293333333,3.9800171472375143,0.0271089167818181,86.68518078006745,0.6067294873333333,1.374824343654706,0.008203849025641,1,0.053802248,7.073514230828577,131.472466184472,53.802248,1.762158564718303,8.582564405619415,0.4800368656883381,0.43031173469746,15812551205.241163,2585799.070431425,0.8517492800672567,,,,,,cpu,0,0,0,0,0,0,0,0,0,0,0,0,1,1,1,1,1
fft_N1536,fft,1536,matrix,cpu_ready,100,2.0,cpu,-1.2276024242635288,gpu,1078.9395363467086,316.1230392990364,316.1230392990364,398.00171472375143,2.71089167818181,222.79279080188337,1.4189105408717924,241.30367047562336,3.186391215695493,249730596.8810142,8.397471755176863,75497472.0,7.877932409710892,3.307800781475361,6.832471577143515,0.0508073293333333,3.9800171472375143,0.0271089167818181,86.68518078006745,0.6067294873333333,1.374824343654706,0.008203849025641,1,0.053802248,7.073514230828577,131.472466184472,53.802248,1.762158564718303,8.582564405619415,0.4800368656883381,0.43031173469746,15812551205.241163,2585799.070431425,0.8517492800672567,,,,,,cpu,0,0,0,0,0,0,0,0,0,0,0,0,1,1,1,1,1
fft_N1536,fft,1536,matrix,cpu_ready,1000,3.0,cpu,-2.1275986088853505,gpu,107893.95363467085,12852.652690034387,12852.652690034387,3980.017147237514,27.1089167818181,1460.1347000911187,8.802374663948694,739.468366855731,3.186391215695493,249730596.8810142,8.397471755176863,75497472.0,7.877932409710892,3.307800781475361,6.832471577143515,0.0508073293333333,3.9800171472375143,0.0271089167818181,86.68518078006745,0.6067294873333333,1.374824343654706,0.008203849025641,1,0.053802248,7.073514230828577,131.472466184472,53.802248,1.762158564718303,8.582564405619415,0.4800368656883381,0.43031173469746,15812551205.241163,2585799.070431425,0.8517492800672567,,,,,,cpu,0,0,0,0,0,0,0,0,0,0,0,0,1,1,1,1,1
fft_N1536,fft,1536,matrix,gpu_ready,1,0.0,gpu,-3.4267976908553184,gpu,0.3471396335805697,0.01127885135211919,0.01127885135211919,6.832471577143515,0.0508073293333333,1.374824343654706,0.008203849025641,2977.792434203377,3.186391215695493,249730596.8810142,8.397471755176863,75497472.0,7.877932409710892,3.307800781475361,6.832471577143515,0.0508073293333333,3.9800171472375143,0.0271089167818181,86.68518078006745,0.6067294873333333,1.374824343654706,0.008203849025641,1,0.534417765,83.96676934950207,157.11822257537054,106.883553,,,,,,,,62388.964565257294,0.0,0.0,1410.0,25.0,gpu,0,0,0,0,0,1,1,1,1,1,1,1,0,0,0,0,0
fft_N1536,fft,1536,matrix,gpu_ready,2,0.3010299956639812,gpu,-2.9271125399403197,gpu,0.8424685325661717,0.04511540540847676,0.04511540540847676,10.81248872438103,0.0779162461151514,2.749648687309412,0.016407698051282,1767.3633206627017,3.186391215695493,249730596.8810142,8.397471755176863,75497472.0,7.877932409710892,3.307800781475361,6.832471577143515,0.0508073293333333,3.9800171472375143,0.0271089167818181,86.68518078006745,0.6067294873333333,1.374824343654706,0.008203849025641,1,0.534417765,83.96676934950207,157.11822257537054,106.883553,,,,,,,,62388.964565257294,0.0,0.0,1410.0,25.0,gpu,0,0,0,0,0,1,1,1,1,1,1,1,0,0,0,0,0
fft_N1536,fft,1536,matrix,gpu_ready,3,0.47712125471966244,gpu,-2.728166672850255,gpu,1.5535853388211156,0.1015096621690727,0.1015096621690727,14.792505871618545,0.1050251628969695,4.124473030964118,0.024611547076923,1430.4802573704671,3.186391215695493,249730596.8810142,8.397471755176863,75497472.0,7.877932409710892,3.307800781475361,6.832471577143515,0.0508073293333333,3.9800171472375143,0.0271089167818181,86.68518078006745,0.6067294873333333,1.374824343654706,0.008203849025641,1,0.534417765,83.96676934950207,157.11822257537054,106.883553,,,,,,,,62388.964565257294,0.0,0.0,1410.0,25.0,gpu,0,0,0,0,0,1,1,1,1,1,1,1,0,0,0,0,0
fft_N1536,fft,1536,matrix,gpu_ready,5,0.6989700043360189,gpu,-2.553302874765094,gpu,3.623182673139028,0.2819712838029797,0.2819712838029797,22.752540166093574,0.1592429964606057,6.87412171827353,0.041019245128205005,1184.9473975763558,3.186391215695493,249730596.8810142,8.397471755176863,75497472.0,7.877932409710892,3.307800781475361,6.832471577143515,0.0508073293333333,3.9800171472375143,0.0271089167818181,86.68518078006745,0.6067294873333333,1.374824343654706,0.008203849025641,1,0.534417765,83.96676934950207,157.11822257537054,106.883553,,,,,,,,62388.964565257294,0.0,0.0,1410.0,25.0,gpu,0,0,0,0,0,1,1,1,1,1,1,1,0,0,0,0,0
fft_N1536,fft,1536,matrix,gpu_ready,10,1.0,gpu,-2.411244274714325,gpu,12.57346438614729,1.1278851352119188,1.1278851352119188,42.652625902281144,0.2947875803696962,13.74824343654706,0.08203849025641001,1014.7823473872502,3.186391215695493,249730596.8810142,8.397471755176863,75497472.0,7.877932409710892,3.307800781475361,6.832471577143515,0.0508073293333333,3.9800171472375143,0.0271089167818181,86.68518078006745,0.6067294873333333,1.374824343654706,0.008203849025641,1,0.534417765,83.96676934950207,157.11822257537054,106.883553,,,,,,,,62388.964565257294,0.0,0.0,1410.0,25.0,gpu,0,0,0,0,0,1,1,1,1,1,1,1,0,0,0,0,0
fft_N1536,fft,1536,matrix,gpu_ready,30,1.4771212547196624,gpu,-2.3105515874268514,gpu,102.32156805551577,10.15096621690727,10.15096621690727,122.25296884703144,0.8369659160060582,41.244730309641184,0.24611547076923002,907.9983113833123,3.186391215695493,249730596.8810142,8.397471755176863,75497472.0,7.877932409710892,3.307800781475361,6.832471577143515,0.0508073293333333,3.9800171472375143,0.0271089167818181,86.68518078006745,0.6067294873333333,1.374824343654706,0.008203849025641,1,0.534417765,83.96676934950207,157.11822257537054,106.883553,,,,,,,,62388.964565257294,0.0,0.0,1410.0,25.0,gpu,0,0,0,0,0,1,1,1,1,1,1,1,0,0,0,0,0
fft_N1536,fft,1536,matrix,gpu_ready,100,2.0,gpu,-2.274064739048429,gpu,1096.1718387967317,112.78851352119187,112.78851352119187,400.85416915365744,2.734590090733325,137.4824343654706,0.8203849025641,871.8825123010168,3.186391215695493,249730596.8810142,8.397471755176863,75497472.0,7.877932409710892,3.307800781475361,6.832471577143515,0.0508073293333333,3.9800171472375143,0.0271089167818181,86.68518078006745,0.6067294873333333,1.374824343654706,0.008203849025641,1,0.534417765,83.96676934950207,157.11822257537054,106.883553,,,,,,,,62388.964565257294,0.0,0.0,1410.0,25.0,gpu,0,0,0,0,0,1,1,1,1,1,1,1,0,0,0,0,0
fft_N1536,fft,1536,matrix,gpu_ready,1000,3.0,gpu,-2.2598096714940694,gpu,108065.66827139432,11278.851352119189,11278.851352119189,3982.8696016674203,27.132615194369617,1374.8243436547061,8.203849025641,858.1265405283474,3.186391215695493,249730596.8810142,8.397471755176863,75497472.0,7.877932409710892,3.307800781475361,6.832471577143515,0.0508073293333333,3.9800171472375143,0.0271089167818181,86.68518078006745,0.6067294873333333,1.374824343654706,0.008203849025641,1,0.534417765,83.96676934950207,157.11822257537054,106.883553,,,,,,,,62388.964565257294,0.0,0.0,1410.0,25.0,gpu,0,0,0,0,0,1,1,1,1,1,1,1,0,0,0,0,0
fft_N1536,fft,1536,matrix,none_ready,1,0.0,none,5.020638879255298,cpu,0.3471396335805697,52.594455294087645,0.3471396335805697,6.832471577143515,0.0508073293333333,86.68518078006745,0.6067294873333333,15050.80682421723,3.186391215695493,249730596.8810142,8.397471755176863,75497472.0,7.877932409710892,3.307800781475361,6.832471577143515,0.0508073293333333,3.9800171472375143,0.0271089167818181,86.68518078006745,0.6067294873333333,1.374824343654706,0.008203849025641,1,,,,,,,,,,,,,,,,,,1,1,1,1,1,1,1,1,1,1,1,1,1,1,1,1,1
fft_N1536,fft,1536,matrix,none_ready,2,0.3010299956639812,none,4.16319601281985,cpu,0.8424685325661717,54.151032750518844,0.8424685325661717,10.81248872438103,0.0779162461151514,88.06000512372216,0.6149333363589743,6327.662358565962,3.186391215695493,249730596.8810142,8.397471755176863,75497472.0,7.877932409710892,3.307800781475361,6.832471577143515,0.0508073293333333,3.9800171472375143,0.0271089167818181,86.68518078006745,0.6067294873333333,1.374824343654706,0.008203849025641,1,,,,,,,,,,,,,,,,,,1,1,1,1,1,1,1,1,1,1,1,1,1,1,1,1,1
fft_N1536,fft,1536,matrix,none_ready,3,0.47712125471966244,none,3.579956232886849,cpu,1.5535853388211156,55.73016790965428,1.5535853388211156,14.792505871618545,0.1050251628969695,89.43482946737687,0.6231371853846153,3487.197080009984,3.186391215695493,249730596.8810142,8.397471755176863,75497472.0,7.877932409710892,3.307800781475361,6.832471577143515,0.0508073293333333,3.9800171472375143,0.0271089167818181,86.68518078006745,0.6067294873333333,1.374824343654706,0.008203849025641,1,,,,,,,,,,,,,,,,,,1,1,1,1,1,1,1,1,1,1,1,1,1,1,1,1,1
fft_N1536,fft,1536,matrix,none_ready,5,0.6989700043360189,none,2.7894404603824534,cpu,3.623182673139028,58.95611133603786,3.623182673139028,22.752540166093574,0.1592429964606057,92.18447815468627,0.6395448834358973,1527.1912474388123,3.186391215695493,249730596.8810142,8.397471755176863,75497472.0,7.877932409710892,3.307800781475361,6.832471577143515,0.0508073293333333,3.9800171472375143,0.0271089167818181,86.68518078006745,0.6067294873333333,1.374824343654706,0.008203849025641,1,,,,,,,,,,,,,,,,,,1,1,1,1,1,1,1,1,1,1,1,1,1,1,1,1,1
fft_N1536,fft,1536,matrix,none_ready,10,1.0,none,1.6792897768987514,cpu,12.57346438614729,67.41572969932099,12.57346438614729,42.652625902281144,0.2947875803696962,99.0585998729598,0.6805641285641023,436.17465822383616,3.186391215695493,249730596.8810142,8.397471755176863,75497472.0,7.877932409710892,3.307800781475361,6.832471577143515,0.0508073293333333,3.9800171472375143,0.0271089167818181,86.68518078006745,0.6067294873333333,1.374824343654706,0.008203849025641,1,,,,,,,,,,,,,,,,,,1,1,1,1,1,1,1,1,1,1,1,1,1,1,1,1,1
fft_N1536,fft,1536,matrix,none_ready,30,1.4771212547196624,none,0.04371373472782112,cpu,102.32156805551577,106.89362882851312,102.32156805551577,122.25296884703144,0.8369659160060582,126.55508674605393,0.8446411090769224,4.468325554311991,3.186391215695493,249730596.8810142,8.397471755176863,75497472.0,7.877932409710892,3.307800781475361,6.832471577143515,0.0508073293333333,3.9800171472375143,0.0271089167818181,86.68518078006745,0.6067294873333333,1.374824343654706,0.008203849025641,1,,,,,,,,,,,,,,,,,,1,1,1,1,1,1,1,1,1,1,1,1,1,1,1,1,1
fft_N1536,fft,1536,matrix,none_ready,100,2.0,none,-1.2434477397669739,gpu,1096.1718387967317,316.1230392990364,316.1230392990364,400.85416915365744,2.734590090733325,222.79279080188337,1.4189105408717924,246.75480826306003,3.186391215695493,249730596.8810142,8.397471755176863,75497472.0,7.877932409710892,3.307800781475361,6.832471577143515,0.0508073293333333,3.9800171472375143,0.0271089167818181,86.68518078006745,0.6067294873333333,1.374824343654706,0.008203849025641,1,,,,,,,,,,,,,,,,,,1,1,1,1,1,1,1,1,1,1,1,1,1,1,1,1,1
fft_N1536,fft,1536,matrix,none_ready,1000,3.0,none,-2.129188856834436,gpu,108065.66827139432,12852.652690034387,12852.652690034387,3982.8696016674203,27.132615194369617,1460.1347000911187,8.802374663948694,740.8043917282976,3.186391215695493,249730596.8810142,8.397471755176863,75497472.0,7.877932409710892,3.307800781475361,6.832471577143515,0.0508073293333333,3.9800171472375143,0.0271089167818181,86.68518078006745,0.6067294873333333,1.374824343654706,0.008203849025641,1,,,,,,,,,,,,,,,,,,1,1,1,1,1,1,1,1,1,1,1,1,1,1,1,1,1
fft_N192,fft,192,matrix,cpu_ready,1,0.0,cpu,14.841937366037063,cpu,1.865007820633489e-05,52.053766081888455,1.865007820633489e-05,0.0521378444400376,0.0003577071205501,85.99911844348661,0.6052825543333333,279107394.9176744,2.2833012287035497,2796120.576265847,6.446555895427656,1179648.0,6.071752435727006,2.370300781475361,4.168608061592541,0.0292485216666666,0.0521378444400376,0.0003577071205501,85.99911844348661,0.6052825543333333,0.0465802931798177,0.0003034603612723,1,0.031572233,4.067344677684611,128.82663946147272,31.572233,2.0422468301071968,0.7744195449746714,0.226805247458023,0.3496026730757862,2344045416.466877,2601426.1860329136,0.7472202552160311,,,,,,cpu,0,0,0,0,0,0,0,0,0,0,0,0,1,1,1,1,1
fft_N192,fft,192,matrix,cpu_ready,2,0.3010299956639812,cpu,13.456685722743535,cpu,7.460031282533956e-05,52.10807177955048,7.460031282533956e-05,0.1042756888800752,0.0007154142411002,86.04569873666642,0.6055860146946056,69849569.26553003,2.2833012287035497,2796120.576265847,6.446555895427656,1179648.0,6.071752435727006,2.370300781475361,4.168608061592541,0.0292485216666666,0.0521378444400376,0.0003577071205501,85.99911844348661,0.6052825543333333,0.0465802931798177,0.0003034603612723,1,0.031572233,4.067344677684611,128.82663946147272,31.572233,2.0422468301071968,0.7744195449746714,0.226805247458023,0.3496026730757862,2344045416.466877,2601426.1860329136,0.7472202552160311,,,,,,cpu,0,0,0,0,0,0,0,0,0,0,0,0,1,1,1,1,1
fft_N192,fft,192,matrix,cpu_ready,3,0.47712125471966244,cpu,12.646797680197329,cpu,0.000167850703857014,52.16240574775771,0.000167850703857014,0.1564135333201128,0.0010731213616503,86.09227902984624,0.605889475055878,31076567.865624793,2.2833012287035497,2796120.576265847,6.446555895427656,1179648.0,6.071752435727006,2.370300781475361,4.168608061592541,0.0292485216666666,0.0521378444400376,0.0003577071205501,85.99911844348661,0.6052825543333333,0.0465802931798177,0.0003034603612723,1,0.031572233,4.067344677684611,128.82663946147272,31.572233,2.0422468301071968,0.7744195449746714,0.226805247458023,0.3496026730757862,2344045416.466877,2601426.1860329136,0.7472202552160311,,,,,,cpu,0,0,0,0,0,0,0,0,0,0,0,0,1,1,1,1,1
fft_N192,fft,192,matrix,cpu_ready,5,0.6989700043360189,cpu,11.62722914980996,cpu,0.0004662519551583722,52.27115849580774,0.0004662519551583722,0.260689222200188,0.0017885356027504999,86.18543961620588,0.6064963957784225,11210825.31999201,2.2833012287035497,2796120.576265847,6.446555895427656,1179648.0,6.071752435727006,2.370300781475361,4.168608061592541,0.0292485216666666,0.0521378444400376,0.0003577071205501,85.99911844348661,0.6052825543333333,0.0465802931798177,0.0003034603612723,1,0.031572233,4.067344677684611,128.82663946147272,31.572233,2.0422468301071968,0.7744195449746714,0.226805247458023,0.3496026730757862,2344045416.466877,2601426.1860329136,0.7472202552160311,,,,,,cpu,0,0,0,0,0,0,0,0,0,0,0,0,1,1,1,1,1
fft_N192,fft,192,matrix,cpu_ready,10,1.0,cpu,10.246132098503047,cpu,0.0018650078206334888,52.5435351004737,0.0018650078206334888,0.521378444400376,0.0035770712055009997,86.41834108210497,0.6080136975847841,2817235.9124374175,2.2833012287035497,2796120.576265847,6.446555895427656,1179648.0,6.071752435727006,2.370300781475361,4.168608061592541,0.0292485216666666,0.0521378444400376,0.0003577071205501,85.99911844348661,0.6052825543333333,0.0465802931798177,0.0003034603612723,1,0.031572233,4.067344677684611,128.82663946147272,31.572233,2.0422468301071968,0.7744195449746714,0.226805247458023,0.3496026730757862,2344045416.466877,2601426.1860329136,0.7472202552160311,,,,,,cpu,0,0,0,0,0,0,0,0,0,0,0,0,1,1,1,1,1
fft_N192,fft,192,matrix,cpu_ready,30,1.4771212547196624,cpu,8.069562548564557,cpu,0.0167850703857014,53.64010915543575,0.0167850703857014,1.564135333201128,0.010731213616503,87.34994694570132,0.6140829048102301,319470.3558153074,2.2833012287035497,2796120.576265847,6.446555895427656,1179648.0,6.071752435727006,2.370300781475361,4.168608061592541,0.0292485216666666,0.0521378444400376,0.0003577071205501,85.99911844348661,0.6052825543333333,0.0465802931798177,0.0003034603612723,1,0.031572233,4.067344677684611,128.82663946147272,31.572233,2.0422468301071968,0.7744195449746714,0.226805247458023,0.3496026730757862,2344045416.466877,2601426.1860329136,0.7472202552160311,,,,,,cpu,0,0,0,0,0,0,0,0,0,0,0,0,1,1,1,1,1
fft_N192,fft,192,matrix,cpu_ready,100,2.0,cpu,5.7322722962874275,cpu,0.18650078206334889,57.56717056516102,0.18650078206334889,5.2137844440037595,0.03577071205501,90.61056746828856,0.635325130099291,30766.986147868876,2.2833012287035497,2796120.576265847,6.446555895427656,1179648.0,6.071752435727006,2.370300781475361,4.168608061592541,0.0292485216666666,0.0521378444400376,0.0003577071205501,85.99911844348661,0.6052825543333333,0.0465802931798177,0.0003034603612723,1,0.031572233,4.067344677684611,128.82663946147272,31.572233,2.0422468301071968,0.7744195449746714,0.226805247458023,0.3496026730757862,2344045416.466877,2601426.1860329136,0.7472202552160311,,,,,,cpu,0,0,0,0,0,0,0,0,0,0,0,0,1,1,1,1,1
fft_N192,fft,192,matrix,cpu_ready,1000,3.0,cpu,1.8649530229908866,cpu,18.650078206334886,120.39805309553108,18.650078206334886,52.1378444400376,0.35770712055009996,132.53283133012448,0.9084394552443611,545.5632612555769,2.2833012287035497,2796120.576265847,6.446555895427656,1179648.0,6.071752435727006,2.370300781475361,4.168608061592541,0.0292485216666666,0.0521378444400376,0.0003577071205501,85.99911844348661,0.6052825543333333,0.0465802931798177,0.0003034603612723,1,0.031572233,4.067344677684611,128.82663946147272,31.572233,2.0422468301071968,0.7744195449746714,0.226805247458023,0.3496026730757862,2344045416.466877,2601426.1860329136,0.7472202552160311,,,,,,cpu,0,0,0,0,0,0,0,0,0,0,0,0,1,1,1,1,1
fft_N192,fft,192,matrix,gpu_ready,1,0.0,gpu,-9.062493215805839,gpu,0.12192562320933048,1.413527259651713e-05,1.413527259651713e-05,4.168608061592541,0.0292485216666666,0.0465802931798177,0.0003034603612723,862462.9422907092,2.2833012287035497,2796120.576265847,6.446555895427656,1179648.0,6.071752435727006,2.370300781475361,4.168608061592541,0.0292485216666666,0.0521378444400376,0.0003577071205501,85.99911844348661,0.6052825543333333,0.0465802931798177,0.0003034603612723,1,0.533692194,77.1254836842654,144.51304431907317,106.7384388,,,,,,,,62627.4043206092,0.0,0.0,1410.0,22.0,gpu,0,0,0,0,0,1,1,1,1,1,1,1,0,0,0,0,0
fft_N192,fft,192,matrix,gpu_ready,2,0.3010299956639812,gpu,-7.700784280292924,gpu,0.12496036894670877,5.654109038606852e-05,5.654109038606852e-05,4.220745906032579,0.0296062287872167,0.0931605863596354,0.0006069207225446,220908.06350472942,2.2833012287035497,2796120.576265847,6.446555895427656,1179648.0,6.071752435727006,2.370300781475361,4.168608061592541,0.0292485216666666,0.0521378444400376,0.0003577071205501,85.99911844348661,0.6052825543333333,0.0465802931798177,0.0003034603612723,1,0.533692194,77.1254836842654,144.51304431907317,106.7384388,,,,,,,,62627.4043206092,0.0,0.0,1410.0,22.0,gpu,0,0,0,0,0,1,1,1,1,1,1,1,0,0,0,0,0
fft_N192,fft,192,matrix,gpu_ready,3,0.47712125471966244,gpu,-6.914140898272048,gpu,0.12803241484049968,0.00012721745336865417,0.00012721745336865417,4.272883750472616,0.0299639359077668,0.13974087953945308,0.0009103810838169001,100540.6050822947,2.2833012287035497,2796120.576265847,6.446555895427656,1179648.0,6.071752435727006,2.370300781475361,4.168608061592541,0.0292485216666666,0.0521378444400376,0.0003577071205501,85.99911844348661,0.6052825543333333,0.0465802931798177,0.0003034603612723,1,0.533692194,77.1254836842654,144.51304431907317,106.7384388,,,,,,,,62627.4043206092,0.0,0.0,1410.0,22.0,gpu,0,0,0,0,0,1,1,1,1,1,1,1,0,0,0,0,0
fft_N192,fft,192,matrix,gpu_ready,5,0.6989700043360189,gpu,-5.94019595679918,gpu,0.13428840709731957,0.0003533818149129283,0.0003533818149129283,4.377159439352691,0.030679350148867,0.2329014658990885,0.0015173018063615001,37900.93876658809,2.2833012287035497,2796120.576265847,6.446555895427656,1179648.0,6.071752435727006,2.370300781475361,4.168608061592541,0.0292485216666666,0.0521378444400376,0.0003577071205501,85.99911844348661,0.6052825543333333,0.0465802931798177,0.0003034603612723,1,0.533692194,77.1254836842654,144.51304431907317,106.7384388,,,,,,,,62627.4043206092,0.0,0.0,1410.0,22.0,gpu,0,0,0,0,0,1,1,1,1,1,1,1,0,0,0,0,0
fft_N192,fft,192,matrix,gpu_ready,10,1.0,gpu,-4.6684138951040834,gpu,0.15058114047659102,0.0014135272596517133,0.0014135272596517133,4.637848661552879,0.0324678857516175,0.465802931798177,0.0030346036127230002,10552.86427611545,2.2833012287035497,2796120.576265847,6.446555895427656,1179648.0,6.071752435727006,2.370300781475361,4.168608061592541,0.0292485216666666,0.0521378444400376,0.0003577071205501,85.99911844348661,0.6052825543333333,0.0465802931798177,0.0003034603612723,1,0.533692194,77.1254836842654,144.51304431907317,106.7384388,,,,,,,,62627.4043206092,0.0,0.0,1410.0,22.0,gpu,0,0,0,0,0,1,1,1,1,1,1,1,0,0,0,0,0
fft_N192,fft,192,matrix,gpu_ready,30,1.4771212547196624,gpu,-2.873130307845539,gpu,0.2250771130968442,0.012721745336865417,0.012721745336865417,5.680605550353631,0.0396220281626195,1.397408795394531,0.009103810838169,1669.2313997562082,2.2833012287035497,2796120.576265847,6.446555895427656,1179648.0,6.071752435727006,2.370300781475361,4.168608061592541,0.0292485216666666,0.0521378444400376,0.0003577071205501,85.99911844348661,0.6052825543333333,0.0465802931798177,0.0003034603612723,1,0.533692194,77.1254836842654,144.51304431907317,106.7384388,,,,,,,,62627.4043206092,0.0,0.0,1410.0,22.0,gpu,0,0,0,0,0,1,1,1,1,1,1,1,0,0,0,0,0
fft_N192,fft,192,matrix,gpu_ready,100,2.0,gpu,-1.451170321876431,gpu,0.6033085099676402,0.14135272596517132,0.14135272596517132,9.330254661156264,0.06466152660112649,4.65802931798177,0.030346036127230004,326.8106651981319,2.2833012287035497,2796120.576265847,6.446555895427656,1179648.0,6.071752435727006,2.370300781475361,4.168608061592541,0.0292485216666666,0.0521378444400376,0.0003577071205501,85.99911844348661,0.6052825543333333,0.0465802931798177,0.0003034603612723,1,0.533692194,77.1254836842654,144.51304431907317,106.7384388,,,,,,,,62627.4043206092,0.0,0.0,1410.0,22.0,gpu,0,0,0,0,0,1,1,1,1,1,1,1,0,0,0,0,0
fft_N192,fft,192,matrix,gpu_ready,1000,3.0,gpu,-0.430839413573276,gpu,21.74780188672252,14.135272596517131,14.135272596517131,56.25431465719011,0.3865979350962165,46.580293179817694,0.3034603612723,53.85484601182069,2.2833012287035497,2796120.576265847,6.446555895427656,1179648.0,6.071752435727006,2.370300781475361,4.168608061592541,0.0292485216666666,0.0521378444400376,0.0003577071205501,85.99911844348661,0.6052825543333333,0.0465802931798177,0.0003034603612723,1,0.533692194,77.1254836842654,144.51304431907317,106.7384388,,,,,,,,62627.4043206092,0.0,0.0,1410.0,22.0,gpu,0,0,0,0,0,1,1,1,1,1,1,1,0,0,0,0,0
fft_N192,fft,192,matrix,none_ready,1,0.0,none,6.056621213506604,cpu,0.12192562320933048,52.053766081888455,0.12192562320933048,4.168608061592541,0.0292485216666666,85.99911844348661,0.6052825543333333,42593.04901769408,2.2833012287035497,2796120.576265847,6.446555895427656,1179648.0,6.071752435727006,2.370300781475361,4.168608061592541,0.0292485216666666,0.0521378444400376,0.0003577071205501,85.99911844348661,0.6052825543333333,0.0465802931798177,0.0003034603612723,1,,,,,,,,,,,,,,,,,,1,1,1,1,1,1,1,1,1,1,1,1,1,1,1,1,1
fft_N192,fft,192,matrix,none_ready,2,0.3010299956639812,none,6.033078505725991,cpu,0.12496036894670877,52.10807177955048,0.12496036894670877,4.220745906032579,0.0296062287872167,86.04569873666642,0.6055860146946056,41599.67824100515,2.2833012287035497,2796120.576265847,6.446555895427656,1179648.0,6.071752435727006,2.370300781475361,4.168608061592541,0.0292485216666666,0.0521378444400376,0.0003577071205501,85.99911844348661,0.6052825543333333,0.0465802931798177,0.0003034603612723,1,,,,,,,,,,,,,,,,,,1,1,1,1,1,1,1,1,1,1,1,1,1,1,1,1,1
fft_N192,fft,192,matrix,none_ready,3,0.47712125471966244,none,6.00983384520066,cpu,0.12803241484049968,52.16240574775771,0.12803241484049968,4.272883750472616,0.0299639359077668,86.09227902984624,0.605889475055878,40641.562058905656,2.2833012287035497,2796120.576265847,6.446555895427656,1179648.0,6.071752435727006,2.370300781475361,4.168608061592541,0.0292485216666666,0.0521378444400376,0.0003577071205501,85.99911844348661,0.6052825543333333,0.0465802931798177,0.0003034603612723,1,,,,,,,,,,,,,,,,,,1,1,1,1,1,1,1,1,1,1,1,1,1,1,1,1,1
fft_N192,fft,192,matrix,none_ready,5,0.6989700043360189,none,5.964210256286158,cpu,0.13428840709731957,52.27115849580774,0.13428840709731957,4.377159439352691,0.030679350148867,86.18543961620588,0.6064963957784225,38824.550246490406,2.2833012287035497,2796120.576265847,6.446555895427656,1179648.0,6.071752435727006,2.370300781475361,4.168608061592541,0.0292485216666666,0.0521378444400376,0.0003577071205501,85.99911844348661,0.6052825543333333,0.0465802931798177,0.0003034603612723,1,,,,,,,,,,,,,,,,,,1,1,1,1,1,1,1,1,1,1,1,1,1,1,1,1,1
fft_N192,fft,192,matrix,none_ready,10,1.0,none,5.854895266674342,cpu,0.15058114047659102,52.5435351004737,0.15058114047659102,4.637848661552879,0.0324678857516175,86.41834108210497,0.6080136975847841,34793.83526660299,2.2833012287035497,2796120.576265847,6.446555895427656,1179648.0,6.071752435727006,2.370300781475361,4.168608061592541,0.0292485216666666,0.0521378444400376,0.0003577071205501,85.99911844348661,0.6052825543333333,0.0465802931798177,0.0003034603612723,1,,,,,,,,,,,,,,,,,,1,1,1,1,1,1,1,1,1,1,1,1,1,1,1,1,1
fft_N192,fft,192,matrix,none_ready,30,1.4771212547196624,none,5.4736093039943965,cpu,0.2250771130968442,53.64010915543575,0.2250771130968442,5.680605550353631,0.0396220281626195,87.34994694570132,0.6140829048102301,23731.880735184284,2.2833012287035497,2796120.576265847,6.446555895427656,1179648.0,6.071752435727006,2.370300781475361,4.168608061592541,0.0292485216666666,0.0521378444400376,0.0003577071205501,85.99911844348661,0.6052825543333333,0.0465802931798177,0.0003034603612723,1,,,,,,,,,,,,,,,,,,1,1,1,1,1,1,1,1,1,1,1,1,1,1,1,1,1
fft_N192,fft,192,matrix,none_ready,100,2.0,none,4.558279037686376,cpu,0.6033085099676402,57.56717056516102,0.6033085099676402,9.330254661156264,0.06466152660112649,90.61056746828856,0.635325130099291,9441.912572764599,2.2833012287035497,2796120.576265847,6.446555895427656,1179648.0,6.071752435727006,2.370300781475361,4.168608061592541,0.0292485216666666,0.0521378444400376,0.0003577071205501,85.99911844348661,0.6052825543333333,0.0465802931798177,0.0003034603612723,1,,,,,,,,,,,,,,,,,,1,1,1,1,1,1,1,1,1,1,1,1,1,1,1,1,1
fft_N192,fft,192,matrix,none_ready,1000,3.0,none,1.71129067269299,cpu,21.74780188672252,120.39805309553108,21.74780188672252,56.25431465719011,0.3865979350962165,132.53283133012448,0.9084394552443611,453.6102164377199,2.2833012287035497,2796120.576265847,6.446555895427656,1179648.0,6.071752435727006,2.370300781475361,4.168608061592541,0.0292485216666666,0.0521378444400376,0.0003577071205501,85.99911844348661,0.6052825543333333,0.0465802931798177,0.0003034603612723,1,,,,,,,,,,,,,,,,,,1,1,1,1,1,1,1,1,1,1,1,1,1,1,1,1,1
fft_N2048,fft,2048,matrix,cpu_ready,1,0.0,cpu,4.86220445092432,cpu,0.3449380117415725,44.6035698239418,0.3449380117415725,7.273328476450509,0.0474250561979166,81.04018771401608,0.5503882836666666,12830.894336272448,3.3113299523037933,461373440.0,8.664052589765811,134217728.0,8.127809882927492,3.4375,9.69737907995954,0.0696293103333333,7.273328476450509,0.0474250561979166,81.04018771401608,0.5503882836666666,2.428810281918597,0.0146522264923547,1,0.060335374,8.856611346206755,146.78969829882476,60.335374,0.8158365779553114,53.49510833594153,0.7426938942315775,0.6980692978527668,7143551375.941244,2764016.935577295,1.0,,,,,,cpu,0,0,0,0,0,0,0,0,0,0,0,0,1,1,1,1,1
fft_N2048,fft,2048,matrix,cpu_ready,2,0.3010299956639812,cpu,3.5317136235054414,cpu,1.37975204696629,47.16336521008525,1.37975204696629,14.546656952901017,0.0948501123958332,83.46899799593469,0.5650405101590212,3318.24933789988,3.3113299523037933,461373440.0,8.664052589765811,134217728.0,8.127809882927492,3.4375,9.69737907995954,0.0696293103333333,7.273328476450509,0.0474250561979166,81.04018771401608,0.5503882836666666,2.428810281918597,0.0146522264923547,1,0.060335374,8.856611346206755,146.78969829882476,60.335374,0.8158365779553114,53.49510833594153,0.7426938942315775,0.6980692978527668,7143551375.941244,2764016.935577295,1.0,,,,,,cpu,0,0,0,0,0,0,0,0,0,0,0,0,1,1,1,1,1
fft_N2048,fft,2048,matrix,cpu_ready,3,0.47712125471966244,cpu,2.775067210514118,cpu,3.1044421056741527,49.794335552943984,3.1044421056741527,21.819985429351526,0.1422751685937498,85.89780827785327,0.579692736651376,1503.9704996247876,3.3113299523037933,461373440.0,8.664052589765811,134217728.0,8.127809882927492,3.4375,9.69737907995954,0.0696293103333333,7.273328476450509,0.0474250561979166,81.04018771401608,0.5503882836666666,2.428810281918597,0.0146522264923547,1,0.060335374,8.856611346206755,146.78969829882476,60.335374,0.8158365779553114,53.49510833594153,0.7426938942315775,0.6980692978527668,7143551375.941244,2764016.935577295,1.0,,,,,,cpu,0,0,0,0,0,0,0,0,0,0,0,0,1,1,1,1,1
fft_N2048,fft,2048,matrix,cpu_ready,5,0.6989700043360189,cpu,1.8577413966383887,cpu,8.623450293539312,55.26980110880723,8.623450293539312,36.36664238225254,0.237125280989583,90.75542884169047,0.6089971896360854,540.9244470303883,3.3113299523037933,461373440.0,8.664052589765811,134217728.0,8.127809882927492,3.4375,9.69737907995954,0.0696293103333333,7.273328476450509,0.0474250561979166,81.04018771401608,0.5503882836666666,2.428810281918597,0.0146522264923547,1,0.060335374,8.856611346206755,146.78969829882476,60.335374,0.8158365779553114,53.49510833594153,0.7426938942315775,0.6980692978527668,7143551375.941244,2764016.935577295,1.0,,,,,,cpu,0,0,0,0,0,0,0,0,0,0,0,0,1,1,1,1,1
fft_N2048,fft,2048,matrix,cpu_ready,10,1.0,cpu,0.710626038587099,cpu,34.49380117415725,70.20402674098241,34.49380117415725,72.73328476450509,0.474250561979166,102.89948025128345,0.6822583220978589,103.5265014328988,3.3113299523037933,461373440.0,8.664052589765811,134217728.0,8.127809882927492,3.4375,9.69737907995954,0.0696293103333333,7.273328476450509,0.0474250561979166,81.04018771401608,0.5503882836666666,2.428810281918597,0.0146522264923547,1,0.060335374,8.856611346206755,146.78969829882476,60.335374,0.8158365779553114,53.49510833594153,0.7426938942315775,0.6980692978527668,7143551375.941244,2764016.935577295,1.0,,,,,,cpu,0,0,0,0,0,0,0,0,0,0,0,0,1,1,1,1,1
fft_N2048,fft,2048,matrix,cpu_ready,30,1.4771212547196624,cpu,-0.7425863250624394,gpu,310.44421056741527,147.73466844849875,147.73466844849875,218.19985429351527,1.422751685937498,151.47568588965538,0.9753028519449529,110.13633010293593,3.3113299523037933,461373440.0,8.664052589765811,134217728.0,8.127809882927492,3.4375,9.69737907995954,0.0696293103333333,7.273328476450509,0.0474250561979166,81.04018771401608,0.5503882836666666,2.428810281918597,0.0146522264923547,1,0.060335374,8.856611346206755,146.78969829882476,60.335374,0.8158365779553114,53.49510833594153,0.7426938942315775,0.6980692978527668,7143551375.941244,2764016.935577295,1.0,,,,,,cpu,0,0,0,0,0,0,0,0,0,0,0,0,1,1,1,1,1
fft_N2048,fft,2048,matrix,cpu_ready,100,2.0,cpu,-1.6793494771582893,gpu,3449.3801174157247,643.2930280778822,643.2930280778822,727.3328476450508,4.74250561979166,321.49240562395715,2.000958706409782,436.20666894560446,3.3113299523037933,461373440.0,8.664052589765811,134217728.0,8.127809882927492,3.4375,9.69737907995954,0.0696293103333333,7.273328476450509,0.0474250561979166,81.04018771401608,0.5503882836666666,2.428810281918597,0.0146522264923547,1,0.060335374,8.856611346206755,146.78969829882476,60.335374,0.8158365779553114,53.49510833594153,0.7426938942315775,0.6980692978527668,7143551375.941244,2764016.935577295,1.0,,,,,,cpu,0,0,0,0,0,0,0,0,0,0,0,0,1,1,1,1,1
fft_N2048,fft,2048,matrix,cpu_ready,1000,3.0,cpu,-2.2036065503694586,gpu,344938.01174157247,38082.626258096236,38082.626258096236,7273.328476450509,47.4250561979166,2507.4216593506944,15.187962549529011,805.762143093374,3.3113299523037933,461373440.0,8.664052589765811,134217728.0,8.127809882927492,3.4375,9.69737907995954,0.0696293103333333,7.273328476450509,0.0474250561979166,81.04018771401608,0.5503882836666666,2.428810281918597,0.0146522264923547,1,0.060335374,8.856611346206755,146.78969829882476,60.335374,0.8158365779553114,53.49510833594153,0.7426938942315775,0.6980692978527668,7143551375.941244,2764016.935577295,1.0,,,,,,cpu,0,0,0,0,0,0,0,0,0,0,0,0,1,1,1,1,1
fft_N2048,fft,2048,matrix,gpu_ready,1,0.0,gpu,-2.9430474107691067,gpu,0.675221817378477,0.03558747835763115,0.03558747835763115,9.69737907995954,0.0696293103333333,2.428810281918597,0.0146522264923547,1797.3578588315088,3.3113299523037933,461373440.0,8.664052589765811,134217728.0,8.127809882927492,3.4375,9.69737907995954,0.0696293103333333,7.273328476450509,0.0474250561979166,81.04018771401608,0.5503882836666666,2.428810281918597,0.0146522264923547,1,0.514707291,78.43830248121247,152.39399917731586,102.9414582,,,,,,,,64777.88306162929,0.0,0.0,1410.0,30.689524631194704,gpu,0,0,0,0,0,1,1,1,1,1,1,1,0,0,0,0,0
fft_N2048,fft,2048,matrix,gpu_ready,2,0.3010299956639812,gpu,-2.635839065421014,gpu,1.986495422602674,0.1423499134305246,0.1423499134305246,16.970707556410048,0.1170543665312499,4.857620563837194,0.0293044529847094,1295.5016724138748,3.3113299523037933,461373440.0,8.664052589765811,134217728.0,8.127809882927492,3.4375,9.69737907995954,0.0696293103333333,7.273328476450509,0.0474250561979166,81.04018771401608,0.5503882836666666,2.428810281918597,0.0146522264923547,1,0.514707291,78.43830248121247,152.39399917731586,102.9414582,,,,,,,,64777.88306162929,0.0,0.0,1410.0,30.689524631194704,gpu,0,0,0,0,0,1,1,1,1,1,1,1,0,0,0,0,0
fft_N2048,fft,2048,matrix,gpu_ready,3,0.47712125471966244,gpu,-2.5217377011406232,gpu,3.987645051310016,0.3202873052186803,0.3202873052186803,24.244036032860556,0.1644794227291665,7.28643084575579,0.043956679477064095,1145.021262577797,3.3113299523037933,461373440.0,8.664052589765811,134217728.0,8.127809882927492,3.4375,9.69737907995954,0.0696293103333333,7.273328476450509,0.0474250561979166,81.04018771401608,0.5503882836666666,2.428810281918597,0.0146522264923547,1,0.514707291,78.43830248121247,152.39399917731586,102.9414582,,,,,,,,64777.88306162929,0.0,0.0,1410.0,30.689524631194704,gpu,0,0,0,0,0,1,1,1,1,1,1,1,0,0,0,0,0
fft_N2048,fft,2048,matrix,gpu_ready,5,0.6989700043360189,gpu,-2.4254102663830075,gpu,10.059572379174135,0.8896869589407789,0.8896869589407789,38.790692985761574,0.2593295351249997,12.144051409592985,0.0732611324617735,1030.6867295380623,3.3113299523037933,461373440.0,8.664052589765811,134217728.0,8.127809882927492,3.4375,9.69737907995954,0.0696293103333333,7.273328476450509,0.0474250561979166,81.04018771401608,0.5503882836666666,2.428810281918597,0.0146522264923547,1,0.514707291,78.43830248121247,152.39399917731586,102.9414582,,,,,,,,64777.88306162929,0.0,0.0,1410.0,30.689524631194704,gpu,0,0,0,0,0,1,1,1,1,1,1,1,0,0,0,0,0
fft_N2048,fft,2048,matrix,gpu_ready,10,1.0,gpu,-2.349912165215702,gpu,37.31222110978947,3.5587478357631155,3.5587478357631155,75.15733536801412,0.4964548161145827,24.28810281918597,0.146522264923547,948.4648767419193,3.3113299523037933,461373440.0,8.664052589765811,134217728.0,8.127809882927492,3.4375,9.69737907995954,0.0696293103333333,7.273328476450509,0.0474250561979166,81.04018771401608,0.5503882836666666,2.428810281918597,0.0146522264923547,1,0.514707291,78.43830248121247,152.39399917731586,102.9414582,,,,,,,,64777.88306162929,0.0,0.0,1410.0,30.689524631194704,gpu,0,0,0,0,0,1,1,1,1,1,1,1,0,0,0,0,0
fft_N2048,fft,2048,matrix,gpu_ready,30,1.4771212547196624,gpu,-2.2979049650352965,gpu,318.7918219030371,32.028730521868034,32.028730521868034,220.6239048970243,1.4449559400729148,72.86430845755791,0.439566794770641,895.3308067748042,3.3113299523037933,461373440.0,8.664052589765811,134217728.0,8.127809882927492,3.4375,9.69737907995954,0.0696293103333333,7.273328476450509,0.0474250561979166,81.04018771401608,0.5503882836666666,2.428810281918597,0.0146522264923547,1,0.514707291,78.43830248121247,152.39399917731586,102.9414582,,,,,,,,64777.88306162929,0.0,0.0,1410.0,30.689524631194704,gpu,0,0,0,0,0,1,1,1,1,1,1,1,0,0,0,0,0
fft_N2048,fft,2048,matrix,gpu_ready,100,2.0,gpu,-2.2793691734832793,gpu,3477.07989865131,355.8747835763115,355.8747835763115,729.7568982485599,4.764709873927076,242.88102819185968,1.4652226492354699,877.051496514843,3.3113299523037933,461373440.0,8.664052589765811,134217728.0,8.127809882927492,3.4375,9.69737907995954,0.0696293103333333,7.273328476450509,0.0474250561979166,81.04018771401608,0.5503882836666666,2.428810281918597,0.0146522264923547,1,0.514707291,78.43830248121247,152.39399917731586,102.9414582,,,,,,,,64777.88306162929,0.0,0.0,1410.0,30.689524631194704,gpu,0,0,0,0,0,1,1,1,1,1,1,1,0,0,0,0,0
fft_N2048,fft,2048,matrix,gpu_ready,1000,3.0,gpu,-2.27217219131551,gpu,345214.5251358076,35587.47835763115,35587.47835763115,7275.752527054017,47.447260452052014,2428.810281918597,14.6522264923547,870.0449176719541,3.3113299523037933,461373440.0,8.664052589765811,134217728.0,8.127809882927492,3.4375,9.69737907995954,0.0696293103333333,7.273328476450509,0.0474250561979166,81.04018771401608,0.5503882836666666,2.428810281918597,0.0146522264923547,1,0.514707291,78.43830248121247,152.39399917731586,102.9414582,,,,,,,,64777.88306162929,0.0,0.0,1410.0,30.689524631194704,gpu,0,0,0,0,0,1,1,1,1,1,1,1,0,0,0,0,0
fft_N2048,fft,2048,matrix,none_ready,1,0.0,none,4.190527920472776,cpu,0.675221817378477,44.6035698239418,0.675221817378477,9.69737907995954,0.0696293103333333,81.04018771401608,0.5503882836666666,6505.765494532368,3.3113299523037933,461373440.0,8.664052589765811,134217728.0,8.127809882927492,3.4375,9.69737907995954,0.0696293103333333,7.273328476450509,0.0474250561979166,81.04018771401608,0.5503882836666666,2.428810281918597,0.0146522264923547,1,,,,,,,,,,,,,,,,,,1,1,1,1,1,1,1,1,1,1,1,1,1,1,1,1,1
fft_N2048,fft,2048,matrix,none_ready,2,0.3010299956639812,none,3.1672454384019892,cpu,1.986495422602674,47.16336521008525,1.986495422602674,16.970707556410048,0.1170543665312499,83.46899799593469,0.5650405101590212,2274.1995412349142,3.3113299523037933,461373440.0,8.664052589765811,134217728.0,8.127809882927492,3.4375,9.69737907995954,0.0696293103333333,7.273328476450509,0.0474250561979166,81.04018771401608,0.5503882836666666,2.428810281918597,0.0146522264923547,1,,,,,,,,,,,,,,,,,,1,1,1,1,1,1,1,1,1,1,1,1,1,1,1,1,1
fft_N2048,fft,2048,matrix,none_ready,3,0.47712125471966244,none,2.5247003896910565,cpu,3.987645051310016,49.794335552943984,3.987645051310016,24.244036032860556,0.1644794227291665,85.89780827785327,0.579692736651376,1148.7153423192872,3.3113299523037933,461373440.0,8.664052589765811,134217728.0,8.127809882927492,3.4375,9.69737907995954,0.0696293103333333,7.273328476450509,0.0474250561979166,81.04018771401608,0.5503882836666666,2.428810281918597,0.0146522264923547,1,,,,,,,,,,,,,,,,,,1,1,1,1,1,1,1,1,1,1,1,1,1,1,1,1,1
fft_N2048,fft,2048,matrix,none_ready,5,0.6989700043360189,none,1.703702010572943,cpu,10.059572379174135,55.26980110880723,10.059572379174135,38.790692985761574,0.2593295351249997,90.75542884169047,0.6089971896360854,449.4249559079641,3.3113299523037933,461373440.0,8.664052589765811,134217728.0,8.127809882927492,3.4375,9.69737907995954,0.0696293103333333,7.273328476450509,0.0474250561979166,81.04018771401608,0.5503882836666666,2.428810281918597,0.0146522264923547,1,,,,,,,,,,,,,,,,,,1,1,1,1,1,1,1,1,1,1,1,1,1,1,1,1,1
fft_N2048,fft,2048,matrix,none_ready,10,1.0,none,0.632084753688959,cpu,37.31222110978947,70.20402674098241,37.31222110978947,75.15733536801412,0.4964548161145827,102.89948025128345,0.6822583220978589,88.1529017916418,3.3113299523037933,461373440.0,8.664052589765811,134217728.0,8.127809882927492,3.4375,9.69737907995954,0.0696293103333333,7.273328476450509,0.0474250561979166,81.04018771401608,0.5503882836666666,2.428810281918597,0.0146522264923547,1,,,,,,,,,,,,,,,,,,1,1,1,1,1,1,1,1,1,1,1,1,1,1,1,1,1
fft_N2048,fft,2048,matrix,none_ready,30,1.4771212547196624,none,-0.769120409780174,gpu,318.7918219030371,147.73466844849875,147.73466844849875,220.6239048970243,1.4449559400729148,151.47568588965538,0.9753028519449529,115.78673797489176,3.3113299523037933,461373440.0,8.664052589765811,134217728.0,8.127809882927492,3.4375,9.69737907995954,0.0696293103333333,7.273328476450509,0.0474250561979166,81.04018771401608,0.5503882836666666,2.428810281918597,0.0146522264923547,1,,,,,,,,,,,,,,,,,,1,1,1,1,1,1,1,1,1,1,1,1,1,1,1,1,1
fft_N2048,fft,2048,matrix,none_ready,100,2.0,none,-1.687347770324007,gpu,3477.07989865131,643.2930280778822,643.2930280778822,729.7568982485599,4.764709873927076,321.49240562395715,2.000958706409782,440.51260419230704,3.3113299523037933,461373440.0,8.664052589765811,134217728.0,8.127809882927492,3.4375,9.69737907995954,0.0696293103333333,7.273328476450509,0.0474250561979166,81.04018771401608,0.5503882836666666,2.428810281918597,0.0146522264923547,1,,,,,,,,,,,,,,,,,,1,1,1,1,1,1,1,1,1,1,1,1,1,1,1,1,1
fft_N2048,fft,2048,matrix,none_ready,1000,3.0,none,-2.204407861367407,gpu,345214.5251358076,38082.626258096236,38082.626258096236,7275.752527054017,47.447260452052014,2507.4216593506944,15.187962549529011,806.4882311324739,3.3113299523037933,461373440.0,8.664052589765811,134217728.0,8.127809882927492,3.4375,9.69737907995954,0.0696293103333333,7.273328476450509,0.0474250561979166,81.04018771401608,0.5503882836666666,2.428810281918597,0.0146522264923547,1,,,,,,,,,,,,,,,,,,1,1,1,1,1,1,1,1,1,1,1,1,1,1,1,1,1
fft_N256,fft,256,matrix,cpu_ready,1,0.0,cpu,15.98924613558188,cpu,7.433907054080777e-06,65.35194135058912,7.433907054080777e-06,0.0337299618084461,0.0002203947664186,94.65893452165128,0.6903937983333334,879106147.5648623,2.4082399653118496,5242880.0,6.719569917615643,2097152.0,6.321629908943605,2.5,2.979073432297236,0.0238009873333333,0.0337299618084461,0.0002203947664186,94.65893452165128,0.6903937983333334,0.0765182531871754,0.000478228043187,1,0.01388271,1.5784195381071036,113.6967881708329,13.88271,1.9035810505773632,3.2209507696637787,0.2191059443089781,0.3797000844488953,6544708168.653911,3133832.0672617955,1.0,,,,,,cpu,0,0,0,0,0,0,0,0,0,0,0,0,1,1,1,1,1
fft_N256,fft,256,matrix,cpu_ready,2,0.3010299956639812,cpu,14.604452254338206,cpu,2.9735628216323108e-05,65.45007422824979,2.9735628216323108e-05,0.0674599236168922,0.0004407895328372,94.73545277483845,0.6908720263765203,220106479.7302428,2.4082399653118496,5242880.0,6.719569917615643,2097152.0,6.321629908943605,2.5,2.979073432297236,0.0238009873333333,0.0337299618084461,0.0002203947664186,94.65893452165128,0.6903937983333334,0.0765182531871754,0.000478228043187,1,0.01388271,1.5784195381071036,113.6967881708329,13.88271,1.9035810505773632,3.2209507696637787,0.2191059443089781,0.3797000844488953,6544708168.653911,3133832.0672617955,1.0,,,,,,cpu,0,0,0,0,0,0,0,0,0,0,0,0,1,1,1,1,1
fft_N256,fft,256,matrix,cpu_ready,3,0.47712125471966244,cpu,13.795021386457462,cpu,6.6905163486727e-05,65.54828029225943,6.6905163486727e-05,0.1011898854253383,0.0006611842992558,94.81197102802562,0.6913502544197073,97971830.53009015,2.4082399653118496,5242880.0,6.719569917615643,2097152.0,6.321629908943605,2.5,2.979073432297236,0.0238009873333333,0.0337299618084461,0.0002203947664186,94.65893452165128,0.6903937983333334,0.0765182531871754,0.000478228043187,1,0.01388271,1.5784195381071036,113.6967881708329,13.88271,1.9035810505773632,3.2209507696637787,0.2191059443089781,0.3797000844488953,6544708168.653911,3133832.0672617955,1.0,,,,,,cpu,0,0,0,0,0,0,0,0,0,0,0,0,1,1,1,1,1
fft_N256,fft,256,matrix,cpu_ready,5,0.6989700043360189,cpu,12.77636544783186,cpu,0.0001858476763520194,65.74491197932568,0.0001858476763520194,0.16864980904223048,0.001101973832093,94.96500753439997,0.6923067105060814,35375597.59806755,2.4082399653118496,5242880.0,6.719569917615643,2097152.0,6.321629908943605,2.5,2.979073432297236,0.0238009873333333,0.0337299618084461,0.0002203947664186,94.65893452165128,0.6903937983333334,0.0765182531871754,0.000478228043187,1,0.01388271,1.5784195381071036,113.6967881708329,13.88271,1.9035810505773632,3.2209507696637787,0.2191059443089781,0.3797000844488953,6544708168.653911,3133832.0672617955,1.0,,,,,,cpu,0,0,0,0,0,0,0,0,0,0,0,0,1,1,1,1,1
fft_N256,fft,256,matrix,cpu_ready,10,1.0,cpu,11.397539676606309,cpu,0.0007433907054080776,66.23777195809843,0.0007433907054080776,0.33729961808446096,0.002203947664186,95.34759880033586,0.6946978507220164,8910123.315441886,2.4082399653118496,5242880.0,6.719569917615643,2097152.0,6.321629908943605,2.5,2.979073432297236,0.0238009873333333,0.0337299618084461,0.0002203947664186,94.65893452165128,0.6903937983333334,0.0765182531871754,0.000478228043187,1,0.01388271,1.5784195381071036,113.6967881708329,13.88271,1.9035810505773632,3.2209507696637787,0.2191059443089781,0.3797000844488953,6544708168.653911,3133832.0672617955,1.0,,,,,,cpu,0,0,0,0,0,0,0,0,0,0,0,0,1,1,1,1,1
fft_N256,fft,256,matrix,cpu_ready,30,1.4771212547196624,cpu,9.229912059042526,cpu,0.006690516348672699,68.22750846043428,0.006690516348672699,1.0118988542533829,0.006611842992558,96.87796386407936,0.7042624115857563,1019664.4681635017,2.4082399653118496,5242880.0,6.719569917615643,2097152.0,6.321629908943605,2.5,2.979073432297236,0.0238009873333333,0.0337299618084461,0.0002203947664186,94.65893452165128,0.6903937983333334,0.0765182531871754,0.000478228043187,1,0.01388271,1.5784195381071036,113.6967881708329,13.88271,1.9035810505773632,3.2209507696637787,0.2191059443089781,0.3797000844488953,6544708168.653911,3133832.0672617955,1.0,,,,,,cpu,0,0,0,0,0,0,0,0,0,0,0,0,1,1,1,1,1
fft_N256,fft,256,matrix,cpu_ready,100,2.0,cpu,6.922219260360319,cpu,0.07433907054080777,75.42212321789552,0.07433907054080777,3.3729961808446096,0.02203947664186,102.23424158718164,0.7377383746088464,101356.90909128763,2.4082399653118496,5242880.0,6.719569917615643,2097152.0,6.321629908943605,2.5,2.979073432297236,0.0238009873333333,0.0337299618084461,0.0002203947664186,94.65893452165128,0.6903937983333334,0.0765182531871754,0.000478228043187,1,0.01388271,1.5784195381071036,113.6967881708329,13.88271,1.9035810505773632,3.2209507696637787,0.2191059443089781,0.3797000844488953,6544708168.653911,3133832.0672617955,1.0,,,,,,cpu,0,0,0,0,0,0,0,0,0,0,0,0,1,1,1,1,1
fft_N256,fft,256,matrix,cpu_ready,1000,3.0,cpu,3.29161635815635,cpu,7.433907054080777,199.87015428626952,7.433907054080777,33.7299618084461,0.2203947664186,171.1006694556395,1.1681436134771463,2588.628642142527,2.4082399653118496,5242880.0,6.719569917615643,2097152.0,6.321629908943605,2.5,2.979073432297236,0.0238009873333333,0.0337299618084461,0.0002203947664186,94.65893452165128,0.6903937983333334,0.0765182531871754,0.000478228043187,1,0.01388271,1.5784195381071036,113.6967881708329,13.88271,1.9035810505773632,3.2209507696637787,0.2191059443089781,0.3797000844488953,6544708168.653911,3133832.0672617955,1.0,,,,,,cpu,0,0,0,0,0,0,0,0,0,0,0,0,1,1,1,1,1
fft_N256,fft,256,matrix,gpu_ready,1,0.0,gpu,-7.56923293313654,gpu,0.07090488902717627,3.659317448979031e-05,3.659317448979031e-05,2.979073432297236,0.0238009873333333,0.0765182531871754,0.000478228043187,193665.34016462308,2.4082399653118496,5242880.0,6.719569917615643,2097152.0,6.321629908943605,2.5,2.979073432297236,0.0238009873333333,0.0337299618084461,0.0002203947664186,94.65893452165128,0.6903937983333334,0.0765182531871754,0.000478228043187,1,0.478661229,71.0486389932527,148.43199049499933,95.7322458,,,,,,,,62762.53778217747,0.1271447222227393,0.0,1410.0,25.0,gpu,0,0,0,0,0,1,1,1,1,1,1,1,0,0,0,0,0
fft_N256,fft,256,matrix,gpu_ready,2,0.3010299956639812,gpu,-6.203414544214779,gpu,0.072371701521242,0.00014637269795916125,0.00014637269795916125,3.0128033941056818,0.024021382099751902,0.1530365063743508,0.000956456086374,49343.44302612643,2.4082399653118496,5242880.0,6.719569917615643,2097152.0,6.321629908943605,2.5,2.979073432297236,0.0238009873333333,0.0337299618084461,0.0002203947664186,94.65893452165128,0.6903937983333334,0.0765182531871754,0.000478228043187,1,0.478661229,71.0486389932527,148.43199049499933,95.7322458,,,,,,,,62762.53778217747,0.1271447222227393,0.0,1410.0,25.0,gpu,0,0,0,0,0,1,1,1,1,1,1,1,0,0,0,0,0
fft_N256,fft,256,matrix,gpu_ready,3,0.47712125471966244,gpu,-5.412750769130411,gpu,0.07385338182941589,0.00032933857040811287,0.00032933857040811287,3.046533355914128,0.0242417768661705,0.22955475956152618,0.001434684129561,22324.75934048586,2.4082399653118496,5242880.0,6.719569917615643,2097152.0,6.321629908943605,2.5,2.979073432297236,0.0238009873333333,0.0337299618084461,0.0002203947664186,94.65893452165128,0.6903937983333334,0.0765182531871754,0.000478228043187,1,0.478661229,71.0486389932527,148.43199049499933,95.7322458,,,,,,,,62762.53778217747,0.1271447222227393,0.0,1410.0,25.0,gpu,0,0,0,0,0,1,1,1,1,1,1,1,0,0,0,0,0
fft_N256,fft,256,matrix,gpu_ready,5,0.6989700043360189,gpu,-4.431020816335379,gpu,0.07686134588808816,0.0009148293622447579,0.0009148293622447579,3.1139932795310203,0.0246825663990077,0.382591265935877,0.002391140215935,8301.713921762417,2.4082399653118496,5242880.0,6.719569917615643,2097152.0,6.321629908943605,2.5,2.979073432297236,0.0238009873333333,0.0337299618084461,0.0002203947664186,94.65893452165128,0.6903937983333334,0.0765182531871754,0.000478228043187,1,0.478661229,71.0486389932527,148.43199049499933,95.7322458,,,,,,,,62762.53778217747,0.1271447222227393,0.0,1410.0,25.0,gpu,0,0,0,0,0,1,1,1,1,1,1,1,0,0,0,0,0
fft_N256,fft,256,matrix,gpu_ready,10,1.0,gpu,-3.1411473733898605,gpu,0.08464144278166165,0.0036593174489790315,0.0036593174489790315,3.2826430885732507,0.025784540231100703,0.765182531871754,0.00478228043187,2213.039083430082,2.4082399653118496,5242880.0,6.719569917615643,2097152.0,6.321629908943605,2.5,2.979073432297236,0.0238009873333333,0.0337299618084461,0.0002203947664186,94.65893452165128,0.6903937983333334,0.0765182531871754,0.000478228043187,1,0.478661229,71.0486389932527,148.43199049499933,95.7322458,,,,,,,,62762.53778217747,0.1271447222227393,0.0,1410.0,25.0,gpu,0,0,0,0,0,1,1,1,1,1,1,1,0,0,0,0,0
fft_N256,fft,256,matrix,gpu_ready,30,1.4771212547196624,gpu,-1.2886375968730757,gpu,0.11947878388299599,0.03293385704081129,0.03293385704081129,3.9572423247421726,0.0301924355594727,2.295547595615262,0.01434684129561,262.78406059435775,2.4082399653118496,5242880.0,6.719569917615643,2097152.0,6.321629908943605,2.5,2.979073432297236,0.0238009873333333,0.0337299618084461,0.0002203947664186,94.65893452165128,0.6903937983333334,0.0765182531871754,0.000478228043187,1,0.478661229,71.0486389932527,148.43199049499933,95.7322458,,,,,,,,62762.53778217747,0.1271447222227393,0.0,1410.0,25.0,gpu,0,0,0,0,0,1,1,1,1,1,1,1,0,0,0,0,0
fft_N256,fft,256,matrix,gpu_ready,100,2.0,gpu,0.23864263248713463,cpu,0.2882430921783751,0.36593174489790314,0.2882430921783751,6.3183396513334,0.045620069208774705,7.651825318717539,0.0478228043187,26.952476859862266,2.4082399653118496,5242880.0,6.719569917615643,2097152.0,6.321629908943605,2.5,2.979073432297236,0.0238009873333333,0.0337299618084461,0.0002203947664186,94.65893452165128,0.6903937983333334,0.0765182531871754,0.000478228043187,1,0.478661229,71.0486389932527,148.43199049499933,95.7322458,,,,,,,,62762.53778217747,0.1271447222227393,0.0,1410.0,25.0,gpu,0,0,0,0,0,1,1,1,1,1,1,1,0,0,0,0,0
fft_N256,fft,256,matrix,gpu_ready,1000,3.0,gpu,1.4084461323271145,cpu,8.94787077133148,36.593174489790314,8.94787077133148,36.675305278934886,0.2439753589855147,76.51825318717539,0.478228043187,308.95957736708687,2.4082399653118496,5242880.0,6.719569917615643,2097152.0,6.321629908943605,2.5,2.979073432297236,0.0238009873333333,0.0337299618084461,0.0002203947664186,94.65893452165128,0.6903937983333334,0.0765182531871754,0.000478228043187,1,0.478661229,71.0486389932527,148.43199049499933,95.7322458,,,,,,,,62762.53778217747,0.1271447222227393,0.0,1410.0,25.0,gpu,0,0,0,0,0,1,1,1,1,1,1,1,0,0,0,0,0
fft_N256,fft,256,matrix,none_ready,1,0.0,none,6.826203037762219,cpu,0.07090488902717627,65.35194135058912,0.07090488902717627,2.979073432297236,0.0238009873333333,94.65893452165128,0.6903937983333334,92068.45586704348,2.4082399653118496,5242880.0,6.719569917615643,2097152.0,6.321629908943605,2.5,2.979073432297236,0.0238009873333333,0.0337299618084461,0.0002203947664186,94.65893452165128,0.6903937983333334,0.0765182531871754,0.000478228043187,1,,,,,,,,,,,,,,,,,,1,1,1,1,1,1,1,1,1,1,1,1,1,1,1,1,1
fft_N256,fft,256,matrix,none_ready,2,0.3010299956639812,none,6.807227545440306,cpu,0.072371701521242,65.45007422824979,0.072371701521242,3.0128033941056818,0.024021382099751902,94.73545277483845,0.6908720263765203,90336.00309582242,2.4082399653118496,5242880.0,6.719569917615643,2097152.0,6.321629908943605,2.5,2.979073432297236,0.0238009873333333,0.0337299618084461,0.0002203947664186,94.65893452165128,0.6903937983333334,0.0765182531871754,0.000478228043187,1,,,,,,,,,,,,,,,,,,1,1,1,1,1,1,1,1,1,1,1,1,1,1,1,1,1
fft_N256,fft,256,matrix,none_ready,3,0.47712125471966244,none,6.788460452643929,cpu,0.07385338182941589,65.54828029225943,0.07385338182941589,3.046533355914128,0.0242417768661705,94.81197102802562,0.6913502544197073,88654.60902204951,2.4082399653118496,5242880.0,6.719569917615643,2097152.0,6.321629908943605,2.5,2.979073432297236,0.0238009873333333,0.0337299618084461,0.0002203947664186,94.65893452165128,0.6903937983333334,0.0765182531871754,0.000478228043187,1,,,,,,,,,,,,,,,,,,1,1,1,1,1,1,1,1,1,1,1,1,1,1,1,1,1
fft_N256,fft,256,matrix,none_ready,5,0.6989700043360189,none,6.751534466813361,cpu,0.07686134588808816,65.74491197932568,0.07686134588808816,3.1139932795310203,0.0246825663990077,94.96500753439997,0.6923067105060814,85437.0293346824,2.4082399653118496,5242880.0,6.719569917615643,2097152.0,6.321629908943605,2.5,2.979073432297236,0.0238009873333333,0.0337299618084461,0.0002203947664186,94.65893452165128,0.6903937983333334,0.0765182531871754,0.000478228043187,1,,,,,,,,,,,,,,,,,,1,1,1,1,1,1,1,1,1,1,1,1,1,1,1,1,1
fft_N256,fft,256,matrix,none_ready,10,1.0,none,6.662582138533327,cpu,0.08464144278166165,66.23777195809843,0.08464144278166165,3.2826430885732507,0.025784540231100703,95.34759880033586,0.6946978507220164,78156.90321579615,2.4082399653118496,5242880.0,6.719569917615643,2097152.0,6.321629908943605,2.5,2.979073432297236,0.0238009873333333,0.0337299618084461,0.0002203947664186,94.65893452165128,0.6903937983333334,0.0765182531871754,0.000478228043187,1,,,,,,,,,,,,,,,,,,1,1,1,1,1,1,1,1,1,1,1,1,1,1,1,1,1
fft_N256,fft,256,matrix,none_ready,30,1.4771212547196624,none,6.3474642974863285,cpu,0.11947878388299599,68.22750846043428,0.11947878388299599,3.9572423247421726,0.0301924355594727,96.87796386407936,0.7042624115857563,57004.28767608531,2.4082399653118496,5242880.0,6.719569917615643,2097152.0,6.321629908943605,2.5,2.979073432297236,0.0238009873333333,0.0337299618084461,0.0002203947664186,94.65893452165128,0.6903937983333334,0.0765182531871754,0.000478228043187,1,,,,,,,,,,,,,,,,,,1,1,1,1,1,1,1,1,1,1,1,1,1,1,1,1,1
fft_N256,fft,256,matrix,none_ready,100,2.0,none,5.567051728164333,cpu,0.2882430921783751,75.42212321789552,0.2882430921783751,6.3183396513334,0.045620069208774705,102.23424158718164,0.7377383746088464,26066.151163553855,2.4082399653118496,5242880.0,6.719569917615643,2097152.0,6.321629908943605,2.5,2.979073432297236,0.0238009873333333,0.0337299618084461,0.0002203947664186,94.65893452165128,0.6903937983333334,0.0765182531871754,0.000478228043187,1,,,,,,,,,,,,,,,,,,1,1,1,1,1,1,1,1,1,1,1,1,1,1,1,1,1
fft_N256,fft,256,matrix,none_ready,1000,3.0,none,3.106252325800343,cpu,8.94787077133148,199.87015428626952,8.94787077133148,36.675305278934886,0.2439753589855147,171.1006694556395,1.1681436134771463,2133.717488708523,2.4082399653118496,5242880.0,6.719569917615643,2097152.0,6.321629908943605,2.5,2.979073432297236,0.0238009873333333,0.0337299618084461,0.0002203947664186,94.65893452165128,0.6903937983333334,0.0765182531871754,0.000478228043187,1,,,,,,,,,,,,,,,,,,1,1,1,1,1,1,1,1,1,1,1,1,1,1,1,1,1
fft_N3072,fft,3072,matrix,cpu_ready,1,0.0,cpu,3.6342170146126684,cpu,1.6142097568937392,61.133655247806686,1.6142097568937392,15.671856923257783,0.1030005419777777,93.39296075327847,0.6545852573333333,3687.218791531008,3.4874212113594742,1093294227.524057,9.038737055082644,301989888.0,8.479992401038855,3.6203007814753616,18.307869206765734,0.1270240956666666,15.671856923257783,0.1030005419777777,93.39296075327847,0.6545852573333333,5.476004839781004,0.0326103013120567,1,0.117417537,17.46963064499042,148.78212481147872,117.417537,2.432361472855653,20.226288026892057,0.4954138863788906,0.2710142282605602,38051025429.36072,3086067.824417578,1.0,,,,,,cpu,0,0,0,0,0,0,0,0,0,0,0,0,1,1,1,1,1
fft_N3072,fft,3072,matrix,cpu_ready,2,0.3010299956639812,cpu,2.353519138831482,cpu,6.456839027574957,67.94231404341434,6.456839027574957,31.343713846515566,0.2060010839555554,98.86896559305947,0.68719555864539,952.2534904967569,3.4874212113594742,1093294227.524057,9.038737055082644,301989888.0,8.479992401038855,3.6203007814753616,18.307869206765734,0.1270240956666666,15.671856923257783,0.1030005419777777,93.39296075327847,0.6545852573333333,5.476004839781004,0.0326103013120567,1,0.117417537,17.46963064499042,148.78212481147872,117.417537,2.432361472855653,20.226288026892057,0.4954138863788906,0.2710142282605602,38051025429.36072,3086067.824417578,1.0,,,,,,cpu,0,0,0,0,0,0,0,0,0,0,0,0,1,1,1,1,1
fft_N3072,fft,3072,matrix,cpu_ready,3,0.47712125471966244,cpu,1.642858591427494,cpu,14.527887812043653,75.10812117464509,14.527887812043653,47.01557076977335,0.3090016259333331,104.34497043284048,0.7198058599574467,416.9927118543707,3.4874212113594742,1093294227.524057,9.038737055082644,301989888.0,8.479992401038855,3.6203007814753616,18.307869206765734,0.1270240956666666,15.671856923257783,0.1030005419777777,93.39296075327847,0.6545852573333333,5.476004839781004,0.0326103013120567,1,0.117417537,17.46963064499042,148.78212481147872,117.417537,2.432361472855653,20.226288026892057,0.4954138863788906,0.2710142282605602,38051025429.36072,3086067.824417578,1.0,,,,,,cpu,0,0,0,0,0,0,0,0,0,0,0,0,1,1,1,1,1
fft_N3072,fft,3072,matrix,cpu_ready,5,0.6989700043360189,cpu,0.8077520367202771,cpu,40.35524392234348,90.51118044397582,40.35524392234348,78.35928461628892,0.5150027098888885,115.2969801124025,0.7850264625815601,124.28604475331274,3.4874212113594742,1093294227.524057,9.038737055082644,301989888.0,8.479992401038855,3.6203007814753616,18.307869206765734,0.1270240956666666,15.671856923257783,0.1030005419777777,93.39296075327847,0.6545852573333333,5.476004839781004,0.0326103013120567,1,0.117417537,17.46963064499042,148.78212481147872,117.417537,2.432361472855653,20.226288026892057,0.4954138863788906,0.2710142282605602,38051025429.36072,3086067.824417578,1.0,,,,,,cpu,0,0,0,0,0,0,0,0,0,0,0,0,1,1,1,1,1
fft_N3072,fft,3072,matrix,cpu_ready,10,1.0,cpu,-0.17675087805671338,gpu,161.42097568937393,135.2689244907065,135.2689244907065,156.71856923257783,1.030005419777777,142.6770043113075,0.9480779691418436,19.33337704659889,3.4874212113594742,1093294227.524057,9.038737055082644,301989888.0,8.479992401038855,3.6203007814753616,18.307869206765734,0.1270240956666666,15.671856923257783,0.1030005419777777,93.39296075327847,0.6545852573333333,5.476004839781004,0.0326103013120567,1,0.117417537,17.46963064499042,148.78212481147872,117.417537,2.432361472855653,20.226288026892057,0.4954138863788906,0.2710142282605602,38051025429.36072,3086067.824417578,1.0,,,,,,cpu,0,0,0,0,0,0,0,0,0,0,0,0,1,1,1,1,1
fft_N3072,fft,3072,matrix,cpu_ready,30,1.4771212547196624,cpu,-1.2808482459758634,gpu,1452.7887812043653,403.5869845833989,403.5869845833989,470.1557076977335,3.0900162593333307,252.19710110692762,1.6002839953829775,259.969185503839,3.4874212113594742,1093294227.524057,9.038737055082644,301989888.0,8.479992401038855,3.6203007814753616,18.307869206765734,0.1270240956666666,15.671856923257783,0.1030005419777777,93.39296075327847,0.6545852573333333,5.476004839781004,0.0326103013120567,1,0.117417537,17.46963064499042,148.78212481147872,117.417537,2.432361472855653,20.226288026892057,0.4954138863788906,0.2710142282605602,38051025429.36072,3086067.824417578,1.0,,,,,,cpu,0,0,0,0,0,0,0,0,0,0,0,0,1,1,1,1,1
fft_N3072,fft,3072,matrix,cpu_ready,100,2.0,cpu,-1.8781370003631221,gpu,16142.097568937392,2467.7174521205197,2467.7174521205197,1567.1856923257783,10.300054197777769,635.5174398915979,3.883005087226947,554.1307050799685,3.4874212113594742,1093294227.524057,9.038737055082644,301989888.0,8.479992401038855,3.6203007814753616,18.307869206765734,0.1270240956666666,15.671856923257783,0.1030005419777777,93.39296075327847,0.6545852573333333,5.476004839781004,0.0326103013120567,1,0.117417537,17.46963064499042,148.78212481147872,117.417537,2.432361472855653,20.226288026892057,0.4954138863788906,0.2710142282605602,38051025429.36072,3086067.824417578,1.0,,,,,,cpu,0,0,0,0,0,0,0,0,0,0,0,0,1,1,1,1,1
fft_N3072,fft,3072,matrix,cpu_ready,1000,3.0,cpu,-2.1667760023207436,gpu,1614209.756893739,184901.78624850017,184901.78624850017,15671.856923257783,103.00054197777769,5563.921795694501,33.232276268077975,773.0092821949861,3.4874212113594742,1093294227.524057,9.038737055082644,301989888.0,8.479992401038855,3.6203007814753616,18.307869206765734,0.1270240956666666,15.671856923257783,0.1030005419777777,93.39296075327847,0.6545852573333333,5.476004839781004,0.0326103013120567,1,0.117417537,17.46963064499042,148.78212481147872,117.417537,2.432361472855653,20.226288026892057,0.4954138863788906,0.2710142282605602,38051025429.36072,3086067.824417578,1.0,,,,,,cpu,0,0,0,0,0,0,0,0,0,0,0,0,1,1,1,1,1
fft_N3072,fft,3072,matrix,gpu_ready,1,0.0,gpu,-2.566703755970673,gpu,2.32554052957303,0.17857416781153934,0.17857416781153934,18.307869206765734,0.1270240956666666,5.476004839781004,0.0326103013120567,1202.2827198765506,3.4874212113594742,1093294227.524057,9.038737055082644,301989888.0,8.479992401038855,3.6203007814753616,18.307869206765734,0.1270240956666666,15.671856923257783,0.1030005419777777,93.39296075327847,0.6545852573333333,5.476004839781004,0.0326103013120567,1,0.566528679,87.3261167379764,154.1424467550678,113.3057358,,,,,,,,64780.67852649168,0.1014307450444181,0.0,1410.0,25.0,gpu,0,0,0,0,0,1,1,1,1,1,1,1,0,0,0,0,0
fft_N3072,fft,3072,matrix,gpu_ready,2,0.3010299956639812,gpu,-2.3926520978625554,gpu,7.816174190316114,0.7142966712461574,0.7142966712461574,33.979726130023515,0.23002463764444428,10.952009679562009,0.0652206026241134,994.2476011655027,3.4874212113594742,1093294227.524057,9.038737055082644,301989888.0,8.479992401038855,3.6203007814753616,18.307869206765734,0.1270240956666666,15.671856923257783,0.1030005419777777,93.39296075327847,0.6545852573333333,5.476004839781004,0.0326103013120567,1,0.566528679,87.3261167379764,154.1424467550678,113.3057358,,,,,,,,64780.67852649168,0.1014307450444181,0.0,1410.0,25.0,gpu,0,0,0,0,0,1,1,1,1,1,1,1,0,0,0,0,0
fft_N3072,fft,3072,matrix,gpu_ready,3,0.47712125471966244,gpu,-2.331019777637043,gpu,16.53522736484668,1.607167510303854,1.607167510303854,49.6515830532813,0.333025179622222,16.428014519343012,0.09783090393617011,928.8428094045094,3.4874212113594742,1093294227.524057,9.038737055082644,301989888.0,8.479992401038855,3.6203007814753616,18.307869206765734,0.1270240956666666,15.671856923257783,0.1030005419777777,93.39296075327847,0.6545852573333333,5.476004839781004,0.0326103013120567,1,0.566528679,87.3261167379764,154.1424467550678,113.3057358,,,,,,,,64780.67852649168,0.1014307450444181,0.0,1410.0,25.0,gpu,0,0,0,0,0,1,1,1,1,1,1,1,0,0,0,0,0
fft_N3072,fft,3072,matrix,gpu_ready,5,0.6989700043360189,gpu,-2.2802755404963304,gpu,43.65859225527024,4.464354195288483,4.464354195288483,80.99529689979687,0.5390262635777774,27.380024198905023,0.1630515065602835,877.9374652070826,3.4874212113594742,1093294227.524057,9.038737055082644,301989888.0,8.479992401038855,3.6203007814753616,18.307869206765734,0.1270240956666666,15.671856923257783,0.1030005419777777,93.39296075327847,0.6545852573333333,5.476004839781004,0.0326103013120567,1,0.566528679,87.3261167379764,154.1424467550678,113.3057358,,,,,,,,64780.67852649168,0.1014307450444181,0.0,1410.0,25.0,gpu,0,0,0,0,0,1,1,1,1,1,1,1,0,0,0,0,0
fft_N3072,fft,3072,matrix,gpu_ready,10,1.0,gpu,-2.2413328026525927,gpu,167.96434597261003,17.857416781153933,17.857416781153933,159.35458151608577,1.054028973466666,54.760048397810046,0.326103013120567,840.5859090989771,3.4874212113594742,1093294227.524057,9.038737055082644,301989888.0,8.479992401038855,3.6203007814753616,18.307869206765734,0.1270240956666666,15.671856923257783,0.1030005419777777,93.39296075327847,0.6545852573333333,5.476004839781004,0.0326103013120567,1,0.566528679,87.3261167379764,154.1424467550678,113.3057358,,,,,,,,64780.67852649168,0.1014307450444181,0.0,1410.0,25.0,gpu,0,0,0,0,0,1,1,1,1,1,1,1,0,0,0,0,0
fft_N3072,fft,3072,matrix,gpu_ready,30,1.4771212547196624,gpu,-2.214932306499322,gpu,1472.2922392888388,160.7167510303854,160.7167510303854,472.79171998124144,3.1140398130222198,164.28014519343014,0.978309039361701,816.078896474509,3.4874212113594742,1093294227.524057,9.038737055082644,301989888.0,8.479992401038855,3.6203007814753616,18.307869206765734,0.1270240956666666,15.671856923257783,0.1030005419777777,93.39296075327847,0.6545852573333333,5.476004839781004,0.0326103013120567,1,0.566528679,87.3261167379764,154.1424467550678,113.3057358,,,,,,,,64780.67852649168,0.1014307450444181,0.0,1410.0,25.0,gpu,0,0,0,0,0,1,1,1,1,1,1,1,0,0,0,0,0
fft_N3072,fft,3072,matrix,gpu_ready,100,2.0,gpu,-2.2056070270541137,gpu,16206.961334326195,1785.7416781153934,1785.7416781153934,1569.8217046092861,10.324077751466659,547.6004839781004,3.26103013120567,807.575912739542,3.4874212113594742,1093294227.524057,9.038737055082644,301989888.0,8.479992401038855,3.6203007814753616,18.307869206765734,0.1270240956666666,15.671856923257783,0.1030005419777777,93.39296075327847,0.6545852573333333,5.476004839781004,0.0326103013120567,1,0.566528679,87.3261167379764,154.1424467550678,113.3057358,,,,,,,,64780.67852649168,0.1014307450444181,0.0,1410.0,25.0,gpu,0,0,0,0,0,1,1,1,1,1,1,1,0,0,0,0,0
fft_N3072,fft,3072,matrix,gpu_ready,1000,3.0,gpu,-2.2019981766164096,gpu,1614857.8246101837,178574.16781153932,178574.16781153932,15674.492935541291,103.02456553146658,5476.004839781004,32.6103013120567,804.3065099507819,3.4874212113594742,1093294227.524057,9.038737055082644,301989888.0,8.479992401038855,3.6203007814753616,18.307869206765734,0.1270240956666666,15.671856923257783,0.1030005419777777,93.39296075327847,0.6545852573333333,5.476004839781004,0.0326103013120567,1,0.566528679,87.3261167379764,154.1424467550678,113.3057358,,,,,,,,64780.67852649168,0.1014307450444181,0.0,1410.0,25.0,gpu,0,0,0,0,0,1,1,1,1,1,1,1,0,0,0,0,0
fft_N3072,fft,3072,matrix,none_ready,1,0.0,none,3.2691100390604073,cpu,2.32554052957303,61.133655247806686,2.32554052957303,18.307869206765734,0.1270240956666666,93.39296075327847,0.6545852573333333,2528.7933695582956,3.4874212113594742,1093294227.524057,9.038737055082644,301989888.0,8.479992401038855,3.6203007814753616,18.307869206765734,0.1270240956666666,15.671856923257783,0.1030005419777777,93.39296075327847,0.6545852573333333,5.476004839781004,0.0326103013120567,1,,,,,,,,,,,,,,,,,,1,1,1,1,1,1,1,1,1,1,1,1,1,1,1,1,1
fft_N3072,fft,3072,matrix,none_ready,2,0.3010299956639812,none,2.162463821387339,cpu,7.816174190316114,67.94231404341434,7.816174190316114,33.979726130023515,0.23002463764444428,98.86896559305947,0.68719555864539,769.2528133212767,3.4874212113594742,1093294227.524057,9.038737055082644,301989888.0,8.479992401038855,3.6203007814753616,18.307869206765734,0.1270240956666666,15.671856923257783,0.1030005419777777,93.39296075327847,0.6545852573333333,5.476004839781004,0.0326103013120567,1,,,,,,,,,,,,,,,,,,1,1,1,1,1,1,1,1,1,1,1,1,1,1,1,1,1
fft_N3072,fft,3072,matrix,none_ready,3,0.47712125471966244,none,1.5134355942088635,cpu,16.53522736484668,75.10812117464509,16.53522736484668,49.6515830532813,0.333025179622222,104.34497043284048,0.7198058599574467,354.2309550234692,3.4874212113594742,1093294227.524057,9.038737055082644,301989888.0,8.479992401038855,3.6203007814753616,18.307869206765734,0.1270240956666666,15.671856923257783,0.1030005419777777,93.39296075327847,0.6545852573333333,5.476004839781004,0.0326103013120567,1,,,,,,,,,,,,,,,,,,1,1,1,1,1,1,1,1,1,1,1,1,1,1,1,1,1
fft_N3072,fft,3072,matrix,none_ready,5,0.6989700043360189,none,0.7290732766423593,cpu,43.65859225527024,90.51118044397582,43.65859225527024,80.99529689979687,0.5390262635777774,115.2969801124025,0.7850264625815601,107.31584727872156,3.4874212113594742,1093294227.524057,9.038737055082644,301989888.0,8.479992401038855,3.6203007814753616,18.307869206765734,0.1270240956666666,15.671856923257783,0.1030005419777777,93.39296075327847,0.6545852573333333,5.476004839781004,0.0326103013120567,1,,,,,,,,,,,,,,,,,,1,1,1,1,1,1,1,1,1,1,1,1,1,1,1,1,1
fft_N3072,fft,3072,matrix,none_ready,10,1.0,none,-0.21648690029089326,gpu,167.96434597261003,135.2689244907065,135.2689244907065,159.35458151608577,1.054028973466666,142.6770043113075,0.9480779691418436,24.17068192491605,3.4874212113594742,1093294227.524057,9.038737055082644,301989888.0,8.479992401038855,3.6203007814753616,18.307869206765734,0.1270240956666666,15.671856923257783,0.1030005419777777,93.39296075327847,0.6545852573333333,5.476004839781004,0.0326103013120567,1,,,,,,,,,,,,,,,,,,1,1,1,1,1,1,1,1,1,1,1,1,1,1,1,1,1
fft_N3072,fft,3072,matrix,none_ready,30,1.4771212547196624,none,-1.294183772056773,gpu,1472.2922392888388,403.5869845833989,403.5869845833989,472.79171998124144,3.1140398130222198,252.19710110692762,1.6002839953829775,264.8017145073712,3.4874212113594742,1093294227.524057,9.038737055082644,301989888.0,8.479992401038855,3.6203007814753616,18.307869206765734,0.1270240956666666,15.671856923257783,0.1030005419777777,93.39296075327847,0.6545852573333333,5.476004839781004,0.0326103013120567,1,,,,,,,,,,,,,,,,,,1,1,1,1,1,1,1,1,1,1,1,1,1,1,1,1,1
fft_N3072,fft,3072,matrix,none_ready,100,2.0,none,-1.8821472469988234,gpu,16206.961334326195,2467.7174521205197,2467.7174521205197,1569.8217046092861,10.324077751466659,635.5174398915979,3.883005087226947,556.7591974680686,3.4874212113594742,1093294227.524057,9.038737055082644,301989888.0,8.479992401038855,3.6203007814753616,18.307869206765734,0.1270240956666666,15.671856923257783,0.1030005419777777,93.39296075327847,0.6545852573333333,5.476004839781004,0.0326103013120567,1,,,,,,,,,,,,,,,,,,1,1,1,1,1,1,1,1,1,1,1,1,1,1,1,1,1
fft_N3072,fft,3072,matrix,none_ready,1000,3.0,none,-2.167177398518741,gpu,1614857.8246101837,184901.78624850017,184901.78624850017,15674.492935541291,103.02456553146658,5563.921795694501,33.232276268077975,773.3597751402375,3.4874212113594742,1093294227.524057,9.038737055082644,301989888.0,8.479992401038855,3.6203007814753616,18.307869206765734,0.1270240956666666,15.671856923257783,0.1030005419777777,93.39296075327847,0.6545852573333333,5.476004839781004,0.0326103013120567,1,,,,,,,,,,,,,,,,,,1,1,1,1,1,1,1,1,1,1,1,1,1,1,1,1,1
fft_N384,fft,384,matrix,cpu_ready,1,0.0,cpu,14.074738462169211,cpu,3.142712409083331e-05,40.72732523167079,3.142712409083331e-05,0.0696274149728105,0.0004513613510297,75.61907759691445,0.5385853216666666,129592811.88706055,2.584331224367531,12659042.305063387,7.102400851229615,4718592.0,6.673812427054967,2.682800781475361,3.5255991022053528,0.0284388086666666,0.0696274149728105,0.0004513613510297,75.61907759691445,0.5385853216666666,0.1209564486152542,0.0007628937387536,1,0.027009491,3.3502186746627944,124.03857128084326,27.009491,2.085043438920316,2.277461632476045,0.4122811089247095,0.3333131919430007,3109326358.078117,3056105.1940278327,0.6928259403333443,,,,,,cpu,0,0,0,0,0,0,0,0,0,0,0,0,1,1,1,1,1
fft_N384,fft,384,matrix,cpu_ready,2,0.3010299956639812,cpu,12.691457847288124,cpu,0.00012570849636333323,40.85025219720222,0.00012570849636333323,0.139254829945621,0.0009027227020594,75.74003404552971,0.5393482154054202,32495915.288523853,2.584331224367531,12659042.305063387,7.102400851229615,4718592.0,6.673812427054967,2.682800781475361,3.5255991022053528,0.0284388086666666,0.0696274149728105,0.0004513613510297,75.61907759691445,0.5385853216666666,0.1209564486152542,0.0007628937387536,1,0.027009491,3.3502186746627944,124.03857128084326,27.009491,2.085043438920316,2.277461632476045,0.4122811089247095,0.3333131919430007,3109326358.078117,3056105.1940278327,0.6928259403333443,,,,,,cpu,0,0,0,0,0,0,0,0,0,0,0,0,1,1,1,1,1
fft_N384,fft,384,matrix,cpu_ready,3,0.47712125471966244,cpu,11.88353682617743,cpu,0.00028284411681749977,40.97336371656826,0.00028284411681749977,0.2088822449184315,0.0013540840530891,75.86099049414496,0.5401111091441738,14486099.7405467,2.584331224367531,12659042.305063387,7.102400851229615,4718592.0,6.673812427054967,2.682800781475361,3.5255991022053528,0.0284388086666666,0.0696274149728105,0.0004513613510297,75.61907759691445,0.5385853216666666,0.1209564486152542,0.0007628937387536,1,0.027009491,3.3502186746627944,124.03857128084326,27.009491,2.085043438920316,2.277461632476045,0.4122811089247095,0.3333131919430007,3109326358.078117,3056105.1940278327,0.6928259403333443,,,,,,cpu,0,0,0,0,0,0,0,0,0,0,0,0,1,1,1,1,1
fft_N384,fft,384,matrix,cpu_ready,5,0.6989700043360189,cpu,10.867890370492457,cpu,0.0007856781022708327,41.220140416804206,0.0007856781022708327,0.3481370748640525,0.0022568067551485,76.10290339137546,0.541636896621681,5246341.296717613,2.584331224367531,12659042.305063387,7.102400851229615,4718592.0,6.673812427054967,2.682800781475361,3.5255991022053528,0.0284388086666666,0.0696274149728105,0.0004513613510297,75.61907759691445,0.5385853216666666,0.1209564486152542,0.0007628937387536,1,0.027009491,3.3502186746627944,124.03857128084326,27.009491,2.085043438920316,2.277461632476045,0.4122811089247095,0.3333131919430007,3109326358.078117,3056105.1940278327,0.6928259403333443,,,,,,cpu,0,0,0,0,0,0,0,0,0,0,0,0,1,1,1,1,1
fft_N384,fft,384,matrix,cpu_ready,10,1.0,cpu,9.496529300744674,cpu,0.0031427124090833308,41.840311859499955,0.0031427124090833308,0.696274149728105,0.004513613510297,76.70768563445174,0.545451365315449,1331243.9606681662,2.584331224367531,12659042.305063387,7.102400851229615,4718592.0,6.673812427054967,2.682800781475361,3.5255991022053528,0.0284388086666666,0.0696274149728105,0.0004513613510297,75.61907759691445,0.5385853216666666,0.1209564486152542,0.0007628937387536,1,0.027009491,3.3502186746627944,124.03857128084326,27.009491,2.085043438920316,2.277461632476045,0.4122811089247095,0.3333131919430007,3109326358.078117,3056105.1940278327,0.6928259403333443,,,,,,cpu,0,0,0,0,0,0,0,0,0,0,0,0,1,1,1,1,1
fft_N384,fft,384,matrix,cpu_ready,30,1.4771212547196624,cpu,7.357943467252626,cpu,0.02828441168174998,44.36713608893816,0.02828441168174998,2.088822449184315,0.013540840530891,79.12681460675682,0.560709240090521,156760.7351220435,2.584331224367531,12659042.305063387,7.102400851229615,4718592.0,6.673812427054967,2.682800781475361,3.5255991022053528,0.0284388086666666,0.0696274149728105,0.0004513613510297,75.61907759691445,0.5385853216666666,0.1209564486152542,0.0007628937387536,1,0.027009491,3.3502186746627944,124.03857128084326,27.009491,2.085043438920316,2.277461632476045,0.4122811089247095,0.3333131919430007,3109326358.078117,3056105.1940278327,0.6928259403333443,,,,,,cpu,0,0,0,0,0,0,0,0,0,0,0,0,1,1,1,1,1
fft_N384,fft,384,matrix,cpu_ready,100,2.0,cpu,5.1426303927619434,cpu,0.3142712409083331,53.792365471027686,0.3142712409083331,6.9627414972810495,0.04513613510297,87.59376600982462,0.614111801803273,17016.54089491373,2.584331224367531,12659042.305063387,7.102400851229615,4718592.0,6.673812427054967,2.682800781475361,3.5255991022053528,0.0284388086666666,0.0696274149728105,0.0004513613510297,75.61907759691445,0.5385853216666666,0.1209564486152542,0.0007628937387536,1,0.027009491,3.3502186746627944,124.03857128084326,27.009491,2.085043438920316,2.277461632476045,0.4122811089247095,0.3333131919430007,3109326358.078117,3056105.1940278327,0.6928259403333443,,,,,,cpu,0,0,0,0,0,0,0,0,0,0,0,0,1,1,1,1,1
fft_N384,fft,384,matrix,cpu_ready,1000,3.0,cpu,2.095674873092278,cpu,31.42712409083331,255.53163490991506,31.42712409083331,69.6274149728105,0.4513613510297,196.4545697635534,1.300716166681513,713.0926462483685,2.584331224367531,12659042.305063387,7.102400851229615,4718592.0,6.673812427054967,2.682800781475361,3.5255991022053528,0.0284388086666666,0.0696274149728105,0.0004513613510297,75.61907759691445,0.5385853216666666,0.1209564486152542,0.0007628937387536,1,0.027009491,3.3502186746627944,124.03857128084326,27.009491,2.085043438920316,2.277461632476045,0.4122811089247095,0.3333131919430007,3109326358.078117,3056105.1940278327,0.6928259403333443,,,,,,cpu,0,0,0,0,0,0,0,0,0,0,0,0,1,1,1,1,1
fft_N384,fft,384,matrix,gpu_ready,1,0.0,gpu,-6.990766346655166,gpu,0.10026383830298957,9.227691731044899e-05,9.227691731044899e-05,3.5255991022053528,0.0284388086666666,0.1209564486152542,0.0007628937387536,108555.38341042542,2.584331224367531,12659042.305063387,7.102400851229615,4718592.0,6.673812427054967,2.682800781475361,3.5255991022053528,0.0284388086666666,0.0696274149728105,0.0004513613510297,75.61907759691445,0.5385853216666666,0.1209564486152542,0.0007628937387536,1,0.521071562,76.02091965804675,145.89343422669216,104.2143124,,,,,,,,62444.70080174899,0.0,0.0,1410.0,21.82242069852202,gpu,0,0,0,0,0,1,1,1,1,1,1,1,0,0,0,0,0
fft_N384,fft,384,matrix,gpu_ready,2,0.3010299956639812,gpu,-5.639775288541167,gpu,0.10386670533340726,0.00036910766924179596,0.00036910766924179596,3.595226517178163,0.0288901700176963,0.2419128972305084,0.0015257874775072,28039.947768293594,2.584331224367531,12659042.305063387,7.102400851229615,4718592.0,6.673812427054967,2.682800781475361,3.5255991022053528,0.0284388086666666,0.0696274149728105,0.0004513613510297,75.61907759691445,0.5385853216666666,0.1209564486152542,0.0007628937387536,1,0.521071562,76.02091965804675,145.89343422669216,104.2143124,,,,,,,,62444.70080174899,0.0,0.0,1410.0,21.82242069852202,gpu,0,0,0,0,0,1,1,1,1,1,1,1,0,0,0,0,0
fft_N384,fft,384,matrix,gpu_ready,3,0.47712125471966244,gpu,-4.8635291197086,gpu,0.10753242661200661,0.0008304922557940407,0.0008304922557940407,3.6648539321509737,0.029341531368725998,0.3628693458457626,0.0022886812162608,12848.03483859027,2.584331224367531,12659042.305063387,7.102400851229615,4718592.0,6.673812427054967,2.682800781475361,3.5255991022053528,0.0284388086666666,0.0696274149728105,0.0004513613510297,75.61907759691445,0.5385853216666666,0.1209564486152542,0.0007628937387536,1,0.521071562,76.02091965804675,145.89343422669216,104.2143124,,,,,,,,62444.70080174899,0.0,0.0,1410.0,21.82242069852202,gpu,0,0,0,0,0,1,1,1,1,1,1,1,0,0,0,0,0
fft_N384,fft,384,matrix,gpu_ready,5,0.6989700043360189,gpu,-3.909473381335265,gpu,0.11505243191375035,0.002306922932761225,0.002306922932761225,3.804108762096595,0.0302442540707854,0.604782243076271,0.003814468693768,4887.2681171902295,2.584331224367531,12659042.305063387,7.102400851229615,4718592.0,6.673812427054967,2.682800781475361,3.5255991022053528,0.0284388086666666,0.0696274149728105,0.0004513613510297,75.61907759691445,0.5385853216666666,0.1209564486152542,0.0007628937387536,1,0.521071562,76.02091965804675,145.89343422669216,104.2143124,,,,,,,,62444.70080174899,0.0,0.0,1410.0,21.82242069852202,gpu,0,0,0,0,0,1,1,1,1,1,1,1,0,0,0,0,0
fft_N384,fft,384,matrix,gpu_ready,10,1.0,gpu,-2.6827131490706884,gpu,0.13495239451128882,0.0092276917310449,0.0092276917310449,4.152245836960647,0.0325010608259339,1.209564486152542,0.007628937387536,1362.4718558517284,2.584331224367531,12659042.305063387,7.102400851229615,4718592.0,6.673812427054967,2.682800781475361,3.5255991022053528,0.0284388086666666,0.0696274149728105,0.0004513613510297,75.61907759691445,0.5385853216666666,0.1209564486152542,0.0007628937387536,1,0.521071562,76.02091965804675,145.89343422669216,104.2143124,,,,,,,,62444.70080174899,0.0,0.0,1410.0,21.82242069852202,gpu,0,0,0,0,0,1,1,1,1,1,1,1,0,0,0,0,0
fft_N384,fft,384,matrix,gpu_ready,30,1.4771212547196624,gpu,-1.019800812749508,gpu,0.23026580694685936,0.08304922557940408,0.08304922557940408,5.544794136416858,0.0415282878465279,3.6286934584576263,0.022886812162608,177.2642433934561,2.584331224367531,12659042.305063387,7.102400851229615,4718592.0,6.673812427054967,2.682800781475361,3.5255991022053528,0.0284388086666666,0.0696274149728105,0.0004513613510297,75.61907759691445,0.5385853216666666,0.1209564486152542,0.0007628937387536,1,0.521071562,76.02091965804675,145.89343422669216,104.2143124,,,,,,,,62444.70080174899,0.0,0.0,1410.0,21.82242069852202,gpu,0,0,0,0,0,1,1,1,1,1,1,1,0,0,0,0,0
fft_N384,fft,384,matrix,gpu_ready,100,2.0,gpu,0.1916246663499877,cpu,0.7618536322436059,0.9227691731044898,0.7618536322436059,10.418713184513592,0.07312358241860689,12.09564486152542,0.07628937387536,21.121582158373233,2.584331224367531,12659042.305063387,7.102400851229615,4718592.0,6.673812427054967,2.682800781475361,3.5255991022053528,0.0284388086666666,0.0696274149728105,0.0004513613510297,75.61907759691445,0.5385853216666666,0.1209564486152542,0.0007628937387536,1,0.521071562,76.02091965804675,145.89343422669216,104.2143124,,,,,,,,62444.70080174899,0.0,0.0,1410.0,21.82242069852202,gpu,0,0,0,0,0,1,1,1,1,1,1,1,0,0,0,0,0
fft_N384,fft,384,matrix,gpu_ready,1000,3.0,gpu,0.9685197209726865,cpu,35.03243357449925,92.27691731044898,35.03243357449925,73.08338666004303,0.4793487983453369,120.9564486152542,0.7628937387536,163.40424542364374,2.584331224367531,12659042.305063387,7.102400851229615,4718592.0,6.673812427054967,2.682800781475361,3.5255991022053528,0.0284388086666666,0.0696274149728105,0.0004513613510297,75.61907759691445,0.5385853216666666,0.1209564486152542,0.0007628937387536,1,0.521071562,76.02091965804675,145.89343422669216,104.2143124,,,,,,,,62444.70080174899,0.0,0.0,1410.0,21.82242069852202,gpu,0,0,0,0,0,1,1,1,1,1,1,1,0,0,0,0,0
fft_N384,fft,384,matrix,none_ready,1,0.0,none,6.0068494331730315,cpu,0.10026383830298957,40.72732523167079,0.10026383830298957,3.5255991022053528,0.0284388086666666,75.61907759691445,0.5385853216666666,40520.153707457284,2.584331224367531,12659042.305063387,7.102400851229615,4718592.0,6.673812427054967,2.682800781475361,3.5255991022053528,0.0284388086666666,0.0696274149728105,0.0004513613510297,75.61907759691445,0.5385853216666666,0.1209564486152542,0.0007628937387536,1,,,,,,,,,,,,,,,,,,1,1,1,1,1,1,1,1,1,1,1,1,1,1,1,1,1
fft_N384,fft,384,matrix,none_ready,2,0.3010299956639812,none,5.974559876405942,cpu,0.10386670533340726,40.85025219720222,0.10386670533340726,3.595226517178163,0.0288901700176963,75.74003404552971,0.5393482154054202,39229.49645998187,2.584331224367531,12659042.305063387,7.102400851229615,4718592.0,6.673812427054967,2.682800781475361,3.5255991022053528,0.0284388086666666,0.0696274149728105,0.0004513613510297,75.61907759691445,0.5385853216666666,0.1209564486152542,0.0007628937387536,1,,,,,,,,,,,,,,,,,,1,1,1,1,1,1,1,1,1,1,1,1,1,1,1,1,1
fft_N384,fft,384,matrix,none_ready,3,0.47712125471966244,none,5.942885024127817,cpu,0.10753242661200661,40.97336371656826,0.10753242661200661,3.6648539321509737,0.029341531368725998,75.86099049414496,0.5401111091441738,38003.26336669255,2.584331224367531,12659042.305063387,7.102400851229615,4718592.0,6.673812427054967,2.682800781475361,3.5255991022053528,0.0284388086666666,0.0696274149728105,0.0004513613510297,75.61907759691445,0.5385853216666666,0.1209564486152542,0.0007628937387536,1,,,,,,,,,,,,,,,,,,1,1,1,1,1,1,1,1,1,1,1,1,1,1,1,1,1
fft_N384,fft,384,matrix,none_ready,5,0.6989700043360189,none,5.881294306816178,cpu,0.11505243191375035,41.220140416804206,0.11505243191375035,3.804108762096595,0.0302442540707854,76.10290339137546,0.541636896621681,35727.26564850458,2.584331224367531,12659042.305063387,7.102400851229615,4718592.0,6.673812427054967,2.682800781475361,3.5255991022053528,0.0284388086666666,0.0696274149728105,0.0004513613510297,75.61907759691445,0.5385853216666666,0.1209564486152542,0.0007628937387536,1,,,,,,,,,,,,,,,,,,1,1,1,1,1,1,1,1,1,1,1,1,1,1,1,1,1
fft_N384,fft,384,matrix,none_ready,10,1.0,none,5.7366934693329705,cpu,0.13495239451128882,41.840311859499955,0.13495239451128882,4.152245836960647,0.0325010608259339,76.70768563445174,0.545451365315449,30903.7565550569,2.584331224367531,12659042.305063387,7.102400851229615,4718592.0,6.673812427054967,2.682800781475361,3.5255991022053528,0.0284388086666666,0.0696274149728105,0.0004513613510297,75.61907759691445,0.5385853216666666,0.1209564486152542,0.0007628937387536,1,,,,,,,,,,,,,,,,,,1,1,1,1,1,1,1,1,1,1,1,1,1,1,1,1,1
fft_N384,fft,384,matrix,none_ready,30,1.4771212547196624,none,5.261019972162103,cpu,0.23026580694685936,44.36713608893816,0.23026580694685936,5.544794136416858,0.0415282878465279,79.12681460675682,0.560709240090521,19167.791721754496,2.584331224367531,12659042.305063387,7.102400851229615,4718592.0,6.673812427054967,2.682800781475361,3.5255991022053528,0.0284388086666666,0.0696274149728105,0.0004513613510297,75.61907759691445,0.5385853216666666,0.1209564486152542,0.0007628937387536,1,,,,,,,,,,,,,,,,,,1,1,1,1,1,1,1,1,1,1,1,1,1,1,1,1,1
fft_N384,fft,384,matrix,none_ready,100,2.0,none,4.257132376770916,cpu,0.7618536322436059,53.792365471027686,0.7618536322436059,10.418713184513592,0.07312358241860689,87.59376600982462,0.614111801803273,6960.721796733174,2.584331224367531,12659042.305063387,7.102400851229615,4718592.0,6.673812427054967,2.682800781475361,3.5255991022053528,0.0284388086666666,0.0696274149728105,0.0004513613510297,75.61907759691445,0.5385853216666666,0.1209564486152542,0.0007628937387536,1,,,,,,,,,,,,,,,,,,1,1,1,1,1,1,1,1,1,1,1,1,1,1,1,1,1
fft_N384,fft,384,matrix,none_ready,1000,3.0,none,1.9870719117239501,cpu,35.03243357449925,255.53163490991506,35.03243357449925,73.08338666004303,0.4793487983453369,196.4545697635534,1.300716166681513,629.4144563680019,2.584331224367531,12659042.305063387,7.102400851229615,4718592.0,6.673812427054967,2.682800781475361,3.5255991022053528,0.0284388086666666,0.0696274149728105,0.0004513613510297,75.61907759691445,0.5385853216666666,0.1209564486152542,0.0007628937387536,1,,,,,,,,,,,,,,,,,,1,1,1,1,1,1,1,1,1,1,1,1,1,1,1,1,1
fft_N4096,fft,4096,matrix,cpu_ready,1,0.0,cpu,2.3316928861094417,cpu,6.477080113130198,66.68384336024452,6.477080113130198,31.52766285194449,0.2054411753749999,99.20366668503772,0.6721913169999999,929.5355653400745,3.612359947967774,2013265920.0,9.303901141983173,536870912.0,8.729869874255455,3.75,34.39750009792427,0.226752093,31.52766285194449,0.2054411753749999,99.20366668503772,0.6721913169999999,9.633132817485192,0.0577026457820512,1,0.212522235,32.41598164332514,152.52983596434103,212.522235,0.5320355197057746,70.87978668398725,0.7651699455588794,0.7695511757640107,7421046440.963705,2517154.6038929266,1.0,,,,,,cpu,0,0,0,0,0,0,0,0,0,0,0,0,1,1,1,1,1
fft_N4096,fft,4096,matrix,cpu_ready,2,0.3010299956639812,cpu,1.1204293259951796,cpu,25.90832045252079,79.43932288541201,25.90832045252079,63.05532570388898,0.4108823507499998,108.83679950252291,0.7298939627820511,206.61703073725428,3.612359947967774,2013265920.0,9.303901141983173,536870912.0,8.729869874255455,3.75,34.39750009792427,0.226752093,31.52766285194449,0.2054411753749999,99.20366668503772,0.6721913169999999,9.633132817485192,0.0577026457820512,1,0.212522235,32.41598164332514,152.52983596434103,212.522235,0.5320355197057746,70.87978668398725,0.7651699455588794,0.7695511757640107,7421046440.963705,2517154.6038929266,1.0,,,,,,cpu,0,0,0,0,0,0,0,0,0,0,0,0,1,1,1,1,1
fft_N4096,fft,4096,matrix,cpu_ready,3,0.47712125471966244,cpu,0.47039556809358984,cpu,58.29372101817179,93.3065169120571,58.29372101817179,94.58298855583348,0.6163235261249997,118.4699323200081,0.7875966085641023,60.062722506547225,3.612359947967774,2013265920.0,9.303901141983173,536870912.0,8.729869874255455,3.75,34.39750009792427,0.226752093,31.52766285194449,0.2054411753749999,99.20366668503772,0.6721913169999999,9.633132817485192,0.0577026457820512,1,0.212522235,32.41598164332514,152.52983596434103,212.522235,0.5320355197057746,70.87978668398725,0.7651699455588794,0.7695511757640107,7421046440.963705,2517154.6038929266,1.0,,,,,,cpu,0,0,0,0,0,0,0,0,0,0,0,0,1,1,1,1,1
fft_N4096,fft,4096,matrix,cpu_ready,5,0.6989700043360189,cpu,-0.26383600850518374,gpu,161.92700282825493,124.3760484697801,124.3760484697801,157.63831425972245,1.0272058768749994,137.73619795497848,0.9030019001282047,30.19146758597871,3.612359947967774,2013265920.0,9.303901141983173,536870912.0,8.729869874255455,3.75,34.39750009792427,0.226752093,31.52766285194449,0.2054411753749999,99.20366668503772,0.6721913169999999,9.633132817485192,0.0577026457820512,1,0.212522235,32.41598164332514,152.52983596434103,212.522235,0.5320355197057746,70.87978668398725,0.7651699455588794,0.7695511757640107,7421046440.963705,2517154.6038929266,1.0,,,,,,cpu,0,0,0,0,0,0,0,0,0,0,0,0,1,1,1,1,1
fft_N4096,fft,4096,matrix,cpu_ready,10,1.0,cpu,-1.0729953689845044,gpu,647.7080113130197,221.50488113994564,221.50488113994564,315.2766285194449,2.054411753749999,185.90186204240445,1.1915151290384607,192.4125229113128,3.612359947967774,2013265920.0,9.303901141983173,536870912.0,8.729869874255455,3.75,34.39750009792427,0.226752093,31.52766285194449,0.2054411753749999,99.20366668503772,0.6721913169999999,9.633132817485192,0.0577026457820512,1,0.212522235,32.41598164332514,152.52983596434103,212.522235,0.5320355197057746,70.87978668398725,0.7651699455588794,0.7695511757640107,7421046440.963705,2517154.6038929266,1.0,,,,,,cpu,0,0,0,0,0,0,0,0,0,0,0,0,1,1,1,1,1
fft_N4096,fft,4096,matrix,cpu_ready,30,1.4771212547196624,cpu,-1.8817504467569992,gpu,5829.372101817177,887.9488371900082,887.9488371900082,945.8298855583347,6.163235261249997,378.5645183921083,2.3455680446794847,556.4986469563646,3.612359947967774,2013265920.0,9.303901141983173,536870912.0,8.729869874255455,3.75,34.39750009792427,0.226752093,31.52766285194449,0.2054411753749999,99.20366668503772,0.6721913169999999,9.633132817485192,0.0577026457820512,1,0.212522235,32.41598164332514,152.52983596434103,212.522235,0.5320355197057746,70.87978668398725,0.7651699455588794,0.7695511757640107,7421046440.963705,2517154.6038929266,1.0,,,,,,cpu,0,0,0,0,0,0,0,0,0,0,0,0,1,1,1,1,1
fft_N4096,fft,4096,matrix,cpu_ready,100,2.0,cpu,-2.2654091680795996,gpu,64770.801131301974,6722.403363019674,6722.403363019674,3152.766285194449,20.54411753749999,1052.8838156160718,6.384753249423069,863.5066156191975,3.612359947967774,2013265920.0,9.303901141983173,536870912.0,8.729869874255455,3.75,34.39750009792427,0.226752093,31.52766285194449,0.2054411753749999,99.20366668503772,0.6721913169999999,9.633132817485192,0.0577026457820512,1,0.212522235,32.41598164332514,152.52983596434103,212.522235,0.5320355197057746,70.87978668398725,0.7651699455588794,0.7695511757640107,7421046440.963705,2517154.6038929266,1.0,,,,,,cpu,0,0,0,0,0,0,0,0,0,0,0,0,1,1,1,1,1
fft_N4096,fft,4096,matrix,cpu_ready,1000,3.0,cpu,-2.4356654339953647,gpu,6477080.113130198,567000.1985900886,567000.1985900886,31527.662851944493,205.4411753749999,9722.703351352746,58.31713445326915,1042.3417715260425,3.612359947967774,2013265920.0,9.303901141983173,536870912.0,8.729869874255455,3.75,34.39750009792427,0.226752093,31.52766285194449,0.2054411753749999,99.20366668503772,0.6721913169999999,9.633132817485192,0.0577026457820512,1,0.212522235,32.41598164332514,152.52983596434103,212.522235,0.5320355197057746,70.87978668398725,0.7651699455588794,0.7695511757640107,7421046440.963705,2517154.6038929266,1.0,,,,,,cpu,0,0,0,0,0,0,0,0,0,0,0,0,1,1,1,1,1
fft_N4096,fft,4096,matrix,gpu_ready,1,0.0,gpu,-2.641329691538465,gpu,7.7997051411720335,0.5558572507388009,0.5558572507388009,34.39750009792427,0.226752093,9.633132817485192,0.0577026457820512,1303.1849239719895,3.612359947967774,2013265920.0,9.303901141983173,536870912.0,8.729869874255455,3.75,34.39750009792427,0.226752093,31.52766285194449,0.2054411753749999,99.20366668503772,0.6721913169999999,9.633132817485192,0.0577026457820512,1,0.59765852,89.2789197064887,149.3811544868275,119.531704,,,,,,,,63251.22513161696,0.0,0.0,1410.0,24.0,gpu,0,0,0,0,0,1,1,1,1,1,1,1,0,0,0,0,0
fft_N4096,fft,4096,matrix,gpu_ready,2,0.3010299956639812,gpu,-2.550587193548744,gpu,28.49241164345823,2.2234290029552035,2.2234290029552035,65.92516294986876,0.4321932683749999,19.266265634970384,0.1154052915641024,1181.4626239735292,3.612359947967774,2013265920.0,9.303901141983173,536870912.0,8.729869874255455,3.75,34.39750009792427,0.226752093,31.52766285194449,0.2054411753749999,99.20366668503772,0.6721913169999999,9.633132817485192,0.0577026457820512,1,0.59765852,89.2789197064887,149.3811544868275,119.531704,,,,,,,,63251.22513161696,0.0,0.0,1410.0,24.0,gpu,0,0,0,0,0,1,1,1,1,1,1,1,0,0,0,0,0
fft_N4096,fft,4096,matrix,gpu_ready,3,0.47712125471966244,gpu,-2.5193974745940926,gpu,62.13927837200482,5.002715256649209,5.002715256649209,97.45282580181325,0.6376344437499998,28.89939845245558,0.1731079373461536,1142.1110373894307,3.612359947967774,2013265920.0,9.303901141983173,536870912.0,8.729869874255455,3.75,34.39750009792427,0.226752093,31.52766285194449,0.2054411753749999,99.20366668503772,0.6721913169999999,9.633132817485192,0.0577026457820512,1,0.59765852,89.2789197064887,149.3811544868275,119.531704,,,,,,,,63251.22513161696,0.0,0.0,1410.0,24.0,gpu,0,0,0,0,0,1,1,1,1,1,1,1,0,0,0,0,0
fft_N4096,fft,4096,matrix,gpu_ready,5,0.6989700043360189,gpu,-2.494089254456814,gpu,168.2954925078792,13.896431268470023,13.896431268470023,160.50815150570224,1.0485167944999996,48.16566408742596,0.288513228910256,1111.0698729516928,3.612359947967774,2013265920.0,9.303901141983173,536870912.0,8.729869874255455,3.75,34.39750009792427,0.226752093,31.52766285194449,0.2054411753749999,99.20366668503772,0.6721913169999999,9.633132817485192,0.0577026457820512,1,0.59765852,89.2789197064887,149.3811544868275,119.531704,,,,,,,,63251.22513161696,0.0,0.0,1410.0,24.0,gpu,0,0,0,0,0,1,1,1,1,1,1,1,0,0,0,0,0
fft_N4096,fft,4096,matrix,gpu_ready,10,1.0,gpu,-2.4748948043053685,gpu,660.383831807122,55.58572507388009,55.58572507388009,318.1464657654247,2.075722671374999,96.33132817485192,0.577026457820512,1088.04572744062,3.612359947967774,2013265920.0,9.303901141983173,536870912.0,8.729869874255455,3.75,34.39750009792427,0.226752093,31.52766285194449,0.2054411753749999,99.20366668503772,0.6721913169999999,9.633132817485192,0.0577026457820512,1,0.59765852,89.2789197064887,149.3811544868275,119.531704,,,,,,,,63251.22513161696,0.0,0.0,1410.0,24.0,gpu,0,0,0,0,0,1,1,1,1,1,1,1,0,0,0,0,0
fft_N4096,fft,4096,matrix,gpu_ready,30,1.4771212547196624,gpu,-2.4619949605388807,gpu,5867.277245569192,500.2715256649208,500.2715256649208,948.6997228043145,6.184546178874997,288.99398452455574,1.731079373461536,1072.8185484414444,3.612359947967774,2013265920.0,9.303901141983173,536870912.0,8.729869874255455,3.75,34.39750009792427,0.226752093,31.52766285194449,0.2054411753749999,99.20366668503772,0.6721913169999999,9.633132817485192,0.0577026457820512,1,0.59765852,89.2789197064887,149.3811544868275,119.531704,,,,,,,,63251.22513161696,0.0,0.0,1410.0,24.0,gpu,0,0,0,0,0,1,1,1,1,1,1,1,0,0,0,0,0
fft_N4096,fft,4096,matrix,gpu_ready,100,2.0,gpu,-2.457460202897276,gpu,64897.00890645668,5558.572507388009,5558.572507388009,3155.636122440429,20.565428455124987,963.3132817485192,5.77026457820512,1067.5121412952833,3.612359947967774,2013265920.0,9.303901141983173,536870912.0,8.729869874255455,3.75,34.39750009792427,0.226752093,31.52766285194449,0.2054411753749999,99.20366668503772,0.6721913169999999,9.633132817485192,0.0577026457820512,1,0.59765852,89.2789197064887,149.3811544868275,119.531704,,,,,,,,63251.22513161696,0.0,0.0,1410.0,24.0,gpu,0,0,0,0,0,1,1,1,1,1,1,1,0,0,0,0,0
fft_N4096,fft,4096,matrix,gpu_ready,1000,3.0,gpu,-2.4557083188991027,gpu,6478341.6404519575,555857.2507388009,555857.2507388009,31530.53268919047,205.46248629262487,9633.132817485191,57.7026457820512,1065.4685860158281,3.612359947967774,2013265920.0,9.303901141983173,536870912.0,8.729869874255455,3.75,34.39750009792427,0.226752093,31.52766285194449,0.2054411753749999,99.20366668503772,0.6721913169999999,9.633132817485192,0.0577026457820512,1,0.59765852,89.2789197064887,149.3811544868275,119.531704,,,,,,,,63251.22513161696,0.0,0.0,1410.0,24.0,gpu,0,0,0,0,0,1,1,1,1,1,1,1,0,0,0,0,0
fft_N4096,fft,4096,matrix,none_ready,1,0.0,none,2.1458767645302546,cpu,7.7997051411720335,66.68384336024452,7.7997051411720335,34.39750009792427,0.226752093,99.20366668503772,0.6721913169999999,754.9533880228732,3.612359947967774,2013265920.0,9.303901141983173,536870912.0,8.729869874255455,3.75,34.39750009792427,0.226752093,31.52766285194449,0.2054411753749999,99.20366668503772,0.6721913169999999,9.633132817485192,0.0577026457820512,1,,,,,,,,,,,,,,,,,,1,1,1,1,1,1,1,1,1,1,1,1,1,1,1,1,1
fft_N4096,fft,4096,matrix,none_ready,2,0.3010299956639812,none,1.0253557024057138,cpu,28.49241164345823,79.43932288541201,28.49241164345823,65.92516294986876,0.4321932683749999,108.83679950252291,0.7298939627820511,178.80870134645497,3.612359947967774,2013265920.0,9.303901141983173,536870912.0,8.729869874255455,3.75,34.39750009792427,0.226752093,31.52766285194449,0.2054411753749999,99.20366668503772,0.6721913169999999,9.633132817485192,0.0577026457820512,1,,,,,,,,,,,,,,,,,,1,1,1,1,1,1,1,1,1,1,1,1,1,1,1,1,1
fft_N4096,fft,4096,matrix,none_ready,3,0.47712125471966244,none,0.4065116634587754,cpu,62.13927837200482,93.3065169120571,62.13927837200482,97.45282580181325,0.6376344437499998,118.4699323200081,0.7875966085641023,50.15706547711351,3.612359947967774,2013265920.0,9.303901141983173,536870912.0,8.729869874255455,3.75,34.39750009792427,0.226752093,31.52766285194449,0.2054411753749999,99.20366668503772,0.6721913169999999,9.633132817485192,0.0577026457820512,1,,,,,,,,,,,,,,,,,,1,1,1,1,1,1,1,1,1,1,1,1,1,1,1,1,1
fft_N4096,fft,4096,matrix,none_ready,5,0.6989700043360189,none,-0.30241169300272025,gpu,168.2954925078792,124.3760484697801,124.3760484697801,160.50815150570224,1.0485167944999996,137.73619795497848,0.9030019001282047,35.31181813415651,3.612359947967774,2013265920.0,9.303901141983173,536870912.0,8.729869874255455,3.75,34.39750009792427,0.226752093,31.52766285194449,0.2054411753749999,99.20366668503772,0.6721913169999999,9.633132817485192,0.0577026457820512,1,,,,,,,,,,,,,,,,,,1,1,1,1,1,1,1,1,1,1,1,1,1,1,1,1,1
fft_N4096,fft,4096,matrix,none_ready,10,1.0,none,-1.0923766033305948,gpu,660.383831807122,221.50488113994564,221.50488113994564,318.1464657654247,2.075722671374999,185.90186204240445,1.1915151290384607,198.1351148600174,3.612359947967774,2013265920.0,9.303901141983173,536870912.0,8.729869874255455,3.75,34.39750009792427,0.226752093,31.52766285194449,0.2054411753749999,99.20366668503772,0.6721913169999999,9.633132817485192,0.0577026457820512,1,,,,,,,,,,,,,,,,,,1,1,1,1,1,1,1,1,1,1,1,1,1,1,1,1,1
fft_N4096,fft,4096,matrix,none_ready,30,1.4771212547196624,none,-1.888231837336602,gpu,5867.277245569192,887.9488371900082,887.9488371900082,948.6997228043145,6.184546178874997,378.5645183921083,2.3455680446794847,560.7674901784549,3.612359947967774,2013265920.0,9.303901141983173,536870912.0,8.729869874255455,3.75,34.39750009792427,0.226752093,31.52766285194449,0.2054411753749999,99.20366668503772,0.6721913169999999,9.633132817485192,0.0577026457820512,1,,,,,,,,,,,,,,,,,,1,1,1,1,1,1,1,1,1,1,1,1,1,1,1,1,1
fft_N4096,fft,4096,matrix,none_ready,100,2.0,none,-2.267355801017598,gpu,64897.00890645668,6722.403363019674,6722.403363019674,3155.636122440429,20.565428455124987,1052.8838156160718,6.384753249423069,865.3840360645248,3.612359947967774,2013265920.0,9.303901141983173,536870912.0,8.729869874255455,3.75,34.39750009792427,0.226752093,31.52766285194449,0.2054411753749999,99.20366668503772,0.6721913169999999,9.633132817485192,0.0577026457820512,1,,,,,,,,,,,,,,,,,,1,1,1,1,1,1,1,1,1,1,1,1,1,1,1,1,1
fft_N4096,fft,4096,matrix,none_ready,1000,3.0,none,-2.4358601829351896,gpu,6478341.6404519575,567000.1985900886,567000.1985900886,31530.53268919047,205.46248629262487,9722.703351352746,58.31713445326915,1042.564263039255,3.612359947967774,2013265920.0,9.303901141983173,536870912.0,8.729869874255455,3.75,34.39750009792427,0.226752093,31.52766285194449,0.2054411753749999,99.20366668503772,0.6721913169999999,9.633132817485192,0.0577026457820512,1,,,,,,,,,,,,,,,,,,1,1,1,1,1,1,1,1,1,1,1,1,1,1,1,1,1
fft_N512,fft,512,matrix,cpu_ready,1,0.0,cpu,12.093475125788464,cpu,0.00024210142984235783,43.264019785897794,0.00024210142984235783,0.1934355916974655,0.0012515867825452,79.82941994813403,0.5419558329999999,17870104.159499913,2.709269960975831,23592960.0,7.372782431390986,8388608.0,6.923689900271567,2.8125,2.685921066621283,0.022184156,0.1934355916974655,0.0012515867825452,79.82941994813403,0.5419558329999999,0.181239769732515,0.0010991619062897,1,0.01344769,1.902413164970508,141.46765466563463,13.44769,2.081296810714745,3.112972954181167,0.4294263646671945,0.3202159717347024,6472167252.171594,3104851.3051982904,1.0,,,,,,cpu,0,0,0,0,0,0,0,0,0,0,0,0,1,1,1,1,1
fft_N512,fft,512,matrix,cpu_ready,2,0.3010299956639812,cpu,10.711474614766608,cpu,0.0009684057193694313,43.45018840553489,0.0009684057193694313,0.386871183394931,0.0025031735650904,80.01065971786655,0.5430549949062896,4486675.277806816,2.709269960975831,23592960.0,7.372782431390986,8388608.0,6.923689900271567,2.8125,2.685921066621283,0.022184156,0.1934355916974655,0.0012515867825452,79.82941994813403,0.5419558329999999,0.181239769732515,0.0010991619062897,1,0.01344769,1.902413164970508,141.46765466563463,13.44769,2.081296810714745,3.112972954181167,0.4294263646671945,0.3202159717347024,6472167252.171594,3104851.3051982904,1.0,,,,,,cpu,0,0,0,0,0,0,0,0,0,0,0,0,1,1,1,1,1
fft_N512,fft,512,matrix,cpu_ready,3,0.47712125471966244,cpu,9.904829020802424,cpu,0.0021789128685812203,43.636755448873586,0.0021789128685812203,0.5803067750923965,0.0037547603476355998,80.19189948759906,0.5441541568125794,2002584.7368746449,2.709269960975831,23592960.0,7.372782431390986,8388608.0,6.923689900271567,2.8125,2.685921066621283,0.022184156,0.1934355916974655,0.0012515867825452,79.82941994813403,0.5419558329999999,0.181239769732515,0.0010991619062897,1,0.01344769,1.902413164970508,141.46765466563463,13.44769,2.081296810714745,3.112972954181167,0.4294263646671945,0.3202159717347024,6472167252.171594,3104851.3051982904,1.0,,,,,,cpu,0,0,0,0,0,0,0,0,0,0,0,0,1,1,1,1,1
fft_N512,fft,512,matrix,cpu_ready,5,0.6989700043360189,cpu,8.891719492784372,cpu,0.006052535746058945,44.011084806655724,0.006052535746058945,0.9671779584873275,0.006257933912725999,80.55437902706409,0.5463524806251587,727051.1751964977,2.709269960975831,23592960.0,7.372782431390986,8388608.0,6.923689900271567,2.8125,2.685921066621283,0.022184156,0.1934355916974655,0.0012515867825452,79.82941994813403,0.5419558329999999,0.181239769732515,0.0010991619062897,1,0.01344769,1.902413164970508,141.46765466563463,13.44769,2.081296810714745,3.112972954181167,0.4294263646671945,0.3202159717347024,6472167252.171594,3104851.3051982904,1.0,,,,,,cpu,0,0,0,0,0,0,0,0,0,0,0,0,1,1,1,1,1
fft_N512,fft,512,matrix,cpu_ready,10,1.0,cpu,7.526620691074763,cpu,0.02421014298423578,44.953880615888906,0.02421014298423578,1.934355916974655,0.012515867825451998,81.46057787572667,0.5518482901566072,185582.0120606484,2.709269960975831,23592960.0,7.372782431390986,8388608.0,6.923689900271567,2.8125,2.685921066621283,0.022184156,0.1934355916974655,0.0012515867825452,79.82941994813403,0.5419558329999999,0.181239769732515,0.0010991619062897,1,0.01344769,1.902413164970508,141.46765466563463,13.44769,2.081296810714745,3.112972954181167,0.4294263646671945,0.3202159717347024,6472167252.171594,3104851.3051982904,1.0,,,,,,cpu,0,0,0,0,0,0,0,0,0,0,0,0,1,1,1,1,1
fft_N512,fft,512,matrix,cpu_ready,30,1.4771212547196624,cpu,5.411994738079331,cpu,0.21789128685812204,48.82466977821898,0.21789128685812204,5.803067750923965,0.037547603476355995,85.08537327037696,0.5738315282824012,22307.811933301735,2.709269960975831,23592960.0,7.372782431390986,8388608.0,6.923689900271567,2.8125,2.685921066621283,0.022184156,0.1934355916974655,0.0012515867825452,79.82941994813403,0.5419558329999999,0.181239769732515,0.0010991619062897,1,0.01344769,1.902413164970508,141.46765466563463,13.44769,2.081296810714745,3.112972954181167,0.4294263646671945,0.3202159717347024,6472167252.171594,3104851.3051982904,1.0,,,,,,cpu,0,0,0,0,0,0,0,0,0,0,0,0,1,1,1,1,1
fft_N512,fft,512,matrix,cpu_ready,100,2.0,cpu,3.268858656490352,cpu,2.421014298423578,63.62746650638085,2.421014298423578,19.34355916974655,0.12515867825451998,97.77215715165302,0.6507728617226802,2528.13261977888,2.709269960975831,23592960.0,7.372782431390986,8388608.0,6.923689900271567,2.8125,2.685921066621283,0.022184156,0.1934355916974655,0.0012515867825452,79.82941994813403,0.5419558329999999,0.181239769732515,0.0010991619062897,1,0.01344769,1.902413164970508,141.46765466563463,13.44769,2.081296810714745,3.112972954181167,0.4294263646671945,0.3202159717347024,6472167252.171594,3104851.3051982904,1.0,,,,,,cpu,0,0,0,0,0,0,0,0,0,0,0,0,1,1,1,1,1
fft_N512,fft,512,matrix,cpu_ready,1000,3.0,cpu,0.5694418039755221,cpu,242.10142984235782,427.8610844693757,242.10142984235782,193.4355916974655,1.2515867825451998,260.8879499109165,1.6400185773834104,76.72802872249605,2.709269960975831,23592960.0,7.372782431390986,8388608.0,6.923689900271567,2.8125,2.685921066621283,0.022184156,0.1934355916974655,0.0012515867825452,79.82941994813403,0.5419558329999999,0.181239769732515,0.0010991619062897,1,0.01344769,1.902413164970508,141.46765466563463,13.44769,2.081296810714745,3.112972954181167,0.4294263646671945,0.3202159717347024,6472167252.171594,3104851.3051982904,1.0,,,,,,cpu,0,0,0,0,0,0,0,0,0,0,0,0,1,1,1,1,1
fft_N512,fft,512,matrix,gpu_ready,1,0.0,gpu,-5.7007884947516105,gpu,0.059584891945612936,0.00019921185079469744,0.00019921185079469744,2.685921066621283,0.022184156,0.181239769732515,0.0010991619062897,29810.314927508796,2.709269960975831,23592960.0,7.372782431390986,8388608.0,6.923689900271567,2.8125,2.685921066621283,0.022184156,0.1934355916974655,0.0012515867825452,79.82941994813403,0.5419558329999999,0.181239769732515,0.0010991619062897,1,0.484173608,76.68670181417133,158.38678636562804,96.8347216,,,,,,,,68169.77293675205,0.0,0.0,1410.0,35.0,gpu,0,0,0,0,0,1,1,1,1,1,1,1,0,0,0,0,0
fft_N512,fft,512,matrix,gpu_ready,2,0.3010299956639812,gpu,-4.438921295514609,gpu,0.06747986202356708,0.0007968474031787898,0.0007968474031787898,2.8793566583187484,0.0234357427825452,0.36247953946503,0.0021983238125794,8368.354386846955,2.709269960975831,23592960.0,7.372782431390986,8388608.0,6.923689900271567,2.8125,2.685921066621283,0.022184156,0.1934355916974655,0.0012515867825452,79.82941994813403,0.5419558329999999,0.181239769732515,0.0010991619062897,1,0.484173608,76.68670181417133,158.38678636562804,96.8347216,,,,,,,,68169.77293675205,0.0,0.0,1410.0,35.0,gpu,0,0,0,0,0,1,1,1,1,1,1,1,0,0,0,0,0
fft_N512,fft,512,matrix,gpu_ready,3,0.47712125471966244,gpu,-3.7450386811907124,gpu,0.07585903496120593,0.001792906657152277,0.001792906657152277,3.072792250016214,0.0246873295650904,0.543719309197545,0.0032974857188691,4131.06438132674,2.709269960975831,23592960.0,7.372782431390986,8388608.0,6.923689900271567,2.8125,2.685921066621283,0.022184156,0.1934355916974655,0.0012515867825452,79.82941994813403,0.5419558329999999,0.181239769732515,0.0010991619062897,1,0.484173608,76.68670181417133,158.38678636562804,96.8347216,,,,,,,,68169.77293675205,0.0,0.0,1410.0,35.0,gpu,0,0,0,0,0,1,1,1,1,1,1,1,0,0,0,0,0
fft_N512,fft,512,matrix,gpu_ready,5,0.6989700043360189,gpu,-2.938549692258743,gpu,0.0940699894155378,0.004980296269867436,0.004980296269867436,3.459663433411145,0.0271905031301808,0.9061988486625749,0.0054958095314485,1788.8432398027142,2.709269960975831,23592960.0,7.372782431390986,8388608.0,6.923689900271567,2.8125,2.685921066621283,0.022184156,0.1934355916974655,0.0012515867825452,79.82941994813403,0.5419558329999999,0.181239769732515,0.0010991619062897,1,0.484173608,76.68670181417133,158.38678636562804,96.8347216,,,,,,,,68169.77293675205,0.0,0.0,1410.0,35.0,gpu,0,0,0,0,0,1,1,1,1,1,1,1,0,0,0,0,0
fft_N512,fft,512,matrix,gpu_ready,10,1.0,gpu,-2.005907643642387,gpu,0.14807092559584997,0.019921185079469744,0.019921185079469744,4.426841391898472,0.0334484370429068,1.8123976973251499,0.010991619062897,643.2837203467781,2.709269960975831,23592960.0,7.372782431390986,8388608.0,6.923689900271567,2.8125,2.685921066621283,0.022184156,0.1934355916974655,0.0012515867825452,79.82941994813403,0.5419558329999999,0.181239769732515,0.0010991619062897,1,0.484173608,76.68670181417133,158.38678636562804,96.8347216,,,,,,,,68169.77293675205,0.0,0.0,1410.0,35.0,gpu,0,0,0,0,0,1,1,1,1,1,1,1,0,0,0,0,0
fft_N512,fft,512,matrix,gpu_ready,30,1.4771212547196624,gpu,-0.9953990641254685,gpu,0.4851253852382776,0.1792906657152277,0.1792906657152277,8.295553225847783,0.0584801726938108,5.43719309197545,0.032974857188691,170.58039151286079,2.709269960975831,23592960.0,7.372782431390986,8388608.0,6.923689900271567,2.8125,2.685921066621283,0.022184156,0.1934355916974655,0.0012515867825452,79.82941994813403,0.5419558329999999,0.181239769732515,0.0010991619062897,1,0.484173608,76.68670181417133,158.38678636562804,96.8347216,,,,,,,,68169.77293675205,0.0,0.0,1410.0,35.0,gpu,0,0,0,0,0,1,1,1,1,1,1,1,0,0,0,0,0
fft_N512,fft,512,matrix,gpu_ready,100,2.0,gpu,-0.4708395093183005,gpu,3.1900550019936285,1.9921185079469743,1.9921185079469743,21.836044644670366,0.1460912474719748,18.123976973251498,0.10991619062897,60.13379672282732,2.709269960975831,23592960.0,7.372782431390986,8388608.0,6.923689900271567,2.8125,2.685921066621283,0.022184156,0.1934355916974655,0.0012515867825452,79.82941994813403,0.5419558329999999,0.181239769732515,0.0010991619062897,1,0.484173608,76.68670181417133,158.38678636562804,96.8347216,,,,,,,,68169.77293675205,0.0,0.0,1410.0,35.0,gpu,0,0,0,0,0,1,1,1,1,1,1,1,0,0,0,0,0
fft_N512,fft,512,matrix,gpu_ready,1000,3.0,gpu,-0.22437748036137825,gpu,249.32226975551225,199.21185079469745,199.21185079469745,195.92807717238932,1.2725193517626547,181.239769732515,1.0991619062897,25.15433633135475,2.709269960975831,23592960.0,7.372782431390986,8388608.0,6.923689900271567,2.8125,2.685921066621283,0.022184156,0.1934355916974655,0.0012515867825452,79.82941994813403,0.5419558329999999,0.181239769732515,0.0010991619062897,1,0.484173608,76.68670181417133,158.38678636562804,96.8347216,,,,,,,,68169.77293675205,0.0,0.0,1410.0,35.0,gpu,0,0,0,0,0,1,1,1,1,1,1,1,0,0,0,0,0
fft_N512,fft,512,matrix,none_ready,1,0.0,none,6.587674565640251,cpu,0.059584891945612936,43.264019785897794,0.059584891945612936,2.685921066621283,0.022184156,79.82941994813403,0.5419558329999999,72509.0429523439,2.709269960975831,23592960.0,7.372782431390986,8388608.0,6.923689900271567,2.8125,2.685921066621283,0.022184156,0.1934355916974655,0.0012515867825452,79.82941994813403,0.5419558329999999,0.181239769732515,0.0010991619062897,1,,,,,,,,,,,,,,,,,,1,1,1,1,1,1,1,1,1,1,1,1,1,1,1,1,1
fft_N512,fft,512,matrix,none_ready,2,0.3010299956639812,none,6.467541253855397,cpu,0.06747986202356708,43.45018840553489,0.06747986202356708,2.8793566583187484,0.0234357427825452,80.01065971786655,0.5430549949062896,64289.859585605074,2.709269960975831,23592960.0,7.372782431390986,8388608.0,6.923689900271567,2.8125,2.685921066621283,0.022184156,0.1934355916974655,0.0012515867825452,79.82941994813403,0.5419558329999999,0.181239769732515,0.0010991619062897,1,,,,,,,,,,,,,,,,,,1,1,1,1,1,1,1,1,1,1,1,1,1,1,1,1,1
fft_N512,fft,512,matrix,none_ready,3,0.47712125471966244,none,6.354778274215109,cpu,0.07585903496120593,43.636755448873586,0.07585903496120593,3.072792250016214,0.0246873295650904,80.19189948759906,0.5441541568125794,57423.4782134907,2.709269960975831,23592960.0,7.372782431390986,8388608.0,6.923689900271567,2.8125,2.685921066621283,0.022184156,0.1934355916974655,0.0012515867825452,79.82941994813403,0.5419558329999999,0.181239769732515,0.0010991619062897,1,,,,,,,,,,,,,,,,,,1,1,1,1,1,1,1,1,1,1,1,1,1,1,1,1,1
fft_N512,fft,512,matrix,none_ready,5,0.6989700043360189,none,6.1481577351290255,cpu,0.0940699894155378,44.011084806655724,0.0940699894155378,3.459663433411145,0.0271905031301808,80.55437902706409,0.5463524806251587,46685.46801174221,2.709269960975831,23592960.0,7.372782431390986,8388608.0,6.923689900271567,2.8125,2.685921066621283,0.022184156,0.1934355916974655,0.0012515867825452,79.82941994813403,0.5419558329999999,0.181239769732515,0.0010991619062897,1,,,,,,,,,,,,,,,,,,1,1,1,1,1,1,1,1,1,1,1,1,1,1,1,1,1
fft_N512,fft,512,matrix,none_ready,10,1.0,none,5.715700982035774,cpu,0.14807092559584997,44.953880615888906,0.14807092559584997,4.426841391898472,0.0334484370429068,81.46057787572667,0.5518482901566072,30259.694474111424,2.709269960975831,23592960.0,7.372782431390986,8388608.0,6.923689900271567,2.8125,2.685921066621283,0.022184156,0.1934355916974655,0.0012515867825452,79.82941994813403,0.5419558329999999,0.181239769732515,0.0010991619062897,1,,,,,,,,,,,,,,,,,,1,1,1,1,1,1,1,1,1,1,1,1,1,1,1,1,1
fft_N512,fft,512,matrix,none_ready,30,1.4771212547196624,none,4.61158360855726,cpu,0.4851253852382776,48.82466977821898,0.4851253852382776,8.295553225847783,0.0584801726938108,85.08537327037696,0.5738315282824012,9964.340326004156,2.709269960975831,23592960.0,7.372782431390986,8388608.0,6.923689900271567,2.8125,2.685921066621283,0.022184156,0.1934355916974655,0.0012515867825452,79.82941994813403,0.5419558329999999,0.181239769732515,0.0010991619062897,1,,,,,,,,,,,,,,,,,,1,1,1,1,1,1,1,1,1,1,1,1,1,1,1,1,1
fft_N512,fft,512,matrix,none_ready,100,2.0,none,2.993007081775449,cpu,3.1900550019936285,63.62746650638085,3.1900550019936285,21.836044644670366,0.1460912474719748,97.77215715165302,0.6507728617226802,1894.5570363713725,2.709269960975831,23592960.0,7.372782431390986,8388608.0,6.923689900271567,2.8125,2.685921066621283,0.022184156,0.1934355916974655,0.0012515867825452,79.82941994813403,0.5419558329999999,0.181239769732515,0.0010991619062897,1,,,,,,,,,,,,,,,,,,1,1,1,1,1,1,1,1,1,1,1,1,1,1,1,1,1
fft_N512,fft,512,matrix,none_ready,1000,3.0,none,0.5400522582175412,cpu,249.32226975551225,427.8610844693757,249.32226975551225,195.92807717238932,1.2725193517626547,260.8879499109165,1.6400185773834104,71.60965399879453,2.709269960975831,23592960.0,7.372782431390986,8388608.0,6.923689900271567,2.8125,2.685921066621283,0.022184156,0.1934355916974655,0.0012515867825452,79.82941994813403,0.5419558329999999,0.181239769732515,0.0010991619062897,1,,,,,,,,,,,,,,,,,,1,1,1,1,1,1,1,1,1,1,1,1,1,1,1,1,1
fft_N64,fft,64,matrix,cpu_ready,1,0.0,cpu,21.167094780707547,cpu,4.127856581617976e-08,64.33940805509378,4.127856581617976e-08,0.002465305720875,1.674379184157693e-05,94.98337802916728,0.677375446,155866384264.24304,1.806179973983887,245760.0,5.390511198351418,131072.0,5.11750992628768,1.875,2.641755466923701,0.0221468623333333,0.002465305720875,1.674379184157693e-05,94.98337802916728,0.677375446,0.0198171919285554,0.0001305160066896,1,0.02323604,2.77438295250844,119.39999038168466,23.23604,1.6225133971505832,2.249483289886269,0.232550809482047,0.4360170394556221,1145450004.8219666,2587236.5448219664,0.7401354964098874,,,,,,cpu,0,0,0,0,0,0,0,0,0,0,0,0,1,1,1,1,1
fft_N64,fft,64,matrix,cpu_ready,2,0.3010299956639812,cpu,19.78120169676594,cpu,1.6511426326471903e-07,64.36523117197787,1.6511426326471903e-07,0.00493061144175,3.348758368315386e-05,95.00319522109584,0.6775059620066896,38982235534.47361,1.806179973983887,245760.0,5.390511198351418,131072.0,5.11750992628768,1.875,2.641755466923701,0.0221468623333333,0.002465305720875,1.674379184157693e-05,94.98337802916728,0.677375446,0.0198171919285554,0.0001305160066896,1,0.02323604,2.77438295250844,119.39999038168466,23.23604,1.6225133971505832,2.249483289886269,0.232550809482047,0.4360170394556221,1145450004.8219666,2587236.5448219664,0.7401354964098874,,,,,,cpu,0,0,0,0,0,0,0,0,0,0,0,0,1,1,1,1,1
fft_N64,fft,64,matrix,cpu_ready,3,0.47712125471966244,cpu,18.970672677105135,cpu,3.7150709234561783e-07,64.39105946178346,3.7150709234561783e-07,0.007395917162625,5.023137552473079e-05,95.02301241302439,0.6776364780133792,17332390260.364807,1.806179973983887,245760.0,5.390511198351418,131072.0,5.11750992628768,1.875,2.641755466923701,0.0221468623333333,0.002465305720875,1.674379184157693e-05,94.98337802916728,0.677375446,0.0198171919285554,0.0001305160066896,1,0.02323604,2.77438295250844,119.39999038168466,23.23604,1.6225133971505832,2.249483289886269,0.232550809482047,0.4360170394556221,1145450004.8219666,2587236.5448219664,0.7401354964098874,,,,,,cpu,0,0,0,0,0,0,0,0,0,0,0,0,1,1,1,1,1
fft_N64,fft,64,matrix,cpu_ready,5,0.6989700043360189,cpu,17.949823580945655,cpu,1.031964145404494e-06,64.44273156015917,1.031964145404494e-06,0.012326528604375,8.371895920788464e-05,95.06264679688151,0.6778975100267584,6244667589.970941,1.806179973983887,245760.0,5.390511198351418,131072.0,5.11750992628768,1.875,2.641755466923701,0.0221468623333333,0.002465305720875,1.674379184157693e-05,94.98337802916728,0.677375446,0.0198171919285554,0.0001305160066896,1,0.02323604,2.77438295250844,119.39999038168466,23.23604,1.6225133971505832,2.249483289886269,0.232550809482047,0.4360170394556221,1145450004.8219666,2587236.5448219664,0.7401354964098874,,,,,,cpu,0,0,0,0,0,0,0,0,0,0,0,0,1,1,1,1,1
fft_N64,fft,64,matrix,cpu_ready,10,1.0,cpu,16.56553318962715,cpu,4.127856581617976e-06,64.57200233222484,4.127856581617976e-06,0.02465305720875,0.0001674379184157693,95.16173275652429,0.6785500900602064,1564298490.6965516,1.806179973983887,245760.0,5.390511198351418,131072.0,5.11750992628768,1.875,2.641755466923701,0.0221468623333333,0.002465305720875,1.674379184157693e-05,94.98337802916728,0.677375446,0.0198171919285554,0.0001305160066896,1,0.02323604,2.77438295250844,119.39999038168466,23.23604,1.6225133971505832,2.249483289886269,0.232550809482047,0.4360170394556221,1145450004.8219666,2587236.5448219664,0.7401354964098874,,,,,,cpu,0,0,0,0,0,0,0,0,0,0,0,0,1,1,1,1,1
fft_N64,fft,64,matrix,cpu_ready,30,1.4771212547196624,cpu,14.376304440787953,cpu,3.7150709234561774e-05,65.0903786508647,3.7150709234561774e-05,0.07395917162625,0.0005023137552473078,95.55807659509539,0.6811604101939984,175206188.0950609,1.806179973983887,245760.0,5.390511198351418,131072.0,5.11750992628768,1.875,2.641755466923701,0.0221468623333333,0.002465305720875,1.674379184157693e-05,94.98337802916728,0.677375446,0.0198171919285554,0.0001305160066896,1,0.02323604,2.77438295250844,119.39999038168466,23.23604,1.6225133971505832,2.249483289886269,0.232550809482047,0.4360170394556221,1145450004.8219666,2587236.5448219664,0.7401354964098874,,,,,,cpu,0,0,0,0,0,0,0,0,0,0,0,0,1,1,1,1,1
fft_N64,fft,64,matrix,cpu_ready,100,2.0,cpu,11.996094764024507,cpu,0.00041278565816179756,66.92099046885636,0.00041278565816179756,0.2465305720875,0.001674379184157693,96.94528003009427,0.6902965306622704,16211943.50143039,1.806179973983887,245760.0,5.390511198351418,131072.0,5.11750992628768,1.875,2.641755466923701,0.0221468623333333,0.002465305720875,1.674379184157693e-05,94.98337802916728,0.677375446,0.0198171919285554,0.0001305160066896,1,0.02323604,2.77438295250844,119.39999038168466,23.23604,1.6225133971505832,2.249483289886269,0.232550809482047,0.4360170394556221,1145450004.8219666,2587236.5448219664,0.7401354964098874,,,,,,cpu,0,0,0,0,0,0,0,0,0,0,0,0,1,1,1,1,1
fft_N64,fft,64,matrix,cpu_ready,1000,3.0,cpu,7.716946577550806,cpu,0.04127856581617976,92.71540836726743,0.04127856581617976,2.465305720875,0.01674379184157693,114.78075276579413,0.8077609366829104,224509.08351357063,1.806179973983887,245760.0,5.390511198351418,131072.0,5.11750992628768,1.875,2.641755466923701,0.0221468623333333,0.002465305720875,1.674379184157693e-05,94.98337802916728,0.677375446,0.0198171919285554,0.0001305160066896,1,0.02323604,2.77438295250844,119.39999038168466,23.23604,1.6225133971505832,2.249483289886269,0.232550809482047,0.4360170394556221,1145450004.8219666,2587236.5448219664,0.7401354964098874,,,,,,cpu,0,0,0,0,0,0,0,0,0,0,0,0,1,1,1,1,1
fft_N64,fft,64,matrix,gpu_ready,1,0.0,gpu,-10.026604318760429,gpu,0.05850659464428984,2.586460754316424e-06,2.586460754316424e-06,2.641755466923701,0.0221468623333333,0.0198171919285554,0.0001305160066896,2261932.9555223645,1.806179973983887,245760.0,5.390511198351418,131072.0,5.11750992628768,1.875,2.641755466923701,0.0221468623333333,0.002465305720875,1.674379184157693e-05,94.98337802916728,0.677375446,0.0198171919285554,0.0001305160066896,1,0.48781581,73.28180973054661,150.22434334497402,97.563162,,,,,,,,62927.02541666905,0.0,0.0,1410.0,23.58348661147329,gpu,0,0,0,0,0,1,1,1,1,1,1,1,0,0,0,0,0
fft_N64,fft,64,matrix,gpu_ready,2,0.3010299956639812,gpu,-8.64199847870509,gpu,0.05860546771289998,1.0345843017265695e-05,1.0345843017265695e-05,2.644220772644576,0.02216360612517488,0.0396343838571108,0.0002610320133792,566363.9180692772,1.806179973983887,245760.0,5.390511198351418,131072.0,5.11750992628768,1.875,2.641755466923701,0.0221468623333333,0.002465305720875,1.674379184157693e-05,94.98337802916728,0.677375446,0.0198171919285554,0.0001305160066896,1,0.48781581,73.28180973054661,150.22434334497402,97.563162,,,,,,,,62927.02541666905,0.0,0.0,1410.0,23.58348661147329,gpu,0,0,0,0,0,1,1,1,1,1,1,1,0,0,0,0,0
fft_N64,fft,64,matrix,gpu_ready,3,0.47712125471966244,gpu,-7.832755343575031,gpu,0.05870442333864173,2.3278146788847817e-05,2.3278146788847817e-05,2.646686078365451,0.022180349917016454,0.059451575785666205,0.0003915480200688,252086.8423252923,1.806179973983887,245760.0,5.390511198351418,131072.0,5.11750992628768,1.875,2.641755466923701,0.0221468623333333,0.002465305720875,1.674379184157693e-05,94.98337802916728,0.677375446,0.0198171919285554,0.0001305160066896,1,0.48781581,73.28180973054661,150.22434334497402,97.563162,,,,,,,,62927.02541666905,0.0,0.0,1410.0,23.58348661147329,gpu,0,0,0,0,0,1,1,1,1,1,1,1,0,0,0,0,0
fft_N64,fft,64,matrix,gpu_ready,5,0.6989700043360189,gpu,-6.814473948194118,gpu,0.05890258226152017,6.46615188579106e-05,6.46615188579106e-05,2.651616689807201,0.02221383750069961,0.099085959642777,0.0006525800334480001,90993.71895664048,1.806179973983887,245760.0,5.390511198351418,131072.0,5.11750992628768,1.875,2.641755466923701,0.0221468623333333,0.002465305720875,1.674379184157693e-05,94.98337802916728,0.677375446,0.0198171919285554,0.0001305160066896,1,0.48781581,73.28180973054661,150.22434334497402,97.563162,,,,,,,,62927.02541666905,0.0,0.0,1410.0,23.58348661147329,gpu,0,0,0,0,0,1,1,1,1,1,1,1,0,0,0,0,0
fft_N64,fft,64,matrix,gpu_ready,10,1.0,gpu,-5.436579190639964,gpu,0.0593994243185198,0.0002586460754316424,0.0002586460754316424,2.663943218411576,0.022297556459907494,0.198171919285554,0.0013051600668960001,22865.523145630905,1.806179973983887,245760.0,5.390511198351418,131072.0,5.11750992628768,1.875,2.641755466923701,0.0221468623333333,0.002465305720875,1.674379184157693e-05,94.98337802916728,0.677375446,0.0198171919285554,0.0001305160066896,1,0.48781581,73.28180973054661,150.22434334497402,97.563162,,,,,,,,62927.02541666905,0.0,0.0,1410.0,23.58348661147329,gpu,0,0,0,0,0,1,1,1,1,1,1,1,0,0,0,0,0
fft_N64,fft,64,matrix,gpu_ready,30,1.4771212547196624,gpu,-3.272600945985125,gpu,0.061407431829426415,0.0023278146788847814,0.0023278146788847814,2.713249332829076,0.022632432296739034,0.594515757856662,0.003915480200688,2537.9862789956173,1.806179973983887,245760.0,5.390511198351418,131072.0,5.11750992628768,1.875,2.641755466923701,0.0221468623333333,0.002465305720875,1.674379184157693e-05,94.98337802916728,0.677375446,0.0198171919285554,0.0001305160066896,1,0.48781581,73.28180973054661,150.22434334497402,97.563162,,,,,,,,62927.02541666905,0.0,0.0,1410.0,23.58348661147329,gpu,0,0,0,0,0,1,1,1,1,1,1,1,0,0,0,0,0
fft_N64,fft,64,matrix,gpu_ready,100,2.0,gpu,-0.9768083552752804,gpu,0.06869551308224149,0.025864607543164237,0.025864607543164237,2.885820733290326,0.023804497725649416,1.98171919285554,0.01305160066896,165.59658006640447,1.806179973983887,245760.0,5.390511198351418,131072.0,5.11750992628768,1.875,2.641755466923701,0.0221468623333333,0.002465305720875,1.674379184157693e-05,94.98337802916728,0.677375446,0.0198171919285554,0.0001305160066896,1,0.48781581,73.28180973054661,150.22434334497402,97.563162,,,,,,,,62927.02541666905,0.0,0.0,1410.0,23.58348661147329,gpu,0,0,0,0,0,1,1,1,1,1,1,1,0,0,0,0,0
fft_N64,fft,64,matrix,gpu_ready,1000,3.0,gpu,2.567581087391245,cpu,0.1984356028616747,2.5864607543164237,0.1984356028616747,5.104595882077826,0.03887391038306866,19.8171919285554,0.1305160066896,1203.4257547620582,1.806179973983887,245760.0,5.390511198351418,131072.0,5.11750992628768,1.875,2.641755466923701,0.0221468623333333,0.002465305720875,1.674379184157693e-05,94.98337802916728,0.677375446,0.0198171919285554,0.0001305160066896,1,0.48781581,73.28180973054661,150.22434334497402,97.563162,,,,,,,,62927.02541666905,0.0,0.0,1410.0,23.58348661147329,gpu,0,0,0,0,0,1,1,1,1,1,1,1,0,0,0,0,0
fft_N64,fft,64,matrix,none_ready,1,0.0,none,7.0027881236413325,cpu,0.05850659464428984,64.33940805509378,0.05850659464428984,2.641755466923701,0.0221468623333333,94.98337802916728,0.677375446,109869.4973639578,1.806179973983887,245760.0,5.390511198351418,131072.0,5.11750992628768,1.875,2.641755466923701,0.0221468623333333,0.002465305720875,1.674379184157693e-05,94.98337802916728,0.677375446,0.0198171919285554,0.0001305160066896,1,,,,,,,,,,,,,,,,,,1,1,1,1,1,1,1,1,1,1,1,1,1,1,1,1,1
fft_N64,fft,64,matrix,none_ready,2,0.3010299956639812,none,7.001500879755066,cpu,0.05860546771289998,64.36523117197787,0.05860546771289998,2.644220772644576,0.02216360612517488,95.00319522109584,0.6775059620066896,109728.03087127325,1.806179973983887,245760.0,5.390511198351418,131072.0,5.11750992628768,1.875,2.641755466923701,0.0221468623333333,0.002465305720875,1.674379184157693e-05,94.98337802916728,0.677375446,0.0198171919285554,0.0001305160066896,1,,,,,,,,,,,,,,,,,,1,1,1,1,1,1,1,1,1,1,1,1,1,1,1,1,1
fft_N64,fft,64,matrix,none_ready,3,0.47712125471966244,none,7.000214995224318,cpu,0.05870442333864173,64.39105946178346,0.05870442333864173,2.646686078365451,0.022180349917016454,95.02301241302439,0.6776364780133792,109586.89546669739,1.806179973983887,245760.0,5.390511198351418,131072.0,5.11750992628768,1.875,2.641755466923701,0.0221468623333333,0.002465305720875,1.674379184157693e-05,94.98337802916728,0.677375446,0.0198171919285554,0.0001305160066896,1,,,,,,,,,,,,,,,,,,1,1,1,1,1,1,1,1,1,1,1,1,1,1,1,1,1
fft_N64,fft,64,matrix,none_ready,5,0.6989700043360189,none,6.997647294445751,cpu,0.05890258226152017,64.44273156015917,0.05890258226152017,2.651616689807201,0.02221383750069961,95.06264679688151,0.6778975100267584,109305.61361816265,1.806179973983887,245760.0,5.390511198351418,131072.0,5.11750992628768,1.875,2.641755466923701,0.0221468623333333,0.002465305720875,1.674379184157693e-05,94.98337802916728,0.677375446,0.0198171919285554,0.0001305160066896,1,,,,,,,,,,,,,,,,,,1,1,1,1,1,1,1,1,1,1,1,1,1,1,1,1,1
fft_N64,fft,64,matrix,none_ready,10,1.0,none,6.991251660681401,cpu,0.0593994243185198,64.57200233222484,0.0593994243185198,2.663943218411576,0.022297556459907494,95.16173275652429,0.6785500900602064,108608.12818987595,1.806179973983887,245760.0,5.390511198351418,131072.0,5.11750992628768,1.875,2.641755466923701,0.0221468623333333,0.002465305720875,1.674379184157693e-05,94.98337802916728,0.677375446,0.0198171919285554,0.0001305160066896,1,,,,,,,,,,,,,,,,,,1,1,1,1,1,1,1,1,1,1,1,1,1,1,1,1,1
fft_N64,fft,64,matrix,none_ready,30,1.4771212547196624,none,6.966001156497043,cpu,0.061407431829426415,65.0903786508647,0.061407431829426415,2.713249332829076,0.022632432296739034,95.55807659509539,0.6811604101939984,105897.55878355006,1.806179973983887,245760.0,5.390511198351418,131072.0,5.11750992628768,1.875,2.641755466923701,0.0221468623333333,0.002465305720875,1.674379184157693e-05,94.98337802916728,0.677375446,0.0198171919285554,0.0001305160066896,1,,,,,,,,,,,,,,,,,,1,1,1,1,1,1,1,1,1,1,1,1,1,1,1,1,1
fft_N64,fft,64,matrix,none_ready,100,2.0,none,6.8815840704434414,cpu,0.06869551308224149,66.92099046885636,0.06869551308224149,2.885820733290326,0.023804497725649416,96.94528003009427,0.6902965306622704,97316.82894010749,1.806179973983887,245760.0,5.390511198351418,131072.0,5.11750992628768,1.875,2.641755466923701,0.0221468623333333,0.002465305720875,1.674379184157693e-05,94.98337802916728,0.677375446,0.0198171919285554,0.0001305160066896,1,,,,,,,,,,,,,,,,,,1,1,1,1,1,1,1,1,1,1,1,1,1,1,1,1,1
fft_N64,fft,64,matrix,none_ready,1000,3.0,none,6.146825326636266,cpu,0.1984356028616747,92.71540836726743,0.1984356028616747,5.104595882077826,0.03887391038306866,114.78075276579413,0.8077609366829104,46623.172167797624,1.806179973983887,245760.0,5.390511198351418,131072.0,5.11750992628768,1.875,2.641755466923701,0.0221468623333333,0.002465305720875,1.674379184157693e-05,94.98337802916728,0.677375446,0.0198171919285554,0.0001305160066896,1,,,,,,,,,,,,,,,,,,1,1,1,1,1,1,1,1,1,1,1,1,1,1,1,1,1
fft_N768,fft,768,matrix,cpu_ready,1,0.0,cpu,9.625948671468356,cpu,0.0035790520958865323,54.23309766814616,0.0035790520958865323,0.7295965478326948,0.0049055222458471,87.56704958167488,0.619332248,1515192.2118813866,2.885361220031512,56534409.22025355,7.752312858188766,18874368.0,7.27587241838293,2.995300781475361,3.5922675392370302,0.0284399803333333,0.7295965478326948,0.0049055222458471,87.56704958167488,0.619332248,0.3366051305647993,0.0020609919747899,1,0.020191681,2.714947713370067,134.4587265106886,20.191681,2.1387731124836504,3.785875808896815,0.3809289618751774,0.3103543246791196,10480337427.538172,2872626.469253972,1.0,,,,,,cpu,0,0,0,0,0,0,0,0,0,0,0,0,1,1,1,1,1
fft_N768,fft,768,matrix,cpu_ready,2,0.3010299956639812,cpu,8.246813151306242,cpu,0.01431620838354613,54.62273680726383,0.01431620838354613,1.4591930956653896,0.0098110444916942,87.90365471223969,0.6213932399747899,381444.7173152543,2.885361220031512,56534409.22025355,7.752312858188766,18874368.0,7.27587241838293,2.995300781475361,3.5922675392370302,0.0284399803333333,0.7295965478326948,0.0049055222458471,87.56704958167488,0.619332248,0.3366051305647993,0.0020609919747899,1,0.020191681,2.714947713370067,134.4587265106886,20.191681,2.1387731124836504,3.785875808896815,0.3809289618751774,0.3103543246791196,10480337427.538172,2872626.469253972,1.0,,,,,,cpu,0,0,0,0,0,0,0,0,0,0,0,0,1,1,1,1,1
fft_N768,fft,768,matrix,cpu_ready,3,0.47712125471966244,cpu,7.443016112038284,cpu,0.03221146886297879,55.013763427327014,0.03221146886297879,2.1887896434980845,0.014716566737541301,88.24025984280448,0.6234542319495798,170689.3659284669,2.885361220031512,56534409.22025355,7.752312858188766,18874368.0,7.27587241838293,2.995300781475361,3.5922675392370302,0.0284399803333333,0.7295965478326948,0.0049055222458471,87.56704958167488,0.619332248,0.3366051305647993,0.0020609919747899,1,0.020191681,2.714947713370067,134.4587265106886,20.191681,2.1387731124836504,3.785875808896815,0.3809289618751774,0.3103543246791196,10480337427.538172,2872626.469253972,1.0,,,,,,cpu,0,0,0,0,0,0,0,0,0,0,0,0,1,1,1,1,1
fft_N768,fft,768,matrix,cpu_ready,5,0.6989700043360189,cpu,6.435554961466086,cpu,0.08947630239716331,55.79997911029,0.08947630239716331,3.647982739163474,0.024527611229235503,88.91347010393407,0.6275762158991596,62262.85766772928,2.885361220031512,56534409.22025355,7.752312858188766,18874368.0,7.27587241838293,2.995300781475361,3.5922675392370302,0.0284399803333333,0.7295965478326948,0.0049055222458471,87.56704958167488,0.619332248,0.3366051305647993,0.0020609919747899,1,0.020191681,2.714947713370067,134.4587265106886,20.191681,2.1387731124836504,3.785875808896815,0.3809289618751774,0.3103543246791196,10480337427.538172,2872626.469253972,1.0,,,,,,cpu,0,0,0,0,0,0,0,0,0,0,0,0,1,1,1,1,1
fft_N768,fft,768,matrix,cpu_ready,10,1.0,cpu,5.084299381593187,cpu,0.35790520958865324,57.78979923424433,0.35790520958865324,7.295965478326948,0.04905522245847101,90.59649575675807,0.6378811757731091,16046.677300579995,2.885361220031512,56534409.22025355,7.752312858188766,18874368.0,7.27587241838293,2.995300781475361,3.5922675392370302,0.0284399803333333,0.7295965478326948,0.0049055222458471,87.56704958167488,0.619332248,0.3366051305647993,0.0020609919747899,1,0.020191681,2.714947713370067,134.4587265106886,20.191681,2.1387731124836504,3.785875808896815,0.3809289618751774,0.3103543246791196,10480337427.538172,2872626.469253972,1.0,,,,,,cpu,0,0,0,0,0,0,0,0,0,0,0,0,1,1,1,1,1
fft_N768,fft,768,matrix,cpu_ready,30,1.4771212547196624,cpu,3.021370001661369,cpu,3.2211468862978787,66.0959499664452,3.2211468862978787,21.887896434980842,0.147165667375413,97.32859836805406,0.6791010152689071,1951.9384026727962,2.885361220031512,56534409.22025355,7.752312858188766,18874368.0,7.27587241838293,2.995300781475361,3.5922675392370302,0.0284399803333333,0.7295965478326948,0.0049055222458471,87.56704958167488,0.619332248,0.3366051305647993,0.0020609919747899,1,0.020191681,2.714947713370067,134.4587265106886,20.191681,2.1387731124836504,3.785875808896815,0.3809289618751774,0.3103543246791196,10480337427.538172,2872626.469253972,1.0,,,,,,cpu,0,0,0,0,0,0,0,0,0,0,0,0,1,1,1,1,1
fft_N768,fft,768,matrix,cpu_ready,100,2.0,cpu,1.0228568271905563,cpu,35.79052095886533,99.53804250758137,35.79052095886533,72.95965478326949,0.49055222458471004,120.89095750759,0.8233704535042001,178.11286296162658,2.885361220031512,56534409.22025355,7.752312858188766,18874368.0,7.27587241838293,2.995300781475361,3.5922675392370302,0.0284399803333333,0.7295965478326948,0.0049055222458471,87.56704958167488,0.619332248,0.3366051305647993,0.0020609919747899,1,0.020191681,2.714947713370067,134.4587265106886,20.191681,2.1387731124836504,3.785875808896815,0.3809289618751774,0.3103543246791196,10480337427.538172,2872626.469253972,1.0,,,,,,cpu,0,0,0,0,0,0,0,0,0,0,0,0,1,1,1,1,1
fft_N768,fft,768,matrix,cpu_ready,1000,3.0,cpu,-1.1483391451578513,gpu,3579.0520958865322,1135.1432364764896,1135.1432364764896,729.5965478326948,4.9055222458471,423.8355750159094,2.6782632308151104,215.29519631337374,2.885361220031512,56534409.22025355,7.752312858188766,18874368.0,7.27587241838293,2.995300781475361,3.5922675392370302,0.0284399803333333,0.7295965478326948,0.0049055222458471,87.56704958167488,0.619332248,0.3366051305647993,0.0020609919747899,1,0.020191681,2.714947713370067,134.4587265106886,20.191681,2.1387731124836504,3.785875808896815,0.3809289618751774,0.3103543246791196,10480337427.538172,2872626.469253972,1.0,,,,,,cpu,0,0,0,0,0,0,0,0,0,0,0,0,1,1,1,1,1
fft_N768,fft,768,matrix,gpu_ready,1,0.0,gpu,-4.992236890021061,gpu,0.10216401816797274,0.0006937404727671579,0.0006937404727671579,3.5922675392370302,0.0284399803333333,0.3366051305647993,0.0020609919747899,14626.547200059691,2.885361220031512,56534409.22025355,7.752312858188766,18874368.0,7.27587241838293,2.995300781475361,3.5922675392370302,0.0284399803333333,0.7295965478326948,0.0049055222458471,87.56704958167488,0.619332248,0.3366051305647993,0.0020609919747899,1,0.526110327,77.0228060253406,146.40048307841064,105.2220654,,,,,,,,62978.66087152667,0.0,0.0,1410.0,23.676056126911952,gpu,0,0,0,0,0,1,1,1,1,1,1,1,0,0,0,0,0
fft_N768,fft,768,matrix,gpu_ready,2,0.3010299956639812,gpu,-3.949972704737475,gpu,0.14411473006225067,0.0027749618910686315,0.0027749618910686315,4.321864087069725,0.0333455025791804,0.6732102611295986,0.0041219839495798,5093.394926470591,2.885361220031512,56534409.22025355,7.752312858188766,18874368.0,7.27587241838293,2.995300781475361,3.5922675392370302,0.0284399803333333,0.7295965478326948,0.0049055222458471,87.56704958167488,0.619332248,0.3366051305647993,0.0020609919747899,1,0.526110327,77.0228060253406,146.40048307841064,105.2220654,,,,,,,,62978.66087152667,0.0,0.0,1410.0,23.676056126911952,gpu,0,0,0,0,0,1,1,1,1,1,1,1,0,0,0,0,0
fft_N768,fft,768,matrix,gpu_ready,3,0.47712125471966244,gpu,-3.4322805584537504,gpu,0.19322354614830164,0.006243664254904422,0.006243664254904422,5.05146063490242,0.0382510248250275,1.009815391694398,0.006182975924369701,2994.713909328546,2.885361220031512,56534409.22025355,7.752312858188766,18874368.0,7.27587241838293,2.995300781475361,3.5922675392370302,0.0284399803333333,0.7295965478326948,0.0049055222458471,87.56704958167488,0.619332248,0.3366051305647993,0.0020609919747899,1,0.526110327,77.0228060253406,146.40048307841064,105.2220654,,,,,,,,62978.66087152667,0.0,0.0,1410.0,23.676056126911952,gpu,0,0,0,0,0,1,1,1,1,1,1,1,0,0,0,0,0
fft_N768,fft,768,matrix,gpu_ready,5,0.6989700043360189,gpu,-2.8927146790419287,gpu,0.3129154908957228,0.017343511819178946,0.017343511819178946,6.510653730567809,0.0480620693167217,1.6830256528239964,0.0103049598739495,1704.2222022744668,2.885361220031512,56534409.22025355,7.752312858188766,18874368.0,7.27587241838293,2.995300781475361,3.5922675392370302,0.0284399803333333,0.7295965478326948,0.0049055222458471,87.56704958167488,0.619332248,0.3366051305647993,0.0020609919747899,1,0.526110327,77.0228060253406,146.40048307841064,105.2220654,,,,,,,,62978.66087152667,0.0,0.0,1410.0,23.676056126911952,gpu,0,0,0,0,0,1,1,1,1,1,1,1,0,0,0,0,0
fft_N768,fft,768,matrix,gpu_ready,10,1.0,gpu,-2.3636341588722383,gpu,0.7374121761203042,0.06937404727671578,0.06937404727671578,10.158636469731283,0.0725896805459572,3.366051305647993,0.020609919747899,962.9510675353143,2.885361220031512,56534409.22025355,7.752312858188766,18874368.0,7.27587241838293,2.995300781475361,3.5922675392370302,0.0284399803333333,0.7295965478326948,0.0049055222458471,87.56704958167488,0.619332248,0.3366051305647993,0.0020609919747899,1,0.526110327,77.0228060253406,146.40048307841064,105.2220654,,,,,,,,62978.66087152667,0.0,0.0,1410.0,23.676056126911952,gpu,0,0,0,0,0,1,1,1,1,1,1,1,0,0,0,0,0
fft_N768,fft,768,matrix,gpu_ready,30,1.4771212547196624,gpu,-1.9120193635009564,gpu,4.224924964961898,0.6243664254904421,0.6243664254904421,24.75056742638518,0.17070012546289923,10.098153916943978,0.061829759243697005,576.6739517813123,2.885361220031512,56534409.22025355,7.752312858188766,18874368.0,7.27587241838293,2.995300781475361,3.5922675392370302,0.0284399803333333,0.7295965478326948,0.0049055222458471,87.56704958167488,0.619332248,0.3366051305647993,0.0020609919747899,1,0.526110327,77.0228060253406,146.40048307841064,105.2220654,,,,,,,,62978.66087152667,0.0,0.0,1410.0,23.676056126911952,gpu,0,0,0,0,0,1,1,1,1,1,1,1,0,0,0,0,0
fft_N768,fft,768,matrix,gpu_ready,100,2.0,gpu,-1.726101654122705,gpu,38.979247929992624,6.937404727671579,6.937404727671579,75.82232577467381,0.5140866826721963,33.66051305647993,0.20609919747899003,461.87074936703806,2.885361220031512,56534409.22025355,7.752312858188766,18874368.0,7.27587241838293,2.995300781475361,3.5922675392370302,0.0284399803333333,0.7295965478326948,0.0049055222458471,87.56704958167488,0.619332248,0.3366051305647993,0.0020609919747899,1,0.526110327,77.0228060253406,146.40048307841064,105.2220654,,,,,,,,62978.66087152667,0.0,0.0,1410.0,23.676056126911952,gpu,0,0,0,0,0,1,1,1,1,1,1,1,0,0,0,0,0
fft_N768,fft,768,matrix,gpu_ready,1000,3.0,gpu,-1.6494573651658462,gpu,3610.333022903616,693.7404727671578,693.7404727671578,732.4592188240991,4.929056703934586,336.6051305647993,2.0609919747899,420.415510501052,2.885361220031512,56534409.22025355,7.752312858188766,18874368.0,7.27587241838293,2.995300781475361,3.5922675392370302,0.0284399803333333,0.7295965478326948,0.0049055222458471,87.56704958167488,0.619332248,0.3366051305647993,0.0020609919747899,1,0.526110327,77.0228060253406,146.40048307841064,105.2220654,,,,,,,,62978.66087152667,0.0,0.0,1410.0,23.676056126911952,gpu,0,0,0,0,0,1,1,1,1,1,1,1,0,0,0,0,0
fft_N768,fft,768,matrix,none_ready,1,0.0,none,6.274467116078808,cpu,0.10216401816797274,54.23309766814616,0.10216401816797274,3.5922675392370302,0.0284399803333333,87.56704958167488,0.619332248,52984.34284463922,2.885361220031512,56534409.22025355,7.752312858188766,18874368.0,7.27587241838293,2.995300781475361,3.5922675392370302,0.0284399803333333,0.7295965478326948,0.0049055222458471,87.56704958167488,0.619332248,0.3366051305647993,0.0020609919747899,1,,,,,,,,,,,,,,,,,,1,1,1,1,1,1,1,1,1,1,1,1,1,1,1,1,1
fft_N768,fft,768,matrix,none_ready,2,0.3010299956639812,none,5.9375957812002795,cpu,0.14411473006225067,54.62273680726383,0.14411473006225067,4.321864087069725,0.0333455025791804,87.90365471223969,0.6213932399747899,37802.258002127484,2.885361220031512,56534409.22025355,7.752312858188766,18874368.0,7.27587241838293,2.995300781475361,3.5922675392370302,0.0284399803333333,0.7295965478326948,0.0049055222458471,87.56704958167488,0.619332248,0.3366051305647993,0.0020609919747899,1,,,,,,,,,,,,,,,,,,1,1,1,1,1,1,1,1,1,1,1,1,1,1,1,1,1
fft_N768,fft,768,matrix,none_ready,3,0.47712125471966244,none,5.651490888216047,cpu,0.19322354614830164,55.013763427327014,0.19322354614830164,5.05146063490242,0.0382510248250275,88.24025984280448,0.6234542319495798,28371.56287314136,2.885361220031512,56534409.22025355,7.752312858188766,18874368.0,7.27587241838293,2.995300781475361,3.5922675392370302,0.0284399803333333,0.7295965478326948,0.0049055222458471,87.56704958167488,0.619332248,0.3366051305647993,0.0020609919747899,1,,,,,,,,,,,,,,,,,,1,1,1,1,1,1,1,1,1,1,1,1,1,1,1,1,1
fft_N768,fft,768,matrix,none_ready,5,0.6989700043360189,none,5.183595617055672,cpu,0.3129154908957228,55.79997911029,0.3129154908957228,6.510653730567809,0.0480620693167217,88.91347010393407,0.6275762158991596,17732.284029966737,2.885361220031512,56534409.22025355,7.752312858188766,18874368.0,7.27587241838293,2.995300781475361,3.5922675392370302,0.0284399803333333,0.7295965478326948,0.0049055222458471,87.56704958167488,0.619332248,0.3366051305647993,0.0020609919747899,1,,,,,,,,,,,,,,,,,,1,1,1,1,1,1,1,1,1,1,1,1,1,1,1,1,1
fft_N768,fft,768,matrix,none_ready,10,1.0,none,4.361420557352463,cpu,0.7374121761203042,57.78979923424433,0.7374121761203042,10.158636469731283,0.0725896805459572,90.59649575675807,0.6378811757731091,7736.838216896527,2.885361220031512,56534409.22025355,7.752312858188766,18874368.0,7.27587241838293,2.995300781475361,3.5922675392370302,0.0284399803333333,0.7295965478326948,0.0049055222458471,87.56704958167488,0.619332248,0.3366051305647993,0.0020609919747899,1,,,,,,,,,,,,,,,,,,1,1,1,1,1,1,1,1,1,1,1,1,1,1,1,1,1
fft_N768,fft,768,matrix,none_ready,30,1.4771212547196624,none,2.750105972791926,cpu,4.224924964961898,66.0959499664452,4.224924964961898,24.75056742638518,0.17070012546289923,97.32859836805406,0.6791010152689071,1464.4289665400315,2.885361220031512,56534409.22025355,7.752312858188766,18874368.0,7.27587241838293,2.995300781475361,3.5922675392370302,0.0284399803333333,0.7295965478326948,0.0049055222458471,87.56704958167488,0.619332248,0.3366051305647993,0.0020609919747899,1,,,,,,,,,,,,,,,,,,1,1,1,1,1,1,1,1,1,1,1,1,1,1,1,1,1
fft_N768,fft,768,matrix,none_ready,100,2.0,none,0.9375105076993656,cpu,38.979247929992624,99.53804250758137,38.979247929992624,75.82232577467381,0.5140866826721963,120.89095750759,0.8233704535042001,155.36162905542287,2.885361220031512,56534409.22025355,7.752312858188766,18874368.0,7.27587241838293,2.995300781475361,3.5922675392370302,0.0284399803333333,0.7295965478326948,0.0049055222458471,87.56704958167488,0.619332248,0.3366051305647993,0.0020609919747899,1,,,,,,,,,,,,,,,,,,1,1,1,1,1,1,1,1,1,1,1,1,1,1,1,1,1
fft_N768,fft,768,matrix,none_ready,1000,3.0,none,-1.1570411756921832,gpu,3610.333022903616,1135.1432364764896,1135.1432364764896,732.4592188240991,4.929056703934586,423.8355750159094,2.6782632308151104,218.05087735977457,2.885361220031512,56534409.22025355,7.752312858188766,18874368.0,7.27587241838293,2.995300781475361,3.5922675392370302,0.0284399803333333,0.7295965478326948,0.0049055222458471,87.56704958167488,0.619332248,0.3366051305647993,0.0020609919747899,1,,,,,,,,,,,,,,,,,,1,1,1,1,1,1,1,1,1,1,1,1,1,1,1,1,1
fft_N96,fft,96,matrix,cpu_ready,1,0.0,cpu,20.099174266586886,cpu,1.1299312919133568e-07,60.53583131639758,1.1299312919133568e-07,0.0041140316547408,2.746530378810483e-05,91.82845914317704,0.659227345,53574789579.37058,1.9822712330395684,606870.1440664617,5.783095772214259,294912.0,5.469692444399043,2.057800781475361,4.054768237917829,0.0273057183333333,0.0041140316547408,2.746530378810483e-05,91.82845914317704,0.659227345,0.023881081112539,0.0001606863322646,1,0.027283783,3.3916071977388214,124.30853880265876,27.283783,1.917635284342015,1.8469724619547296,0.2078795980627132,0.3708996689283532,2887488360.758669,3048401.440539496,0.7312998347773108,,,,,,cpu,0,0,0,0,0,0,0,0,0,0,0,0,1,1,1,1,1
fft_N96,fft,96,matrix,cpu_ready,2,0.3010299956639812,cpu,18.71338365332279,cpu,4.519725167653427e-07,60.56633379375569,4.519725167653427e-07,0.0082280633094816,5.493060757620966e-05,91.85234022428958,0.6593880313322646,13400446065.88951,1.9822712330395684,606870.1440664617,5.783095772214259,294912.0,5.469692444399043,2.057800781475361,4.054768237917829,0.0273057183333333,0.0041140316547408,2.746530378810483e-05,91.82845914317704,0.659227345,0.023881081112539,0.0001606863322646,1,0.027283783,3.3916071977388214,124.30853880265876,27.283783,1.917635284342015,1.8469724619547296,0.2078795980627132,0.3708996689283532,2887488360.758669,3048401.440539496,0.7312998347773108,,,,,,cpu,0,0,0,0,0,0,0,0,0,0,0,0,1,1,1,1,1
fft_N96,fft,96,matrix,cpu_ready,3,0.47712125471966244,cpu,17.902957057980377,cpu,1.0169381627220212e-06,60.596843945840476,1.0169381627220212e-06,0.012342094964222401,8.239591136431449e-05,91.87622130540213,0.6595487176645293,5958753948.883555,1.9822712330395684,606870.1440664617,5.783095772214259,294912.0,5.469692444399043,2.057800781475361,4.054768237917829,0.0273057183333333,0.0041140316547408,2.746530378810483e-05,91.82845914317704,0.659227345,0.023881081112539,0.0001606863322646,1,0.027283783,3.3916071977388214,124.30853880265876,27.283783,1.917635284342015,1.8469724619547296,0.2078795980627132,0.3708996689283532,2887488360.758669,3048401.440539496,0.7312998347773108,,,,,,cpu,0,0,0,0,0,0,0,0,0,0,0,0,1,1,1,1,1
fft_N96,fft,96,matrix,cpu_ready,5,0.6989700043360189,cpu,16.882312671506803,cpu,2.824828229783392e-06,60.65788727419003,2.824828229783392e-06,0.020570158273704002,0.00013732651894052413,91.9239834676272,0.6598700903290584,2147312314.7743766,1.9822712330395684,606870.1440664617,5.783095772214259,294912.0,5.469692444399043,2.057800781475361,4.054768237917829,0.0273057183333333,0.0041140316547408,2.746530378810483e-05,91.82845914317704,0.659227345,0.023881081112539,0.0001606863322646,1,0.027283783,3.3916071977388214,124.30853880265876,27.283783,1.917635284342015,1.8469724619547296,0.2078795980627132,0.3708996689283532,2887488360.758669,3048401.440539496,0.7312998347773108,,,,,,cpu,0,0,0,0,0,0,0,0,0,0,0,0,1,1,1,1,1
fft_N96,fft,96,matrix,cpu_ready,10,1.0,cpu,15.498533245328858,cpu,1.1299312919133567e-05,60.810629902780654,1.1299312919133567e-05,0.041140316547408004,0.00027465303788104826,92.0433888731899,0.6606735219903814,538179790.5649178,1.9822712330395684,606870.1440664617,5.783095772214259,294912.0,5.469692444399043,2.057800781475361,4.054768237917829,0.0273057183333333,0.0041140316547408,2.746530378810483e-05,91.82845914317704,0.659227345,0.023881081112539,0.0001606863322646,1,0.027283783,3.3916071977388214,124.30853880265876,27.283783,1.917635284342015,1.8469724619547296,0.2078795980627132,0.3708996689283532,2887488360.758669,3048401.440539496,0.7312998347773108,,,,,,cpu,0,0,0,0,0,0,0,0,0,0,0,0,1,1,1,1,1
fft_N96,fft,96,matrix,cpu_ready,30,1.4771212547196624,cpu,13.31133686939601,cpu,0.00010169381627220212,61.423519098810374,0.00010169381627220212,0.12342094964222401,0.0008239591136431449,92.52101049544068,0.6638872486356734,60400346.507385544,1.9822712330395684,606870.1440664617,5.783095772214259,294912.0,5.469692444399043,2.057800781475361,4.054768237917829,0.0273057183333333,0.0041140316547408,2.746530378810483e-05,91.82845914317704,0.659227345,0.023881081112539,0.0001606863322646,1,0.027283783,3.3916071977388214,124.30853880265876,27.283783,1.917635284342015,1.8469724619547296,0.2078795980627132,0.3708996689283532,2887488360.758669,3048401.440539496,0.7312998347773108,,,,,,cpu,0,0,0,0,0,0,0,0,0,0,0,0,1,1,1,1,1
fft_N96,fft,96,matrix,cpu_ready,100,2.0,cpu,10.9380988130612,cpu,0.001129931291913357,63.592806673921665,0.001129931291913357,0.41140316547408007,0.002746530378810483,94.1926861733184,0.6751352918941954,5627924.2107674945,1.9822712330395684,606870.1440664617,5.783095772214259,294912.0,5.469692444399043,2.057800781475361,4.054768237917829,0.0273057183333333,0.0041140316547408,2.746530378810483e-05,91.82845914317704,0.659227345,0.023881081112539,0.0001606863322646,1,0.027283783,3.3916071977388214,124.30853880265876,27.283783,1.917635284342015,1.8469724619547296,0.2078795980627132,0.3708996689283532,2887488360.758669,3048401.440539496,0.7312998347773108,,,,,,cpu,0,0,0,0,0,0,0,0,0,0,0,0,1,1,1,1,1
fft_N96,fft,96,matrix,cpu_ready,1000,3.0,cpu,6.732552729217857,cpu,0.11299312919133567,94.83366511636,0.11299312919133567,4.1140316547408,0.027465303788104828,115.6856591746035,0.8197529909323354,83828.7006166317,1.9822712330395684,606870.1440664617,5.783095772214259,294912.0,5.469692444399043,2.057800781475361,4.054768237917829,0.0273057183333333,0.0041140316547408,2.746530378810483e-05,91.82845914317704,0.659227345,0.023881081112539,0.0001606863322646,1,0.027283783,3.3916071977388214,124.30853880265876,27.283783,1.917635284342015,1.8469724619547296,0.2078795980627132,0.3708996689283532,2887488360.758669,3048401.440539496,0.7312998347773108,,,,,,cpu,0,0,0,0,0,0,0,0,0,0,0,0,1,1,1,1,1
fft_N96,fft,96,matrix,gpu_ready,1,0.0,gpu,-10.269959454171818,gpu,0.11071835941153042,3.837363334487306e-06,3.837363334487306e-06,4.054768237917829,0.0273057183333333,0.023881081112539,0.0001606863322646,2885171.7285454297,1.9822712330395684,606870.1440664617,5.783095772214259,294912.0,5.469692444399043,2.057800781475361,4.054768237917829,0.0273057183333333,0.0041140316547408,2.746530378810483e-05,91.82845914317704,0.659227345,0.023881081112539,0.0001606863322646,1,0.496836291,74.58077645272908,150.11137029184746,99.3672582,,,,,,,,62909.82157987529,0.0,0.0,1410.0,24.0,gpu,0,0,0,0,0,1,1,1,1,1,1,1,0,0,0,0,0
fft_N96,fft,96,matrix,gpu_ready,2,0.3010299956639812,gpu,-8.885684533286332,gpu,0.11094217443568315,1.5349453337949223e-05,1.5349453337949223e-05,4.058882269572569,0.027333183637121405,0.047762162225078,0.0003213726645292,722676.0623982305,1.9822712330395684,606870.1440664617,5.783095772214259,294912.0,5.469692444399043,2.057800781475361,4.054768237917829,0.0273057183333333,0.0041140316547408,2.746530378810483e-05,91.82845914317704,0.659227345,0.023881081112539,0.0001606863322646,1,0.496836291,74.58077645272908,150.11137029184746,99.3672582,,,,,,,,62909.82157987529,0.0,0.0,1410.0,24.0,gpu,0,0,0,0,0,1,1,1,1,1,1,1,0,0,0,0,0
fft_N96,fft,96,matrix,gpu_ready,3,0.47712125471966244,gpu,-8.07677172025334,gpu,0.11116621544609429,3.453627001038574e-05,3.453627001038574e-05,4.062996301227311,0.02736064894090951,0.071643243337617,0.0004820589967938,321782.51774920797,1.9822712330395684,606870.1440664617,5.783095772214259,294912.0,5.469692444399043,2.057800781475361,4.054768237917829,0.0273057183333333,0.0041140316547408,2.746530378810483e-05,91.82845914317704,0.659227345,0.023881081112539,0.0001606863322646,1,0.496836291,74.58077645272908,150.11137029184746,99.3672582,,,,,,,,62909.82157987529,0.0,0.0,1410.0,24.0,gpu,0,0,0,0,0,1,1,1,1,1,1,1,0,0,0,0,0
fft_N96,fft,96,matrix,gpu_ready,5,0.6989700043360189,gpu,-7.059149184344709,gpu,0.11161497542569164,9.593408336218264e-05,9.593408336218264e-05,4.071224364536792,0.02741557954848572,0.11940540556269501,0.000803431661323,116245.48589400544,1.9822712330395684,606870.1440664617,5.783095772214259,294912.0,5.469692444399043,2.057800781475361,4.054768237917829,0.0273057183333333,0.0041140316547408,2.746530378810483e-05,91.82845914317704,0.659227345,0.023881081112539,0.0001606863322646,1,0.496836291,74.58077645272908,150.11137029184746,99.3672582,,,,,,,,62909.82157987529,0.0,0.0,1410.0,24.0,gpu,0,0,0,0,0,1,1,1,1,1,1,1,0,0,0,0,0
fft_N96,fft,96,matrix,gpu_ready,10,1.0,gpu,-5.6828912397665645,gpu,0.11274083013420677,0.00038373633344873057,0.00038373633344873057,4.0917945228104955,0.027552906067426244,0.23881081112539002,0.001606863322646,29279.76425661283,1.9822712330395684,606870.1440664617,5.783095772214259,294912.0,5.469692444399043,2.057800781475361,4.054768237917829,0.0273057183333333,0.0041140316547408,2.746530378810483e-05,91.82845914317704,0.659227345,0.023881081112539,0.0001606863322646,1,0.496836291,74.58077645272908,150.11137029184746,99.3672582,,,,,,,,62909.82157987529,0.0,0.0,1410.0,24.0,gpu,0,0,0,0,0,1,1,1,1,1,1,1,0,0,0,0,0
fft_N96,fft,96,matrix,gpu_ready,30,1.4771212547196624,gpu,-3.525316127959707,gpu,0.11730074553286303,0.0034536270010385745,0.0034536270010385745,4.174075155905312,0.02810221214318834,0.71643243337617,0.004820589967938,3296.450905022122,1.9822712330395684,606870.1440664617,5.783095772214259,294912.0,5.469692444399043,2.057800781475361,4.054768237917829,0.0273057183333333,0.0041140316547408,2.746530378810483e-05,91.82845914317704,0.659227345,0.023881081112539,0.0001606863322646,1,0.496836291,74.58077645272908,150.11137029184746,99.3672582,,,,,,,,62909.82157987529,0.0,0.0,1410.0,24.0,gpu,0,0,0,0,0,1,1,1,1,1,1,1,0,0,0,0,0
fft_N96,fft,96,matrix,gpu_ready,100,2.0,gpu,-1.2502625158997211,gpu,0.13397230614206526,0.03837363334487305,0.03837363334487305,4.462057371737168,0.03002478340835568,2.3881081112539,0.01606863322646,249.12593482619693,1.9822712330395684,606870.1440664617,5.783095772214259,294912.0,5.469692444399043,2.057800781475361,4.054768237917829,0.0273057183333333,0.0041140316547408,2.746530378810483e-05,91.82845914317704,0.659227345,0.023881081112539,0.0001606863322646,1,0.496836291,74.58077645272908,150.11137029184746,99.3672582,,,,,,,,62909.82157987529,0.0,0.0,1410.0,24.0,gpu,0,0,0,0,0,1,1,1,1,1,1,1,0,0,0,0,0
fft_N96,fft,96,matrix,gpu_ready,1000,3.0,gpu,2.15006284819196,cpu,0.44696394433013026,3.8373633344873053,0.44696394433013026,8.164685861003889,0.05474355681765003,23.881081112539,0.1606863322646,758.5397956961391,1.9822712330395684,606870.1440664617,5.783095772214259,294912.0,5.469692444399043,2.057800781475361,4.054768237917829,0.0273057183333333,0.0041140316547408,2.746530378810483e-05,91.82845914317704,0.659227345,0.023881081112539,0.0001606863322646,1,0.496836291,74.58077645272908,150.11137029184746,99.3672582,,,,,,,,62909.82157987529,0.0,0.0,1410.0,24.0,gpu,0,0,0,0,0,1,1,1,1,1,1,1,0,0,0,0,0
fft_N96,fft,96,matrix,none_ready,1,0.0,none,6.304001047563924,cpu,0.11071835941153042,60.53583131639758,0.11071835941153042,4.054768237917829,0.0273057183333333,91.82845914317704,0.659227345,54575.51329169466,1.9822712330395684,606870.1440664617,5.783095772214259,294912.0,5.469692444399043,2.057800781475361,4.054768237917829,0.0273057183333333,0.0041140316547408,2.746530378810483e-05,91.82845914317704,0.659227345,0.023881081112539,0.0001606863322646,1,,,,,,,,,,,,,,,,,,1,1,1,1,1,1,1,1,1,1,1,1,1,1,1,1,1
fft_N96,fft,96,matrix,none_ready,2,0.3010299956639812,none,6.302485355185316,cpu,0.11094217443568315,60.56633379375569,0.11094217443568315,4.058882269572569,0.027333183637121405,91.85234022428958,0.6593880313322646,54492.70480485129,1.9822712330395684,606870.1440664617,5.783095772214259,294912.0,5.469692444399043,2.057800781475361,4.054768237917829,0.0273057183333333,0.0041140316547408,2.746530378810483e-05,91.82845914317704,0.659227345,0.023881081112539,0.0001606863322646,1,,,,,,,,,,,,,,,,,,1,1,1,1,1,1,1,1,1,1,1,1,1,1,1,1,1
fft_N96,fft,96,matrix,none_ready,3,0.47712125471966244,none,6.30097157287589,cpu,0.11116621544609429,60.596843945840476,0.11116621544609429,4.062996301227311,0.02736064894090951,91.87622130540213,0.6595487176645293,54410.12585314155,1.9822712330395684,606870.1440664617,5.783095772214259,294912.0,5.469692444399043,2.057800781475361,4.054768237917829,0.0273057183333333,0.0041140316547408,2.746530378810483e-05,91.82845914317704,0.659227345,0.023881081112539,0.0001606863322646,1,,,,,,,,,,,,,,,,,,1,1,1,1,1,1,1,1,1,1,1,1,1,1,1,1,1
fft_N96,fft,96,matrix,none_ready,5,0.6989700043360189,none,6.297949722310948,cpu,0.11161497542569164,60.65788727419003,0.11161497542569164,4.071224364536792,0.02741557954848572,91.9239834676272,0.6598700903290584,54245.653029842215,1.9822712330395684,606870.1440664617,5.783095772214259,294912.0,5.469692444399043,2.057800781475361,4.054768237917829,0.0273057183333333,0.0041140316547408,2.746530378810483e-05,91.82845914317704,0.659227345,0.023881081112539,0.0001606863322646,1,,,,,,,,,,,,,,,,,,1,1,1,1,1,1,1,1,1,1,1,1,1,1,1,1,1
fft_N96,fft,96,matrix,none_ready,10,1.0,none,6.290428240711148,cpu,0.11274083013420677,60.810629902780654,0.11274083013420677,4.0917945228104955,0.027552906067426244,92.0433888731899,0.6606735219903814,53838.4265934459,1.9822712330395684,606870.1440664617,5.783095772214259,294912.0,5.469692444399043,2.057800781475361,4.054768237917829,0.0273057183333333,0.0041140316547408,2.746530378810483e-05,91.82845914317704,0.659227345,0.023881081112539,0.0001606863322646,1,,,,,,,,,,,,,,,,,,1,1,1,1,1,1,1,1,1,1,1,1,1,1,1,1,1
fft_N96,fft,96,matrix,none_ready,30,1.4771212547196624,none,6.260806976585159,cpu,0.11730074553286303,61.423519098810374,0.11730074553286303,4.174075155905312,0.02810221214318834,92.52101049544068,0.6638872486356734,52264.13359504346,1.9822712330395684,606870.1440664617,5.783095772214259,294912.0,5.469692444399043,2.057800781475361,4.054768237917829,0.0273057183333333,0.0041140316547408,2.746530378810483e-05,91.82845914317704,0.659227345,0.023881081112539,0.0001606863322646,1,,,,,,,,,,,,,,,,,,1,1,1,1,1,1,1,1,1,1,1,1,1,1,1,1,1
fft_N96,fft,96,matrix,none_ready,100,2.0,none,6.162622532310335,cpu,0.13397230614206526,63.592806673921665,0.13397230614206526,4.462057371737168,0.03002478340835568,94.1926861733184,0.6751352918941954,47367.12847242277,1.9822712330395684,606870.1440664617,5.783095772214259,294912.0,5.469692444399043,2.057800781475361,4.054768237917829,0.0273057183333333,0.0041140316547408,2.746530378810483e-05,91.82845914317704,0.659227345,0.023881081112539,0.0001606863322646,1,,,,,,,,,,,,,,,,,,1,1,1,1,1,1,1,1,1,1,1,1,1,1,1,1,1
fft_N96,fft,96,matrix,none_ready,1000,3.0,none,5.357401812558672,cpu,0.44696394433013026,94.83366511636,0.44696394433013026,8.164685861003889,0.05474355681765003,115.6856591746035,0.8197529909323354,21117.296455195785,1.9822712330395684,606870.1440664617,5.783095772214259,294912.0,5.469692444399043,2.057800781475361,4.054768237917829,0.0273057183333333,0.0041140316547408,2.746530378810483e-05,91.82845914317704,0.659227345,0.023881081112539,0.0001606863322646,1,,,,,,,,,,,,,,,,,,1,1,1,1,1,1,1,1,1,1,1,1,1,1,1,1,1
gemm_N1024,gemm,1024,matrix,cpu_ready,1,0.0,cpu,9.516262069296035,cpu,0.004901112624295574,66.55103093380245,0.004901112624295574,0.9642565868975488,0.0050827888457207,95.14835420543211,0.6994448983333333,1357775.977056693,3.010299956639812,2147483648.0,9.331929865583417,25165824.0,7.40081115499123,85.33333333333333,0.9433243313678108,0.006929945,0.9642565868975488,0.0050827888457207,95.14835420543211,0.6994448983333333,0.5266966252065933,0.0030018306877897,1,0.006784058,0.9834433341982,144.963874748447,6.784058,2.440985196884805,5.492319879475895,0.3444984242753471,0.2368493846095377,37932528240.98784,3003961.5,1.0,,,,,,cpu,0,0,0,0,0,0,0,0,0,0,0,0,1,1,1,1,1
gemm_N1024,gemm,1024,matrix,cpu_ready,2,0.3010299956639812,cpu,8.13977052371015,cpu,0.019604450497182294,67.20662650491184,0.019604450497182294,1.9285131737950976,0.0101655776914414,95.67505083063871,0.702446729021123,342713.11029131524,3.010299956639812,2147483648.0,9.331929865583417,25165824.0,7.40081115499123,85.33333333333333,0.9433243313678108,0.006929945,0.9642565868975488,0.0050827888457207,95.14835420543211,0.6994448983333333,0.5266966252065933,0.0030018306877897,1,0.006784058,0.9834433341982,144.963874748447,6.784058,2.440985196884805,5.492319879475895,0.3444984242753471,0.2368493846095377,37932528240.98784,3003961.5,1.0,,,,,,cpu,0,0,0,0,0,0,0,0,0,0,0,0,1,1,1,1,1
gemm_N1024,gemm,1024,matrix,cpu_ready,3,0.47712125471966244,cpu,7.3385945548626035,cpu,0.044110013618660154,67.86538418420662,0.044110013618660154,2.892769760692646,0.015248366537162099,96.2017474558453,0.7054485597089127,153754.82482711607,3.010299956639812,2147483648.0,9.331929865583417,25165824.0,7.40081115499123,85.33333333333333,0.9433243313678108,0.006929945,0.9642565868975488,0.0050827888457207,95.14835420543211,0.6994448983333333,0.5266966252065933,0.0030018306877897,1,0.006784058,0.9834433341982,144.963874748447,6.784058,2.440985196884805,5.492319879475895,0.3444984242753471,0.2368493846095377,37932528240.98784,3003961.5,1.0,,,,,,cpu,0,0,0,0,0,0,0,0,0,0,0,0,1,1,1,1,1
gemm_N1024,gemm,1024,matrix,cpu_ready,5,0.6989700043360189,cpu,6.336308034341392,cpu,0.12252781560738935,69.1923858673524,0.12252781560738935,4.821282934487744,0.025413944228603498,97.25514070625849,0.7114522210844921,56370.75770049032,3.010299956639812,2147483648.0,9.331929865583417,25165824.0,7.40081115499123,85.33333333333333,0.9433243313678108,0.006929945,0.9642565868975488,0.0050827888457207,95.14835420543211,0.6994448983333333,0.5266966252065933,0.0030018306877897,1,0.006784058,0.9834433341982,144.963874748447,6.784058,2.440985196884805,5.492319879475895,0.3444984242753471,0.2368493846095377,37932528240.98784,3003961.5,1.0,,,,,,cpu,0,0,0,0,0,0,0,0,0,0,0,0,1,1,1,1,1
gemm_N1024,gemm,1024,matrix,cpu_ready,10,1.0,cpu,4.99760868718299,cpu,0.4901112624295574,72.56522696846136,0.4901112624295574,9.642565868975488,0.050827888457206996,99.88862383229146,0.7264613745234406,14705.868081615654,3.010299956639812,2147483648.0,9.331929865583417,25165824.0,7.40081115499123,85.33333333333333,0.9433243313678108,0.006929945,0.9642565868975488,0.0050827888457207,95.14835420543211,0.6994448983333333,0.5266966252065933,0.0030018306877897,1,0.006784058,0.9834433341982,144.963874748447,6.784058,2.440985196884805,5.492319879475895,0.3444984242753471,0.2368493846095377,37932528240.98784,3003961.5,1.0,,,,,,cpu,0,0,0,0,0,0,0,0,0,0,0,0,1,1,1,1,1
gemm_N1024,gemm,1024,matrix,cpu_ready,30,1.4771212547196624,cpu,2.980047583448071,cpu,4.411001361866017,86.84711841924741,4.411001361866017,28.927697606926465,0.152483665371621,110.42255633642333,0.7864979882792347,1868.8753481252127,3.010299956639812,2147483648.0,9.331929865583417,25165824.0,7.40081115499123,85.33333333333333,0.9433243313678108,0.006929945,0.9642565868975488,0.0050827888457207,95.14835420543211,0.6994448983333333,0.5266966252065933,0.0030018306877897,1,0.006784058,0.9834433341982,144.963874748447,6.784058,2.440985196884805,5.492319879475895,0.3444984242753471,0.2368493846095377,37932528240.98784,3003961.5,1.0,,,,,,cpu,0,0,0,0,0,0,0,0,0,0,0,0,1,1,1,1,1
gemm_N1024,gemm,1024,matrix,cpu_ready,100,2.0,cpu,1.0969854886531372,cpu,49.01112624295573,146.7943792810112,49.01112624295573,96.42565868975488,0.5082788845720699,147.29132010088486,0.9966261364245137,199.51235675207457,3.010299956639812,2147483648.0,9.331929865583417,25165824.0,7.40081115499123,85.33333333333333,0.9433243313678108,0.006929945,0.9642565868975488,0.0050827888457207,95.14835420543211,0.6994448983333333,0.5266966252065933,0.0030018306877897,1,0.006784058,0.9834433341982,144.963874748447,6.784058,2.440985196884805,5.492319879475895,0.3444984242753471,0.2368493846095377,37932528240.98784,3003961.5,1.0,,,,,,cpu,0,0,0,0,0,0,0,0,0,0,0,0,1,1,1,1,1
gemm_N1024,gemm,1024,matrix,cpu_ready,1000,3.0,cpu,-0.7575078830088176,gpu,4901.112624295573,2297.8050990025854,2297.8050990025854,964.2565868975488,5.0827888457206996,621.3182827868189,3.698273755435243,113.2954020522895,3.010299956639812,2147483648.0,9.331929865583417,25165824.0,7.40081115499123,85.33333333333333,0.9433243313678108,0.006929945,0.9642565868975488,0.0050827888457207,95.14835420543211,0.6994448983333333,0.5266966252065933,0.0030018306877897,1,0.006784058,0.9834433341982,144.963874748447,6.784058,2.440985196884805,5.492319879475895,0.3444984242753471,0.2368493846095377,37932528240.98784,3003961.5,1.0,,,,,,cpu,0,0,0,0,0,0,0,0,0,0,0,0,1,1,1,1,1
gemm_N1024,gemm,1024,matrix,gpu_ready,1,0.0,gpu,-1.4194149850104432,gpu,0.006537185733540703,0.0015810540927004217,0.0015810540927004217,0.9433243313678108,0.006929945,0.5266966252065933,0.0030018306877897,313.47008705915096,3.010299956639812,2147483648.0,9.331929865583417,25165824.0,7.40081115499123,85.33333333333333,0.9433243313678108,0.006929945,0.9642565868975488,0.0050827888457207,95.14835420543211,0.6994448983333333,0.5266966252065933,0.0030018306877897,1,0.513484098,75.56132014052345,147.1541581031073,102.6968196,,,,,,,,63386.47549982746,0.0,0.0,1410.0,24.308482824720308,gpu,0,0,0,0,0,1,1,1,1,1,1,1,0,0,0,0,0
gemm_N1024,gemm,1024,matrix,gpu_ready,2,0.3010299956639812,gpu,-1.2874170123643378,gpu,0.022915261860297256,0.006324216370801687,0.006324216370801687,1.9075809182653596,0.0120127338457207,1.0533932504131867,0.0060036613755794,262.3415221227229,3.010299956639812,2147483648.0,9.331929865583417,25165824.0,7.40081115499123,85.33333333333333,0.9433243313678108,0.006929945,0.9642565868975488,0.0050827888457207,95.14835420543211,0.6994448983333333,0.5266966252065933,0.0030018306877897,1,0.513484098,75.56132014052345,147.1541581031073,102.6968196,,,,,,,,63386.47549982746,0.0,0.0,1410.0,24.308482824720308,gpu,0,0,0,0,0,1,1,1,1,1,1,1,0,0,0,0,0
gemm_N1024,gemm,1024,matrix,gpu_ready,3,0.47712125471966244,gpu,-1.2384523197080832,gpu,0.04909556323564495,0.014229486834303794,0.014229486834303794,2.871837505162908,0.0170955226914414,1.5800898756197799,0.009005492063369099,245.0269416412658,3.010299956639812,2147483648.0,9.331929865583417,25165824.0,7.40081115499123,85.33333333333333,0.9433243313678108,0.006929945,0.9642565868975488,0.0050827888457207,95.14835420543211,0.6994448983333333,0.5266966252065933,0.0030018306877897,1,0.513484098,75.56132014052345,147.1541581031073,102.6968196,,,,,,,,63386.47549982746,0.0,0.0,1410.0,24.308482824720308,gpu,0,0,0,0,0,1,1,1,1,1,1,1,0,0,0,0,0
gemm_N1024,gemm,1024,matrix,gpu_ready,5,0.6989700043360189,gpu,-1.197182168283101,gpu,0.1308628417321138,0.039526352317510546,0.039526352317510546,4.800350678958006,0.0272611003828828,2.6334831260329667,0.0150091534389485,231.0774560751469,3.010299956639812,2147483648.0,9.331929865583417,25165824.0,7.40081115499123,85.33333333333333,0.9433243313678108,0.006929945,0.9642565868975488,0.0050827888457207,95.14835420543211,0.6994448983333333,0.5266966252065933,0.0030018306877897,1,0.513484098,75.56132014052345,147.1541581031073,102.6968196,,,,,,,,63386.47549982746,0.0,0.0,1410.0,24.308482824720308,gpu,0,0,0,0,0,1,1,1,1,1,1,1,0,0,0,0,0
gemm_N1024,gemm,1024,matrix,gpu_ready,10,1.0,gpu,-1.1648939132958274,gpu,0.5068199798236309,0.15810540927004219,0.15810540927004219,9.621633613445749,0.052675044611486296,5.2669662520659335,0.030018306877897,220.55827954500174,3.010299956639812,2147483648.0,9.331929865583417,25165824.0,7.40081115499123,85.33333333333333,0.9433243313678108,0.006929945,0.9642565868975488,0.0050827888457207,95.14835420543211,0.6994448983333333,0.5266966252065933,0.0030018306877897,1,0.513484098,75.56132014052345,147.1541581031073,102.6968196,,,,,,,,63386.47549982746,0.0,0.0,1410.0,24.308482824720308,gpu,0,0,0,0,0,1,1,1,1,1,1,1,0,0,0,0,0
gemm_N1024,gemm,1024,matrix,gpu_ready,30,1.4771212547196624,gpu,-1.1426876178038325,gpu,4.461204844337486,1.4229486834303797,1.4229486834303797,28.906765351396725,0.15433082152590027,15.8008987561978,0.090054920633691,213.5183226413068,3.010299956639812,2147483648.0,9.331929865583417,25165824.0,7.40081115499123,85.33333333333333,0.9433243313678108,0.006929945,0.9642565868975488,0.0050827888457207,95.14835420543211,0.6994448983333333,0.5266966252065933,0.0030018306877897,1,0.513484098,75.56132014052345,147.1541581031073,102.6968196,,,,,,,,63386.47549982746,0.0,0.0,1410.0,24.308482824720308,gpu,0,0,0,0,0,1,1,1,1,1,1,1,0,0,0,0,0
gemm_N1024,gemm,1024,matrix,gpu_ready,100,2.0,gpu,-1.1347809198290388,gpu,49.178561403198096,15.810540927004217,15.810540927004217,96.40472643422514,0.5101260407263493,52.66966252065933,0.30018306877897,211.0492021130137,3.010299956639812,2147483648.0,9.331929865583417,25165824.0,7.40081115499123,85.33333333333333,0.9433243313678108,0.006929945,0.9642565868975488,0.0050827888457207,95.14835420543211,0.6994448983333333,0.5266966252065933,0.0030018306877897,1,0.513484098,75.56132014052345,147.1541581031073,102.6968196,,,,,,,,63386.47549982746,0.0,0.0,1410.0,24.308482824720308,gpu,0,0,0,0,0,1,1,1,1,1,1,1,0,0,0,0,0
gemm_N1024,gemm,1024,matrix,gpu_ready,1000,3.0,gpu,-1.1317121131227552,gpu,4902.7873238842985,1581.054092700422,1581.054092700422,964.235654642019,5.084636001874979,526.6966252065934,3.0018306877897,210.09611540300904,3.010299956639812,2147483648.0,9.331929865583417,25165824.0,7.40081115499123,85.33333333333333,0.9433243313678108,0.006929945,0.9642565868975488,0.0050827888457207,95.14835420543211,0.6994448983333333,0.5266966252065933,0.0030018306877897,1,0.513484098,75.56132014052345,147.1541581031073,102.6968196,,,,,,,,63386.47549982746,0.0,0.0,1410.0,24.308482824720308,gpu,0,0,0,0,0,1,1,1,1,1,1,1,0,0,0,0,0
gemm_N1024,gemm,1024,matrix,none_ready,1,0.0,none,9.228217557935512,cpu,0.006537185733540703,66.55103093380245,0.006537185733540703,0.9433243313678108,0.006929945,95.14835420543211,0.6994448983333333,1017937.9393589105,3.010299956639812,2147483648.0,9.331929865583417,25165824.0,7.40081115499123,85.33333333333333,0.9433243313678108,0.006929945,0.9642565868975488,0.0050827888457207,95.14835420543211,0.6994448983333333,0.5266966252065933,0.0030018306877897,1,,,,,,,,,,,,,,,,,,1,1,1,1,1,1,1,1,1,1,1,1,1,1,1,1,1
gemm_N1024,gemm,1024,matrix,none_ready,2,0.3010299956639812,none,7.9837239849957315,cpu,0.022915261860297256,67.20662650491184,0.022915261860297256,1.9075809182653596,0.0120127338457207,95.67505083063871,0.702446729021123,293183.2577460236,3.010299956639812,2147483648.0,9.331929865583417,25165824.0,7.40081115499123,85.33333333333333,0.9433243313678108,0.006929945,0.9642565868975488,0.0050827888457207,95.14835420543211,0.6994448983333333,0.5266966252065933,0.0030018306877897,1,,,,,,,,,,,,,,,,,,1,1,1,1,1,1,1,1,1,1,1,1,1,1,1,1,1
gemm_N1024,gemm,1024,matrix,none_ready,3,0.47712125471966244,none,7.2315127088044395,cpu,0.04909556323564495,67.86538418420662,0.04909556323564495,2.871837505162908,0.0170955226914414,96.2017474558453,0.7054485597089127,138131.1958790895,3.010299956639812,2147483648.0,9.331929865583417,25165824.0,7.40081115499123,85.33333333333333,0.9433243313678108,0.006929945,0.9642565868975488,0.0050827888457207,95.14835420543211,0.6994448983333333,0.5266966252065933,0.0030018306877897,1,,,,,,,,,,,,,,,,,,1,1,1,1,1,1,1,1,1,1,1,1,1,1,1,1,1
gemm_N1024,gemm,1024,matrix,none_ready,5,0.6989700043360189,none,6.2704963397082105,cpu,0.1308628417321138,69.1923858673524,0.1308628417321138,4.800350678958006,0.0272611003828828,97.25514070625849,0.7114522210844921,52773.974729201196,3.010299956639812,2147483648.0,9.331929865583417,25165824.0,7.40081115499123,85.33333333333333,0.9433243313678108,0.006929945,0.9642565868975488,0.0050827888457207,95.14835420543211,0.6994448983333333,0.5266966252065933,0.0030018306877897,1,,,,,,,,,,,,,,,,,,1,1,1,1,1,1,1,1,1,1,1,1,1,1,1,1,1
gemm_N1024,gemm,1024,matrix,none_ready,10,1.0,none,4.964085247537082,cpu,0.5068199798236309,72.56522696846136,0.5068199798236309,9.621633613445749,0.052675044611486296,99.88862383229146,0.7264613745234406,14217.751836404208,3.010299956639812,2147483648.0,9.331929865583417,25165824.0,7.40081115499123,85.33333333333333,0.9433243313678108,0.006929945,0.9642565868975488,0.0050827888457207,95.14835420543211,0.6994448983333333,0.5266966252065933,0.0030018306877897,1,,,,,,,,,,,,,,,,,,1,1,1,1,1,1,1,1,1,1,1,1,1,1,1,1,1
gemm_N1024,gemm,1024,matrix,none_ready,30,1.4771212547196624,none,2.9687304392941583,cpu,4.461204844337486,86.84711841924741,4.461204844337486,28.906765351396725,0.15433082152590027,110.42255633642333,0.7864979882792347,1846.7189122570921,3.010299956639812,2147483648.0,9.331929865583417,25165824.0,7.40081115499123,85.33333333333333,0.9433243313678108,0.006929945,0.9642565868975488,0.0050827888457207,95.14835420543211,0.6994448983333333,0.5266966252065933,0.0030018306877897,1,,,,,,,,,,,,,,,,,,1,1,1,1,1,1,1,1,1,1,1,1,1,1,1,1,1
gemm_N1024,gemm,1024,matrix,none_ready,100,2.0,none,1.0935750424740183,cpu,49.178561403198096,146.7943792810112,49.178561403198096,96.40472643422514,0.5101260407263493,147.29132010088486,0.9966261364245137,198.49262583647905,3.010299956639812,2147483648.0,9.331929865583417,25165824.0,7.40081115499123,85.33333333333333,0.9433243313678108,0.006929945,0.9642565868975488,0.0050827888457207,95.14835420543211,0.6994448983333333,0.5266966252065933,0.0030018306877897,1,,,,,,,,,,,,,,,,,,1,1,1,1,1,1,1,1,1,1,1,1,1,1,1,1,1
gemm_N1024,gemm,1024,matrix,none_ready,1000,3.0,none,-0.757849522481653,gpu,4902.7873238842985,2297.8050990025854,2297.8050990025854,964.235654642019,5.084636001874979,621.3182827868189,3.698273755435243,113.36828463007872,3.010299956639812,2147483648.0,9.331929865583417,25165824.0,7.40081115499123,85.33333333333333,0.9433243313678108,0.006929945,0.9642565868975488,0.0050827888457207,95.14835420543211,0.6994448983333333,0.5266966252065933,0.0030018306877897,1,,,,,,,,,,,,,,,,,,1,1,1,1,1,1,1,1,1,1,1,1,1,1,1,1,1
gemm_N128,gemm,128,matrix,cpu_ready,1,0.0,cpu,19.571791722881,cpu,2.08254446274733e-07,65.84388210956838,2.08254446274733e-07,0.0057648055611538,3.612514664467743e-05,95.58364287191291,0.6888614006666667,31617035352.249577,2.1072099696478683,4194304.0,6.622659904607587,393216.0,5.594631181007343,10.666666666666666,0.1308150225732222,0.0014130616666666,0.0057648055611538,3.612514664467743e-05,95.58364287191291,0.6888614006666667,0.0173817993889038,0.0001177006447638,1,0.001285012,0.091232407581639,70.99731954381672,1.285012,2.1133902200762464,0.195407381060216,0.012890169427509,0.32924452033268,14384834925.538342,2739443.5,1.0,,,,,,cpu,0,0,0,0,0,0,0,0,0,0,0,0,1,1,1,1,1
gemm_N128,gemm,128,matrix,cpu_ready,2,0.3010299956639812,cpu,18.185850042325235,cpu,8.33017785098932e-07,65.86710806248541,8.33017785098932e-07,0.0115296111223076,7.225029328935486e-05,95.60102467130181,0.6889791013114305,7907046933.175027,2.1072099696478683,4194304.0,6.622659904607587,393216.0,5.594631181007343,10.666666666666666,0.1308150225732222,0.0014130616666666,0.0057648055611538,3.612514664467743e-05,95.58364287191291,0.6888614006666667,0.0173817993889038,0.0001177006447638,1,0.001285012,0.091232407581639,70.99731954381672,1.285012,2.1133902200762464,0.195407381060216,0.012890169427509,0.32924452033268,14384834925.538342,2739443.5,1.0,,,,,,cpu,0,0,0,0,0,0,0,0,0,0,0,0,1,1,1,1,1
gemm_N128,gemm,128,matrix,cpu_ready,3,0.47712125471966244,cpu,17.37527244443191,cpu,1.8742900164725965e-06,65.89033810710045,1.8742900164725965e-06,0.0172944166834614,0.00010837543993403228,95.61840647069072,0.6890968019561943,3515482430.8788495,2.1072099696478683,4194304.0,6.622659904607587,393216.0,5.594631181007343,10.666666666666666,0.1308150225732222,0.0014130616666666,0.0057648055611538,3.612514664467743e-05,95.58364287191291,0.6888614006666667,0.0173817993889038,0.0001177006447638,1,0.001285012,0.091232407581639,70.99731954381672,1.285012,2.1133902200762464,0.195407381060216,0.012890169427509,0.32924452033268,14384834925.538342,2739443.5,1.0,,,,,,cpu,0,0,0,0,0,0,0,0,0,0,0,0,1,1,1,1,1
gemm_N128,gemm,128,matrix,cpu_ready,5,0.6989700043360189,cpu,16.354326246910496,cpu,5.206361156868326e-06,65.93681047142448,5.206361156868326e-06,0.028824027805769002,0.00018062573322338716,95.65317006946853,0.6893322032457219,1266466218.5042293,2.1072099696478683,4194304.0,6.622659904607587,393216.0,5.594631181007343,10.666666666666666,0.1308150225732222,0.0014130616666666,0.0057648055611538,3.612514664467743e-05,95.58364287191291,0.6888614006666667,0.0173817993889038,0.0001177006447638,1,0.001285012,0.091232407581639,70.99731954381672,1.285012,2.1133902200762464,0.195407381060216,0.012890169427509,0.32924452033268,14384834925.538342,2739443.5,1.0,,,,,,cpu,0,0,0,0,0,0,0,0,0,0,0,0,1,1,1,1,1
gemm_N128,gemm,128,matrix,cpu_ready,10,1.0,cpu,14.969793423134947,cpu,2.0825444627473302e-05,66.05306298694939,2.0825444627473302e-05,0.057648055611538004,0.0003612514664467743,95.74007906641305,0.6899207064695408,317174703.07628584,2.1072099696478683,4194304.0,6.622659904607587,393216.0,5.594631181007343,10.666666666666666,0.1308150225732222,0.0014130616666666,0.0057648055611538,3.612514664467743e-05,95.58364287191291,0.6888614006666667,0.0173817993889038,0.0001177006447638,1,0.001285012,0.091232407581639,70.99731954381672,1.285012,2.1133902200762464,0.195407381060216,0.012890169427509,0.32924452033268,14384834925.538342,2739443.5,1.0,,,,,,cpu,0,0,0,0,0,0,0,0,0,0,0,0,1,1,1,1,1
gemm_N128,gemm,128,matrix,cpu_ready,30,1.4771212547196624,cpu,12.779599506081016,cpu,0.0001874290016472597,66.51909597354665,0.0001874290016472597,0.172944166834614,0.0010837543993403229,96.08771505419112,0.6922747193648169,35490189.86385747,2.1072099696478683,4194304.0,6.622659904607587,393216.0,5.594631181007343,10.666666666666666,0.1308150225732222,0.0014130616666666,0.0057648055611538,3.612514664467743e-05,95.58364287191291,0.6888614006666667,0.0173817993889038,0.0001177006447638,1,0.001285012,0.091232407581639,70.99731954381672,1.285012,2.1133902200762464,0.195407381060216,0.012890169427509,0.32924452033268,14384834925.538342,2739443.5,1.0,,,,,,cpu,0,0,0,0,0,0,0,0,0,0,0,0,1,1,1,1,1
gemm_N128,gemm,128,matrix,cpu_ready,100,2.0,cpu,10.39606820023864,cpu,0.0020825444627473296,68.163100275307,0.0020825444627473296,0.57648055611538,0.003612514664467743,97.3044410114144,0.7005137644982828,3272968.1862794436,2.1072099696478683,4194304.0,6.622659904607587,393216.0,5.594631181007343,10.666666666666666,0.1308150225732222,0.0014130616666666,0.0057648055611538,3.612514664467743e-05,95.58364287191291,0.6888614006666667,0.0173817993889038,0.0001177006447638,1,0.001285012,0.091232407581639,70.99731954381672,1.285012,2.1133902200762464,0.195407381060216,0.012890169427509,0.32924452033268,14384834925.538342,2739443.5,1.0,,,,,,cpu,0,0,0,0,0,0,0,0,0,0,0,0,1,1,1,1,1
gemm_N128,gemm,128,matrix,cpu_ready,1000,3.0,cpu,6.0808023264911775,cpu,0.208254446274733,91.0863246136321,0.208254446274733,5.7648055611538,0.03612514664467743,112.94806046142781,0.8064443447857028,43637.997552027955,2.1072099696478683,4194304.0,6.622659904607587,393216.0,5.594631181007343,10.666666666666666,0.1308150225732222,0.0014130616666666,0.0057648055611538,3.612514664467743e-05,95.58364287191291,0.6888614006666667,0.0173817993889038,0.0001177006447638,1,0.001285012,0.091232407581639,70.99731954381672,1.285012,2.1133902200762464,0.195407381060216,0.012890169427509,0.32924452033268,14384834925.538342,2739443.5,1.0,,,,,,cpu,0,0,0,0,0,0,0,0,0,0,0,0,1,1,1,1,1
gemm_N128,gemm,128,matrix,gpu_ready,1,0.0,gpu,-4.503730169091622,gpu,0.00018484969382234623,2.045848995229002e-06,2.045848995229002e-06,0.1308150225732222,0.0014130616666666,0.0173817993889038,0.0001177006447638,8935.353745727216,2.1072099696478683,4194304.0,6.622659904607587,393216.0,5.594631181007343,10.666666666666666,0.1308150225732222,0.0014130616666666,0.0057648055611538,3.612514664467743e-05,95.58364287191291,0.6888614006666667,0.0173817993889038,0.0001177006447638,1,0.520755173,75.8679137511092,145.6882575242497,104.1510346,,,,,,,,61148.45034233006,0.0,0.0,1410.0,21.879303708808283,gpu,0,0,0,0,0,1,1,1,1,1,1,1,0,0,0,0,0
gemm_N128,gemm,128,matrix,gpu_ready,2,0.3010299956639812,gpu,-3.1858046248376297,gpu,0.0001979296858966583,8.183395980916008e-06,8.183395980916008e-06,0.136579828134376,0.0014491868133112774,0.0347635987778076,0.0002354012895276,2318.674183165985,2.1072099696478683,4194304.0,6.622659904607587,393216.0,5.594631181007343,10.666666666666666,0.1308150225732222,0.0014130616666666,0.0057648055611538,3.612514664467743e-05,95.58364287191291,0.6888614006666667,0.0173817993889038,0.0001177006447638,1,0.520755173,75.8679137511092,145.6882575242497,104.1510346,,,,,,,,61148.45034233006,0.0,0.0,1410.0,21.879303708808283,gpu,0,0,0,0,0,1,1,1,1,1,1,1,0,0,0,0,0
gemm_N128,gemm,128,matrix,gpu_ready,3,0.47712125471966244,gpu,-2.4408385020224994,gpu,0.00021142618686351982,1.841264095706102e-05,1.841264095706102e-05,0.1423446336955298,0.0014853119599559548,0.052145398166711404,0.0003531019342914,1048.2664945054528,2.1072099696478683,4194304.0,6.622659904607587,393216.0,5.594631181007343,10.666666666666666,0.1308150225732222,0.0014130616666666,0.0057648055611538,3.612514664467743e-05,95.58364287191291,0.6888614006666667,0.0173817993889038,0.0001177006447638,1,0.520755173,75.8679137511092,145.6882575242497,104.1510346,,,,,,,,61148.45034233006,0.0,0.0,1410.0,21.879303708808283,gpu,0,0,0,0,0,1,1,1,1,1,1,1,0,0,0,0,0
gemm_N128,gemm,128,matrix,gpu_ready,5,0.6989700043360189,gpu,-1.5445689327898418,gpu,0.00023966871547489123,5.114622488072506e-05,5.114622488072506e-05,0.1538742448178374,0.0015575622532453097,0.086908996944519,0.000588503223819,368.5951231665832,2.1072099696478683,4194304.0,6.622659904607587,393216.0,5.594631181007343,10.666666666666666,0.1308150225732222,0.0014130616666666,0.0057648055611538,3.612514664467743e-05,95.58364287191291,0.6888614006666667,0.0173817993889038,0.0001177006447638,1,0.520755173,75.8679137511092,145.6882575242497,104.1510346,,,,,,,,61148.45034233006,0.0,0.0,1410.0,21.879303708808283,gpu,0,0,0,0,0,1,1,1,1,1,1,1,0,0,0,0,0
gemm_N128,gemm,128,matrix,gpu_ready,10,1.0,gpu,-0.439696146223263,gpu,0.0003175639426229354,0.00020458489952290024,0.00020458489952290024,0.18269827262360638,0.0017381879864686969,0.173817993889038,0.001177006447638,55.223549423005615,2.1072099696478683,4194304.0,6.622659904607587,393216.0,5.594631181007343,10.666666666666666,0.1308150225732222,0.0014130616666666,0.0057648055611538,3.612514664467743e-05,95.58364287191291,0.6888614006666667,0.0173817993889038,0.0001177006447638,1,0.520755173,75.8679137511092,145.6882575242497,104.1510346,,,,,,,,61148.45034233006,0.0,0.0,1410.0,21.879303708808283,gpu,0,0,0,0,0,1,1,1,1,1,1,1,0,0,0,0,0
gemm_N128,gemm,128,matrix,gpu_ready,30,1.4771212547196624,gpu,0.9206908110414566,cpu,0.0007332720743524788,0.001841264095706102,0.0007332720743524788,0.2979943838466824,0.0024606909193622454,0.521453981667114,0.003531019342914,151.1024434323431,2.1072099696478683,4194304.0,6.622659904607587,393216.0,5.594631181007343,10.666666666666666,0.1308150225732222,0.0014130616666666,0.0057648055611538,3.612514664467743e-05,95.58364287191291,0.6888614006666667,0.0173817993889038,0.0001177006447638,1,0.520755173,75.8679137511092,145.6882575242497,104.1510346,,,,,,,,61148.45034233006,0.0,0.0,1410.0,21.879303708808283,gpu,0,0,0,0,0,1,1,1,1,1,1,1,0,0,0,0,0
gemm_N128,gemm,128,matrix,gpu_ready,100,2.0,gpu,1.7655625450728683,cpu,0.0035002535469366982,0.020458489952290024,0.0035002535469366982,0.7015307731274484,0.0049894511844896655,1.7381799388903802,0.01177006447638,484.48594303102965,2.1072099696478683,4194304.0,6.622659904607587,393216.0,5.594631181007343,10.666666666666666,0.1308150225732222,0.0014130616666666,0.0057648055611538,3.612514664467743e-05,95.58364287191291,0.6888614006666667,0.0173817993889038,0.0001177006447638,1,0.520755173,75.8679137511092,145.6882575242497,104.1510346,,,,,,,,61148.45034233006,0.0,0.0,1410.0,21.879303708808283,gpu,0,0,0,0,0,1,1,1,1,1,1,1,0,0,0,0,0
gemm_N128,gemm,128,matrix,gpu_ready,1000,3.0,gpu,2.2259401449387832,cpu,0.2208818612208614,2.045848995229002,0.2208818612208614,5.8898557781658685,0.03750208316469935,17.3817993889038,0.1177006447638,826.2186509662479,2.1072099696478683,4194304.0,6.622659904607587,393216.0,5.594631181007343,10.666666666666666,0.1308150225732222,0.0014130616666666,0.0057648055611538,3.612514664467743e-05,95.58364287191291,0.6888614006666667,0.0173817993889038,0.0001177006447638,1,0.520755173,75.8679137511092,145.6882575242497,104.1510346,,,,,,,,61148.45034233006,0.0,0.0,1410.0,21.879303708808283,gpu,0,0,0,0,0,1,1,1,1,1,1,1,0,0,0,0,0
gemm_N128,gemm,128,matrix,none_ready,1,0.0,none,12.783254046352942,cpu,0.00018484969382234623,65.84388210956838,0.00018484969382234623,0.1308150225732222,0.0014130616666666,95.58364287191291,0.6888614006666667,35620127.84460171,2.1072099696478683,4194304.0,6.622659904607587,393216.0,5.594631181007343,10.666666666666666,0.1308150225732222,0.0014130616666666,0.0057648055611538,3.612514664467743e-05,95.58364287191291,0.6888614006666667,0.0173817993889038,0.0001177006447638,1,,,,,,,,,,,,,,,,,,1,1,1,1,1,1,1,1,1,1,1,1,1,1,1,1,1
gemm_N128,gemm,128,matrix,none_ready,2,0.3010299956639812,none,12.71523791005117,cpu,0.0001979296858966583,65.86710806248541,0.0001979296858966583,0.136579828134376,0.0014491868133112774,95.60102467130181,0.6889791013114305,33277933.9462952,2.1072099696478683,4194304.0,6.622659904607587,393216.0,5.594631181007343,10.666666666666666,0.1308150225732222,0.0014130616666666,0.0057648055611538,3.612514664467743e-05,95.58364287191291,0.6888614006666667,0.0173817993889038,0.0001177006447638,1,,,,,,,,,,,,,,,,,,1,1,1,1,1,1,1,1,1,1,1,1,1,1,1,1,1
gemm_N128,gemm,128,matrix,none_ready,3,0.47712125471966244,none,12.649626434972975,cpu,0.00021142618686351982,65.89033810710045,0.00021142618686351982,0.1423446336955298,0.0014853119599559548,95.61840647069072,0.6890968019561943,31164600.591055017,2.1072099696478683,4194304.0,6.622659904607587,393216.0,5.594631181007343,10.666666666666666,0.1308150225732222,0.0014130616666666,0.0057648055611538,3.612514664467743e-05,95.58364287191291,0.6888614006666667,0.0173817993889038,0.0001177006447638,1,,,,,,,,,,,,,,,,,,1,1,1,1,1,1,1,1,1,1,1,1,1,1,1,1,1
gemm_N128,gemm,128,matrix,none_ready,5,0.6989700043360189,none,12.524949806684218,cpu,0.00023966871547489123,65.93681047142448,0.00023966871547489123,0.1538742448178374,0.0015575622532453097,95.65317006946853,0.6893322032457219,27511546.791603185,2.1072099696478683,4194304.0,6.622659904607587,393216.0,5.594631181007343,10.666666666666666,0.1308150225732222,0.0014130616666666,0.0057648055611538,3.612514664467743e-05,95.58364287191291,0.6888614006666667,0.0173817993889038,0.0001177006447638,1,,,,,,,,,,,,,,,,,,1,1,1,1,1,1,1,1,1,1,1,1,1,1,1,1,1
gemm_N128,gemm,128,matrix,none_ready,10,1.0,none,12.24528976947525,cpu,0.0003175639426229354,66.05306298694939,0.0003175639426229354,0.18269827262360638,0.0017381879864686969,95.74007906641305,0.6899207064695408,20799825.34460329,2.1072099696478683,4194304.0,6.622659904607587,393216.0,5.594631181007343,10.666666666666666,0.1308150225732222,0.0014130616666666,0.0057648055611538,3.612514664467743e-05,95.58364287191291,0.6888614006666667,0.0173817993889038,0.0001177006447638,1,,,,,,,,,,,,,,,,,,1,1,1,1,1,1,1,1,1,1,1,1,1,1,1,1,1
gemm_N128,gemm,128,matrix,none_ready,30,1.4771212547196624,none,11.415482809686038,cpu,0.0007332720743524788,66.51909597354665,0.0007332720743524788,0.2979943838466824,0.0024606909193622454,96.08771505419112,0.6922747193648169,9071443.605732813,2.1072099696478683,4194304.0,6.622659904607587,393216.0,5.594631181007343,10.666666666666666,0.1308150225732222,0.0014130616666666,0.0057648055611538,3.612514664467743e-05,95.58364287191291,0.6888614006666667,0.0173817993889038,0.0001177006447638,1,,,,,,,,,,,,,,,,,,1,1,1,1,1,1,1,1,1,1,1,1,1,1,1,1,1
gemm_N128,gemm,128,matrix,none_ready,100,2.0,none,9.876823237875072,cpu,0.0035002535469366982,68.163100275307,0.0035002535469366982,0.7015307731274484,0.0049894511844896655,97.3044410114144,0.7005137644982828,1947276.0789403673,2.1072099696478683,4194304.0,6.622659904607587,393216.0,5.594631181007343,10.666666666666666,0.1308150225732222,0.0014130616666666,0.0057648055611538,3.612514664467743e-05,95.58364287191291,0.6888614006666667,0.0173817993889038,0.0001177006447638,1,,,,,,,,,,,,,,,,,,1,1,1,1,1,1,1,1,1,1,1,1,1,1,1,1,1
gemm_N128,gemm,128,matrix,none_ready,1000,3.0,none,6.021934963993525,cpu,0.2208818612208614,91.0863246136321,0.2208818612208614,5.8898557781658685,0.03750208316469935,112.94806046142781,0.8064443447857028,41137.57564798596,2.1072099696478683,4194304.0,6.622659904607587,393216.0,5.594631181007343,10.666666666666666,0.1308150225732222,0.0014130616666666,0.0057648055611538,3.612514664467743e-05,95.58364287191291,0.6888614006666667,0.0173817993889038,0.0001177006447638,1,,,,,,,,,,,,,,,,,,1,1,1,1,1,1,1,1,1,1,1,1,1,1,1,1,1
gemm_N1536,gemm,1536,matrix,cpu_ready,1,0.0,cpu,6.847421105509514,cpu,0.04638096678665186,43.6653553112316,0.04638096678665186,3.002619780160849,0.0154468331598639,81.48087988272442,0.5358969536666667,94044.98734381322,3.186391215695493,7247757312.0,9.860203642750461,56623104.0,7.752993673102592,128.0,2.994800681905766,0.0171137536666666,3.002619780160849,0.0154468331598639,81.48087988272442,0.5358969536666667,1.1978052876630116,0.0065642464698235,1,0.017425887,3.1577303087173,181.20915788776205,17.425887,2.636602599917752,6.080113628259491,0.4472486133313905,0.2025611052347189,47543300820.2041,2751216.0,1.0,,,,,,cpu,0,0,0,0,0,0,0,0,0,0,0,0,1,1,1,1,1
gemm_N1536,gemm,1536,matrix,cpu_ready,2,0.3010299956639812,cpu,5.487894856792186,cpu,0.18552386714660743,44.8499787832354,0.18552386714660743,6.005239560321698,0.0308936663197278,82.67868517038744,0.5424612001364901,24074.77571648147,3.186391215695493,7247757312.0,9.860203642750461,56623104.0,7.752993673102592,128.0,2.994800681905766,0.0171137536666666,3.002619780160849,0.0154468331598639,81.48087988272442,0.5358969536666667,1.1978052876630116,0.0065642464698235,1,0.017425887,3.1577303087173,181.20915788776205,17.425887,2.636602599917752,6.080113628259491,0.4472486133313905,0.2025611052347189,47543300820.2041,2751216.0,1.0,,,,,,cpu,0,0,0,0,0,0,0,0,0,0,0,0,1,1,1,1,1
gemm_N1536,gemm,1536,matrix,cpu_ready,3,0.47712125471966244,cpu,4.703376402541711,cpu,0.4174287010798667,46.050327633501354,0.4174287010798667,9.007859340482547,0.0463404994795917,83.87649045805044,0.5490254466063137,10931.902577463294,3.186391215695493,7247757312.0,9.860203642750461,56623104.0,7.752993673102592,128.0,2.994800681905766,0.0171137536666666,3.002619780160849,0.0154468331598639,81.48087988272442,0.5358969536666667,1.1978052876630116,0.0065642464698235,1,0.017425887,3.1577303087173,181.20915788776205,17.425887,2.636602599917752,6.080113628259491,0.4472486133313905,0.2025611052347189,47543300820.2041,2751216.0,1.0,,,,,,cpu,0,0,0,0,0,0,0,0,0,0,0,0,1,1,1,1,1
gemm_N1536,gemm,1536,matrix,cpu_ready,5,0.6989700043360189,cpu,3.733516991738432,cpu,1.1595241696662963,48.49820146881973,1.1595241696662963,15.013098900804245,0.07723416579931949,86.27210103337647,0.5621539395459607,4082.5951314820113,3.186391215695493,7247757312.0,9.860203642750461,56623104.0,7.752993673102592,128.0,2.994800681905766,0.0171137536666666,3.002619780160849,0.0154468331598639,81.48087988272442,0.5358969536666667,1.1978052876630116,0.0065642464698235,1,0.017425887,3.1577303087173,181.20915788776205,17.425887,2.636602599917752,6.080113628259491,0.4472486133313905,0.2025611052347189,47543300820.2041,2751216.0,1.0,,,,,,cpu,0,0,0,0,0,0,0,0,0,0,0,0,1,1,1,1,1
gemm_N1536,gemm,1536,matrix,cpu_ready,10,1.0,cpu,2.47108321291088,cpu,4.638096678665185,54.893080176703386,4.638096678665185,30.02619780160849,0.15446833159863899,92.26112747169152,0.5949751718950782,1083.526001715455,3.186391215695493,7247757312.0,9.860203642750461,56623104.0,7.752993673102592,128.0,2.994800681905766,0.0171137536666666,3.002619780160849,0.0154468331598639,81.48087988272442,0.5358969536666667,1.1978052876630116,0.0065642464698235,1,0.017425887,3.1577303087173,181.20915788776205,17.425887,2.636602599917752,6.080113628259491,0.4472486133313905,0.2025611052347189,47543300820.2041,2751216.0,1.0,,,,,,cpu,0,0,0,0,0,0,0,0,0,0,0,0,1,1,1,1,1
gemm_N1536,gemm,1536,matrix,cpu_ready,30,1.4771212547196624,cpu,0.704085417070573,cpu,41.74287010798667,84.40393957377695,41.74287010798667,90.07859340482547,0.463404994795917,116.21723322495177,0.7262601012915482,102.1996555469911,3.186391215695493,7247757312.0,9.860203642750461,56623104.0,7.752993673102592,128.0,2.994800681905766,0.0171137536666666,3.002619780160849,0.0154468331598639,81.48087988272442,0.5358969536666667,1.1978052876630116,0.0065642464698235,1,0.017425887,3.1577303087173,181.20915788776205,17.425887,2.636602599917752,6.080113628259491,0.4472486133313905,0.2025611052347189,47543300820.2041,2751216.0,1.0,,,,,,cpu,0,0,0,0,0,0,0,0,0,0,0,0,1,1,1,1,1
gemm_N1536,gemm,1536,matrix,cpu_ready,100,2.0,cpu,-0.6704572488207383,gpu,463.8096678665185,237.22688898932486,237.22688898932486,300.26197801608487,1.54468331598639,200.0636033613626,1.1857573541791933,95.5131097669918,3.186391215695493,7247757312.0,9.860203642750461,56623104.0,7.752993673102592,128.0,2.994800681905766,0.0171137536666666,3.002619780160849,0.0154468331598639,81.48087988272442,0.5358969536666667,1.1978052876630116,0.0065642464698235,1,0.017425887,3.1577303087173,181.20915788776205,17.425887,2.636602599917752,6.080113628259491,0.4472486133313905,0.2025611052347189,47543300820.2041,2751216.0,1.0,,,,,,cpu,0,0,0,0,0,0,0,0,0,0,0,0,1,1,1,1,1
gemm_N1536,gemm,1536,matrix,cpu_ready,1000,3.0,cpu,-1.6323336482827437,gpu,46380.96678665186,9066.220992905899,9066.220992905899,3002.619780160849,15.4468331598639,1278.088362258073,7.0935791770203425,411.57992754581926,3.186391215695493,7247757312.0,9.860203642750461,56623104.0,7.752993673102592,128.0,2.994800681905766,0.0171137536666666,3.002619780160849,0.0154468331598639,81.48087988272442,0.5358969536666667,1.1978052876630116,0.0065642464698235,1,0.017425887,3.1577303087173,181.20915788776205,17.425887,2.636602599917752,6.080113628259491,0.4472486133313905,0.2025611052347189,47543300820.2041,2751216.0,1.0,,,,,,cpu,0,0,0,0,0,0,0,0,0,0,0,0,1,1,1,1,1
gemm_N1536,gemm,1536,matrix,gpu_ready,1,0.0,gpu,-1.87463145072512,gpu,0.05125228115090044,0.007862689131077846,0.007862689131077846,2.994800681905766,0.0171137536666666,1.1978052876630116,0.0065642464698235,551.8416319974053,3.186391215695493,7247757312.0,9.860203642750461,56623104.0,7.752993673102592,128.0,2.994800681905766,0.0171137536666666,3.002619780160849,0.0154468331598639,81.48087988272442,0.5358969536666667,1.1978052876630116,0.0065642464698235,1,0.521408499,82.28472754130793,157.81240179076548,104.2816998,,,,,,,,62851.05276175984,0.0,0.0,1410.0,23.924549260176136,gpu,0,0,0,0,0,1,1,1,1,1,1,1,0,0,0,0,0
gemm_N1536,gemm,1536,matrix,gpu_ready,2,0.3010299956639812,gpu,-1.8260089800113344,gpu,0.1952795296903307,0.03145075652431138,0.03145075652431138,5.997420462066615,0.0325605868265305,2.3956105753260233,0.013128492939647,520.9056673704491,3.186391215695493,7247757312.0,9.860203642750461,56623104.0,7.752993673102592,128.0,2.994800681905766,0.0171137536666666,3.002619780160849,0.0154468331598639,81.48087988272442,0.5358969536666667,1.1978052876630116,0.0065642464698235,1,0.521408499,82.28472754130793,157.81240179076548,104.2816998,,,,,,,,62851.05276175984,0.0,0.0,1410.0,23.924549260176136,gpu,0,0,0,0,0,1,1,1,1,1,1,1,0,0,0,0,0
gemm_N1536,gemm,1536,matrix,gpu_ready,3,0.47712125471966244,gpu,-1.809231376795339,gpu,0.4320687118030646,0.07076420217970061,0.07076420217970061,9.000040242227463,0.0480074199863944,3.593415862989035,0.0196927394094705,510.5752605051028,3.186391215695493,7247757312.0,9.860203642750461,56623104.0,7.752993673102592,128.0,2.994800681905766,0.0171137536666666,3.002619780160849,0.0154468331598639,81.48087988272442,0.5358969536666667,1.1978052876630116,0.0065642464698235,1,0.521408499,82.28472754130793,157.81240179076548,104.2816998,,,,,,,,62851.05276175984,0.0,0.0,1410.0,23.924549260176136,gpu,0,0,0,0,0,1,1,1,1,1,1,1,0,0,0,0,0
gemm_N1536,gemm,1536,matrix,gpu_ready,5,0.6989700043360189,gpu,-1.7955926204689485,gpu,1.1839328767484436,0.19656722827694614,0.19656722827694614,15.005279802549161,0.07890108630612219,5.989026438315058,0.0328212323491175,502.30430429653563,3.186391215695493,7247757312.0,9.860203642750461,56623104.0,7.752993673102592,128.0,2.994800681905766,0.0171137536666666,3.002619780160849,0.0154468331598639,81.48087988272442,0.5358969536666667,1.1978052876630116,0.0065642464698235,1,0.521408499,82.28472754130793,157.81240179076548,104.2816998,,,,,,,,62851.05276175984,0.0,0.0,1410.0,23.924549260176136,gpu,0,0,0,0,0,1,1,1,1,1,1,1,0,0,0,0,0
gemm_N1536,gemm,1536,matrix,gpu_ready,10,1.0,gpu,-1.78523358727518,gpu,4.686927126644706,0.7862689131077846,0.7862689131077846,30.018378703353406,0.15613525210544169,11.978052876630116,0.065642464698235,496.0972192222746,3.186391215695493,7247757312.0,9.860203642750461,56623104.0,7.752993673102592,128.0,2.994800681905766,0.0171137536666666,3.002619780160849,0.0154468331598639,81.48087988272442,0.5358969536666667,1.1978052876630116,0.0065642464698235,1,0.521408499,82.28472754130793,157.81240179076548,104.2816998,,,,,,,,62851.05276175984,0.0,0.0,1410.0,23.924549260176136,gpu,0,0,0,0,0,1,1,1,1,1,1,1,0,0,0,0,0
gemm_N1536,gemm,1536,matrix,gpu_ready,30,1.4771212547196624,gpu,-1.7782643527843232,gpu,41.88938751955569,7.076420217970061,7.076420217970061,90.07077430657039,0.46507191530271974,35.93415862989035,0.196927394094705,491.9573206404645,3.186391215695493,7247757312.0,9.860203642750461,56623104.0,7.752993673102592,128.0,2.994800681905766,0.0171137536666666,3.002619780160849,0.0154468331598639,81.48087988272442,0.5358969536666667,1.1978052876630116,0.0065642464698235,1,0.521408499,82.28472754130793,157.81240179076548,104.2816998,,,,,,,,62851.05276175984,0.0,0.0,1410.0,23.924549260176136,gpu,0,0,0,0,0,1,1,1,1,1,1,1,0,0,0,0,0
gemm_N1536,gemm,1536,matrix,gpu_ready,100,2.0,gpu,-1.7758130109870496,gpu,464.29808965065075,78.62689131077845,78.62689131077845,300.2541589178298,1.5463502364931927,119.78052876630116,0.6564246469823499,490.50800802422566,3.186391215695493,7247757312.0,9.860203642750461,56623104.0,7.752993673102592,128.0,2.994800681905766,0.0171137536666666,3.002619780160849,0.0154468331598639,81.48087988272442,0.5358969536666667,1.1978052876630116,0.0065642464698235,1,0.521408499,82.28472754130793,157.81240179076548,104.2816998,,,,,,,,62851.05276175984,0.0,0.0,1410.0,23.924549260176136,gpu,0,0,0,0,0,1,1,1,1,1,1,1,0,0,0,0,0
gemm_N1536,gemm,1536,matrix,gpu_ready,1000,3.0,gpu,-1.774865803446576,gpu,46385.85112179752,7862.689131077846,7862.689131077846,3002.6119610625938,15.448500080370703,1197.8052876630115,6.5642464698235,489.94893920521537,3.186391215695493,7247757312.0,9.860203642750461,56623104.0,7.752993673102592,128.0,2.994800681905766,0.0171137536666666,3.002619780160849,0.0154468331598639,81.48087988272442,0.5358969536666667,1.1978052876630116,0.0065642464698235,1,0.521408499,82.28472754130793,157.81240179076548,104.2816998,,,,,,,,62851.05276175984,0.0,0.0,1410.0,23.924549260176136,gpu,0,0,0,0,0,1,1,1,1,1,1,1,0,0,0,0,0
gemm_N1536,gemm,1536,matrix,none_ready,1,0.0,none,6.747550154734303,cpu,0.05125228115090044,43.6653553112316,0.05125228115090044,2.994800681905766,0.0171137536666666,81.48087988272442,0.5358969536666667,85096.90115386102,3.186391215695493,7247757312.0,9.860203642750461,56623104.0,7.752993673102592,128.0,2.994800681905766,0.0171137536666666,3.002619780160849,0.0154468331598639,81.48087988272442,0.5358969536666667,1.1978052876630116,0.0065642464698235,1,,,,,,,,,,,,,,,,,,1,1,1,1,1,1,1,1,1,1,1,1,1,1,1,1,1
gemm_N1536,gemm,1536,matrix,none_ready,2,0.3010299956639812,none,5.436646376730762,cpu,0.1952795296903307,44.8499787832354,0.1952795296903307,5.997420462066615,0.0325605868265305,82.67868517038744,0.5424612001364901,22867.0661611882,3.186391215695493,7247757312.0,9.860203642750461,56623104.0,7.752993673102592,128.0,2.994800681905766,0.0171137536666666,3.002619780160849,0.0154468331598639,81.48087988272442,0.5358969536666667,1.1978052876630116,0.0065642464698235,1,,,,,,,,,,,,,,,,,,1,1,1,1,1,1,1,1,1,1,1,1,1,1,1,1,1
gemm_N1536,gemm,1536,matrix,none_ready,3,0.47712125471966244,none,4.668905525696282,cpu,0.4320687118030646,46.050327633501354,0.4320687118030646,9.000040242227463,0.0480074199863944,83.87649045805044,0.5490254466063137,10558.102837701177,3.186391215695493,7247757312.0,9.860203642750461,56623104.0,7.752993673102592,128.0,2.994800681905766,0.0171137536666666,3.002619780160849,0.0154468331598639,81.48087988272442,0.5358969536666667,1.1978052876630116,0.0065642464698235,1,,,,,,,,,,,,,,,,,,1,1,1,1,1,1,1,1,1,1,1,1,1,1,1,1,1
gemm_N1536,gemm,1536,matrix,none_ready,5,0.6989700043360189,none,3.7126848712193934,cpu,1.1839328767484436,48.49820146881973,1.1839328767484436,15.005279802549161,0.07890108630612219,86.27210103337647,0.5621539395459607,3996.364111622216,3.186391215695493,7247757312.0,9.860203642750461,56623104.0,7.752993673102592,128.0,2.994800681905766,0.0171137536666666,3.002619780160849,0.0154468331598639,81.48087988272442,0.5358969536666667,1.1978052876630116,0.0065642464698235,1,,,,,,,,,,,,,,,,,,1,1,1,1,1,1,1,1,1,1,1,1,1,1,1,1,1
gemm_N1536,gemm,1536,matrix,none_ready,10,1.0,none,2.46061012558561,cpu,4.686927126644706,54.893080176703386,4.686927126644706,30.018378703353406,0.15613525210544169,92.26112747169152,0.5949751718950782,1071.1955123996229,3.186391215695493,7247757312.0,9.860203642750461,56623104.0,7.752993673102592,128.0,2.994800681905766,0.0171137536666666,3.002619780160849,0.0154468331598639,81.48087988272442,0.5358969536666667,1.1978052876630116,0.0065642464698235,1,,,,,,,,,,,,,,,,,,1,1,1,1,1,1,1,1,1,1,1,1,1,1,1,1,1
gemm_N1536,gemm,1536,matrix,none_ready,30,1.4771212547196624,none,0.7005815642361596,cpu,41.88938751955569,84.40393957377695,41.88938751955569,90.07077430657039,0.46507191530271974,116.21723322495177,0.7262601012915482,101.49241746342965,3.186391215695493,7247757312.0,9.860203642750461,56623104.0,7.752993673102592,128.0,2.994800681905766,0.0171137536666666,3.002619780160849,0.0154468331598639,81.48087988272442,0.5358969536666667,1.1978052876630116,0.0065642464698235,1,,,,,,,,,,,,,,,,,,1,1,1,1,1,1,1,1,1,1,1,1,1,1,1,1,1
gemm_N1536,gemm,1536,matrix,none_ready,100,2.0,none,-0.6715097598578779,gpu,464.29808965065075,237.22688898932486,237.22688898932486,300.2541589178298,1.5463502364931927,200.0636033613626,1.1857573541791933,95.718997803636,3.186391215695493,7247757312.0,9.860203642750461,56623104.0,7.752993673102592,128.0,2.994800681905766,0.0171137536666666,3.002619780160849,0.0154468331598639,81.48087988272442,0.5358969536666667,1.1978052876630116,0.0065642464698235,1,,,,,,,,,,,,,,,,,,1,1,1,1,1,1,1,1,1,1,1,1,1,1,1,1,1
gemm_N1536,gemm,1536,matrix,none_ready,1000,3.0,none,-1.6324389517794098,gpu,46385.85112179752,9066.220992905899,9066.220992905899,3002.6119610625938,15.448500080370703,1278.088362258073,7.0935791770203425,411.6338015375241,3.186391215695493,7247757312.0,9.860203642750461,56623104.0,7.752993673102592,128.0,2.994800681905766,0.0171137536666666,3.002619780160849,0.0154468331598639,81.48087988272442,0.5358969536666667,1.1978052876630116,0.0065642464698235,1,,,,,,,,,,,,,,,,,,1,1,1,1,1,1,1,1,1,1,1,1,1,1,1,1,1
gemm_N192,gemm,192,matrix,cpu_ready,1,0.0,cpu,18.365585814812395,cpu,6.287222464412223e-07,59.50197810473794,6.287222464412223e-07,0.0103431638652697,6.078625985539564e-05,91.983575102541,0.6468761193333333,9463952931.969042,2.2833012287035497,14155776.0,7.15093368177463,884736.0,5.946813699118705,16.0,0.1891072643738411,0.001710639,0.0103431638652697,6.078625985539564e-05,91.983575102541,0.6468761193333333,0.0484370550499098,0.0003124012383401,1,0.001645562,0.095772202186974,58.20030007193531,1.645562,1.784201188044615,0.642649384935044,0.0302597821839373,0.3914379582513174,8899881659.908453,2597231.0,1.0,,,,,,cpu,0,0,0,0,0,0,0,0,0,0,0,0,1,1,1,1,1
gemm_N192,gemm,192,matrix,cpu_ready,2,0.3010299956639812,cpu,16.980300720536114,cpu,2.5148889857648894e-06,59.56206179350553,2.5148889857648894e-06,0.0206863277305394,0.00012157251971079128,92.03201215759091,0.6471885205716734,2368377276.919883,2.2833012287035497,14155776.0,7.15093368177463,884736.0,5.946813699118705,16.0,0.1891072643738411,0.001710639,0.0103431638652697,6.078625985539564e-05,91.983575102541,0.6468761193333333,0.0484370550499098,0.0003124012383401,1,0.001645562,0.095772202186974,58.20030007193531,1.645562,1.784201188044615,0.642649384935044,0.0302597821839373,0.3914379582513174,8899881659.908453,2597231.0,1.0,,,,,,cpu,0,0,0,0,0,0,0,0,0,0,0,0,1,1,1,1,1
gemm_N192,gemm,192,matrix,cpu_ready,3,0.47712125471966244,cpu,16.170379261160427,cpu,5.658500217971002e-06,59.62217574586506,5.658500217971002e-06,0.031029491595809103,0.00018235877956618692,92.08044921264081,0.6475009218100135,1053674432.9886034,2.2833012287035497,14155776.0,7.15093368177463,884736.0,5.946813699118705,16.0,0.1891072643738411,0.001710639,0.0103431638652697,6.078625985539564e-05,91.983575102541,0.6468761193333333,0.0484370550499098,0.0003124012383401,1,0.001645562,0.095772202186974,58.20030007193531,1.645562,1.784201188044615,0.642649384935044,0.0302597821839373,0.3914379582513174,8899881659.908453,2597231.0,1.0,,,,,,cpu,0,0,0,0,0,0,0,0,0,0,0,0,1,1,1,1,1
gemm_N192,gemm,192,matrix,cpu_ready,5,0.6989700043360189,cpu,15.150743999364527,cpu,1.571805616103056e-05,59.742494441360016,1.571805616103056e-05,0.0517158193263485,0.0003039312992769782,92.17732332274063,0.6481257242866937,380088212.6342194,2.2833012287035497,14155776.0,7.15093368177463,884736.0,5.946813699118705,16.0,0.1891072643738411,0.001710639,0.0103431638652697,6.078625985539564e-05,91.983575102541,0.6468761193333333,0.0484370550499098,0.0003124012383401,1,0.001645562,0.095772202186974,58.20030007193531,1.645562,1.784201188044615,0.642649384935044,0.0302597821839373,0.3914379582513174,8899881659.908453,2597231.0,1.0,,,,,,cpu,0,0,0,0,0,0,0,0,0,0,0,0,1,1,1,1,1
gemm_N192,gemm,192,matrix,cpu_ready,10,1.0,cpu,13.769480713565681,cpu,6.287222464412224e-05,60.04382079295669,6.287222464412224e-05,0.103431638652697,0.0006078625985539564,92.41950859799019,0.6496877304783942,95501245.99630399,2.2833012287035497,14155776.0,7.15093368177463,884736.0,5.946813699118705,16.0,0.1891072643738411,0.001710639,0.0103431638652697,6.078625985539564e-05,91.983575102541,0.6468761193333333,0.0484370550499098,0.0003124012383401,1,0.001645562,0.095772202186974,58.20030007193531,1.645562,1.784201188044615,0.642649384935044,0.0302597821839373,0.3914379582513174,8899881659.908453,2597231.0,1.0,,,,,,cpu,0,0,0,0,0,0,0,0,0,0,0,0,1,1,1,1,1
gemm_N192,gemm,192,matrix,cpu_ready,30,1.4771212547196624,cpu,11.59225459621984,cpu,0.0005658500217971002,61.25669209733291,0.0005658500217971002,0.310294915958091,0.0018235877956618693,93.38824969898837,0.6559357552451962,10825505.679537827,2.2833012287035497,14155776.0,7.15093368177463,884736.0,5.946813699118705,16.0,0.1891072643738411,0.001710639,0.0103431638652697,6.078625985539564e-05,91.983575102541,0.6468761193333333,0.0484370550499098,0.0003124012383401,1,0.001645562,0.095772202186974,58.20030007193531,1.645562,1.784201188044615,0.642649384935044,0.0302597821839373,0.3914379582513174,8899881659.908453,2597231.0,1.0,,,,,,cpu,0,0,0,0,0,0,0,0,0,0,0,0,1,1,1,1,1
gemm_N192,gemm,192,matrix,cpu_ready,100,2.0,cpu,9.252766945841262,cpu,0.006287222464412223,65.5970719773183,0.006287222464412223,1.03431638652697,0.006078625985539564,96.77884355248207,0.6778038419290032,1043239.4451782104,2.2833012287035497,14155776.0,7.15093368177463,884736.0,5.946813699118705,16.0,0.1891072643738411,0.001710639,0.0103431638652697,6.078625985539564e-05,91.983575102541,0.6468761193333333,0.0484370550499098,0.0003124012383401,1,0.001645562,0.095772202186974,58.20030007193531,1.645562,1.784201188044615,0.642649384935044,0.0302597821839373,0.3914379582513174,8899881659.908453,2597231.0,1.0,,,,,,cpu,0,0,0,0,0,0,0,0,0,0,0,0,1,1,1,1,1
gemm_N192,gemm,192,matrix,cpu_ready,1000,3.0,cpu,5.366462369961652,cpu,0.6287222464412223,134.61201403834755,0.6287222464412223,10.3431638652697,0.06078625985539564,140.3721930974009,0.9589649564350933,21310.410527112166,2.2833012287035497,14155776.0,7.15093368177463,884736.0,5.946813699118705,16.0,0.1891072643738411,0.001710639,0.0103431638652697,6.078625985539564e-05,91.983575102541,0.6468761193333333,0.0484370550499098,0.0003124012383401,1,0.001645562,0.095772202186974,58.20030007193531,1.645562,1.784201188044615,0.642649384935044,0.0302597821839373,0.3914379582513174,8899881659.908453,2597231.0,1.0,,,,,,cpu,0,0,0,0,0,0,0,0,0,0,0,0,1,1,1,1,1
gemm_N192,gemm,192,matrix,gpu_ready,1,0.0,gpu,-3.062383151426535,gpu,0.0003234942616212031,1.5131795979139415e-05,1.5131795979139415e-05,0.1891072643738411,0.001710639,0.0484370550499098,0.0003124012383401,2037.844457242022,2.2833012287035497,14155776.0,7.15093368177463,884736.0,5.946813699118705,16.0,0.1891072643738411,0.001710639,0.0103431638652697,6.078625985539564e-05,91.983575102541,0.6468761193333333,0.0484370550499098,0.0003124012383401,1,0.515871105,75.77553001020152,146.88849457889586,103.174221,,,,,,,,63705.17768886861,0.0,0.0,1410.0,24.87807968814225,gpu,0,0,0,0,0,1,1,1,1,1,1,1,0,0,0,0,0
gemm_N192,gemm,192,matrix,gpu_ready,2,0.3010299956639812,gpu,-1.7642575945094405,gpu,0.00035331152667173675,6.052718391655766e-05,6.052718391655766e-05,0.1994504282391108,0.0017714252598553955,0.0968741100998196,0.0006248024766802,483.723715213332,2.2833012287035497,14155776.0,7.15093368177463,884736.0,5.946813699118705,16.0,0.1891072643738411,0.001710639,0.0103431638652697,6.078625985539564e-05,91.983575102541,0.6468761193333333,0.0484370550499098,0.0003124012383401,1,0.515871105,75.77553001020152,146.88849457889586,103.174221,,,,,,,,63705.17768886861,0.0,0.0,1410.0,24.87807968814225,gpu,0,0,0,0,0,1,1,1,1,1,1,1,0,0,0,0,0
gemm_N192,gemm,192,matrix,gpu_ready,3,0.47712125471966244,gpu,-1.0376250692896507,gpu,0.0003843862362151528,0.00013618616381225475,0.00013618616381225475,0.2097935921043805,0.0018322115197107912,0.1453111651497294,0.0009372037150203001,182.25057924758414,2.2833012287035497,14155776.0,7.15093368177463,884736.0,5.946813699118705,16.0,0.1891072643738411,0.001710639,0.0103431638652697,6.078625985539564e-05,91.983575102541,0.6468761193333333,0.0484370550499098,0.0003124012383401,1,0.515871105,75.77553001020152,146.88849457889586,103.174221,,,,,,,,63705.17768886861,0.0,0.0,1410.0,24.87807968814225,gpu,0,0,0,0,0,1,1,1,1,1,1,1,0,0,0,0,0
gemm_N192,gemm,192,matrix,gpu_ready,5,0.6989700043360189,gpu,-0.17425771936314022,gpu,0.0004503079887806323,0.0003782948994784854,0.0003782948994784854,0.2304799198349199,0.0019537840394215824,0.242185275249549,0.0015620061917005,19.03623057075938,2.2833012287035497,14155776.0,7.15093368177463,884736.0,5.946813699118705,16.0,0.1891072643738411,0.001710639,0.0103431638652697,6.078625985539564e-05,91.983575102541,0.6468761193333333,0.0484370550499098,0.0003124012383401,1,0.515871105,75.77553001020152,146.88849457889586,103.174221,,,,,,,,63705.17768886861,0.0,0.0,1410.0,24.87807968814225,gpu,0,0,0,0,0,1,1,1,1,1,1,1,0,0,0,0,0
gemm_N192,gemm,192,matrix,gpu_ready,10,1.0,gpu,0.8650140793819565,cpu,0.0006371176488197738,0.0015131795979139416,0.0006371176488197738,0.2821957391612684,0.002257715338698561,0.484370550499098,0.003124012383401,137.5039524830344,2.2833012287035497,14155776.0,7.15093368177463,884736.0,5.946813699118705,16.0,0.1891072643738411,0.001710639,0.0103431638652697,6.078625985539564e-05,91.983575102541,0.6468761193333333,0.0484370550499098,0.0003124012383401,1,0.515871105,75.77553001020152,146.88849457889586,103.174221,,,,,,,,63705.17768886861,0.0,0.0,1410.0,24.87807968814225,gpu,0,0,0,0,0,1,1,1,1,1,1,1,0,0,0,0,0
gemm_N192,gemm,192,matrix,gpu_ready,30,1.4771212547196624,gpu,2.0815642053816337,cpu,0.0016987174121969506,0.013618616381225475,0.0016987174121969506,0.4890590164666624,0.0034734405358064734,1.453111651497294,0.009372037150203,701.6999345178033,2.2833012287035497,14155776.0,7.15093368177463,884736.0,5.946813699118705,16.0,0.1891072643738411,0.001710639,0.0103431638652697,6.078625985539564e-05,91.983575102541,0.6468761193333333,0.0484370550499098,0.0003124012383401,1,0.515871105,75.77553001020152,146.88849457889586,103.174221,,,,,,,,63705.17768886861,0.0,0.0,1410.0,24.87807968814225,gpu,0,0,0,0,0,1,1,1,1,1,1,1,0,0,0,0,0
gemm_N192,gemm,192,matrix,gpu_ready,100,2.0,gpu,2.781308293575982,cpu,0.009375266736596773,0.15131795979139415,0.009375266736596773,1.2130804870355416,0.007728478725684169,4.84370550499098,0.03124012383401,1514.0123160519554,2.2833012287035497,14155776.0,7.15093368177463,884736.0,5.946813699118705,16.0,0.1891072643738411,0.001710639,0.0103431638652697,6.078625985539564e-05,91.983575102541,0.6468761193333333,0.0484370550499098,0.0003124012383401,1,0.515871105,75.77553001020152,146.88849457889586,103.174221,,,,,,,,63705.17768886861,0.0,0.0,1410.0,24.87807968814225,gpu,0,0,0,0,0,1,1,1,1,1,1,1,0,0,0,0,0
gemm_N192,gemm,192,matrix,gpu_ready,1000,3.0,gpu,3.1369482102223816,cpu,0.656948279193496,15.131795979139417,0.656948279193496,10.521927965778273,0.062436112595540244,48.4370550499098,0.31240123834010003,2203.3466192675014,2.2833012287035497,14155776.0,7.15093368177463,884736.0,5.946813699118705,16.0,0.1891072643738411,0.001710639,0.0103431638652697,6.078625985539564e-05,91.983575102541,0.6468761193333333,0.0484370550499098,0.0003124012383401,1,0.515871105,75.77553001020152,146.88849457889586,103.174221,,,,,,,,63705.17768886861,0.0,0.0,1410.0,24.87807968814225,gpu,0,0,0,0,0,1,1,1,1,1,1,1,0,0,0,0,0
gemm_N192,gemm,192,matrix,none_ready,1,0.0,none,12.122338740057167,cpu,0.0003234942616212031,59.50197810473794,0.0003234942616212031,0.1891072643738411,0.001710639,91.983575102541,0.6468761193333333,18393418.88547934,2.2833012287035497,14155776.0,7.15093368177463,884736.0,5.946813699118705,16.0,0.1891072643738411,0.001710639,0.0103431638652697,6.078625985539564e-05,91.983575102541,0.6468761193333333,0.0484370550499098,0.0003124012383401,1,,,,,,,,,,,,,,,,,,1,1,1,1,1,1,1,1,1,1,1,1,1,1,1,1,1
gemm_N192,gemm,192,matrix,none_ready,2,0.3010299956639812,none,12.03517920269798,cpu,0.00035331152667173675,59.56206179350553,0.00035331152667173675,0.1994504282391108,0.0017714252598553955,92.03201215759091,0.6471885205716734,16858127.738730103,2.2833012287035497,14155776.0,7.15093368177463,884736.0,5.946813699118705,16.0,0.1891072643738411,0.001710639,0.0103431638652697,6.078625985539564e-05,91.983575102541,0.6468761193333333,0.0484370550499098,0.0003124012383401,1,,,,,,,,,,,,,,,,,,1,1,1,1,1,1,1,1,1,1,1,1,1,1,1,1,1
gemm_N192,gemm,192,matrix,none_ready,3,0.47712125471966244,none,11.951890268542082,cpu,0.0003843862362151528,59.62217574586506,0.0003843862362151528,0.2097935921043805,0.0018322115197107912,92.08044921264081,0.6475009218100135,15510906.932228627,2.2833012287035497,14155776.0,7.15093368177463,884736.0,5.946813699118705,16.0,0.1891072643738411,0.001710639,0.0103431638652697,6.078625985539564e-05,91.983575102541,0.6468761193333333,0.0484370550499098,0.0003124012383401,1,,,,,,,,,,,,,,,,,,1,1,1,1,1,1,1,1,1,1,1,1,1,1,1,1,1
gemm_N192,gemm,192,matrix,none_ready,5,0.6989700043360189,none,11.795622356672695,cpu,0.0004503079887806323,59.742494441360016,0.0004503079887806323,0.2304799198349199,0.0019537840394215824,92.17732332274063,0.6481257242866937,13266929.661884056,2.2833012287035497,14155776.0,7.15093368177463,884736.0,5.946813699118705,16.0,0.1891072643738411,0.001710639,0.0103431638652697,6.078625985539564e-05,91.983575102541,0.6468761193333333,0.0484370550499098,0.0003124012383401,1,,,,,,,,,,,,,,,,,,1,1,1,1,1,1,1,1,1,1,1,1,1,1,1,1,1
gemm_N192,gemm,192,matrix,none_ready,10,1.0,none,11.453630869618944,cpu,0.0006371176488197738,60.04382079295669,0.0006371176488197738,0.2821957391612684,0.002257715338698561,92.41950859799019,0.6496877304783942,9424190.930283384,2.2833012287035497,14155776.0,7.15093368177463,884736.0,5.946813699118705,16.0,0.1891072643738411,0.001710639,0.0103431638652697,6.078625985539564e-05,91.983575102541,0.6468761193333333,0.0484370550499098,0.0003124012383401,1,,,,,,,,,,,,,,,,,,1,1,1,1,1,1,1,1,1,1,1,1,1,1,1,1,1
gemm_N192,gemm,192,matrix,none_ready,30,1.4771212547196624,none,10.49295487827278,cpu,0.0016987174121969506,61.25669209733291,0.0016987174121969506,0.4890590164666624,0.0034734405358064734,93.38824969898837,0.6559357552451962,3605955.466171366,2.2833012287035497,14155776.0,7.15093368177463,884736.0,5.946813699118705,16.0,0.1891072643738411,0.001710639,0.0103431638652697,6.078625985539564e-05,91.983575102541,0.6468761193333333,0.0484370550499098,0.0003124012383401,1,,,,,,,,,,,,,,,,,,1,1,1,1,1,1,1,1,1,1,1,1,1,1,1,1,1
gemm_N192,gemm,192,matrix,none_ready,100,2.0,none,8.85321131608855,cpu,0.009375266736596773,65.5970719773183,0.009375266736596773,1.2130804870355416,0.007728478725684169,96.77884355248207,0.6778038419290032,699582.1938010274,2.2833012287035497,14155776.0,7.15093368177463,884736.0,5.946813699118705,16.0,0.1891072643738411,0.001710639,0.0103431638652697,6.078625985539564e-05,91.983575102541,0.6468761193333333,0.0484370550499098,0.0003124012383401,1,,,,,,,,,,,,,,,,,,1,1,1,1,1,1,1,1,1,1,1,1,1,1,1,1,1
gemm_N192,gemm,192,matrix,none_ready,1000,3.0,none,5.32254665685534,cpu,0.656948279193496,134.61201403834755,0.656948279193496,10.521927965778273,0.062436112595540244,140.3721930974009,0.9589649564350933,20390.50409319959,2.2833012287035497,14155776.0,7.15093368177463,884736.0,5.946813699118705,16.0,0.1891072643738411,0.001710639,0.0103431638652697,6.078625985539564e-05,91.983575102541,0.6468761193333333,0.0484370550499098,0.0003124012383401,1,,,,,,,,,,,,,,,,,,1,1,1,1,1,1,1,1,1,1,1,1,1,1,1,1,1
gemm_N2048,gemm,2048,matrix,cpu_ready,1,0.0,cpu,5.494078982199432,cpu,0.27121084710100335,65.97133009619628,0.27121084710100335,7.243449705788563,0.0374422213333333,95.81358417859084,0.6885383806666666,24224.738778470568,3.3113299523037933,17179869184.0,10.23501985257536,100663296.0,8.002871146319192,170.66666666666666,7.299330209231911,0.0388603176666666,7.243449705788563,0.0374422213333333,95.81358417859084,0.6885383806666666,2.2358990446546643,0.0117097450207253,1,0.039001631,7.441825878372679,190.8080684721282,39.001631,2.697340396742557,102.7069891771355,0.5480454163280127,0.1962156818894266,50345596878.55019,3158181.666716502,1.0,,,,,,cpu,0,0,0,0,0,0,0,0,0,0,0,0,1,1,1,1,1
gemm_N2048,gemm,2048,matrix,cpu_ready,2,0.3010299956639812,cpu,4.147716106517065,cpu,1.0848433884040134,68.65896685169504,1.0848433884040134,14.486899411577125,0.0748844426666666,98.0494832232455,0.7002481256873919,6228.928911361473,3.3113299523037933,17179869184.0,10.23501985257536,100663296.0,8.002871146319192,170.66666666666666,7.299330209231911,0.0388603176666666,7.243449705788563,0.0374422213333333,95.81358417859084,0.6885383806666666,2.2358990446546643,0.0117097450207253,1,0.039001631,7.441825878372679,190.8080684721282,39.001631,2.697340396742557,102.7069891771355,0.5480454163280127,0.1962156818894266,50345596878.55019,3158181.666716502,1.0,,,,,,cpu,0,0,0,0,0,0,0,0,0,0,0,0,1,1,1,1,1
gemm_N2048,gemm,2048,matrix,cpu_ready,3,0.47712125471966244,cpu,3.375917554265917,cpu,2.4408976239090303,71.39896722260379,2.4408976239090303,21.730349117365687,0.11232666399999991,100.28538226790018,0.7119578707081172,2825.111095329771,3.3113299523037933,17179869184.0,10.23501985257536,100663296.0,8.002871146319192,170.66666666666666,7.299330209231911,0.0388603176666666,7.243449705788563,0.0374422213333333,95.81358417859084,0.6885383806666666,2.2358990446546643,0.0117097450207253,1,0.039001631,7.441825878372679,190.8080684721282,39.001631,2.697340396742557,102.7069891771355,0.5480454163280127,0.1962156818894266,50345596878.55019,3158181.666716502,1.0,,,,,,cpu,0,0,0,0,0,0,0,0,0,0,0,0,1,1,1,1,1
gemm_N2048,gemm,2048,matrix,cpu_ready,5,0.6989700043360189,cpu,2.4302565106418688,cpu,6.7802711775250835,77.0360588106512,6.7802711775250835,36.21724852894281,0.18721110666666652,104.7571803572095,0.7353773607495678,1036.1796127860878,3.3113299523037933,17179869184.0,10.23501985257536,100663296.0,8.002871146319192,170.66666666666666,7.299330209231911,0.0388603176666666,7.243449705788563,0.0374422213333333,95.81358417859084,0.6885383806666666,2.2358990446546643,0.0117097450207253,1,0.039001631,7.441825878372679,190.8080684721282,39.001631,2.697340396742557,102.7069891771355,0.5480454163280127,0.1962156818894266,50345596878.55019,3158181.666716502,1.0,,,,,,cpu,0,0,0,0,0,0,0,0,0,0,0,0,1,1,1,1,1
gemm_N2048,gemm,2048,matrix,cpu_ready,10,1.0,cpu,1.2219677699896832,cpu,27.121084710100334,92.04515105044435,27.121084710100334,72.43449705788562,0.37442221333333303,115.93667558048283,0.7939260858531944,239.38595020930427,3.3113299523037933,17179869184.0,10.23501985257536,100663296.0,8.002871146319192,170.66666666666666,7.299330209231911,0.0388603176666666,7.243449705788563,0.0374422213333333,95.81358417859084,0.6885383806666666,2.2358990446546643,0.0117097450207253,1,0.039001631,7.441825878372679,190.8080684721282,39.001631,2.697340396742557,102.7069891771355,0.5480454163280127,0.1962156818894266,50345596878.55019,3158181.666716502,1.0,,,,,,cpu,0,0,0,0,0,0,0,0,0,0,0,0,1,1,1,1,1
gemm_N2048,gemm,2048,matrix,cpu_ready,30,1.4771212547196624,cpu,-0.3905461149146063,gpu,244.08976239090302,165.17242386211163,165.17242386211163,217.30349117365688,1.123266639999999,160.6546564735761,1.0281209862677003,47.77876154113519,3.3113299523037933,17179869184.0,10.23501985257536,100663296.0,8.002871146319192,170.66666666666666,7.299330209231911,0.0388603176666666,7.243449705788563,0.0374422213333333,95.81358417859084,0.6885383806666666,2.2358990446546643,0.0117097450207253,1,0.039001631,7.441825878372679,190.8080684721282,39.001631,2.697340396742557,102.7069891771355,0.5480454163280127,0.1962156818894266,50345596878.55019,3158181.666716502,1.0,,,,,,cpu,0,0,0,0,0,0,0,0,0,0,0,0,1,1,1,1,1
gemm_N2048,gemm,2048,matrix,cpu_ready,100,2.0,cpu,-1.5320538966154449,gpu,2712.1084710100336,586.0632672443805,586.0632672443805,724.3449705788563,3.7442221333333303,317.1675895994026,1.8478031377184712,362.7671827586356,3.3113299523037933,17179869184.0,10.23501985257536,100663296.0,8.002871146319192,170.66666666666666,7.299330209231911,0.0388603176666666,7.243449705788563,0.0374422213333333,95.81358417859084,0.6885383806666666,2.2358990446546643,0.0117097450207253,1,0.039001631,7.441825878372679,190.8080684721282,39.001631,2.697340396742557,102.7069891771355,0.5480454163280127,0.1962156818894266,50345596878.55019,3158181.666716502,1.0,,,,,,cpu,0,0,0,0,0,0,0,0,0,0,0,0,1,1,1,1,1
gemm_N2048,gemm,2048,matrix,cpu_ready,1000,3.0,cpu,-2.2406397727405527,gpu,271210.84710100334,28854.235094329306,28854.235094329306,7243.449705788563,37.4422213333333,2329.4767297886,12.386573656371242,839.9342807541765,3.3113299523037933,17179869184.0,10.23501985257536,100663296.0,8.002871146319192,170.66666666666666,7.299330209231911,0.0388603176666666,7.243449705788563,0.0374422213333333,95.81358417859084,0.6885383806666666,2.2358990446546643,0.0117097450207253,1,0.039001631,7.441825878372679,190.8080684721282,39.001631,2.697340396742557,102.7069891771355,0.5480454163280127,0.1962156818894266,50345596878.55019,3158181.666716502,1.0,,,,,,cpu,0,0,0,0,0,0,0,0,0,0,0,0,1,1,1,1,1
gemm_N2048,gemm,2048,matrix,gpu_ready,1,0.0,gpu,-2.382691403163907,gpu,0.2836542906846481,0.026181807704989412,0.026181807704989412,7.299330209231911,0.0388603176666666,2.2358990446546643,0.0117097450207253,983.4022382289237,3.3113299523037933,17179869184.0,10.23501985257536,100663296.0,8.002871146319192,170.66666666666666,7.299330209231911,0.0388603176666666,7.243449705788563,0.0374422213333333,95.81358417859084,0.6885383806666666,2.2358990446546643,0.0117097450207253,1,0.542365453,78.27284641312664,144.31753715170098,108.4730906,,,,,,,,64083.901359329386,0.0,0.0,1410.0,25.0,gpu,0,0,0,0,0,1,1,1,1,1,1,1,0,0,0,0,0
gemm_N2048,gemm,2048,matrix,gpu_ready,2,0.3010299956639812,gpu,-2.3604416906609598,gpu,1.1096510316342652,0.10472723081995765,0.10472723081995765,14.542779915020475,0.0763025389999999,4.4717980893093285,0.0234194900414506,959.5630410030867,3.3113299523037933,17179869184.0,10.23501985257536,100663296.0,8.002871146319192,170.66666666666666,7.299330209231911,0.0388603176666666,7.243449705788563,0.0374422213333333,95.81358417859084,0.6885383806666666,2.2358990446546643,0.0117097450207253,1,0.542365453,78.27284641312664,144.31753715170098,108.4730906,,,,,,,,64083.901359329386,0.0,0.0,1410.0,25.0,gpu,0,0,0,0,0,1,1,1,1,1,1,1,0,0,0,0,0
gemm_N2048,gemm,2048,matrix,gpu_ready,3,0.47712125471966244,gpu,-2.352945710687448,gpu,2.478069466785889,0.2356362693449047,0.2356362693449047,21.78622962080904,0.11374476033333321,6.707697133963993,0.0351292350621759,951.6502716984957,3.3113299523037933,17179869184.0,10.23501985257536,100663296.0,8.002871146319192,170.66666666666666,7.299330209231911,0.0388603176666666,7.243449705788563,0.0374422213333333,95.81358417859084,0.6885383806666666,2.2358990446546643,0.0117097450207253,1,0.542365453,78.27284641312664,144.31753715170098,108.4730906,,,,,,,,64083.901359329386,0.0,0.0,1410.0,25.0,gpu,0,0,0,0,0,1,1,1,1,1,1,1,0,0,0,0,0
gemm_N2048,gemm,2048,matrix,gpu_ready,5,0.6989700043360189,gpu,-2.3469197872078618,gpu,6.842171419695156,0.6545451926247353,0.6545451926247353,36.273129032386166,0.1886292029999998,11.179495223273321,0.058548725103626506,945.3321629722699,3.3113299523037933,17179869184.0,10.23501985257536,100663296.0,8.002871146319192,170.66666666666666,7.299330209231911,0.0388603176666666,7.243449705788563,0.0374422213333333,95.81358417859084,0.6885383806666666,2.2358990446546643,0.0117097450207253,1,0.542365453,78.27284641312664,144.31753715170098,108.4730906,,,,,,,,64083.901359329386,0.0,0.0,1410.0,25.0,gpu,0,0,0,0,0,1,1,1,1,1,1,1,0,0,0,0,0
gemm_N2048,gemm,2048,matrix,gpu_ready,10,1.0,gpu,-2.342383181433599,gpu,27.24480595050344,2.6181807704989413,2.6181807704989413,72.49037756132897,0.3758403096666663,22.358990446546642,0.11709745020725301,940.6006436794452,3.3113299523037933,17179869184.0,10.23501985257536,100663296.0,8.002871146319192,170.66666666666666,7.299330209231911,0.0388603176666666,7.243449705788563,0.0374422213333333,95.81358417859084,0.6885383806666666,2.2358990446546643,0.0117097450207253,1,0.542365453,78.27284641312664,144.31753715170098,108.4730906,,,,,,,,64083.901359329386,0.0,0.0,1410.0,25.0,gpu,0,0,0,0,0,1,1,1,1,1,1,1,0,0,0,0,0
gemm_N2048,gemm,2048,matrix,gpu_ready,30,1.4771212547196624,gpu,-2.3393505449023237,gpu,244.4607676242383,23.56362693449047,23.56362693449047,217.35937167710023,1.1246847363333325,67.07697133963993,0.351292350621759,937.4496604612979,3.3113299523037933,17179869184.0,10.23501985257536,100663296.0,8.002871146319192,170.66666666666666,7.299330209231911,0.0388603176666666,7.243449705788563,0.0374422213333333,95.81358417859084,0.6885383806666666,2.2358990446546643,0.0117097450207253,1,0.542365453,78.27284641312664,144.31753715170098,108.4730906,,,,,,,,64083.901359329386,0.0,0.0,1410.0,25.0,gpu,0,0,0,0,0,1,1,1,1,1,1,1,0,0,0,0,0
gemm_N2048,gemm,2048,matrix,gpu_ready,100,2.0,gpu,-2.338287558922758,gpu,2713.3449702186313,261.8180770498941,261.8180770498941,724.4008510822996,3.7456402296666633,223.58990446546642,1.17097450207253,936.3474519376119,3.3113299523037933,17179869184.0,10.23501985257536,100663296.0,8.002871146319192,170.66666666666666,7.299330209231911,0.0388603176666666,7.243449705788563,0.0374422213333333,95.81358417859084,0.6885383806666666,2.2358990446546643,0.0117097450207253,1,0.542365453,78.27284641312664,144.31753715170098,108.4730906,,,,,,,,64083.901359329386,0.0,0.0,1410.0,25.0,gpu,0,0,0,0,0,1,1,1,1,1,1,1,0,0,0,0,0
gemm_N2048,gemm,2048,matrix,gpu_ready,1000,3.0,gpu,-2.3378773329069573,gpu,271223.21137989394,26181.80770498941,26181.80770498941,7243.505586292006,37.44363942966664,2235.899044654664,11.7097450207253,935.92240244056,3.3113299523037933,17179869184.0,10.23501985257536,100663296.0,8.002871146319192,170.66666666666666,7.299330209231911,0.0388603176666666,7.243449705788563,0.0374422213333333,95.81358417859084,0.6885383806666666,2.2358990446546643,0.0117097450207253,1,0.542365453,78.27284641312664,144.31753715170098,108.4730906,,,,,,,,64083.901359329386,0.0,0.0,1410.0,25.0,gpu,0,0,0,0,0,1,1,1,1,1,1,1,0,0,0,0,0
gemm_N2048,gemm,2048,matrix,none_ready,1,0.0,none,5.449219323806195,cpu,0.2836542906846481,65.97133009619628,0.2836542906846481,7.299330209231911,0.0388603176666666,95.81358417859084,0.6885383806666666,23157.652805802165,3.3113299523037933,17179869184.0,10.23501985257536,100663296.0,8.002871146319192,170.66666666666666,7.299330209231911,0.0388603176666666,7.243449705788563,0.0374422213333333,95.81358417859084,0.6885383806666666,2.2358990446546643,0.0117097450207253,1,,,,,,,,,,,,,,,,,,1,1,1,1,1,1,1,1,1,1,1,1,1,1,1,1,1
gemm_N2048,gemm,2048,matrix,none_ready,2,0.3010299956639812,none,4.125106160626775,cpu,1.1096510316342652,68.65896685169504,1.1096510316342652,14.542779915020475,0.0763025389999999,98.0494832232455,0.7002481256873919,6087.437752441494,3.3113299523037933,17179869184.0,10.23501985257536,100663296.0,8.002871146319192,170.66666666666666,7.299330209231911,0.0388603176666666,7.243449705788563,0.0374422213333333,95.81358417859084,0.6885383806666666,2.2358990446546643,0.0117097450207253,1,,,,,,,,,,,,,,,,,,1,1,1,1,1,1,1,1,1,1,1,1,1,1,1,1,1
gemm_N2048,gemm,2048,matrix,none_ready,3,0.47712125471966244,none,3.3608035883491385,cpu,2.478069466785889,71.39896722260379,2.478069466785889,21.78622962080904,0.11374476033333321,100.28538226790018,0.7119578707081172,2781.2334835475713,3.3113299523037933,17179869184.0,10.23501985257536,100663296.0,8.002871146319192,170.66666666666666,7.299330209231911,0.0388603176666666,7.243449705788563,0.0374422213333333,95.81358417859084,0.6885383806666666,2.2358990446546643,0.0117097450207253,1,,,,,,,,,,,,,,,,,,1,1,1,1,1,1,1,1,1,1,1,1,1,1,1,1,1
gemm_N2048,gemm,2048,matrix,none_ready,5,0.6989700043360189,none,2.4211684682046766,cpu,6.842171419695156,77.0360588106512,6.842171419695156,36.273129032386166,0.1886292029999998,104.7571803572095,0.7353773607495678,1025.9007424003332,3.3113299523037933,17179869184.0,10.23501985257536,100663296.0,8.002871146319192,170.66666666666666,7.299330209231911,0.0388603176666666,7.243449705788563,0.0374422213333333,95.81358417859084,0.6885383806666666,2.2358990446546643,0.0117097450207253,1,,,,,,,,,,,,,,,,,,1,1,1,1,1,1,1,1,1,1,1,1,1,1,1,1,1
gemm_N2048,gemm,2048,matrix,none_ready,10,1.0,none,1.2174163333267531,cpu,27.24480595050344,92.04515105044435,27.24480595050344,72.49037756132897,0.3758403096666663,115.93667558048283,0.7939260858531944,237.84476651316905,3.3113299523037933,17179869184.0,10.23501985257536,100663296.0,8.002871146319192,170.66666666666666,7.299330209231911,0.0388603176666666,7.243449705788563,0.0374422213333333,95.81358417859084,0.6885383806666666,2.2358990446546643,0.0117097450207253,1,,,,,,,,,,,,,,,,,,1,1,1,1,1,1,1,1,1,1,1,1,1,1,1,1,1
gemm_N2048,gemm,2048,matrix,none_ready,30,1.4771212547196624,none,-0.39206491504626073,gpu,244.4607676242383,165.17242386211163,165.17242386211163,217.35937167710023,1.1246847363333325,160.6546564735761,1.0281209862677003,48.00337847455562,3.3113299523037933,17179869184.0,10.23501985257536,100663296.0,8.002871146319192,170.66666666666666,7.299330209231911,0.0388603176666666,7.243449705788563,0.0374422213333333,95.81358417859084,0.6885383806666666,2.2358990446546643,0.0117097450207253,1,,,,,,,,,,,,,,,,,,1,1,1,1,1,1,1,1,1,1,1,1,1,1,1,1,1
gemm_N2048,gemm,2048,matrix,none_ready,100,2.0,none,-1.5325097107675338,gpu,2713.3449702186313,586.0632672443805,586.0632672443805,724.4008510822996,3.7456402296666633,317.1675895994026,1.8478031377184712,362.978166670733,3.3113299523037933,17179869184.0,10.23501985257536,100663296.0,8.002871146319192,170.66666666666666,7.299330209231911,0.0388603176666666,7.243449705788563,0.0374422213333333,95.81358417859084,0.6885383806666666,2.2358990446546643,0.0117097450207253,1,,,,,,,,,,,,,,,,,,1,1,1,1,1,1,1,1,1,1,1,1,1,1,1,1,1
gemm_N2048,gemm,2048,matrix,none_ready,1000,3.0,none,-2.240685360876841,gpu,271223.21137989394,28854.235094329306,28854.235094329306,7243.505586292006,37.44363942966664,2329.4767297886,12.386573656371242,839.9771315830069,3.3113299523037933,17179869184.0,10.23501985257536,100663296.0,8.002871146319192,170.66666666666666,7.299330209231911,0.0388603176666666,7.243449705788563,0.0374422213333333,95.81358417859084,0.6885383806666666,2.2358990446546643,0.0117097450207253,1,,,,,,,,,,,,,,,,,,1,1,1,1,1,1,1,1,1,1,1,1,1,1,1,1,1
gemm_N256,gemm,256,matrix,cpu_ready,1,0.0,cpu,16.885212855400514,cpu,3.3261435132925876e-06,71.63013219795133,3.3261435132925876e-06,0.0239293373307034,0.0001389985634506,99.94192677093622,0.716717543,2153548954.9848175,2.4082399653118496,33554432.0,7.52574989159953,1572864.0,6.1966911723353055,21.333333333333332,0.2671730958670513,0.0016492063333333,0.0239293373307034,0.0001389985634506,99.94192677093622,0.716717543,0.0762557281908671,0.0004683063160978,1,0.001465742,0.416110202740387,283.89048191317914,1.465742,1.4405652446645978,11.980064091995663,0.1275831009165066,0.4393017313020043,8641519519.90149,3148926.5,1.0,,,,,,cpu,0,0,0,0,0,0,0,0,0,0,0,0,1,1,1,1,1
gemm_N256,gemm,256,matrix,cpu_ready,2,0.3010299956639812,cpu,15.500334394637342,cpu,1.330457405317035e-05,71.73162516268894,1.330457405317035e-05,0.0478586746614068,0.0002779971269012,100.0181824991271,0.7171858493160979,539150006.3921396,2.4082399653118496,33554432.0,7.52574989159953,1572864.0,6.1966911723353055,21.333333333333332,0.2671730958670513,0.0016492063333333,0.0239293373307034,0.0001389985634506,99.94192677093622,0.716717543,0.0762557281908671,0.0004683063160978,1,0.001465742,0.416110202740387,283.89048191317914,1.465742,1.4405652446645978,11.980064091995663,0.1275831009165066,0.4393017313020043,8641519519.90149,3148926.5,1.0,,,,,,cpu,0,0,0,0,0,0,0,0,0,0,0,0,1,1,1,1,1
gemm_N256,gemm,256,matrix,cpu_ready,3,0.47712125471966244,cpu,14.690819071115483,cpu,2.9935291619633288e-05,71.83318954950482,2.9935291619633288e-05,0.0717880119921102,0.0004169956903518,100.09443822731795,0.7176541556321956,239961449.27180493,2.4082399653118496,33554432.0,7.52574989159953,1572864.0,6.1966911723353055,21.333333333333332,0.2671730958670513,0.0016492063333333,0.0239293373307034,0.0001389985634506,99.94192677093622,0.716717543,0.0762557281908671,0.0004683063160978,1,0.001465742,0.416110202740387,283.89048191317914,1.465742,1.4405652446645978,11.980064091995663,0.1275831009165066,0.4393017313020043,8641519519.90149,3148926.5,1.0,,,,,,cpu,0,0,0,0,0,0,0,0,0,0,0,0,1,1,1,1,1
gemm_N256,gemm,256,matrix,cpu_ready,5,0.6989700043360189,cpu,13.671994591749126,cpu,8.31535878323147e-05,72.03653258937152,8.31535878323147e-05,0.119646686653517,0.0006949928172529999,100.24694968369968,0.7185907682643912,86630596.8433382,2.4082399653118496,33554432.0,7.52574989159953,1572864.0,6.1966911723353055,21.333333333333332,0.2671730958670513,0.0016492063333333,0.0239293373307034,0.0001389985634506,99.94192677093622,0.716717543,0.0762557281908671,0.0004683063160978,1,0.001465742,0.416110202740387,283.89048191317914,1.465742,1.4405652446645978,11.980064091995663,0.1275831009165066,0.4393017313020043,8641519519.90149,3148926.5,1.0,,,,,,cpu,0,0,0,0,0,0,0,0,0,0,0,0,1,1,1,1,1
gemm_N256,gemm,256,matrix,cpu_ready,10,1.0,cpu,12.292749617488754,cpu,0.0003326143513292588,72.54614007540853,0.0003326143513292588,0.239293373307034,0.0013899856345059999,100.62822832465402,0.7209322998448802,21810786.928205412,2.4082399653118496,33554432.0,7.52574989159953,1572864.0,6.1966911723353055,21.333333333333332,0.2671730958670513,0.0016492063333333,0.0239293373307034,0.0001389985634506,99.94192677093622,0.716717543,0.0762557281908671,0.0004683063160978,1,0.001465742,0.416110202740387,283.89048191317914,1.465742,1.4405652446645978,11.980064091995663,0.1275831009165066,0.4393017313020043,8641519519.90149,3148926.5,1.0,,,,,,cpu,0,0,0,0,0,0,0,0,0,0,0,0,1,1,1,1,1
gemm_N256,gemm,256,matrix,cpu_ready,30,1.4771212547196624,cpu,10.123475286495255,cpu,0.002993529161963329,74.6024255391318,0.002993529161963329,0.717880119921102,0.004169956903518,102.15334288847137,0.7302984261668362,2492022.892506022,2.4082399653118496,33554432.0,7.52574989159953,1572864.0,6.1966911723353055,21.333333333333332,0.2671730958670513,0.0016492063333333,0.0239293373307034,0.0001389985634506,99.94192677093622,0.716717543,0.0762557281908671,0.0004683063160978,1,0.001465742,0.416110202740387,283.89048191317914,1.465742,1.4405652446645978,11.980064091995663,0.1275831009165066,0.4393017313020043,8641519519.90149,3148926.5,1.0,,,,,,cpu,0,0,0,0,0,0,0,0,0,0,0,0,1,1,1,1,1
gemm_N256,gemm,256,matrix,cpu_ready,100,2.0,cpu,7.810373472521921,cpu,0.03326143513292588,82.02440420881089,0.03326143513292588,2.39293373307034,0.01389985634506,107.49124386183206,0.7630798682936822,246505.12657078344,2.4082399653118496,33554432.0,7.52574989159953,1572864.0,6.1966911723353055,21.333333333333332,0.2671730958670513,0.0016492063333333,0.0239293373307034,0.0001389985634506,99.94192677093622,0.716717543,0.0762557281908671,0.0004683063160978,1,0.001465742,0.416110202740387,283.89048191317914,1.465742,1.4405652446645978,11.980064091995663,0.1275831009165066,0.4393017313020043,8641519519.90149,3148926.5,1.0,,,,,,cpu,0,0,0,0,0,0,0,0,0,0,0,0,1,1,1,1,1
gemm_N256,gemm,256,matrix,cpu_ready,1000,3.0,cpu,4.138727640165279,cpu,3.3261435132925876,208.62558142585868,3.3261435132925876,23.9293373307034,0.1389985634506,176.12139923361246,1.1845555527817022,6172.296447585866,2.4082399653118496,33554432.0,7.52574989159953,1572864.0,6.1966911723353055,21.333333333333332,0.2671730958670513,0.0016492063333333,0.0239293373307034,0.0001389985634506,99.94192677093622,0.716717543,0.0762557281908671,0.0004683063160978,1,0.001465742,0.416110202740387,283.89048191317914,1.465742,1.4405652446645978,11.980064091995663,0.1275831009165066,0.4393017313020043,8641519519.90149,3148926.5,1.0,,,,,,cpu,0,0,0,0,0,0,0,0,0,0,0,0,1,1,1,1,1
gemm_N256,gemm,256,matrix,gpu_ready,1,0.0,gpu,-2.5127310486749765,gpu,0.0004406235618002059,3.5711039150420127e-05,3.5711039150420127e-05,0.2671730958670513,0.0016492063333333,0.0762557281908671,0.0004683063160978,1133.8581354192324,2.4082399653118496,33554432.0,7.52574989159953,1572864.0,6.1966911723353055,21.333333333333332,0.2671730958670513,0.0016492063333333,0.0239293373307034,0.0001389985634506,99.94192677093622,0.716717543,0.0762557281908671,0.0004683063160978,1,0.530412029,76.94968638426485,145.0753040600157,106.0824058,,,,,,,,61815.913417237,0.0,0.0,1410.0,23.0,gpu,0,0,0,0,0,1,1,1,1,1,1,1,0,0,0,0,0
gemm_N256,gemm,256,matrix,gpu_ready,2,0.3010299956639812,gpu,-1.2931332530444668,gpu,0.000520550796509933,0.0001428441566016805,0.0001428441566016805,0.2911024331977547,0.0017882048967839,0.1525114563817342,0.0009366126321956,264.41868459588704,2.4082399653118496,33554432.0,7.52574989159953,1572864.0,6.1966911723353055,21.333333333333332,0.2671730958670513,0.0016492063333333,0.0239293373307034,0.0001389985634506,99.94192677093622,0.716717543,0.0762557281908671,0.0004683063160978,1,0.530412029,76.94968638426485,145.0753040600157,106.0824058,,,,,,,,61815.913417237,0.0,0.0,1410.0,23.0,gpu,0,0,0,0,0,1,1,1,1,1,1,1,0,0,0,0,0
gemm_N256,gemm,256,matrix,gpu_ready,3,0.47712125471966244,gpu,-0.6360590221266696,gpu,0.0006071303182462454,0.0003213993523537811,0.0003213993523537811,0.3150317705284581,0.0019272034602345,0.22876718457260128,0.0014049189482934,88.90215982076568,2.4082399653118496,33554432.0,7.52574989159953,1572864.0,6.1966911723353055,21.333333333333332,0.2671730958670513,0.0016492063333333,0.0239293373307034,0.0001389985634506,99.94192677093622,0.716717543,0.0762557281908671,0.0004683063160978,1,0.530412029,76.94968638426485,145.0753040600157,106.0824058,,,,,,,,61815.913417237,0.0,0.0,1410.0,23.0,gpu,0,0,0,0,0,1,1,1,1,1,1,1,0,0,0,0,0
gemm_N256,gemm,256,matrix,gpu_ready,5,0.6989700043360189,gpu,0.10941622694277403,cpu,0.0008002462227986256,0.000892775978760503,0.0008002462227986256,0.3628904451898649,0.0022052005871357,0.3812786409543355,0.0023415315804889997,11.562660756870788,2.4082399653118496,33554432.0,7.52574989159953,1572864.0,6.1966911723353055,21.333333333333332,0.2671730958670513,0.0016492063333333,0.0239293373307034,0.0001389985634506,99.94192677093622,0.716717543,0.0762557281908671,0.0004683063160978,1,0.530412029,76.94968638426485,145.0753040600157,106.0824058,,,,,,,,61815.913417237,0.0,0.0,1410.0,23.0,gpu,0,0,0,0,0,1,1,1,1,1,1,1,0,0,0,0,0
gemm_N256,gemm,256,matrix,gpu_ready,10,1.0,gpu,0.9367947459312552,cpu,0.0013994510071448168,0.003571103915042012,0.0013994510071448168,0.4825371318433819,0.0029001934043887,0.762557281908671,0.0046830631609779995,155.17891636148363,2.4082399653118496,33554432.0,7.52574989159953,1572864.0,6.1966911723353055,21.333333333333332,0.2671730958670513,0.0016492063333333,0.0239293373307034,0.0001389985634506,99.94192677093622,0.716717543,0.0762557281908671,0.0004683063160978,1,0.530412029,76.94968638426485,145.0753040600157,106.0824058,,,,,,,,61815.913417237,0.0,0.0,1410.0,23.0,gpu,0,0,0,0,0,1,1,1,1,1,1,1,0,0,0,0,0
gemm_N256,gemm,256,matrix,gpu_ready,30,1.4771212547196624,gpu,1.7727710936566614,cpu,0.005459341901175875,0.032139935235378114,0.005459341901175875,0.96112387845745,0.0056801646734006995,2.287671845726013,0.014049189482934,488.7144607751269,2.4082399653118496,33554432.0,7.52574989159953,1572864.0,6.1966911723353055,21.333333333333332,0.2671730958670513,0.0016492063333333,0.0239293373307034,0.0001389985634506,99.94192677093622,0.716717543,0.0762557281908671,0.0004683063160978,1,0.530412029,76.94968638426485,145.0753040600157,106.0824058,,,,,,,,61815.913417237,0.0,0.0,1410.0,23.0,gpu,0,0,0,0,0,1,1,1,1,1,1,1,0,0,0,0,0
gemm_N256,gemm,256,matrix,gpu_ready,100,2.0,gpu,2.1736941958877067,cpu,0.04062366416402788,0.35711039150420126,0.04062366416402788,2.636177491606688,0.0154100641149427,7.62557281908671,0.04683063160978,779.0698693802744,2.4082399653118496,33554432.0,7.52574989159953,1572864.0,6.1966911723353055,21.333333333333332,0.2671730958670513,0.0016492063333333,0.0239293373307034,0.0001389985634506,99.94192677093622,0.716717543,0.0762557281908671,0.0004683063160978,1,0.530412029,76.94968638426485,145.0753040600157,106.0824058,,,,,,,,61815.913417237,0.0,0.0,1410.0,23.0,gpu,0,0,0,0,0,1,1,1,1,1,1,1,0,0,0,0,0
gemm_N256,gemm,256,matrix,gpu_ready,1000,3.0,gpu,2.3527262464510597,cpu,3.396459666076554,35.71103915042012,3.396459666076554,24.17258108923975,0.1405087712204827,76.25572819086709,0.4683063160978,951.4194973989488,2.4082399653118496,33554432.0,7.52574989159953,1572864.0,6.1966911723353055,21.333333333333332,0.2671730958670513,0.0016492063333333,0.0239293373307034,0.0001389985634506,99.94192677093622,0.716717543,0.0762557281908671,0.0004683063160978,1,0.530412029,76.94968638426485,145.0753040600157,106.0824058,,,,,,,,61815.913417237,0.0,0.0,1410.0,23.0,gpu,0,0,0,0,0,1,1,1,1,1,1,1,0,0,0,0,0
gemm_N256,gemm,256,matrix,none_ready,1,0.0,none,11.998835474594078,cpu,0.0004406235618002059,71.63013219795133,0.0004406235618002059,0.2671730958670513,0.0016492063333333,99.94192677093622,0.716717543,16256436.964410206,2.4082399653118496,33554432.0,7.52574989159953,1572864.0,6.1966911723353055,21.333333333333332,0.2671730958670513,0.0016492063333333,0.0239293373307034,0.0001389985634506,99.94192677093622,0.716717543,0.0762557281908671,0.0004683063160978,1,,,,,,,,,,,,,,,,,,1,1,1,1,1,1,1,1,1,1,1,1,1,1,1,1,1
gemm_N256,gemm,256,matrix,none_ready,2,0.3010299956639812,none,11.833554809461416,cpu,0.000520550796509933,71.73162516268894,0.000520550796509933,0.2911024331977547,0.0017882048967839,100.0181824991271,0.7171858493160979,13779847.248879135,2.4082399653118496,33554432.0,7.52574989159953,1572864.0,6.1966911723353055,21.333333333333332,0.2671730958670513,0.0016492063333333,0.0239293373307034,0.0001389985634506,99.94192677093622,0.716717543,0.0762557281908671,0.0004683063160978,1,,,,,,,,,,,,,,,,,,1,1,1,1,1,1,1,1,1,1,1,1,1,1,1,1,1
gemm_N256,gemm,256,matrix,none_ready,3,0.47712125471966244,none,11.681113716857354,cpu,0.0006071303182462454,71.83318954950482,0.0006071303182462454,0.3150317705284581,0.0019272034602345,100.09443822731795,0.7176541556321956,11831493.216593422,2.4082399653118496,33554432.0,7.52574989159953,1572864.0,6.1966911723353055,21.333333333333332,0.2671730958670513,0.0016492063333333,0.0239293373307034,0.0001389985634506,99.94192677093622,0.716717543,0.0762557281908671,0.0004683063160978,1,,,,,,,,,,,,,,,,,,1,1,1,1,1,1,1,1,1,1,1,1,1,1,1,1,1
gemm_N256,gemm,256,matrix,none_ready,5,0.6989700043360189,none,11.407764486560442,cpu,0.0008002462227986256,72.03653258937152,0.0008002462227986256,0.3628904451898649,0.0022052005871357,100.24694968369968,0.7185907682643912,9001696.014412284,2.4082399653118496,33554432.0,7.52574989159953,1572864.0,6.1966911723353055,21.333333333333332,0.2671730958670513,0.0016492063333333,0.0239293373307034,0.0001389985634506,99.94192677093622,0.716717543,0.0762557281908671,0.0004683063160978,1,,,,,,,,,,,,,,,,,,1,1,1,1,1,1,1,1,1,1,1,1,1,1,1,1,1
gemm_N256,gemm,256,matrix,none_ready,10,1.0,none,10.855898031288552,cpu,0.0013994510071448168,72.54614007540853,0.0013994510071448168,0.4825371318433819,0.0029001934043887,100.62822832465402,0.7209322998448802,5183799.951125719,2.4082399653118496,33554432.0,7.52574989159953,1572864.0,6.1966911723353055,21.333333333333332,0.2671730958670513,0.0016492063333333,0.0239293373307034,0.0001389985634506,99.94192677093622,0.716717543,0.0762557281908671,0.0004683063160978,1,,,,,,,,,,,,,,,,,,1,1,1,1,1,1,1,1,1,1,1,1,1,1,1,1,1
gemm_N256,gemm,256,matrix,none_ready,30,1.4771212547196624,none,9.522600048020458,cpu,0.005459341901175875,74.6024255391318,0.005459341901175875,0.96112387845745,0.0056801646734006995,102.15334288847137,0.7302984261668362,1366409.4967410516,2.4082399653118496,33554432.0,7.52574989159953,1572864.0,6.1966911723353055,21.333333333333332,0.2671730958670513,0.0016492063333333,0.0239293373307034,0.0001389985634506,99.94192677093622,0.716717543,0.0762557281908671,0.0004683063160978,1,,,,,,,,,,,,,,,,,,1,1,1,1,1,1,1,1,1,1,1,1,1,1,1,1,1
gemm_N256,gemm,256,matrix,none_ready,100,2.0,none,7.610421336278169,cpu,0.04062366416402788,82.02440420881089,0.04062366416402788,2.636177491606688,0.0154100641149427,107.49124386183206,0.7630798682936822,201812.86506706412,2.4082399653118496,33554432.0,7.52574989159953,1572864.0,6.1966911723353055,21.333333333333332,0.2671730958670513,0.0016492063333333,0.0239293373307034,0.0001389985634506,99.94192677093622,0.716717543,0.0762557281908671,0.0004683063160978,1,,,,,,,,,,,,,,,,,,1,1,1,1,1,1,1,1,1,1,1,1,1,1,1,1,1
gemm_N256,gemm,256,matrix,none_ready,1000,3.0,none,4.117807554484881,cpu,3.396459666076554,208.62558142585868,3.396459666076554,24.17258108923975,0.1405087712204827,176.12139923361246,1.1845555527817022,6042.442482376187,2.4082399653118496,33554432.0,7.52574989159953,1572864.0,6.1966911723353055,21.333333333333332,0.2671730958670513,0.0016492063333333,0.0239293373307034,0.0001389985634506,99.94192677093622,0.716717543,0.0762557281908671,0.0004683063160978,1,,,,,,,,,,,,,,,,,,1,1,1,1,1,1,1,1,1,1,1,1,1,1,1,1,1
gemm_N3072,gemm,3072,matrix,cpu_ready,1,0.0,cpu,3.071692344671308,cpu,2.646309830355935,57.10310522286122,2.646309830355935,22.70186014024757,0.1165679734615384,91.22316984506185,0.6259715083333334,2057.8389864946657,3.4874212113594742,57982058496.0,10.763293629742405,226492416.0,8.355053664430555,256.0,22.590650104199785,0.1174530413333333,22.70186014024757,0.1165679734615384,91.22316984506185,0.6259715083333334,5.530179286625238,0.0269110324141414,1,0.118539133,22.99404633694676,193.97852637362178,118.539133,2.9458742045263286,11.142754476199446,0.5779105030948939,0.1305546801293252,55449122015.21538,2607213.5,1.0,,,,,,cpu,0,0,0,0,0,0,0,0,0,0,0,0,1,1,1,1,1
gemm_N3072,gemm,3072,matrix,cpu_ready,2,0.3010299956639812,cpu,1.7863463916111126,cpu,10.58523932142374,63.168572406923346,10.58523932142374,45.40372028049514,0.2331359469230768,96.75334913168709,0.6528825407474748,496.7609280129816,3.4874212113594742,57982058496.0,10.763293629742405,226492416.0,8.355053664430555,256.0,22.590650104199785,0.1174530413333333,22.70186014024757,0.1165679734615384,91.22316984506185,0.6259715083333334,5.530179286625238,0.0269110324141414,1,0.118539133,22.99404633694676,193.97852637362178,118.539133,2.9458742045263286,11.142754476199446,0.5779105030948939,0.1305546801293252,55449122015.21538,2607213.5,1.0,,,,,,cpu,0,0,0,0,0,0,0,0,0,0,0,0,1,1,1,1,1
gemm_N3072,gemm,3072,matrix,cpu_ready,3,0.47712125471966244,cpu,1.0713918216517053,cpu,23.816788473203417,69.53168525906224,23.816788473203417,68.10558042074271,0.3497039203846152,102.28352841831233,0.6797935731616161,191.94400133877522,3.4874212113594742,57982058496.0,10.763293629742405,226492416.0,8.355053664430555,256.0,22.590650104199785,0.1174530413333333,22.70186014024757,0.1165679734615384,91.22316984506185,0.6259715083333334,5.530179286625238,0.0269110324141414,1,0.118539133,22.99404633694676,193.97852637362178,118.539133,2.9458742045263286,11.142754476199446,0.5779105030948939,0.1305546801293252,55449122015.21538,2607213.5,1.0,,,,,,cpu,0,0,0,0,0,0,0,0,0,0,0,0,1,1,1,1,1
gemm_N3072,gemm,3072,matrix,cpu_ready,5,0.6989700043360189,cpu,0.228614426066572,cpu,66.15774575889839,83.15084796757034,66.15774575889839,113.50930070123786,0.582839867307692,113.3438869915628,0.7336156379898989,25.685733414497943,3.4874212113594742,57982058496.0,10.763293629742405,226492416.0,8.355053664430555,256.0,22.590650104199785,0.1174530413333333,22.70186014024757,0.1165679734615384,91.22316984506185,0.6259715083333334,5.530179286625238,0.0269110324141414,1,0.118539133,22.99404633694676,193.97852637362178,118.539133,2.9458742045263286,11.142754476199446,0.5779105030948939,0.1305546801293252,55449122015.21538,2607213.5,1.0,,,,,,cpu,0,0,0,0,0,0,0,0,0,0,0,0,1,1,1,1,1
gemm_N3072,gemm,3072,matrix,cpu_ready,10,1.0,cpu,-0.7709802553969926,gpu,264.63098303559354,122.40755393018411,122.40755393018411,227.01860140247572,1.165679734615384,140.994783424689,0.868170800060606,116.18844143109617,3.4874212113594742,57982058496.0,10.763293629742405,226492416.0,8.355053664430555,256.0,22.590650104199785,0.1174530413333333,22.70186014024757,0.1165679734615384,91.22316984506185,0.6259715083333334,5.530179286625238,0.0269110324141414,1,0.118539133,22.99404633694676,193.97852637362178,118.539133,2.9458742045263286,11.142754476199446,0.5779105030948939,0.1305546801293252,55449122015.21538,2607213.5,1.0,,,,,,cpu,0,0,0,0,0,0,0,0,0,0,0,0,1,1,1,1,1
gemm_N3072,gemm,3072,matrix,cpu_ready,30,1.4771212547196624,cpu,-1.9066997057040145,gpu,2381.678847320342,353.8457947998317,353.8457947998317,681.0558042074272,3.497039203846152,251.59836915719373,1.406391448343434,573.0838354791364,3.4874212113594742,57982058496.0,10.763293629742405,226492416.0,8.355053664430555,256.0,22.590650104199785,0.1174530413333333,22.70186014024757,0.1165679734615384,91.22316984506185,0.6259715083333334,5.530179286625238,0.0269110324141414,1,0.118539133,22.99404633694676,193.97852637362178,118.539133,2.9458742045263286,11.142754476199446,0.5779105030948939,0.1305546801293252,55449122015.21538,2607213.5,1.0,,,,,,cpu,0,0,0,0,0,0,0,0,0,0,0,0,1,1,1,1,1
gemm_N3072,gemm,3072,matrix,cpu_ready,100,2.0,cpu,-2.5331172425978825,gpu,26463.098303559353,2101.4634922854243,2101.4634922854243,2270.1860140247572,11.656797346153839,638.7109192209604,3.290163717333332,1159.2699516649557,3.4874212113594742,57982058496.0,10.763293629742405,226492416.0,8.355053664430555,256.0,22.590650104199785,0.1174530413333333,22.70186014024757,0.1165679734615384,91.22316984506185,0.6259715083333334,5.530179286625238,0.0269110324141414,1,0.118539133,22.99404633694676,193.97852637362178,118.539133,2.9458742045263286,11.142754476199446,0.5779105030948939,0.1305546801293252,55449122015.21538,2607213.5,1.0,,,,,,cpu,0,0,0,0,0,0,0,0,0,0,0,0,1,1,1,1,1
gemm_N3072,gemm,3072,matrix,cpu_ready,1000,3.0,cpu,-2.840771556359365,gpu,2646309.8303559353,154493.16800403898,154493.16800403898,22701.860140247572,116.5679734615384,5615.872277183674,27.51009289006059,1612.8976410702844,3.4874212113594742,57982058496.0,10.763293629742405,226492416.0,8.355053664430555,256.0,22.590650104199785,0.1174530413333333,22.70186014024757,0.1165679734615384,91.22316984506185,0.6259715083333334,5.530179286625238,0.0269110324141414,1,0.118539133,22.99404633694676,193.97852637362178,118.539133,2.9458742045263286,11.142754476199446,0.5779105030948939,0.1305546801293252,55449122015.21538,2607213.5,1.0,,,,,,cpu,0,0,0,0,0,0,0,0,0,0,0,0,1,1,1,1,1
gemm_N3072,gemm,3072,matrix,gpu_ready,1,0.0,gpu,-2.880818148763728,gpu,2.6533405604354474,0.14882283403838514,0.14882283403838514,22.590650104199785,0.1174530413333333,5.530179286625238,0.0269110324141414,1682.8853868963981,3.4874212113594742,57982058496.0,10.763293629742405,226492416.0,8.355053664430555,256.0,22.590650104199785,0.1174530413333333,22.70186014024757,0.1165679734615384,91.22316984506185,0.6259715083333334,5.530179286625238,0.0269110324141414,1,0.526732516,79.91602867877134,151.7203253098036,105.3465032,,,,,,,,68439.97856200508,0.0,0.0,1410.0,34.0,gpu,0,0,0,0,0,1,1,1,1,1,1,1,0,0,0,0,0
gemm_N3072,gemm,3072,matrix,gpu_ready,2,0.3010299956639812,gpu,-2.879501673888218,gpu,10.599399210012693,0.5952913361535406,0.5952913361535406,45.29251024444736,0.2340210147948717,11.060358573250475,0.0538220648282828,1680.5398073656565,3.4874212113594742,57982058496.0,10.763293629742405,226492416.0,8.355053664430555,256.0,22.590650104199785,0.1174530413333333,22.70186014024757,0.1165679734615384,91.22316984506185,0.6259715083333334,5.530179286625238,0.0269110324141414,1,0.526732516,79.91602867877134,151.7203253098036,105.3465032,,,,,,,,68439.97856200508,0.0,0.0,1410.0,34.0,gpu,0,0,0,0,0,1,1,1,1,1,1,1,0,0,0,0,0
gemm_N3072,gemm,3072,matrix,gpu_ready,3,0.47712125471966244,gpu,-2.87905833447939,gpu,23.83807752030181,1.3394055063454662,1.3394055063454662,67.99437038469493,0.3505889882564101,16.590537859875713,0.0807330972424242,1679.7505988566074,3.4874212113594742,57982058496.0,10.763293629742405,226492416.0,8.355053664430555,256.0,22.590650104199785,0.1174530413333333,22.70186014024757,0.1165679734615384,91.22316984506185,0.6259715083333334,5.530179286625238,0.0269110324141414,1,0.526732516,79.91602867877134,151.7203253098036,105.3465032,,,,,,,,68439.97856200508,0.0,0.0,1410.0,34.0,gpu,0,0,0,0,0,1,1,1,1,1,1,1,0,0,0,0,0
gemm_N3072,gemm,3072,matrix,gpu_ready,5,0.6989700043360189,gpu,-2.8787020343982186,gpu,66.19329312301565,3.7205708509596285,3.7205708509596285,113.39809066519007,0.5837249351794869,27.65089643312619,0.134555162070707,1679.1165865297992,3.4874212113594742,57982058496.0,10.763293629742405,226492416.0,8.355053664430555,256.0,22.590650104199785,0.1174530413333333,22.70186014024757,0.1165679734615384,91.22316984506185,0.6259715083333334,5.530179286625238,0.0269110324141414,1,0.526732516,79.91602867877134,151.7203253098036,105.3465032,,,,,,,,68439.97856200508,0.0,0.0,1410.0,34.0,gpu,0,0,0,0,0,1,1,1,1,1,1,1,0,0,0,0,0
gemm_N3072,gemm,3072,matrix,gpu_ready,10,1.0,gpu,-2.8784338583616704,gpu,264.702176192258,14.882283403838514,14.882283403838514,226.90739136642793,1.1665648024871789,55.30179286625238,0.269110324141414,1678.6395340649449,3.4874212113594742,57982058496.0,10.763293629742405,226492416.0,8.355053664430555,256.0,22.590650104199785,0.1174530413333333,22.70186014024757,0.1165679734615384,91.22316984506185,0.6259715083333334,5.530179286625238,0.0269110324141414,1,0.526732516,79.91602867877134,151.7203253098036,105.3465032,,,,,,,,68439.97856200508,0.0,0.0,1410.0,34.0,gpu,0,0,0,0,0,1,1,1,1,1,1,1,0,0,0,0,0
gemm_N3072,gemm,3072,matrix,gpu_ready,30,1.4771212547196624,gpu,-2.8782546211381774,gpu,2381.8926236471953,133.9405506345466,133.9405506345466,680.9445941713793,3.497924271717947,165.90537859875712,0.807330972424242,1678.320764221829,3.4874212113594742,57982058496.0,10.763293629742405,226492416.0,8.355053664430555,256.0,22.590650104199785,0.1174530413333333,22.70186014024757,0.1165679734615384,91.22316984506185,0.6259715083333334,5.530179286625238,0.0269110324141414,1,0.526732516,79.91602867877134,151.7203253098036,105.3465032,,,,,,,,68439.97856200508,0.0,0.0,1410.0,34.0,gpu,0,0,0,0,0,1,1,1,1,1,1,1,0,0,0,0,0
gemm_N3072,gemm,3072,matrix,gpu_ready,100,2.0,gpu,-2.8781918024128723,gpu,26463.811120981867,1488.2283403838512,1488.2283403838512,2270.0748039887094,11.657682414025635,553.0179286625238,2.69110324141414,1678.2090558869609,3.4874212113594742,57982058496.0,10.763293629742405,226492416.0,8.355053664430555,256.0,22.590650104199785,0.1174530413333333,22.70186014024757,0.1165679734615384,91.22316984506185,0.6259715083333334,5.530179286625238,0.0269110324141414,1,0.526732516,79.91602867877134,151.7203253098036,105.3465032,,,,,,,,68439.97856200508,0.0,0.0,1410.0,34.0,gpu,0,0,0,0,0,1,1,1,1,1,1,1,0,0,0,0,0
gemm_N3072,gemm,3072,matrix,gpu_ready,1000,3.0,gpu,-2.878167560454874,gpu,2646316.9594160165,148822.83403838513,148822.83403838513,22701.748930211525,116.56885852941019,5530.179286625238,26.9110324141414,1678.1659491402138,3.4874212113594742,57982058496.0,10.763293629742405,226492416.0,8.355053664430555,256.0,22.590650104199785,0.1174530413333333,22.70186014024757,0.1165679734615384,91.22316984506185,0.6259715083333334,5.530179286625238,0.0269110324141414,1,0.526732516,79.91602867877134,151.7203253098036,105.3465032,,,,,,,,68439.97856200508,0.0,0.0,1410.0,34.0,gpu,0,0,0,0,0,1,1,1,1,1,1,1,0,0,0,0,0
gemm_N3072,gemm,3072,matrix,none_ready,1,0.0,none,3.069039062403342,cpu,2.6533405604354474,57.10310522286122,2.6533405604354474,22.590650104199785,0.1174530413333333,91.22316984506185,0.6259715083333334,2052.121219354136,3.4874212113594742,57982058496.0,10.763293629742405,226492416.0,8.355053664430555,256.0,22.590650104199785,0.1174530413333333,22.70186014024757,0.1165679734615384,91.22316984506185,0.6259715083333334,5.530179286625238,0.0269110324141414,1,,,,,,,,,,,,,,,,,,1,1,1,1,1,1,1,1,1,1,1,1,1,1,1,1,1
gemm_N3072,gemm,3072,matrix,none_ready,2,0.3010299956639812,none,1.7850095842186573,cpu,10.599399210012693,63.168572406923346,10.599399210012693,45.29251024444736,0.2340210147948717,96.75334913168709,0.6528825407474748,495.96370657736264,3.4874212113594742,57982058496.0,10.763293629742405,226492416.0,8.355053664430555,256.0,22.590650104199785,0.1174530413333333,22.70186014024757,0.1165679734615384,91.22316984506185,0.6259715083333334,5.530179286625238,0.0269110324141414,1,,,,,,,,,,,,,,,,,,1,1,1,1,1,1,1,1,1,1,1,1,1,1,1,1,1
gemm_N3072,gemm,3072,matrix,none_ready,3,0.47712125471966244,none,1.070498353668078,cpu,23.83807752030181,69.53168525906224,23.83807752030181,67.99437038469493,0.3505889882564101,102.28352841831233,0.6797935731616161,191.68327521313438,3.4874212113594742,57982058496.0,10.763293629742405,226492416.0,8.355053664430555,256.0,22.590650104199785,0.1174530413333333,22.70186014024757,0.1165679734615384,91.22316984506185,0.6259715083333334,5.530179286625238,0.0269110324141414,1,,,,,,,,,,,,,,,,,,1,1,1,1,1,1,1,1,1,1,1,1,1,1,1,1,1
gemm_N3072,gemm,3072,matrix,none_ready,5,0.6989700043360189,none,0.22807725816411611,cpu,66.19329312301565,83.15084796757034,66.19329312301565,113.39809066519007,0.5837249351794869,113.3438869915628,0.7336156379898989,25.61823720273329,3.4874212113594742,57982058496.0,10.763293629742405,226492416.0,8.355053664430555,256.0,22.590650104199785,0.1174530413333333,22.70186014024757,0.1165679734615384,91.22316984506185,0.6259715083333334,5.530179286625238,0.0269110324141414,1,,,,,,,,,,,,,,,,,,1,1,1,1,1,1,1,1,1,1,1,1,1,1,1,1,1
gemm_N3072,gemm,3072,matrix,none_ready,10,1.0,none,-0.7712492472629,gpu,264.702176192258,122.40755393018411,122.40755393018411,226.90739136642793,1.1665648024871789,140.994783424689,0.868170800060606,116.24660218537858,3.4874212113594742,57982058496.0,10.763293629742405,226492416.0,8.355053664430555,256.0,22.590650104199785,0.1174530413333333,22.70186014024757,0.1165679734615384,91.22316984506185,0.6259715083333334,5.530179286625238,0.0269110324141414,1,,,,,,,,,,,,,,,,,,1,1,1,1,1,1,1,1,1,1,1,1,1,1,1,1,1
gemm_N3072,gemm,3072,matrix,none_ready,30,1.4771212547196624,none,-1.906789460346429,gpu,2381.8926236471953,353.8457947998317,353.8457947998317,680.9445941713793,3.497924271717947,251.59836915719373,1.406391448343434,573.1442505893327,3.4874212113594742,57982058496.0,10.763293629742405,226492416.0,8.355053664430555,256.0,22.590650104199785,0.1174530413333333,22.70186014024757,0.1165679734615384,91.22316984506185,0.6259715083333334,5.530179286625238,0.0269110324141414,1,,,,,,,,,,,,,,,,,,1,1,1,1,1,1,1,1,1,1,1,1,1,1,1,1,1
gemm_N3072,gemm,3072,matrix,none_ready,100,2.0,none,-2.5331441785149917,gpu,26463.811120981867,2101.4634922854243,2101.4634922854243,2270.0748039887094,11.657682414025635,638.7109192209604,3.290163717333332,1159.3038717128238,3.4874212113594742,57982058496.0,10.763293629742405,226492416.0,8.355053664430555,256.0,22.590650104199785,0.1174530413333333,22.70186014024757,0.1165679734615384,91.22316984506185,0.6259715083333334,5.530179286625238,0.0269110324141414,1,,,,,,,,,,,,,,,,,,1,1,1,1,1,1,1,1,1,1,1,1,1,1,1,1,1
gemm_N3072,gemm,3072,matrix,none_ready,1000,3.0,none,-2.840774250318476,gpu,2646316.9594160165,154493.16800403898,154493.16800403898,22701.748930211525,116.56885852941019,5615.872277183674,27.51009289006059,1612.9022555527067,3.4874212113594742,57982058496.0,10.763293629742405,226492416.0,8.355053664430555,256.0,22.590650104199785,0.1174530413333333,22.70186014024757,0.1165679734615384,91.22316984506185,0.6259715083333334,5.530179286625238,0.0269110324141414,1,,,,,,,,,,,,,,,,,,1,1,1,1,1,1,1,1,1,1,1,1,1,1,1,1,1
gemm_N384,gemm,384,matrix,cpu_ready,1,0.0,cpu,15.297621299349398,cpu,1.5935415724844756e-05,70.15133083908727,1.5935415724844756e-05,0.0543122818173446,0.0002934035395242,99.9620671539418,0.7017795133333333,440222684.5848727,2.584331224367531,113246208.0,8.054023668766574,3538944.0,6.548873690446667,32.0,0.3008318246198677,0.0020400786666666,0.0543122818173446,0.0002934035395242,99.9620671539418,0.7017795133333333,0.1143133738737787,0.0007142363347368,1,0.001965647,0.3848678494666047,195.79703246137515,1.965647,1.5121005869894777,5.475989113219485,0.3587712595597332,0.3845935502539636,8848358978.89072,3034430.0,1.0,,,,,,cpu,0,0,0,0,0,0,0,0,0,0,0,0,1,1,1,1,1
gemm_N384,gemm,384,matrix,cpu_ready,2,0.3010299956639812,cpu,13.913487085158867,cpu,6.374166289937902e-05,70.30303181019381,6.374166289937902e-05,0.1086245636346892,0.0005868070790484,100.07638052781559,0.7024937496680701,110293589.578153,2.584331224367531,113246208.0,8.054023668766574,3538944.0,6.548873690446667,32.0,0.3008318246198677,0.0020400786666666,0.0543122818173446,0.0002934035395242,99.9620671539418,0.7017795133333333,0.1143133738737787,0.0007142363347368,1,0.001965647,0.3848678494666047,195.79703246137515,1.965647,1.5121005869894777,5.475989113219485,0.3587712595597332,0.3845935502539636,8848358978.89072,3034430.0,1.0,,,,,,cpu,0,0,0,0,0,0,0,0,0,0,0,0,1,1,1,1,1
gemm_N384,gemm,384,matrix,cpu_ready,3,0.47712125471966244,cpu,13.104714677399139,cpu,0.0001434187415236028,70.45489607483067,0.0001434187415236028,0.1629368454520338,0.0008802106185726,100.19069390168936,0.7032079860028069,49125206.30680211,2.584331224367531,113246208.0,8.054023668766574,3538944.0,6.548873690446667,32.0,0.3008318246198677,0.0020400786666666,0.0543122818173446,0.0002934035395242,99.9620671539418,0.7017795133333333,0.1143133738737787,0.0007142363347368,1,0.001965647,0.3848678494666047,195.79703246137515,1.965647,1.5121005869894777,5.475989113219485,0.3587712595597332,0.3845935502539636,8848358978.89072,3034430.0,1.0,,,,,,cpu,0,0,0,0,0,0,0,0,0,0,0,0,1,1,1,1,1
gemm_N384,gemm,384,matrix,cpu_ready,5,0.6989700043360189,cpu,12.087372051643293,cpu,0.0003983853931211189,70.75911448469544,0.0003983853931211189,0.271561409086723,0.0014670176976210002,100.41932064943691,0.7046364586722805,17761373.112841498,2.584331224367531,113246208.0,8.054023668766574,3538944.0,6.548873690446667,32.0,0.3008318246198677,0.0020400786666666,0.0543122818173446,0.0002934035395242,99.9620671539418,0.7017795133333333,0.1143133738737787,0.0007142363347368,1,0.001965647,0.3848678494666047,195.79703246137515,1.965647,1.5121005869894777,5.475989113219485,0.3587712595597332,0.3845935502539636,8848358978.89072,3034430.0,1.0,,,,,,cpu,0,0,0,0,0,0,0,0,0,0,0,0,1,1,1,1,1
gemm_N384,gemm,384,matrix,cpu_ready,10,1.0,cpu,10.711808674882569,cpu,0.0015935415724844756,71.52251814613818,0.0015935415724844756,0.543122818173446,0.0029340353952420004,100.9908875188058,0.7082076403459645,4488174.380857733,2.584331224367531,113246208.0,8.054023668766574,3538944.0,6.548873690446667,32.0,0.3008318246198677,0.0020400786666666,0.0543122818173446,0.0002934035395242,99.9620671539418,0.7017795133333333,0.1143133738737787,0.0007142363347368,1,0.001965647,0.3848678494666047,195.79703246137515,1.965647,1.5121005869894777,5.475989113219485,0.3587712595597332,0.3845935502539636,8848358978.89072,3034430.0,1.0,,,,,,cpu,0,0,0,0,0,0,0,0,0,0,0,0,1,1,1,1,1
gemm_N384,gemm,384,matrix,cpu_ready,30,1.4771212547196624,cpu,8.556939534268933,cpu,0.014341874152360282,74.61695617449264,0.014341874152360282,1.629368454520338,0.008802106185726001,103.27715499628138,0.7224923670407005,520173.39929079433,2.584331224367531,113246208.0,8.054023668766574,3538944.0,6.548873690446667,32.0,0.3008318246198677,0.0020400786666666,0.0543122818173446,0.0002934035395242,99.9620671539418,0.7017795133333333,0.1143133738737787,0.0007142363347368,1,0.001965647,0.3848678494666047,195.79703246137515,1.965647,1.5121005869894777,5.475989113219485,0.3587712595597332,0.3845935502539636,8848358978.89072,3034430.0,1.0,,,,,,cpu,0,0,0,0,0,0,0,0,0,0,0,0,1,1,1,1,1
gemm_N384,gemm,384,matrix,cpu_ready,100,2.0,cpu,6.290529904484438,cpu,0.15935415724844756,85.96186389428541,0.15935415724844756,5.431228181734459,0.029340353952420004,111.2790911674459,0.7724889104722765,53843.91045616907,2.584331224367531,113246208.0,8.054023668766574,3538944.0,6.548873690446667,32.0,0.3008318246198677,0.0020400786666666,0.0543122818173446,0.0002934035395242,99.9620671539418,0.7017795133333333,0.1143133738737787,0.0007142363347368,1,0.001965647,0.3848678494666047,195.79703246137515,1.965647,1.5121005869894777,5.475989113219485,0.3587712595597332,0.3845935502539636,8848358978.89072,3034430.0,1.0,,,,,,cpu,0,0,0,0,0,0,0,0,0,0,0,0,1,1,1,1,1
gemm_N384,gemm,384,matrix,cpu_ready,1000,3.0,cpu,2.9455272899056197,cpu,15.935415724844756,303.10258913955926,15.935415724844756,54.3122818173446,0.2934035395242,214.16112765384673,1.4153016117353965,1802.0689160119928,2.584331224367531,113246208.0,8.054023668766574,3538944.0,6.548873690446667,32.0,0.3008318246198677,0.0020400786666666,0.0543122818173446,0.0002934035395242,99.9620671539418,0.7017795133333333,0.1143133738737787,0.0007142363347368,1,0.001965647,0.3848678494666047,195.79703246137515,1.965647,1.5121005869894777,5.475989113219485,0.3587712595597332,0.3845935502539636,8848358978.89072,3034430.0,1.0,,,,,,cpu,0,0,0,0,0,0,0,0,0,0,0,0,1,1,1,1,1
gemm_N384,gemm,384,matrix,gpu_ready,1,0.0,gpu,-2.0171375552700863,gpu,0.0006137205876613801,8.164676516700517e-05,8.164676516700517e-05,0.3008318246198677,0.0020400786666666,0.1143133738737787,0.0007142363347368,651.677774870859,2.584331224367531,113246208.0,8.054023668766574,3538944.0,6.548873690446667,32.0,0.3008318246198677,0.0020400786666666,0.0543122818173446,0.0002934035395242,99.9620671539418,0.7017795133333333,0.1143133738737787,0.0007142363347368,1,0.576412417,86.54431013042185,150.1430357466117,115.2824834,,,,,,,,61697.242996576526,0.0,0.0,1410.0,22.0,gpu,0,0,0,0,0,1,1,1,1,1,1,1,0,0,0,0,0
gemm_N384,gemm,384,matrix,gpu_ready,2,0.3010299956639812,gpu,-0.9311887402714638,gpu,0.0008287224530047663,0.00032658706066802067,0.00032658706066802067,0.3551441064372123,0.0023334822061907997,0.2286267477475574,0.0014284726694736,153.7523842217288,2.584331224367531,113246208.0,8.054023668766574,3538944.0,6.548873690446667,32.0,0.3008318246198677,0.0020400786666666,0.0543122818173446,0.0002934035395242,99.9620671539418,0.7017795133333333,0.1143133738737787,0.0007142363347368,1,0.576412417,86.54431013042185,150.1430357466117,115.2824834,,,,,,,,61697.242996576526,0.0,0.0,1410.0,22.0,gpu,0,0,0,0,0,1,1,1,1,1,1,1,0,0,0,0,0
gemm_N384,gemm,384,matrix,gpu_ready,3,0.47712125471966244,gpu,-0.38100263740283263,gpu,0.0010755951497978423,0.0007348208865030465,0.0007348208865030465,0.4094563882545569,0.002626885745715,0.3429401216213361,0.0021427090042104,46.37514659069002,2.584331224367531,113246208.0,8.054023668766574,3538944.0,6.548873690446667,32.0,0.3008318246198677,0.0020400786666666,0.0543122818173446,0.0002934035395242,99.9620671539418,0.7017795133333333,0.1143133738737787,0.0007142363347368,1,0.576412417,86.54431013042185,150.1430357466117,115.2824834,,,,,,,,61697.242996576526,0.0,0.0,1410.0,22.0,gpu,0,0,0,0,0,1,1,1,1,1,1,1,0,0,0,0,0
gemm_N384,gemm,384,matrix,gpu_ready,5,0.6989700043360189,gpu,0.20372582876351747,cpu,0.0016649530377330622,0.002041169129175129,0.0016649530377330622,0.5180809518892461,0.0032136928247633997,0.5715668693688934,0.0035711816736839997,22.596198386130386,2.584331224367531,113246208.0,8.054023668766574,3538944.0,6.548873690446667,32.0,0.3008318246198677,0.0020400786666666,0.0543122818173446,0.0002934035395242,99.9620671539418,0.7017795133333333,0.1143133738737787,0.0007142363347368,1,0.576412417,86.54431013042185,150.1430357466117,115.2824834,,,,,,,,61697.242996576526,0.0,0.0,1410.0,22.0,gpu,0,0,0,0,0,1,1,1,1,1,1,1,0,0,0,0,0
gemm_N384,gemm,384,matrix,gpu_ready,10,1.0,gpu,0.792542331573544,cpu,0.003696087307940679,0.008164676516700517,0.003696087307940679,0.7896423609759691,0.0046807105223844,1.143133738737787,0.0071423633473679995,120.90053173688605,2.584331224367531,113246208.0,8.054023668766574,3538944.0,6.548873690446667,32.0,0.3008318246198677,0.0020400786666666,0.0543122818173446,0.0002934035395242,99.9620671539418,0.7017795133333333,0.1143133738737787,0.0007142363347368,1,0.576412417,86.54431013042185,150.1430357466117,115.2824834,,,,,,,,61697.242996576526,0.0,0.0,1410.0,22.0,gpu,0,0,0,0,0,1,1,1,1,1,1,1,0,0,0,0,0
gemm_N384,gemm,384,matrix,gpu_ready,30,1.4771212547196624,gpu,1.3119492009246254,cpu,0.01978833225119352,0.07348208865030464,0.01978833225119352,1.8758879973228608,0.0105487813128684,3.429401216213361,0.021427090042103997,271.34048346026043,2.584331224367531,113246208.0,8.054023668766574,3538944.0,6.548873690446667,32.0,0.3008318246198677,0.0020400786666666,0.0543122818173446,0.0002934035395242,99.9620671539418,0.7017795133333333,0.1143133738737787,0.0007142363347368,1,0.576412417,86.54431013042185,150.1430357466117,115.2824834,,,,,,,,61697.242996576526,0.0,0.0,1410.0,22.0,gpu,0,0,0,0,0,1,1,1,1,1,1,1,0,0,0,0,0
gemm_N384,gemm,384,matrix,gpu_ready,100,2.0,gpu,1.5316420058253337,cpu,0.17650430861910046,0.8164676516700516,0.17650430861910046,5.677747724536983,0.031087029079562404,11.43133738737787,0.07142363347368,362.57661246785983,2.584331224367531,113246208.0,8.054023668766574,3538944.0,6.548873690446667,32.0,0.3008318246198677,0.0020400786666666,0.0543122818173446,0.0002934035395242,99.9620671539418,0.7017795133333333,0.1143133738737787,0.0007142363347368,1,0.576412417,86.54431013042185,150.1430357466117,115.2824834,,,,,,,,61697.242996576526,0.0,0.0,1410.0,22.0,gpu,0,0,0,0,0,1,1,1,1,1,1,1,0,0,0,0,0
gemm_N384,gemm,384,matrix,gpu_ready,1000,3.0,gpu,1.6233940062918106,cpu,16.103041932567375,81.64676516700517,16.103041932567375,54.55880136014712,0.29515021465134245,114.3133738737787,0.7142363347367999,407.026967382354,2.584331224367531,113246208.0,8.054023668766574,3538944.0,6.548873690446667,32.0,0.3008318246198677,0.0020400786666666,0.0543122818173446,0.0002934035395242,99.9620671539418,0.7017795133333333,0.1143133738737787,0.0007142363347368,1,0.576412417,86.54431013042185,150.1430357466117,115.2824834,,,,,,,,61697.242996576526,0.0,0.0,1410.0,22.0,gpu,0,0,0,0,0,1,1,1,1,1,1,1,0,0,0,0,0
gemm_N384,gemm,384,matrix,none_ready,1,0.0,none,11.646625580050458,cpu,0.0006137205876613801,70.15133083908727,0.0006137205876613801,0.3008318246198677,0.0020400786666666,99.9620671539418,0.7017795133333333,11430399.847887328,2.584331224367531,113246208.0,8.054023668766574,3538944.0,6.548873690446667,32.0,0.3008318246198677,0.0020400786666666,0.0543122818173446,0.0002934035395242,99.9620671539418,0.7017795133333333,0.1143133738737787,0.0007142363347368,1,,,,,,,,,,,,,,,,,,1,1,1,1,1,1,1,1,1,1,1,1,1,1,1,1,1
gemm_N384,gemm,384,matrix,none_ready,2,0.3010299956639812,none,11.348440180858548,cpu,0.0008287224530047663,70.30303181019381,0.0008287224530047663,0.3551441064372123,0.0023334822061907997,100.07638052781559,0.7024937496680701,8483202.407855658,2.584331224367531,113246208.0,8.054023668766574,3538944.0,6.548873690446667,32.0,0.3008318246198677,0.0020400786666666,0.0543122818173446,0.0002934035395242,99.9620671539418,0.7017795133333333,0.1143133738737787,0.0007142363347368,1,,,,,,,,,,,,,,,,,,1,1,1,1,1,1,1,1,1,1,1,1,1,1,1,1,1
gemm_N384,gemm,384,matrix,none_ready,3,0.47712125471966244,none,11.089853875967451,cpu,0.0010755951497978423,70.45489607483067,0.0010755951497978423,0.4094563882545569,0.002626885745715,100.19069390168936,0.7032079860028069,6550217.383643152,2.584331224367531,113246208.0,8.054023668766574,3538944.0,6.548873690446667,32.0,0.3008318246198677,0.0020400786666666,0.0543122818173446,0.0002934035395242,99.9620671539418,0.7017795133333333,0.1143133738737787,0.0007142363347368,1,,,,,,,,,,,,,,,,,,1,1,1,1,1,1,1,1,1,1,1,1,1,1,1,1,1
gemm_N384,gemm,384,matrix,none_ready,5,0.6989700043360189,none,10.657239716377957,cpu,0.0016649530377330622,70.75911448469544,0.0016649530377330622,0.5180809518892461,0.0032136928247633997,100.41932064943691,0.7046364586722805,4249816.5370477,2.584331224367531,113246208.0,8.054023668766574,3538944.0,6.548873690446667,32.0,0.3008318246198677,0.0020400786666666,0.0543122818173446,0.0002934035395242,99.9620671539418,0.7017795133333333,0.1143133738737787,0.0007142363347368,1,,,,,,,,,,,,,,,,,,1,1,1,1,1,1,1,1,1,1,1,1,1,1,1,1,1
gemm_N384,gemm,384,matrix,none_ready,10,1.0,none,9.870492842427257,cpu,0.003696087307940679,71.52251814613818,0.003696087307940679,0.7896423609759691,0.0046807105223844,100.9908875188058,0.7082076403459645,1934987.3555524272,2.584331224367531,113246208.0,8.054023668766574,3538944.0,6.548873690446667,32.0,0.3008318246198677,0.0020400786666666,0.0543122818173446,0.0002934035395242,99.9620671539418,0.7017795133333333,0.1143133738737787,0.0007142363347368,1,,,,,,,,,,,,,,,,,,1,1,1,1,1,1,1,1,1,1,1,1,1,1,1,1,1
gemm_N384,gemm,384,matrix,none_ready,30,1.4771212547196624,none,8.235030571164705,cpu,0.01978833225119352,74.61695617449264,0.01978833225119352,1.8758879973228608,0.0105487813128684,103.27715499628138,0.7224923670407005,376975.5171648797,2.584331224367531,113246208.0,8.054023668766574,3538944.0,6.548873690446667,32.0,0.3008318246198677,0.0020400786666666,0.0543122818173446,0.0002934035395242,99.9620671539418,0.7017795133333333,0.1143133738737787,0.0007142363347368,1,,,,,,,,,,,,,,,,,,1,1,1,1,1,1,1,1,1,1,1,1,1,1,1,1,1
gemm_N384,gemm,384,matrix,none_ready,100,2.0,none,6.188313746280918,cpu,0.17650430861910046,85.96186389428541,0.17650430861910046,5.677747724536983,0.031087029079562404,111.2790911674459,0.7724889104722765,48602.4167097205,2.584331224367531,113246208.0,8.054023668766574,3538944.0,6.548873690446667,32.0,0.3008318246198677,0.0020400786666666,0.0543122818173446,0.0002934035395242,99.9620671539418,0.7017795133333333,0.1143133738737787,0.0007142363347368,1,,,,,,,,,,,,,,,,,,1,1,1,1,1,1,1,1,1,1,1,1,1,1,1,1,1
gemm_N384,gemm,384,matrix,none_ready,1000,3.0,none,2.935063132168576,cpu,16.103041932567375,303.10258913955926,16.103041932567375,54.55880136014712,0.29515021465134245,214.16112765384673,1.4153016117353965,1782.2691415002382,2.584331224367531,113246208.0,8.054023668766574,3538944.0,6.548873690446667,32.0,0.3008318246198677,0.0020400786666666,0.0543122818173446,0.0002934035395242,99.9620671539418,0.7017795133333333,0.1143133738737787,0.0007142363347368,1,,,,,,,,,,,,,,,,,,1,1,1,1,1,1,1,1,1,1,1,1,1,1,1,1,1
gemm_N4096,gemm,4096,matrix,cpu_ready,1,0.0,cpu,1.3856235034298232,cpu,14.616346962941536,58.426179049956616,14.616346962941536,53.21652191911159,0.2746580655,93.90736889851836,0.622168204,299.73174691385657,3.612359947967774,137438953472.0,11.138109839567305,402653184.0,8.604931137647155,341.3333333333333,53.71958960295775,0.2755312286666667,53.21652191911159,0.2746580655,93.90736889851836,0.622168204,10.64423950878482,0.0490463366436781,1,0.274748514,53.310078097114655,194.03227089743115,274.748514,3.0228534237428386,23.563161634373824,0.6131220932141948,0.1078780621644501,56833888309.55161,2618699.753175504,1.0,,,,,,cpu,0,0,0,0,0,0,0,0,0,0,0,0,1,1,1,1,1
gemm_N4096,gemm,4096,matrix,cpu_ready,2,0.3010299956639812,cpu,0.182579430957822,cpu,58.465387851766145,70.17655981066571,58.465387851766145,106.43304383822318,0.549316131,104.55160840730318,0.671214540643678,20.03094888995214,3.612359947967774,137438953472.0,11.138109839567305,402653184.0,8.604931137647155,341.3333333333333,53.71958960295775,0.2755312286666667,53.21652191911159,0.2746580655,93.90736889851836,0.622168204,10.64423950878482,0.0490463366436781,1,0.274748514,53.310078097114655,194.03227089743115,274.748514,3.0228534237428386,23.563161634373824,0.6131220932141948,0.1078780621644501,56833888309.55161,2618699.753175504,1.0,,,,,,cpu,0,0,0,0,0,0,0,0,0,0,0,0,1,1,1,1,1
gemm_N4096,gemm,4096,matrix,cpu_ready,3,0.47712125471966244,cpu,-0.46087323251492557,gpu,131.54712266647385,82.9710624799024,82.9710624799024,159.64956575733478,0.8239741965,115.195847916088,0.7202608772873561,58.5457854036011,3.612359947967774,137438953472.0,11.138109839567305,402653184.0,8.604931137647155,341.3333333333333,53.71958960295775,0.2755312286666667,53.21652191911159,0.2746580655,93.90736889851836,0.622168204,10.64423950878482,0.0490463366436781,1,0.274748514,53.310078097114655,194.03227089743115,274.748514,3.0228534237428386,23.563161634373824,0.6131220932141948,0.1078780621644501,56833888309.55161,2618699.753175504,1.0,,,,,,cpu,0,0,0,0,0,0,0,0,0,0,0,0,1,1,1,1,1
gemm_N4096,gemm,4096,matrix,cpu_ready,5,0.6989700043360189,cpu,-1.1852674175387676,gpu,365.40867407353846,111.69243354395857,111.69243354395857,266.082609595558,1.3732903275,136.48432693365763,0.8183535505747124,227.15615774431603,3.612359947967774,137438953472.0,11.138109839567305,402653184.0,8.604931137647155,341.3333333333333,53.71958960295775,0.2755312286666667,53.21652191911159,0.2746580655,93.90736889851836,0.622168204,10.64423950878482,0.0490463366436781,1,0.274748514,53.310078097114655,194.03227089743115,274.748514,3.0228534237428386,23.563161634373824,0.6131220932141948,0.1078780621644501,56833888309.55161,2618699.753175504,1.0,,,,,,cpu,0,0,0,0,0,0,0,0,0,0,0,0,1,1,1,1,1
gemm_N4096,gemm,4096,matrix,cpu_ready,10,1.0,cpu,-1.9801922475979996,gpu,1461.6346962941539,201.76799460333194,201.76799460333194,532.165219191116,2.746580655,189.70552447758172,1.0635852337931029,624.4135518954188,3.612359947967774,137438953472.0,11.138109839567305,402653184.0,8.604931137647155,341.3333333333333,53.71958960295775,0.2755312286666667,53.21652191911159,0.2746580655,93.90736889851836,0.622168204,10.64423950878482,0.0490463366436781,1,0.274748514,53.310078097114655,194.03227089743115,274.748514,3.0228534237428386,23.563161634373824,0.6131220932141948,0.1078780621644501,56833888309.55161,2618699.753175504,1.0,,,,,,cpu,0,0,0,0,0,0,0,0,0,0,0,0,1,1,1,1,1
gemm_N4096,gemm,4096,matrix,cpu_ready,30,1.4771212547196624,cpu,-2.7714567508611903,gpu,13154.712266647384,823.1007159727251,823.1007159727251,1596.4956575733477,8.239741965,402.59031465327814,2.044511966666665,1498.1898704949358,3.612359947967774,137438953472.0,11.138109839567305,402653184.0,8.604931137647155,341.3333333333333,53.71958960295775,0.2755312286666667,53.21652191911159,0.2746580655,93.90736889851836,0.622168204,10.64423950878482,0.0490463366436781,1,0.274748514,53.310078097114655,194.03227089743115,274.748514,3.0228534237428386,23.563161634373824,0.6131220932141948,0.1078780621644501,56833888309.55161,2618699.753175504,1.0,,,,,,cpu,0,0,0,0,0,0,0,0,0,0,0,0,1,1,1,1,1
gemm_N4096,gemm,4096,matrix,cpu_ready,100,2.0,cpu,-3.146281525222059,gpu,146163.46962941537,6286.749252627536,6286.749252627536,5321.652191911159,27.46580655,1147.6870802682156,5.477755531724132,2224.9451148115472,3.612359947967774,137438953472.0,11.138109839567305,402653184.0,8.604931137647155,341.3333333333333,53.71958960295775,0.2755312286666667,53.21652191911159,0.2746580655,93.90736889851836,0.622168204,10.64423950878482,0.0490463366436781,1,0.274748514,53.310078097114655,194.03227089743115,274.748514,3.0228534237428386,23.563161634373824,0.6131220932141948,0.1078780621644501,56833888309.55161,2618699.753175504,1.0,,,,,,cpu,0,0,0,0,0,0,0,0,0,0,0,0,1,1,1,1,1
gemm_N4096,gemm,4096,matrix,cpu_ready,1000,3.0,cpu,-3.3127019870482663,gpu,14616346.962941539,532292.8720819146,532292.8720819146,53216.52191911159,274.6580655,10727.502638174554,49.619458511034416,2645.921978209813,3.612359947967774,137438953472.0,11.138109839567305,402653184.0,8.604931137647155,341.3333333333333,53.71958960295775,0.2755312286666667,53.21652191911159,0.2746580655,93.90736889851836,0.622168204,10.64423950878482,0.0490463366436781,1,0.274748514,53.310078097114655,194.03227089743115,274.748514,3.0228534237428386,23.563161634373824,0.6131220932141948,0.1078780621644501,56833888309.55161,2618699.753175504,1.0,,,,,,cpu,0,0,0,0,0,0,0,0,0,0,0,0,1,1,1,1,1
gemm_N4096,gemm,4096,matrix,gpu_ready,1,0.0,gpu,-3.3446943552434347,gpu,14.801424526772042,0.5220609542637991,0.5220609542637991,53.71958960295775,0.2755312286666667,10.64423950878482,0.0490463366436781,2735.190872997722,3.612359947967774,137438953472.0,11.138109839567305,402653184.0,8.604931137647155,341.3333333333333,53.71958960295775,0.2755312286666667,53.21652191911159,0.2746580655,93.90736889851836,0.622168204,10.64423950878482,0.0490463366436781,1,0.579378258,88.25077906229703,152.31979772064045,115.8756516,,,,,,,,64290.35039100829,0.0,0.0,1410.0,25.82757736311189,gpu,0,0,0,0,0,1,1,1,1,1,1,1,0,0,0,0,0
gemm_N4096,gemm,4096,matrix,gpu_ready,2,0.3010299956639812,gpu,-3.3384152449743767,gpu,58.83510371925527,2.0882438170551962,2.0882438170551962,106.93611152206934,0.5501892941666666,21.28847901756964,0.0980926732873562,2717.44417192737,3.612359947967774,137438953472.0,11.138109839567305,402653184.0,8.604931137647155,341.3333333333333,53.71958960295775,0.2755312286666667,53.21652191911159,0.2746580655,93.90736889851836,0.622168204,10.64423950878482,0.0490463366436781,1,0.579378258,88.25077906229703,152.31979772064045,115.8756516,,,,,,,,64290.35039100829,0.0,0.0,1410.0,25.82757736311189,gpu,0,0,0,0,0,1,1,1,1,1,1,1,0,0,0,0,0
gemm_N4096,gemm,4096,matrix,gpu_ready,3,0.47712125471966244,gpu,-3.3363167411202546,gpu,132.1014768376216,4.698548588374191,4.698548588374191,160.15263344118094,0.8248473596666667,31.932718526354456,0.1471390099310343,2711.5379537520507,3.612359947967774,137438953472.0,11.138109839567305,402653184.0,8.604931137647155,341.3333333333333,53.71958960295775,0.2755312286666667,53.21652191911159,0.2746580655,93.90736889851836,0.622168204,10.64423950878482,0.0490463366436781,1,0.579378258,88.25077906229703,152.31979772064045,115.8756516,,,,,,,,64290.35039100829,0.0,0.0,1410.0,25.82757736311189,gpu,0,0,0,0,0,1,1,1,1,1,1,1,0,0,0,0,0
gemm_N4096,gemm,4096,matrix,gpu_ready,5,0.6989700043360189,gpu,-3.334635960658366,gpu,366.33230485200346,13.051523856594978,13.051523856594978,266.58567727940414,1.3741634906666667,53.2211975439241,0.2452316832183905,2706.8163447971215,3.612359947967774,137438953472.0,11.138109839567305,402653184.0,8.604931137647155,341.3333333333333,53.71958960295775,0.2755312286666667,53.21652191911159,0.2746580655,93.90736889851836,0.622168204,10.64423950878482,0.0490463366436781,1,0.579378258,88.25077906229703,152.31979772064045,115.8756516,,,,,,,,64290.35039100829,0.0,0.0,1410.0,25.82757736311189,gpu,0,0,0,0,0,1,1,1,1,1,1,1,0,0,0,0,0
gemm_N4096,gemm,4096,matrix,gpu_ready,10,1.0,gpu,-3.333374219134234,gpu,1463.481518590912,52.20609542637991,52.20609542637991,532.6682868749621,2.747453818166667,106.4423950878482,0.490463366436781,2703.277101339032,3.612359947967774,137438953472.0,11.138109839567305,402653184.0,8.604931137647155,341.3333333333333,53.71958960295775,0.2755312286666667,53.21652191911159,0.2746580655,93.90736889851836,0.622168204,10.64423950878482,0.0490463366436781,1,0.579378258,88.25077906229703,152.31979772064045,115.8756516,,,,,,,,64290.35039100829,0.0,0.0,1410.0,25.82757736311189,gpu,0,0,0,0,0,1,1,1,1,1,1,1,0,0,0,0,0
gemm_N4096,gemm,4096,matrix,gpu_ready,30,1.4771212547196624,gpu,-3.3325325065874702,gpu,13160.251855017314,469.8548588374192,469.8548588374192,1596.9987252571939,8.240615128166667,319.3271852635446,1.471390099310343,2700.918540585119,3.612359947967774,137438953472.0,11.138109839567305,402653184.0,8.604931137647155,341.3333333333333,53.71958960295775,0.2755312286666667,53.21652191911159,0.2746580655,93.90736889851836,0.622168204,10.64423950878482,0.0490463366436781,1,0.579378258,88.25077906229703,152.31979772064045,115.8756516,,,,,,,,64290.35039100829,0.0,0.0,1410.0,25.82757736311189,gpu,0,0,0,0,0,1,1,1,1,1,1,1,0,0,0,0,0
gemm_N4096,gemm,4096,matrix,gpu_ready,100,2.0,gpu,-3.332237802840454,gpu,146181.93389904138,5220.609542637991,5220.609542637991,5322.155259595005,27.466679713166663,1064.423950878482,4.90463366436781,2700.093221014479,3.612359947967774,137438953472.0,11.138109839567305,402653184.0,8.604931137647155,341.3333333333333,53.71958960295775,0.2755312286666667,53.21652191911159,0.2746580655,93.90736889851836,0.622168204,10.64423950878482,0.0490463366436781,1,0.579378258,88.25077906229703,152.31979772064045,115.8756516,,,,,,,,64290.35039100829,0.0,0.0,1410.0,25.82757736311189,gpu,0,0,0,0,0,1,1,1,1,1,1,1,0,0,0,0,0
gemm_N4096,gemm,4096,matrix,gpu_ready,1000,3.0,gpu,-3.3321241169260523,gpu,14616531.601684457,522060.9542637991,522060.9542637991,53217.02498679544,274.6589386631667,10644.23950878482,49.0463366436781,2699.774907950437,3.612359947967774,137438953472.0,11.138109839567305,402653184.0,8.604931137647155,341.3333333333333,53.71958960295775,0.2755312286666667,53.21652191911159,0.2746580655,93.90736889851836,0.622168204,10.64423950878482,0.0490463366436781,1,0.579378258,88.25077906229703,152.31979772064045,115.8756516,,,,,,,,64290.35039100829,0.0,0.0,1410.0,25.82757736311189,gpu,0,0,0,0,0,1,1,1,1,1,1,1,0,0,0,0,0
gemm_N4096,gemm,4096,matrix,none_ready,1,0.0,none,1.3730406328468558,cpu,14.801424526772042,58.426179049956616,14.801424526772042,53.71958960295775,0.2755312286666667,93.90736889851836,0.622168204,294.73348625518037,3.612359947967774,137438953472.0,11.138109839567305,402653184.0,8.604931137647155,341.3333333333333,53.71958960295775,0.2755312286666667,53.21652191911159,0.2746580655,93.90736889851836,0.622168204,10.64423950878482,0.0490463366436781,1,,,,,,,,,,,,,,,,,,1,1,1,1,1,1,1,1,1,1,1,1,1,1,1,1,1
gemm_N4096,gemm,4096,matrix,none_ready,2,0.3010299956639812,none,0.1762756706439124,cpu,58.83510371925527,70.17655981066571,58.83510371925527,106.93611152206934,0.5501892941666666,104.55160840730318,0.671214540643678,19.27668241315373,3.612359947967774,137438953472.0,11.138109839567305,402653184.0,8.604931137647155,341.3333333333333,53.71958960295775,0.2755312286666667,53.21652191911159,0.2746580655,93.90736889851836,0.622168204,10.64423950878482,0.0490463366436781,1,,,,,,,,,,,,,,,,,,1,1,1,1,1,1,1,1,1,1,1,1,1,1,1,1,1
gemm_N4096,gemm,4096,matrix,none_ready,3,0.47712125471966244,none,-0.46507848897471227,gpu,132.1014768376216,82.9710624799024,82.9710624799024,160.15263344118094,0.8248473596666667,115.195847916088,0.7202608772873561,59.21391493524597,3.612359947967774,137438953472.0,11.138109839567305,402653184.0,8.604931137647155,341.3333333333333,53.71958960295775,0.2755312286666667,53.21652191911159,0.2746580655,93.90736889851836,0.622168204,10.64423950878482,0.0490463366436781,1,,,,,,,,,,,,,,,,,,1,1,1,1,1,1,1,1,1,1,1,1,1,1,1,1,1
gemm_N4096,gemm,4096,matrix,none_ready,5,0.6989700043360189,none,-1.1877918935366665,gpu,366.33230485200346,111.69243354395857,111.69243354395857,266.58567727940414,1.3741634906666667,136.48432693365763,0.8183535505747124,227.98309896957056,3.612359947967774,137438953472.0,11.138109839567305,402653184.0,8.604931137647155,341.3333333333333,53.71958960295775,0.2755312286666667,53.21652191911159,0.2746580655,93.90736889851836,0.622168204,10.64423950878482,0.0490463366436781,1,,,,,,,,,,,,,,,,,,1,1,1,1,1,1,1,1,1,1,1,1,1,1,1,1,1
gemm_N4096,gemm,4096,matrix,none_ready,10,1.0,none,-1.9814549820717662,gpu,1463.481518590912,201.76799460333194,201.76799460333194,532.6682868749621,2.747453818166667,189.70552447758172,1.0635852337931029,625.328871641937,3.612359947967774,137438953472.0,11.138109839567305,402653184.0,8.604931137647155,341.3333333333333,53.71958960295775,0.2755312286666667,53.21652191911159,0.2746580655,93.90736889851836,0.622168204,10.64423950878482,0.0490463366436781,1,,,,,,,,,,,,,,,,,,1,1,1,1,1,1,1,1,1,1,1,1,1,1,1,1,1
gemm_N4096,gemm,4096,matrix,none_ready,30,1.4771212547196624,none,-2.7718777727881934,gpu,13160.251855017314,823.1007159727251,823.1007159727251,1596.9987252571939,8.240615128166667,402.59031465327814,2.044511966666665,1498.8628851409483,3.612359947967774,137438953472.0,11.138109839567305,402653184.0,8.604931137647155,341.3333333333333,53.71958960295775,0.2755312286666667,53.21652191911159,0.2746580655,93.90736889851836,0.622168204,10.64423950878482,0.0490463366436781,1,,,,,,,,,,,,,,,,,,1,1,1,1,1,1,1,1,1,1,1,1,1,1,1,1,1
gemm_N4096,gemm,4096,matrix,none_ready,100,2.0,none,-3.1464078434020455,gpu,146181.93389904138,6286.749252627536,6286.749252627536,5322.155259595005,27.466679713166663,1147.6870802682156,5.477755531724132,2225.23881619654,3.612359947967774,137438953472.0,11.138109839567305,402653184.0,8.604931137647155,341.3333333333333,53.71958960295775,0.2755312286666667,53.21652191911159,0.2746580655,93.90736889851836,0.622168204,10.64423950878482,0.0490463366436781,1,,,,,,,,,,,,,,,,,,1,1,1,1,1,1,1,1,1,1,1,1,1,1,1,1,1
gemm_N4096,gemm,4096,matrix,none_ready,1000,3.0,none,-3.3127146193138515,gpu,14616531.601684457,532292.8720819146,532292.8720819146,53217.02498679544,274.6589386631667,10727.502638174554,49.619458511034416,2645.9566656446073,3.612359947967774,137438953472.0,11.138109839567305,402653184.0,8.604931137647155,341.3333333333333,53.71958960295775,0.2755312286666667,53.21652191911159,0.2746580655,93.90736889851836,0.622168204,10.64423950878482,0.0490463366436781,1,,,,,,,,,,,,,,,,,,1,1,1,1,1,1,1,1,1,1,1,1,1,1,1,1,1
gemm_N512,gemm,512,matrix,cpu_ready,1,0.0,cpu,13.417074101939832,cpu,0.00010493609199344642,70.45083292158792,0.00010493609199344642,0.138682832412876,0.0007566624517809,98.58752809548712,0.71460188,67136794.06880885,2.709269960975831,268435456.0,8.428839878591473,6291456.0,6.798751163663267,42.666666666666664,0.3286854069105543,0.0025043163333333,0.138682832412876,0.0007566624517809,98.58752809548712,0.71460188,0.163646205322192,0.0010044072115594,1,0.003217132,0.5229502180421853,162.55168207029905,3.217132,2.186863893622966,1.6835392531243605,0.1216823963244024,0.2490778550981837,18895615758.98188,2843213.3932950217,1.0,,,,,,cpu,0,0,0,0,0,0,0,0,0,0,0,0,1,1,1,1,1
gemm_N512,gemm,512,matrix,cpu_ready,2,0.3010299956639812,cpu,12.03384283357771,cpu,0.00041974436797378566,70.6669611991837,0.00041974436797378566,0.277365664825752,0.0015133249035618,98.75117430080931,0.7156062872115594,16835613.970460486,2.709269960975831,268435456.0,8.428839878591473,6291456.0,6.798751163663267,42.666666666666664,0.3286854069105543,0.0025043163333333,0.138682832412876,0.0007566624517809,98.58752809548712,0.71460188,0.163646205322192,0.0010044072115594,1,0.003217132,0.5229502180421853,162.55168207029905,3.217132,2.186863893622966,1.6835392531243605,0.1216823963244024,0.2490778550981837,18895615758.98188,2843213.3932950217,1.0,,,,,,cpu,0,0,0,0,0,0,0,0,0,0,0,0,1,1,1,1,1
gemm_N512,gemm,512,matrix,cpu_ready,3,0.47712125471966244,cpu,11.225970993920688,cpu,0.0009444248279410177,70.88341821163705,0.0009444248279410177,0.41604849723862797,0.0022699873553427,98.9148205061315,0.7166106944231189,7505358.996262638,2.709269960975831,268435456.0,8.428839878591473,6291456.0,6.798751163663267,42.666666666666664,0.3286854069105543,0.0025043163333333,0.138682832412876,0.0007566624517809,98.58752809548712,0.71460188,0.163646205322192,0.0010044072115594,1,0.003217132,0.5229502180421853,162.55168207029905,3.217132,2.186863893622966,1.6835392531243605,0.1216823963244024,0.2490778550981837,18895615758.98188,2843213.3932950217,1.0,,,,,,cpu,0,0,0,0,0,0,0,0,0,0,0,0,1,1,1,1,1
gemm_N512,gemm,512,matrix,cpu_ready,5,0.6989700043360189,cpu,10.210422409234473,cpu,0.00262340229983616,71.31731844111634,0.00262340229983616,0.6934141620643799,0.0037833122589045,99.24211291677588,0.7186195088462376,2718404.8379949327,2.709269960975831,268435456.0,8.428839878591473,6291456.0,6.798751163663267,42.666666666666664,0.3286854069105543,0.0025043163333333,0.138682832412876,0.0007566624517809,98.58752809548712,0.71460188,0.163646205322192,0.0010044072115594,1,0.003217132,0.5229502180421853,162.55168207029905,3.217132,2.186863893622966,1.6835392531243605,0.1216823963244024,0.2490778550981837,18895615758.98188,2843213.3932950217,1.0,,,,,,cpu,0,0,0,0,0,0,0,0,0,0,0,0,1,1,1,1,1
gemm_N512,gemm,512,matrix,cpu_ready,10,1.0,cpu,8.839303185302464,cpu,0.01049360919934464,72.40782187482152,0.01049360919934464,1.3868283241287598,0.007566624517809,100.06034394338684,0.7236415449040347,689918.2815969897,2.709269960975831,268435456.0,8.428839878591473,6291456.0,6.798751163663267,42.666666666666664,0.3286854069105543,0.0025043163333333,0.138682832412876,0.0007566624517809,98.58752809548712,0.71460188,0.163646205322192,0.0010044072115594,1,0.003217132,0.5229502180421853,162.55168207029905,3.217132,2.186863893622966,1.6835392531243605,0.1216823963244024,0.2490778550981837,18895615758.98188,2843213.3932950217,1.0,,,,,,cpu,0,0,0,0,0,0,0,0,0,0,0,0,1,1,1,1,1
gemm_N512,gemm,512,matrix,cpu_ready,30,1.4771212547196624,cpu,6.701646023279207,cpu,0.09444248279410176,76.85201932402721,0.09444248279410176,4.160484972386279,0.022699873553427,103.33326804983068,0.7437296891352226,81274.4165235212,2.709269960975831,268435456.0,8.428839878591473,6291456.0,6.798751163663267,42.666666666666664,0.3286854069105543,0.0025043163333333,0.138682832412876,0.0007566624517809,98.58752809548712,0.71460188,0.163646205322192,0.0010044072115594,1,0.003217132,0.5229502180421853,162.55168207029905,3.217132,2.186863893622966,1.6835392531243605,0.1216823963244024,0.2490778550981837,18895615758.98188,2843213.3932950217,1.0,,,,,,cpu,0,0,0,0,0,0,0,0,0,0,0,0,1,1,1,1,1
gemm_N512,gemm,512,matrix,cpu_ready,100,2.0,cpu,4.489162001795137,cpu,1.049360919934464,93.44222519749773,1.049360919934464,13.8682832412876,0.07566624517809,114.78850242238413,0.8140381939443806,8804.67935506246,2.709269960975831,268435456.0,8.428839878591473,6291456.0,6.798751163663267,42.666666666666664,0.3286854069105543,0.0025043163333333,0.138682832412876,0.0007566624517809,98.58752809548712,0.71460188,0.163646205322192,0.0010044072115594,1,0.003217132,0.5229502180421853,162.55168207029905,3.217132,2.186863893622966,1.6835392531243605,0.1216823963244024,0.2490778550981837,18895615758.98188,2843213.3932950217,1.0,,,,,,cpu,0,0,0,0,0,0,0,0,0,0,0,0,1,1,1,1,1
gemm_N512,gemm,512,matrix,cpu_ready,1000,3.0,cpu,1.4564240094432268,cpu,104.93609199344641,450.2376374582763,104.93609199344641,138.682832412876,0.7566624517809,262.07008721235695,1.7180046843478405,329.058895662319,2.709269960975831,268435456.0,8.428839878591473,6291456.0,6.798751163663267,42.666666666666664,0.3286854069105543,0.0025043163333333,0.138682832412876,0.0007566624517809,98.58752809548712,0.71460188,0.163646205322192,0.0010044072115594,1,0.003217132,0.5229502180421853,162.55168207029905,3.217132,2.186863893622966,1.6835392531243605,0.1216823963244024,0.2490778550981837,18895615758.98188,2843213.3932950217,1.0,,,,,,cpu,0,0,0,0,0,0,0,0,0,0,0,0,1,1,1,1,1
gemm_N512,gemm,512,matrix,gpu_ready,1,0.0,gpu,-1.611012518612759,gpu,0.0008231322330544031,0.00016436742876993992,0.00016436742876993992,0.3286854069105543,0.0025043163333333,0.163646205322192,0.0010044072115594,400.78792326094987,2.709269960975831,268435456.0,8.428839878591473,6291456.0,6.798751163663267,42.666666666666664,0.3286854069105543,0.0025043163333333,0.138682832412876,0.0007566624517809,98.58752809548712,0.71460188,0.163646205322192,0.0010044072115594,1,0.512929525,77.75863210779755,151.5971070446716,102.585905,,,,,,,,65859.40468208767,0.0,0.0,1410.0,34.48958237098947,gpu,0,0,0,0,0,1,1,1,1,1,1,1,0,0,0,0,0
gemm_N512,gemm,512,matrix,gpu_ready,2,0.3010299956639812,gpu,-0.840746156856733,gpu,0.0015240779132698824,0.0006574697150797597,0.0006574697150797597,0.4673682393234303,0.0032609787851142,0.327292410644384,0.0020088144231188,131.8095994862656,2.709269960975831,268435456.0,8.428839878591473,6291456.0,6.798751163663267,42.666666666666664,0.3286854069105543,0.0025043163333333,0.138682832412876,0.0007566624517809,98.58752809548712,0.71460188,0.163646205322192,0.0010044072115594,1,0.512929525,77.75863210779755,151.5971070446716,102.585905,,,,,,,,65859.40468208767,0.0,0.0,1410.0,34.48958237098947,gpu,0,0,0,0,0,1,1,1,1,1,1,1,0,0,0,0,0
gemm_N512,gemm,512,matrix,gpu_ready,3,0.47712125471966244,gpu,-0.49833031424899404,gpu,0.0024348957774722544,0.0014793068589294591,0.0014793068589294591,0.6060510717363063,0.0040176412368951,0.49093861596657606,0.0030132216346781997,64.59707212027214,2.709269960975831,268435456.0,8.428839878591473,6291456.0,6.798751163663267,42.666666666666664,0.3286854069105543,0.0025043163333333,0.138682832412876,0.0007566624517809,98.58752809548712,0.71460188,0.163646205322192,0.0010044072115594,1,0.512929525,77.75863210779755,151.5971070446716,102.585905,,,,,,,,65859.40468208767,0.0,0.0,1410.0,34.48958237098947,gpu,0,0,0,0,0,1,1,1,1,1,1,1,0,0,0,0,0
gemm_N512,gemm,512,matrix,gpu_ready,5,0.6989700043360189,gpu,-0.17317938779807546,gpu,0.004886148057837676,0.004109185719248497,0.004109185719248497,0.8834167365620582,0.0055309661404569,0.81823102661096,0.0050220360577969995,18.907939228681855,2.709269960975831,268435456.0,8.428839878591473,6291456.0,6.798751163663267,42.666666666666664,0.3286854069105543,0.0025043163333333,0.138682832412876,0.0007566624517809,98.58752809548712,0.71460188,0.163646205322192,0.0010044072115594,1,0.512929525,77.75863210779755,151.5971070446716,102.585905,,,,,,,,65859.40468208767,0.0,0.0,1410.0,34.48958237098947,gpu,0,0,0,0,0,1,1,1,1,1,1,1,0,0,0,0,0
gemm_N512,gemm,512,matrix,gpu_ready,10,1.0,gpu,0.1125536411848933,cpu,0.014687041978521859,0.01643674287699399,0.014687041978521859,1.576830898626438,0.0093142783993614,1.63646205322192,0.010044072115593999,11.91322868846477,2.709269960975831,268435456.0,8.428839878591473,6291456.0,6.798751163663267,42.666666666666664,0.3286854069105543,0.0025043163333333,0.138682832412876,0.0007566624517809,98.58752809548712,0.71460188,0.163646205322192,0.0010044072115594,1,0.512929525,77.75863210779755,151.5971070446716,102.585905,,,,,,,,65859.40468208767,0.0,0.0,1410.0,34.48958237098947,gpu,0,0,0,0,0,1,1,1,1,1,1,1,0,0,0,0,0
gemm_N512,gemm,512,matrix,gpu_ready,30,1.4771212547196624,gpu,0.32992682353115976,cpu,0.10635866365798179,0.1479306858929459,0.10635866365798179,4.350487546883958,0.0244475274349794,4.90938615966576,0.030132216346781995,39.086634605195414,2.709269960975831,268435456.0,8.428839878591473,6291456.0,6.798751163663267,42.666666666666664,0.3286854069105543,0.0025043163333333,0.138682832412876,0.0007566624517809,98.58752809548712,0.71460188,0.163646205322192,0.0010044072115594,1,0.512929525,77.75863210779755,151.5971070446716,102.585905,,,,,,,,65859.40468208767,0.0,0.0,1410.0,34.48958237098947,gpu,0,0,0,0,0,1,1,1,1,1,1,1,0,0,0,0,0
gemm_N512,gemm,512,matrix,gpu_ready,100,2.0,gpu,0.4123111355308613,cpu,1.088306719094804,1.6436742876993993,1.088306719094804,14.058285815785277,0.0774138990596424,16.364620532219202,0.10044072115594,51.030427255518624,2.709269960975831,268435456.0,8.428839878591473,6291456.0,6.798751163663267,42.666666666666664,0.3286854069105543,0.0025043163333333,0.138682832412876,0.0007566624517809,98.58752809548712,0.71460188,0.163646205322192,0.0010044072115594,1,0.512929525,77.75863210779755,151.5971070446716,102.585905,,,,,,,,65859.40468208767,0.0,0.0,1410.0,34.48958237098947,gpu,0,0,0,0,0,1,1,1,1,1,1,1,0,0,0,0,0
gemm_N512,gemm,512,matrix,gpu_ready,1000,3.0,gpu,0.4450766861208469,cpu,105.32256145641837,164.3674287699399,105.32256145641837,138.87283498737366,0.7584101056624524,163.646205322192,1.0044072115593998,56.06098683609571,2.709269960975831,268435456.0,8.428839878591473,6291456.0,6.798751163663267,42.666666666666664,0.3286854069105543,0.0025043163333333,0.138682832412876,0.0007566624517809,98.58752809548712,0.71460188,0.163646205322192,0.0010044072115594,1,0.512929525,77.75863210779755,151.5971070446716,102.585905,,,,,,,,65859.40468208767,0.0,0.0,1410.0,34.48958237098947,gpu,0,0,0,0,0,1,1,1,1,1,1,1,0,0,0,0,0
gemm_N512,gemm,512,matrix,none_ready,1,0.0,none,11.357308759345933,cpu,0.0008231322330544031,70.45083292158792,0.0008231322330544031,0.3286854069105543,0.0025043163333333,98.58752809548712,0.71460188,8558771.842518603,2.709269960975831,268435456.0,8.428839878591473,6291456.0,6.798751163663267,42.666666666666664,0.3286854069105543,0.0025043163333333,0.138682832412876,0.0007566624517809,98.58752809548712,0.71460188,0.163646205322192,0.0010044072115594,1,,,,,,,,,,,,,,,,,,1,1,1,1,1,1,1,1,1,1,1,1,1,1,1,1,1
gemm_N512,gemm,512,matrix,none_ready,2,0.3010299956639812,none,10.744343852739837,cpu,0.0015240779132698824,70.6669611991837,0.0015240779132698824,0.4673682393234303,0.0032609787851142,98.75117430080931,0.7156062872115594,4636602.66355143,2.709269960975831,268435456.0,8.428839878591473,6291456.0,6.798751163663267,42.666666666666664,0.3286854069105543,0.0025043163333333,0.138682832412876,0.0007566624517809,98.58752809548712,0.71460188,0.163646205322192,0.0010044072115594,1,,,,,,,,,,,,,,,,,,1,1,1,1,1,1,1,1,1,1,1,1,1,1,1,1,1
gemm_N512,gemm,512,matrix,none_ready,3,0.47712125471966244,none,10.278887855690554,cpu,0.0024348957774722544,70.88341821163705,0.0024348957774722544,0.6060510717363063,0.0040176412368951,98.9148205061315,0.7166106944231189,2911047.9377250173,2.709269960975831,268435456.0,8.428839878591473,6291456.0,6.798751163663267,42.666666666666664,0.3286854069105543,0.0025043163333333,0.138682832412876,0.0007566624517809,98.58752809548712,0.71460188,0.163646205322192,0.0010044072115594,1,,,,,,,,,,,,,,,,,,1,1,1,1,1,1,1,1,1,1,1,1,1,1,1,1,1
gemm_N512,gemm,512,matrix,none_ready,5,0.6989700043360189,none,9.588490197455258,cpu,0.004886148057837676,71.31731844111634,0.004886148057837676,0.8834167365620582,0.0055309661404569,99.24211291677588,0.7186195088462376,1459481.6090083285,2.709269960975831,268435456.0,8.428839878591473,6291456.0,6.798751163663267,42.666666666666664,0.3286854069105543,0.0025043163333333,0.138682832412876,0.0007566624517809,98.58752809548712,0.71460188,0.163646205322192,0.0010044072115594,1,,,,,,,,,,,,,,,,,,1,1,1,1,1,1,1,1,1,1,1,1,1,1,1,1,1
gemm_N512,gemm,512,matrix,none_ready,10,1.0,none,8.503104002506218,cpu,0.014687041978521859,72.40782187482152,0.014687041978521859,1.576830898626438,0.0093142783993614,100.06034394338684,0.7236415449040347,492904.7996098179,2.709269960975831,268435456.0,8.428839878591473,6291456.0,6.798751163663267,42.666666666666664,0.3286854069105543,0.0025043163333333,0.138682832412876,0.0007566624517809,98.58752809548712,0.71460188,0.163646205322192,0.0010044072115594,1,,,,,,,,,,,,,,,,,,1,1,1,1,1,1,1,1,1,1,1,1,1,1,1,1,1
gemm_N512,gemm,512,matrix,none_ready,30,1.4771212547196624,none,6.582820022829228,cpu,0.10635866365798179,76.85201932402721,0.10635866365798179,4.350487546883958,0.0244475274349794,103.33326804983068,0.7437296891352226,72157.41343569408,2.709269960975831,268435456.0,8.428839878591473,6291456.0,6.798751163663267,42.666666666666664,0.3286854069105543,0.0025043163333333,0.138682832412876,0.0007566624517809,98.58752809548712,0.71460188,0.163646205322192,0.0010044072115594,1,,,,,,,,,,,,,,,,,,1,1,1,1,1,1,1,1,1,1,1,1,1,1,1,1,1
gemm_N512,gemm,512,matrix,none_ready,100,2.0,none,4.452720313344859,cpu,1.088306719094804,93.44222519749773,1.088306719094804,14.058285815785277,0.0774138990596424,114.78850242238413,0.8140381939443806,8486.019323230685,2.709269960975831,268435456.0,8.428839878591473,6291456.0,6.798751163663267,42.666666666666664,0.3286854069105543,0.0025043163333333,0.138682832412876,0.0007566624517809,98.58752809548712,0.71460188,0.163646205322192,0.0010044072115594,1,,,,,,,,,,,,,,,,,,1,1,1,1,1,1,1,1,1,1,1,1,1,1,1,1,1
gemm_N512,gemm,512,matrix,none_ready,1000,3.0,none,1.4527478715829345,cpu,105.32256145641837,450.2376374582763,105.32256145641837,138.87283498737366,0.7584101056624524,262.07008721235695,1.7180046843478405,327.48451161110535,2.709269960975831,268435456.0,8.428839878591473,6291456.0,6.798751163663267,42.666666666666664,0.3286854069105543,0.0025043163333333,0.138682832412876,0.0007566624517809,98.58752809548712,0.71460188,0.163646205322192,0.0010044072115594,1,,,,,,,,,,,,,,,,,,1,1,1,1,1,1,1,1,1,1,1,1,1,1,1,1,1
gemm_N64,gemm,64,matrix,cpu_ready,1,0.0,cpu,22.893782826247804,cpu,8.095461165327211e-09,70.93901355920082,8.095461165327211e-09,0.0010153169580512,7.973333943782091e-06,99.44458537884933,0.7133521979999999,876281314953.8229,1.806179973983887,524288.0,5.719569917615643,98304.0,4.9925711896793805,5.333333333333333,0.0021577289795196,3.2103333333333335e-05,0.0010153169580512,7.973333943782091e-06,99.44458537884933,0.7133521979999999,0.015346762452371,9.938836444444444e-05,1,3.4657e-05,0.0019476895830869,56.19902424003521,0.034657,,,,,,,,,,,,,cpu,0,0,0,0,0,1,1,1,1,1,1,1,1,1,1,1,1
gemm_N64,gemm,64,matrix,cpu_ready,2,0.3010299956639812,cpu,21.50778209408126,cpu,3.2381844661308845e-08,70.95984636591169,3.2381844661308845e-08,0.0020306339161024,1.5946667887564183e-05,99.45993214130169,0.7134515863644444,219134663499.6232,1.806179973983887,524288.0,5.719569917615643,98304.0,4.9925711896793805,5.333333333333333,0.0021577289795196,3.2103333333333335e-05,0.0010153169580512,7.973333943782091e-06,99.44458537884933,0.7133521979999999,0.015346762452371,9.938836444444444e-05,1,3.4657e-05,0.0019476895830869,56.19902424003521,0.034657,,,,,,,,,,,,,cpu,0,0,0,0,0,1,1,1,1,1,1,1,1,1,1,1,1
gemm_N64,gemm,64,matrix,cpu_ready,3,0.47712125471966244,cpu,20.697145463603224,cpu,7.28591504879449e-08,70.9806822232018,7.28591504879449e-08,0.0030459508741536,2.3920001831346274e-05,99.47527890375407,0.7135509747288888,97421781169.52782,1.806179973983887,524288.0,5.719569917615643,98304.0,4.9925711896793805,5.333333333333333,0.0021577289795196,3.2103333333333335e-05,0.0010153169580512,7.973333943782091e-06,99.44458537884933,0.7133521979999999,0.015346762452371,9.938836444444444e-05,1,3.4657e-05,0.0019476895830869,56.19902424003521,0.034657,,,,,,,,,,,,,cpu,0,0,0,0,0,1,1,1,1,1,1,1,1,1,1,1,1
gemm_N64,gemm,64,matrix,cpu_ready,5,0.6989700043360189,cpu,19.676081257953665,cpu,2.0238652913318027e-07,71.02236308951971,2.0238652913318027e-07,0.005076584790256,3.9866669718910457e-05,99.50597242865881,0.7137497514577777,35092435841.12112,1.806179973983887,524288.0,5.719569917615643,98304.0,4.9925711896793805,5.333333333333333,0.0021577289795196,3.2103333333333335e-05,0.0010153169580512,7.973333943782091e-06,99.44458537884933,0.7133521979999999,0.015346762452371,9.938836444444444e-05,1,3.4657e-05,0.0019476895830869,56.19902424003521,0.034657,,,,,,,,,,,,,cpu,0,0,0,0,0,1,1,1,1,1,1,1,1,1,1,1,1
gemm_N64,gemm,64,matrix,cpu_ready,10,1.0,cpu,18.29125374616827,cpu,8.095461165327211e-07,71.12661864045118,8.095461165327211e-07,0.010153169580512,7.973333943782091e-05,99.58270624092066,0.7142466932799999,8785987157.290031,1.806179973983887,524288.0,5.719569917615643,98304.0,4.9925711896793805,5.333333333333333,0.0021577289795196,3.2103333333333335e-05,0.0010153169580512,7.973333943782091e-06,99.44458537884933,0.7133521979999999,0.015346762452371,9.938836444444444e-05,1,3.4657e-05,0.0019476895830869,56.19902424003521,0.034657,,,,,,,,,,,,,cpu,0,0,0,0,0,1,1,1,1,1,1,1,1,1,1,1,1
gemm_N64,gemm,64,matrix,cpu_ready,30,1.4771212547196624,cpu,16.09988580371801,cpu,7.28591504879449e-06,71.54440348898699,7.28591504879449e-06,0.030459508741536002,0.00023920001831346274,99.88964148996808,0.7162344605688888,981954850.1997632,1.806179973983887,524288.0,5.719569917615643,98304.0,4.9925711896793805,5.333333333333333,0.0021577289795196,3.2103333333333335e-05,0.0010153169580512,7.973333943782091e-06,99.44458537884933,0.7133521979999999,0.015346762452371,9.938836444444444e-05,1,3.4657e-05,0.0019476895830869,56.19902424003521,0.034657,,,,,,,,,,,,,cpu,0,0,0,0,0,1,1,1,1,1,1,1,1,1,1,1,1
gemm_N64,gemm,64,matrix,cpu_ready,100,2.0,cpu,13.712304063412201,cpu,8.095461165327211e-05,73.0162597834661,8.095461165327211e-05,0.10153169580512,0.0007973333943782091,100.96391486163405,0.72319164608,90193970.84082387,1.806179973983887,524288.0,5.719569917615643,98304.0,4.9925711896793805,5.333333333333333,0.0021577289795196,3.2103333333333335e-05,0.0010153169580512,7.973333943782091e-06,99.44458537884933,0.7133521979999999,0.015346762452371,9.938836444444444e-05,1,3.4657e-05,0.0019476895830869,56.19902424003521,0.034657,,,,,,,,,,,,,cpu,0,0,0,0,0,1,1,1,1,1,1,1,1,1,1,1,1
gemm_N64,gemm,64,matrix,cpu_ready,1000,3.0,cpu,9.351968509268268,cpu,0.008095461165327212,93.27170426473091,0.008095461165327212,1.0153169580512,0.007973333943782092,114.77600106876795,0.8126411740799999,1152048.1279437519,1.806179973983887,524288.0,5.719569917615643,98304.0,4.9925711896793805,5.333333333333333,0.0021577289795196,3.2103333333333335e-05,0.0010153169580512,7.973333943782091e-06,99.44458537884933,0.7133521979999999,0.015346762452371,9.938836444444444e-05,1,3.4657e-05,0.0019476895830869,56.19902424003521,0.034657,,,,,,,,,,,,,cpu,0,0,0,0,0,1,1,1,1,1,1,1,1,1,1,1,1
gemm_N64,gemm,64,matrix,gpu_ready,1,0.0,gpu,3.091923448417047,cpu,6.927029267251089e-08,1.5252896196585647e-06,6.927029267251089e-08,0.0021577289795196,3.2103333333333335e-05,0.015346762452371,9.938836444444444e-05,2101.9390431475085,1.806179973983887,524288.0,5.719569917615643,98304.0,4.9925711896793805,5.333333333333333,0.0021577289795196,3.2103333333333335e-05,0.0010153169580512,7.973333943782091e-06,99.44458537884933,0.7133521979999999,0.015346762452371,9.938836444444444e-05,1,0.479616713,72.80794834620227,151.8044437834306,95.9233426,,,,,,,,63271.14554581421,0.0,0.0,1410.0,24.0,gpu,0,0,0,0,0,1,1,1,1,1,1,1,0,0,0,0,0
gemm_N64,gemm,64,matrix,gpu_ready,2,0.3010299956639812,gpu,3.870747654967124,cpu,1.2716510629502772e-07,6.101158478634259e-06,1.2716510629502772e-07,0.0031730459375708,4.0076667277115426e-05,0.030693524904742,0.00019877672888888887,4697.824384685644,1.806179973983887,524288.0,5.719569917615643,98304.0,4.9925711896793805,5.333333333333333,0.0021577289795196,3.2103333333333335e-05,0.0010153169580512,7.973333943782091e-06,99.44458537884933,0.7133521979999999,0.015346762452371,9.938836444444444e-05,1,0.479616713,72.80794834620227,151.8044437834306,95.9233426,,,,,,,,63271.14554581421,0.0,0.0,1410.0,24.0,gpu,0,0,0,0,0,1,1,1,1,1,1,1,0,0,0,0,0
gemm_N64,gemm,64,matrix,gpu_ready,3,0.47712125471966244,gpu,4.222612061502323,cpu,2.0125084224819893e-07,1.3727606576927083e-05,2.0125084224819893e-07,0.0041883628956219995,4.805000122089752e-05,0.046040287357113,0.00029816509333333333,6721.142422846152,1.806179973983887,524288.0,5.719569917615643,98304.0,4.9925711896793805,5.333333333333333,0.0021577289795196,3.2103333333333335e-05,0.0010153169580512,7.973333943782091e-06,99.44458537884933,0.7133521979999999,0.015346762452371,9.938836444444444e-05,1,0.479616713,72.80794834620227,151.8044437834306,95.9233426,,,,,,,,63271.14554581421,0.0,0.0,1410.0,24.0,gpu,0,0,0,0,0,1,1,1,1,1,1,1,0,0,0,0,0
gemm_N64,gemm,64,matrix,gpu_ready,5,0.6989700043360189,gpu,4.562375764128752,cpu,3.9799508114650476e-07,3.813224049146411e-05,3.9799508114650476e-07,0.0062189968117244004,6.39966691084617e-05,0.076733812261855,0.0004969418222222221,9481.08335952709,1.806179973983887,524288.0,5.719569917615643,98304.0,4.9925711896793805,5.333333333333333,0.0021577289795196,3.2103333333333335e-05,0.0010153169580512,7.973333943782091e-06,99.44458537884933,0.7133521979999999,0.015346762452371,9.938836444444444e-05,1,0.479616713,72.80794834620227,151.8044437834306,95.9233426,,,,,,,,63271.14554581421,0.0,0.0,1410.0,24.0,gpu,0,0,0,0,0,1,1,1,1,1,1,1,0,0,0,0,0
gemm_N64,gemm,64,matrix,gpu_ready,10,1.0,gpu,4.867622145664028,cpu,1.1731968191787215e-06,0.00015252896196585645,1.1731968191787215e-06,0.0112955816019804,0.00010386333882737216,0.15346762452371,0.0009938836444444443,12901.140087699181,1.806179973983887,524288.0,5.719569917615643,98304.0,4.9925711896793805,5.333333333333333,0.0021577289795196,3.2103333333333335e-05,0.0010153169580512,7.973333943782091e-06,99.44458537884933,0.7133521979999999,0.015346762452371,9.938836444444444e-05,1,0.479616713,72.80794834620227,151.8044437834306,95.9233426,,,,,,,,63271.14554581421,0.0,0.0,1410.0,24.0,gpu,0,0,0,0,0,1,1,1,1,1,1,1,0,0,0,0,0
gemm_N64,gemm,64,matrix,gpu_ready,30,1.4771212547196624,gpu,5.105708380767075,cpu,8.321734353971193e-06,0.0013727606576927085,8.321734353971193e-06,0.0316019207630044,0.00026333001770301396,0.46040287357113,0.002981650933333333,16396.088427019025,1.806179973983887,524288.0,5.719569917615643,98304.0,4.9925711896793805,5.333333333333333,0.0021577289795196,3.2103333333333335e-05,0.0010153169580512,7.973333943782091e-06,99.44458537884933,0.7133521979999999,0.015346762452371,9.938836444444444e-05,1,0.479616713,72.80794834620227,151.8044437834306,95.9233426,,,,,,,,63271.14554581421,0.0,0.0,1410.0,24.0,gpu,0,0,0,0,0,1,1,1,1,1,1,1,0,0,0,0,0
gemm_N64,gemm,64,matrix,gpu_ready,100,2.0,gpu,5.1976326107565365,cpu,8.434302106730627e-05,0.015252896196585647,8.434302106730627e-05,0.10267410782658841,0.0008214633937677603,1.5346762452371,0.009938836444444444,17984.360749200267,1.806179973983887,524288.0,5.719569917615643,98304.0,4.9925711896793805,5.333333333333333,0.0021577289795196,3.2103333333333335e-05,0.0010153169580512,7.973333943782091e-06,99.44458537884933,0.7133521979999999,0.015346762452371,9.938836444444444e-05,1,0.479616713,72.80794834620227,151.8044437834306,95.9233426,,,,,,,,63271.14554581421,0.0,0.0,1410.0,24.0,gpu,0,0,0,0,0,1,1,1,1,1,1,1,0,0,0,0,0
gemm_N64,gemm,64,matrix,gpu_ready,1000,3.0,gpu,5.234489718349369,cpu,0.008129097161855128,1.5252896196585646,0.008129097161855128,1.0164593700726685,0.007997463943171643,15.346762452371,0.09938836444444443,18663.333606292887,1.806179973983887,524288.0,5.719569917615643,98304.0,4.9925711896793805,5.333333333333333,0.0021577289795196,3.2103333333333335e-05,0.0010153169580512,7.973333943782091e-06,99.44458537884933,0.7133521979999999,0.015346762452371,9.938836444444444e-05,1,0.479616713,72.80794834620227,151.8044437834306,95.9233426,,,,,,,,63271.14554581421,0.0,0.0,1410.0,24.0,gpu,0,0,0,0,0,1,1,1,1,1,1,1,0,0,0,0,0
gemm_N64,gemm,64,matrix,none_ready,1,0.0,none,20.74707024378869,cpu,6.927029267251089e-08,70.93901355920082,6.927029267251089e-08,0.0021577289795196,3.2103333333333335e-05,99.44458537884933,0.7133521979999999,102408999230.4621,1.806179973983887,524288.0,5.719569917615643,98304.0,4.9925711896793805,5.333333333333333,0.0021577289795196,3.2103333333333335e-05,0.0010153169580512,7.973333943782091e-06,99.44458537884933,0.7133521979999999,0.015346762452371,9.938836444444444e-05,1,,,,,,,,,,,,,,,,,,1,1,1,1,1,1,1,1,1,1,1,1,1,1,1,1,1
gemm_N64,gemm,64,matrix,none_ready,2,0.3010299956639812,none,20.139893718172225,cpu,1.2716510629502772e-07,70.95984636591169,1.2716510629502772e-07,0.0031730459375708,4.0076667277115426e-05,99.45993214130169,0.7134515863644444,55801350155.06308,1.806179973983887,524288.0,5.719569917615643,98304.0,4.9925711896793805,5.333333333333333,0.0021577289795196,3.2103333333333335e-05,0.0010153169580512,7.973333943782091e-06,99.44458537884933,0.7133521979999999,0.015346762452371,9.938836444444444e-05,1,,,,,,,,,,,,,,,,,,1,1,1,1,1,1,1,1,1,1,1,1,1,1,1,1,1
gemm_N64,gemm,64,matrix,none_ready,3,0.47712125471966244,none,19.681121494229387,cpu,2.0125084224819893e-07,70.9806822232018,2.0125084224819893e-07,0.0041883628956219995,4.805000122089752e-05,99.47527890375407,0.7135509747288888,35269756503.384865,1.806179973983887,524288.0,5.719569917615643,98304.0,4.9925711896793805,5.333333333333333,0.0021577289795196,3.2103333333333335e-05,0.0010153169580512,7.973333943782091e-06,99.44458537884933,0.7133521979999999,0.015346762452371,9.938836444444444e-05,1,,,,,,,,,,,,,,,,,,1,1,1,1,1,1,1,1,1,1,1,1,1,1,1,1,1
gemm_N64,gemm,64,matrix,none_ready,5,0.6989700043360189,none,18.999820991206256,cpu,3.9799508114650476e-07,71.02236308951971,3.9799508114650476e-07,0.0062189968117244004,6.39966691084617e-05,99.50597242865881,0.7137497514577777,17845035292.127342,1.806179973983887,524288.0,5.719569917615643,98304.0,4.9925711896793805,5.333333333333333,0.0021577289795196,3.2103333333333335e-05,0.0010153169580512,7.973333943782091e-06,99.44458537884933,0.7133521979999999,0.015346762452371,9.938836444444444e-05,1,,,,,,,,,,,,,,,,,,1,1,1,1,1,1,1,1,1,1,1,1,1,1,1,1,1
gemm_N64,gemm,64,matrix,none_ready,10,1.0,none,17.920239860956137,cpu,1.1731968191787215e-06,71.12661864045118,1.1731968191787215e-06,0.0112955816019804,0.00010386333882737216,99.58270624092066,0.7142466932799999,6062632995.974663,1.806179973983887,524288.0,5.719569917615643,98304.0,4.9925711896793805,5.333333333333333,0.0021577289795196,3.2103333333333335e-05,0.0010153169580512,7.973333943782091e-06,99.44458537884933,0.7133521979999999,0.015346762452371,9.938836444444444e-05,1,,,,,,,,,,,,,,,,,,1,1,1,1,1,1,1,1,1,1,1,1,1,1,1,1,1
gemm_N64,gemm,64,matrix,none_ready,30,1.4771212547196624,none,15.966958153608926,cpu,8.321734353971193e-06,71.54440348898699,8.321734353971193e-06,0.0316019207630044,0.00026333001770301396,99.88964148996808,0.7162344605688888,859729380.0073193,1.806179973983887,524288.0,5.719569917615643,98304.0,4.9925711896793805,5.333333333333333,0.0021577289795196,3.2103333333333335e-05,0.0010153169580512,7.973333943782091e-06,99.44458537884933,0.7133521979999999,0.015346762452371,9.938836444444444e-05,1,,,,,,,,,,,,,,,,,,1,1,1,1,1,1,1,1,1,1,1,1,1,1,1,1,1
gemm_N64,gemm,64,matrix,none_ready,100,2.0,none,13.671300643292579,cpu,8.434302106730627e-05,73.0162597834661,8.434302106730627e-05,0.10267410782658841,0.0008214633937677603,100.96391486163405,0.72319164608,86570500.4592824,1.806179973983887,524288.0,5.719569917615643,98304.0,4.9925711896793805,5.333333333333333,0.0021577289795196,3.2103333333333335e-05,0.0010153169580512,7.973333943782091e-06,99.44458537884933,0.7133521979999999,0.015346762452371,9.938836444444444e-05,1,,,,,,,,,,,,,,,,,,1,1,1,1,1,1,1,1,1,1,1,1,1,1,1,1,1
gemm_N64,gemm,64,matrix,none_ready,1000,3.0,none,9.347822196741477,cpu,0.008129097161855128,93.27170426473091,0.008129097161855128,1.0164593700726685,0.007997463943171643,114.77600106876795,0.8126411740799999,1147280.8518662793,1.806179973983887,524288.0,5.719569917615643,98304.0,4.9925711896793805,5.333333333333333,0.0021577289795196,3.2103333333333335e-05,0.0010153169580512,7.973333943782091e-06,99.44458537884933,0.7133521979999999,0.015346762452371,9.938836444444444e-05,1,,,,,,,,,,,,,,,,,,1,1,1,1,1,1,1,1,1,1,1,1,1,1,1,1,1
gemm_N768,gemm,768,matrix,cpu_ready,1,0.0,cpu,10.940890313871016,cpu,0.0008912352952218867,50.29915251972589,0.0008912352952218867,0.409706008323492,0.0021753044307766,84.7780740331413,0.5933037886666667,5643656.79345185,2.885361220031512,905969664.0,8.957113655758517,14155776.0,7.15093368177463,64.0,0.5137241927765935,0.0036720096666666,0.409706008323492,0.0021753044307766,84.7780740331413,0.5933037886666667,0.3065141989009258,0.0017654520689082,1,0.003747984,0.6313450351611809,168.44923435136886,3.747984,2.2713988242147365,4.249668991083716,0.3138955777598619,0.2822868919351355,25945180349.37271,3042306.0,1.0,,,,,,cpu,0,0,0,0,0,0,0,0,0,0,0,0,1,1,1,1,1
gemm_N768,gemm,768,matrix,cpu_ready,2,0.3010299956639812,cpu,9.561176132401103,cpu,0.003564941180887547,50.631221317540394,0.003564941180887547,0.819412016646984,0.0043506088615532,85.08458823204222,0.5950692407355749,1420154.0448348988,2.885361220031512,905969664.0,8.957113655758517,14155776.0,7.15093368177463,64.0,0.5137241927765935,0.0036720096666666,0.409706008323492,0.0021753044307766,84.7780740331413,0.5933037886666667,0.3065141989009258,0.0017654520689082,1,0.003747984,0.6313450351611809,168.44923435136886,3.747984,2.2713988242147365,4.249668991083716,0.3138955777598619,0.2822868919351355,25945180349.37271,3042306.0,1.0,,,,,,cpu,0,0,0,0,0,0,0,0,0,0,0,0,1,1,1,1,1
gemm_N768,gemm,768,matrix,cpu_ready,3,0.47712125471966244,cpu,8.756804316053476,cpu,0.00802111765699698,50.9643723876081,0.00802111765699698,1.229118024970476,0.0065259132923298005,85.39110243094315,0.5968346928044831,635277.4444780881,2.885361220031512,905969664.0,8.957113655758517,14155776.0,7.15093368177463,64.0,0.5137241927765935,0.0036720096666666,0.409706008323492,0.0021753044307766,84.7780740331413,0.5933037886666667,0.3065141989009258,0.0017654520689082,1,0.003747984,0.6313450351611809,168.44923435136886,3.747984,2.2713988242147365,4.249668991083716,0.3138955777598619,0.2822868919351355,25945180349.37271,3042306.0,1.0,,,,,,cpu,0,0,0,0,0,0,0,0,0,0,0,0,1,1,1,1,1
gemm_N768,gemm,768,matrix,cpu_ready,5,0.6989700043360189,cpu,7.748205107451905,cpu,0.02228088238054717,51.633921344503115,0.02228088238054717,2.04853004161746,0.010876522153883,86.00413082874499,0.6003655969422995,231640.9178982215,2.885361220031512,905969664.0,8.957113655758517,14155776.0,7.15093368177463,64.0,0.5137241927765935,0.0036720096666666,0.409706008323492,0.0021753044307766,84.7780740331413,0.5933037886666667,0.3065141989009258,0.0017654520689082,1,0.003747984,0.6313450351611809,168.44923435136886,3.747984,2.2713988242147365,4.249668991083716,0.3138955777598619,0.2822868919351355,25945180349.37271,3042306.0,1.0,,,,,,cpu,0,0,0,0,0,0,0,0,0,0,0,0,1,1,1,1,1
gemm_N768,gemm,768,matrix,cpu_ready,10,1.0,cpu,6.394169671488976,cpu,0.08912352952218867,53.32673350117162,0.08912352952218867,4.09706008323492,0.021753044307766,87.53670182324963,0.6091928572868405,59734.629291577934,2.885361220031512,905969664.0,8.957113655758517,14155776.0,7.15093368177463,64.0,0.5137241927765935,0.0036720096666666,0.409706008323492,0.0021753044307766,84.7780740331413,0.5933037886666667,0.3065141989009258,0.0017654520689082,1,0.003747984,0.6313450351611809,168.44923435136886,3.747984,2.2713988242147365,4.249668991083716,0.3138955777598619,0.2822868919351355,25945180349.37271,3042306.0,1.0,,,,,,cpu,0,0,0,0,0,0,0,0,0,0,0,0,1,1,1,1,1
gemm_N768,gemm,768,matrix,cpu_ready,30,1.4771212547196624,cpu,4.320975599231275,cpu,0.8021117656996981,60.36855019114534,0.8021117656996981,12.29118024970476,0.065259132923298,93.66698580126814,0.6445018986650045,7426.201805366194,2.885361220031512,905969664.0,8.957113655758517,14155776.0,7.15093368177463,64.0,0.5137241927765935,0.0036720096666666,0.409706008323492,0.0021753044307766,84.7780740331413,0.5933037886666667,0.3065141989009258,0.0017654520689082,1,0.003747984,0.6313450351611809,168.44923435136886,3.747984,2.2713988242147365,4.249668991083716,0.3138955777598619,0.2822868919351355,25945180349.37271,3042306.0,1.0,,,,,,cpu,0,0,0,0,0,0,0,0,0,0,0,0,1,1,1,1,1
gemm_N768,gemm,768,matrix,cpu_ready,100,2.0,cpu,2.2947058881604128,cpu,8.91235295221887,88.42406620362942,8.91235295221887,40.970600832349206,0.21753044307766,115.12297972433295,0.7680835434885784,892.1517547351497,2.885361220031512,905969664.0,8.957113655758517,14155776.0,7.15093368177463,64.0,0.5137241927765935,0.0036720096666666,0.409706008323492,0.0021753044307766,84.7780740331413,0.5933037886666667,0.3065141989009258,0.0017654520689082,1,0.003747984,0.6313450351611809,168.44923435136886,3.747984,2.2713988242147365,4.249668991083716,0.3138955777598619,0.2822868919351355,25945180349.37271,3042306.0,1.0,,,,,,cpu,0,0,0,0,0,0,0,0,0,0,0,0,1,1,1,1,1
gemm_N768,gemm,768,matrix,cpu_ready,1000,3.0,cpu,0.03344821741480849,cpu,891.2352952218868,921.5496820282542,891.2352952218868,409.70600832349203,2.1753044307766,390.9857587351662,2.3569904055059583,3.401389842714905,2.885361220031512,905969664.0,8.957113655758517,14155776.0,7.15093368177463,64.0,0.5137241927765935,0.0036720096666666,0.409706008323492,0.0021753044307766,84.7780740331413,0.5933037886666667,0.3065141989009258,0.0017654520689082,1,0.003747984,0.6313450351611809,168.44923435136886,3.747984,2.2713988242147365,4.249668991083716,0.3138955777598619,0.2822868919351355,25945180349.37271,3042306.0,1.0,,,,,,cpu,0,0,0,0,0,0,0,0,0,0,0,0,1,1,1,1,1
gemm_N768,gemm,768,matrix,gpu_ready,1,0.0,gpu,-1.2487547692727539,gpu,0.0018864002018761474,0.000541136126599379,0.000541136126599379,0.5137241927765935,0.0036720096666666,0.3065141989009258,0.0017654520689082,248.59993801018425,2.885361220031512,905969664.0,8.957113655758517,14155776.0,7.15093368177463,64.0,0.5137241927765935,0.0036720096666666,0.409706008323492,0.0021753044307766,84.7780740331413,0.5933037886666667,0.3065141989009258,0.0017654520689082,1,0.494646858,72.6815239812081,146.93618852666017,98.9293716,,,,,,,,65400.70779787102,0.0,0.0,1410.0,32.0,gpu,0,0,0,0,0,1,1,1,1,1,1,1,0,0,0,0,0
gemm_N768,gemm,768,matrix,gpu_ready,2,0.3010299956639812,gpu,-0.9141124144721223,gpu,0.00539958643289734,0.002164544506397516,0.002164544506397516,0.9234302011000856,0.0058473140974432,0.6130283978018516,0.0035309041378164,149.4560133523867,2.885361220031512,905969664.0,8.957113655758517,14155776.0,7.15093368177463,64.0,0.5137241927765935,0.0036720096666666,0.409706008323492,0.0021753044307766,84.7780740331413,0.5933037886666667,0.3065141989009258,0.0017654520689082,1,0.494646858,72.6815239812081,146.93618852666017,98.9293716,,,,,,,,65400.70779787102,0.0,0.0,1410.0,32.0,gpu,0,0,0,0,0,1,1,1,1,1,1,1,0,0,0,0,0
gemm_N768,gemm,768,matrix,gpu_ready,3,0.47712125471966244,gpu,-0.7866589210755734,gpu,0.010695243254362306,0.004870225139394411,0.004870225139394411,1.3331362094235777,0.0080226185282198,0.9195425967027774,0.0052963562067246,119.60469892552459,2.885361220031512,905969664.0,8.957113655758517,14155776.0,7.15093368177463,64.0,0.5137241927765935,0.0036720096666666,0.409706008323492,0.0021753044307766,84.7780740331413,0.5933037886666667,0.3065141989009258,0.0017654520689082,1,0.494646858,72.6815239812081,146.93618852666017,98.9293716,,,,,,,,65400.70779787102,0.0,0.0,1410.0,32.0,gpu,0,0,0,0,0,1,1,1,1,1,1,1,0,0,0,0,0
gemm_N768,gemm,768,matrix,gpu_ready,5,0.6989700043360189,gpu,-0.6773960052985661,gpu,0.026633968668623557,0.013528403164984475,0.013528403164984475,2.1525482260705617,0.012373227389772999,1.532570994504629,0.008827260344541,96.87444514930021,2.885361220031512,905969664.0,8.957113655758517,14155776.0,7.15093368177463,64.0,0.5137241927765935,0.0036720096666666,0.409706008323492,0.0021753044307766,84.7780740331413,0.5933037886666667,0.3065141989009258,0.0017654520689082,1,0.494646858,72.6815239812081,146.93618852666017,98.9293716,,,,,,,,65400.70779787102,0.0,0.0,1410.0,32.0,gpu,0,0,0,0,0,1,1,1,1,1,1,1,0,0,0,0,0
gemm_N768,gemm,768,matrix,gpu_ready,10,1.0,gpu,-0.5905498078681761,gpu,0.09767401753704273,0.0541136126599379,0.0541136126599379,4.201078267688022,0.023249749543656002,3.065141989009258,0.017654520689082,80.49805351353679,2.885361220031512,905969664.0,8.957113655758517,14155776.0,7.15093368177463,64.0,0.5137241927765935,0.0036720096666666,0.409706008323492,0.0021753044307766,84.7780740331413,0.5933037886666667,0.3065141989009258,0.0017654520689082,1,0.494646858,72.6815239812081,146.93618852666017,98.9293716,,,,,,,,65400.70779787102,0.0,0.0,1410.0,32.0,gpu,0,0,0,0,0,1,1,1,1,1,1,1,0,0,0,0,0
gemm_N768,gemm,768,matrix,gpu_ready,30,1.4771212547196624,gpu,-0.5300405792145476,gpu,0.8274518606216629,0.48702251393944107,0.48702251393944107,12.395198434157862,0.06675583815918801,9.195425967027774,0.052963562067246,69.90012513560156,2.885361220031512,905969664.0,8.957113655758517,14155776.0,7.15093368177463,64.0,0.5137241927765935,0.0036720096666666,0.409706008323492,0.0021753044307766,84.7780740331413,0.5933037886666667,0.3065141989009258,0.0017654520689082,1,0.494646858,72.6815239812081,146.93618852666017,98.9293716,,,,,,,,65400.70779787102,0.0,0.0,1410.0,32.0,gpu,0,0,0,0,0,1,1,1,1,1,1,1,0,0,0,0,0
gemm_N768,gemm,768,matrix,gpu_ready,100,2.0,gpu,-0.5083301150887568,gpu,8.99645667131572,5.411361265993789,5.411361265993789,41.0746190168023,0.21902714831355,30.65141989009258,0.17654520689081998,66.25126708600064,2.885361220031512,905969664.0,8.957113655758517,14155776.0,7.15093368177463,64.0,0.5137241927765935,0.0036720096666666,0.409706008323492,0.0021753044307766,84.7780740331413,0.5933037886666667,0.3065141989009258,0.0017654520689082,1,0.494646858,72.6815239812081,146.93618852666017,98.9293716,,,,,,,,65400.70779787102,0.0,0.0,1410.0,32.0,gpu,0,0,0,0,0,1,1,1,1,1,1,1,0,0,0,0,0
gemm_N768,gemm,768,matrix,gpu_ready,1000,3.0,gpu,-0.4998792651704559,gpu,892.0749312518035,541.1361265993789,541.1361265993789,409.8100265079451,2.17680113601249,306.5141989009258,1.7654520689081998,64.85222246346828,2.885361220031512,905969664.0,8.957113655758517,14155776.0,7.15093368177463,64.0,0.5137241927765935,0.0036720096666666,0.409706008323492,0.0021753044307766,84.7780740331413,0.5933037886666667,0.3065141989009258,0.0017654520689082,1,0.494646858,72.6815239812081,146.93618852666017,98.9293716,,,,,,,,65400.70779787102,0.0,0.0,1410.0,32.0,gpu,0,0,0,0,0,1,1,1,1,1,1,1,0,0,0,0,0
gemm_N768,gemm,768,matrix,none_ready,1,0.0,none,10.191073149613915,cpu,0.0018864002018761474,50.29915251972589,0.0018864002018761474,0.5137241927765935,0.0036720096666666,84.7780740331413,0.5933037886666667,2666309.4114122824,2.885361220031512,905969664.0,8.957113655758517,14155776.0,7.15093368177463,64.0,0.5137241927765935,0.0036720096666666,0.409706008323492,0.0021753044307766,84.7780740331413,0.5933037886666667,0.3065141989009258,0.0017654520689082,1,,,,,,,,,,,,,,,,,,1,1,1,1,1,1,1,1,1,1,1,1,1,1,1,1,1
gemm_N768,gemm,768,matrix,none_ready,2,0.3010299956639812,none,9.146001322944635,cpu,0.00539958643289734,50.631221317540394,0.00539958643289734,0.9234302011000856,0.0058473140974432,85.08458823204222,0.5950692407355749,937587.0237517878,2.885361220031512,905969664.0,8.957113655758517,14155776.0,7.15093368177463,64.0,0.5137241927765935,0.0036720096666666,0.409706008323492,0.0021753044307766,84.7780740331413,0.5933037886666667,0.3065141989009258,0.0017654520689082,1,,,,,,,,,,,,,,,,,,1,1,1,1,1,1,1,1,1,1,1,1,1,1,1,1,1
gemm_N768,gemm,768,matrix,none_ready,3,0.47712125471966244,none,8.469082999993557,cpu,0.010695243254362306,50.9643723876081,0.010695243254362306,1.3331362094235777,0.0080226185282198,85.39110243094315,0.5968346928044831,476414.38284791785,2.885361220031512,905969664.0,8.957113655758517,14155776.0,7.15093368177463,64.0,0.5137241927765935,0.0036720096666666,0.409706008323492,0.0021753044307766,84.7780740331413,0.5933037886666667,0.3065141989009258,0.0017654520689082,1,,,,,,,,,,,,,,,,,,1,1,1,1,1,1,1,1,1,1,1,1,1,1,1,1,1
gemm_N768,gemm,768,matrix,none_ready,5,0.6989700043360189,none,7.569746707168993,cpu,0.026633968668623557,51.633921344503115,0.026633968668623557,2.1525482260705617,0.012373227389772999,86.00413082874499,0.6003655969422995,193764.91734268286,2.885361220031512,905969664.0,8.957113655758517,14155776.0,7.15093368177463,64.0,0.5137241927765935,0.0036720096666666,0.409706008323492,0.0021753044307766,84.7780740331413,0.5933037886666667,0.3065141989009258,0.0017654520689082,1,,,,,,,,,,,,,,,,,,1,1,1,1,1,1,1,1,1,1,1,1,1,1,1,1,1
gemm_N768,gemm,768,matrix,none_ready,10,1.0,none,6.302557468636453,cpu,0.09767401753704273,53.32673350117162,0.09767401753704273,4.201078267688022,0.023249749543656002,87.53670182324963,0.6091928572868405,54496.64181515573,2.885361220031512,905969664.0,8.957113655758517,14155776.0,7.15093368177463,64.0,0.5137241927765935,0.0036720096666666,0.409706008323492,0.0021753044307766,84.7780740331413,0.5933037886666667,0.3065141989009258,0.0017654520689082,1,,,,,,,,,,,,,,,,,,1,1,1,1,1,1,1,1,1,1,1,1,1,1,1,1,1
gemm_N768,gemm,768,matrix,none_ready,30,1.4771212547196624,none,4.289872625032381,cpu,0.8274518606216629,60.36855019114534,0.8274518606216629,12.395198434157862,0.06675583815918801,93.66698580126814,0.6445018986650045,7195.717498996325,2.885361220031512,905969664.0,8.957113655758517,14155776.0,7.15093368177463,64.0,0.5137241927765935,0.0036720096666666,0.409706008323492,0.0021753044307766,84.7780740331413,0.5933037886666667,0.3065141989009258,0.0017654520689082,1,,,,,,,,,,,,,,,,,,1,1,1,1,1,1,1,1,1,1,1,1,1,1,1,1,1
gemm_N768,gemm,768,matrix,none_ready,100,2.0,none,2.2853133780873107,cpu,8.99645667131572,88.42406620362942,8.99645667131572,41.0746190168023,0.21902714831355,115.12297972433295,0.7680835434885784,882.8765861292981,2.885361220031512,905969664.0,8.957113655758517,14155776.0,7.15093368177463,64.0,0.5137241927765935,0.0036720096666666,0.409706008323492,0.0021753044307766,84.7780740331413,0.5933037886666667,0.3065141989009258,0.0017654520689082,1,,,,,,,,,,,,,,,,,,1,1,1,1,1,1,1,1,1,1,1,1,1,1,1,1,1
gemm_N768,gemm,768,matrix,none_ready,1000,3.0,none,0.03250655726000672,cpu,892.0749312518035,921.5496820282542,892.0749312518035,409.8100265079451,2.17680113601249,390.9857587351662,2.3569904055059583,3.304066703801473,2.885361220031512,905969664.0,8.957113655758517,14155776.0,7.15093368177463,64.0,0.5137241927765935,0.0036720096666666,0.409706008323492,0.0021753044307766,84.7780740331413,0.5933037886666667,0.3065141989009258,0.0017654520689082,1,,,,,,,,,,,,,,,,,,1,1,1,1,1,1,1,1,1,1,1,1,1,1,1,1,1
gemm_N96,gemm,96,matrix,cpu_ready,1,0.0,cpu,20.24600141353535,cpu,1.1975196148542266e-07,74.30351007870412,1.1975196148542266e-07,0.0038950383937211,3.0744744821634066e-05,100.91768319453446,0.7362783976666666,62047843757.44617,1.9822712330395684,1769472.0,6.247843694782686,221184.0,5.344753707790743,8.0,0.0040476118955637,5.645633333333333e-05,0.0038950383937211,3.0744744821634066e-05,100.91768319453446,0.7362783976666666,0.0157195798085935,0.0001023026967521,1,5.9781e-05,0.00397926409695,66.56402698098057,0.059781,,,,,,,,,,,,,cpu,0,0,0,0,0,1,1,1,1,1,1,1,1,1,1,1,1
gemm_N96,gemm,96,matrix,cpu_ready,2,0.3010299956639812,cpu,18.860001742661506,cpu,4.790078459416906e-07,74.32540982503377,4.790078459416906e-07,0.0077900767874422,6.148948964326813e-05,100.93340277434305,0.7363807003634187,15516532761.568483,1.9822712330395684,1769472.0,6.247843694782686,221184.0,5.344753707790743,8.0,0.0040476118955637,5.645633333333333e-05,0.0038950383937211,3.0744744821634066e-05,100.91768319453446,0.7362783976666666,0.0157195798085935,0.0001023026967521,1,5.9781e-05,0.00397926409695,66.56402698098057,0.059781,,,,,,,,,,,,,cpu,0,0,0,0,0,1,1,1,1,1,1,1,1,1,1,1,1
gemm_N96,gemm,96,matrix,cpu_ready,3,0.47712125471966244,cpu,18.049366173135088,cpu,1.0777676533688038e-06,74.34731278767423,1.0777676533688038e-06,0.011685115181163299,9.22342344649022e-05,100.94912235415165,0.7364830030601708,6898268980.101363,1.9822712330395684,1769472.0,6.247843694782686,221184.0,5.344753707790743,8.0,0.0040476118955637,5.645633333333333e-05,0.0038950383937211,3.0744744821634066e-05,100.91768319453446,0.7362783976666666,0.0157195798085935,0.0001023026967521,1,5.9781e-05,0.00397926409695,66.56402698098057,0.059781,,,,,,,,,,,,,cpu,0,0,0,0,0,1,1,1,1,1,1,1,1,1,1,1,1
gemm_N96,gemm,96,matrix,cpu_ready,5,0.6989700043360189,cpu,17.02830408836617,cpu,2.9937990371355666e-06,74.39112836188758,2.9937990371355666e-06,0.0194751919686055,0.00015372372410817032,100.98056151376883,0.736687608453675,2484840313.104821,1.9822712330395684,1769472.0,6.247843694782686,221184.0,5.344753707790743,8.0,0.0040476118955637,5.645633333333333e-05,0.0038950383937211,3.0744744821634066e-05,100.91768319453446,0.7362783976666666,0.0157195798085935,0.0001023026967521,1,5.9781e-05,0.00397926409695,66.56402698098057,0.059781,,,,,,,,,,,,,cpu,0,0,0,0,0,1,1,1,1,1,1,1,1,1,1,1,1
gemm_N96,gemm,96,matrix,cpu_ready,10,1.0,cpu,15.64348187282489,cpu,1.1975196148542266e-05,74.50072358286019,1.1975196148542266e-05,0.038950383937211,0.00030744744821634064,101.05915941281181,0.7371991219374355,622125188.4607583,1.9822712330395684,1769472.0,6.247843694782686,221184.0,5.344753707790743,8.0,0.0040476118955637,5.645633333333333e-05,0.0038950383937211,3.0744744821634066e-05,100.91768319453446,0.7362783976666666,0.0157195798085935,0.0001023026967521,1,5.9781e-05,0.00397926409695,66.56402698098057,0.059781,,,,,,,,,,,,,cpu,0,0,0,0,0,1,1,1,1,1,1,1,1,1,1,1,1
gemm_N96,gemm,96,matrix,cpu_ready,30,1.4771212547196624,cpu,13.452135030609915,cpu,0.00010777676533688038,74.9399085444537,0.00010777676533688038,0.116851151811633,0.0009223423446490219,101.37355100898367,0.7392451758724775,69532427.08059317,1.9822712330395684,1769472.0,6.247843694782686,221184.0,5.344753707790743,8.0,0.0040476118955637,5.645633333333333e-05,0.0038950383937211,3.0744744821634066e-05,100.91768319453446,0.7362783976666666,0.0157195798085935,0.0001023026967521,1,5.9781e-05,0.00397926409695,66.56402698098057,0.059781,,,,,,,,,,,,,cpu,0,0,0,0,0,1,1,1,1,1,1,1,1,1,1,1,1
gemm_N96,gemm,96,matrix,cpu_ready,100,2.0,cpu,11.06462608936479,cpu,0.0011975196148542265,76.48718728909027,0.0011975196148542265,0.38950383937211,0.0030744744821634066,102.47392159558522,0.7464063646451244,6387034.401836168,1.9822712330395684,1769472.0,6.247843694782686,221184.0,5.344753707790743,8.0,0.0040476118955637,5.645633333333333e-05,0.0038950383937211,3.0744744821634066e-05,100.91768319453446,0.7362783976666666,0.0157195798085935,0.0001023026967521,1,5.9781e-05,0.00397926409695,66.56402698098057,0.059781,,,,,,,,,,,,,cpu,0,0,0,0,0,1,1,1,1,1,1,1,1,1,1,1,1
gemm_N96,gemm,96,matrix,cpu_ready,1000,3.0,cpu,6.705100692176759,cpu,0.11975196148542266,97.78469081834126,0.11975196148542266,3.8950383937211,0.030744744821634067,116.62154342331937,0.8384787917220144,81556.0243401479,1.9822712330395684,1769472.0,6.247843694782686,221184.0,5.344753707790743,8.0,0.0040476118955637,5.645633333333333e-05,0.0038950383937211,3.0744744821634066e-05,100.91768319453446,0.7362783976666666,0.0157195798085935,0.0001023026967521,1,5.9781e-05,0.00397926409695,66.56402698098057,0.059781,,,,,,,,,,,,,cpu,0,0,0,0,0,1,1,1,1,1,1,1,1,1,1,1,1
gemm_N96,gemm,96,matrix,gpu_ready,1,0.0,gpu,1.9512485609626984,cpu,2.285133263799094e-07,1.6081554062289747e-06,2.285133263799094e-07,0.0040476118955637,5.645633333333333e-05,0.0157195798085935,0.0001023026967521,603.7468806328494,1.9822712330395684,1769472.0,6.247843694782686,221184.0,5.344753707790743,8.0,0.0040476118955637,5.645633333333333e-05,0.0038950383937211,3.0744744821634066e-05,100.91768319453446,0.7362783976666666,0.0157195798085935,0.0001023026967521,1,0.518865862,76.03660264865984,146.54385307904462,103.7731724,,,,,,,,62899.28440956287,0.0,0.0,1410.0,23.0,gpu,0,0,0,0,0,1,1,1,1,1,1,1,0,0,0,0,0
gemm_N96,gemm,96,matrix,gpu_ready,2,0.3010299956639812,gpu,2.228673747706564,cpu,6.926076686334983e-07,6.432621624915899e-06,6.926076686334983e-07,0.0079426502892848,8.72010781549674e-05,0.031439159617187,0.0002046053935042,828.7540286129577,1.9822712330395684,1769472.0,6.247843694782686,221184.0,5.344753707790743,8.0,0.0040476118955637,5.645633333333333e-05,0.0038950383937211,3.0744744821634066e-05,100.91768319453446,0.7362783976666666,0.0157195798085935,0.0001023026967521,1,0.518865862,76.03660264865984,146.54385307904462,103.7731724,,,,,,,,62899.28440956287,0.0,0.0,1410.0,23.0,gpu,0,0,0,0,0,1,1,1,1,1,1,1,0,0,0,0,0
gemm_N96,gemm,96,matrix,gpu_ready,3,0.47712125471966244,gpu,2.338553878537074,cpu,1.3962059338579325e-06,1.4473398656060774e-05,1.3962059338579325e-06,0.0118376886830059,0.00011794582297660147,0.0471587394257805,0.0003069080902563,936.6234883466323,1.9822712330395684,1769472.0,6.247843694782686,221184.0,5.344753707790743,8.0,0.0040476118955637,5.645633333333333e-05,0.0038950383937211,3.0744744821634066e-05,100.91768319453446,0.7362783976666666,0.0157195798085935,0.0001023026967521,1,0.518865862,76.03660264865984,146.54385307904462,103.7731724,,,,,,,,62899.28440956287,0.0,0.0,1410.0,23.0,gpu,0,0,0,0,0,1,1,1,1,1,1,1,0,0,0,0,0
gemm_N96,gemm,96,matrix,gpu_ready,5,0.6989700043360189,gpu,2.4349589785688432,cpu,3.521914233219336e-06,4.020388515572437e-05,3.521914233219336e-06,0.0196277654704481,0.00017943531261986959,0.07859789904296749,0.0005115134837605,1041.535042975039,1.9822712330395684,1769472.0,6.247843694782686,221184.0,5.344753707790743,8.0,0.0040476118955637,5.645633333333333e-05,0.0038950383937211,3.0744744821634066e-05,100.91768319453446,0.7362783976666666,0.0157195798085935,0.0001023026967521,1,0.518865862,76.03660264865984,146.54385307904462,103.7731724,,,,,,,,62899.28440956287,0.0,0.0,1410.0,23.0,gpu,0,0,0,0,0,1,1,1,1,1,1,1,0,0,0,0,0
gemm_N96,gemm,96,matrix,gpu_ready,10,1.0,gpu,2.5131952110199216,cpu,1.3027503633612642e-05,0.00016081554062289747,1.3027503633612642e-05,0.0391029574390536,0.00033315903672803996,0.15719579808593498,0.001023026967521,1134.4309788405862,1.9822712330395684,1769472.0,6.247843694782686,221184.0,5.344753707790743,8.0,0.0040476118955637,5.645633333333333e-05,0.0038950383937211,3.0744744821634066e-05,100.91768319453446,0.7362783976666666,0.0157195798085935,0.0001023026967521,1,0.518865862,76.03660264865984,146.54385307904462,103.7731724,,,,,,,,62899.28440956287,0.0,0.0,1410.0,23.0,gpu,0,0,0,0,0,1,1,1,1,1,1,1,0,0,0,0,0
gemm_N96,gemm,96,matrix,gpu_ready,30,1.4771212547196624,gpu,2.5686206873246267,cpu,0.00011092584197789718,0.0014473398656060774,0.00011092584197789718,0.1170037253134756,0.0009480539331607212,0.47158739425780494,0.003069080902563,1204.781500684458,1.9822712330395684,1769472.0,6.247843694782686,221184.0,5.344753707790743,8.0,0.0040476118955637,5.645633333333333e-05,0.0038950383937211,3.0744744821634066e-05,100.91768319453446,0.7362783976666666,0.0157195798085935,0.0001023026967521,1,0.518865862,76.03660264865984,146.54385307904462,103.7731724,,,,,,,,62899.28440956287,0.0,0.0,1410.0,23.0,gpu,0,0,0,0,0,1,1,1,1,1,1,1,0,0,0,0,0
gemm_N96,gemm,96,matrix,gpu_ready,100,2.0,gpu,2.5887006930489096,cpu,0.0012080073835410558,0.016081554062289748,0.0012080073835410558,0.3896564128739526,0.003100186070675106,1.5719579808593498,0.01023026967521,1231.246338507433,1.9822712330395684,1769472.0,6.247843694782686,221184.0,5.344753707790743,8.0,0.0040476118955637,5.645633333333333e-05,0.0038950383937211,3.0744744821634066e-05,100.91768319453446,0.7362783976666666,0.0157195798085935,0.0001023026967521,1,0.518865862,76.03660264865984,146.54385307904462,103.7731724,,,,,,,,62899.28440956287,0.0,0.0,1410.0,23.0,gpu,0,0,0,0,0,1,1,1,1,1,1,1,0,0,0,0,0
gemm_N96,gemm,96,matrix,gpu_ready,1000,3.0,gpu,2.596545361618058,cpu,0.11985680386612708,1.6081554062289747,0.11985680386612708,3.8951909672229426,0.030770456410145766,15.7195798085935,0.10230269675209999,1241.730593805245,1.9822712330395684,1769472.0,6.247843694782686,221184.0,5.344753707790743,8.0,0.0040476118955637,5.645633333333333e-05,0.0038950383937211,3.0744744821634066e-05,100.91768319453446,0.7362783976666666,0.0157195798085935,0.0001023026967521,1,0.518865862,76.03660264865984,146.54385307904462,103.7731724,,,,,,,,62899.28440956287,0.0,0.0,1410.0,23.0,gpu,0,0,0,0,0,1,1,1,1,1,1,1,0,0,0,0,0
gemm_N96,gemm,96,matrix,none_ready,1,0.0,none,19.599829499757636,cpu,2.285133263799094e-07,74.30351007870412,2.285133263799094e-07,0.0040476118955637,5.645633333333333e-05,100.91768319453446,0.7362783976666666,32516051044.943985,1.9822712330395684,1769472.0,6.247843694782686,221184.0,5.344753707790743,8.0,0.0040476118955637,5.645633333333333e-05,0.0038950383937211,3.0744744821634066e-05,100.91768319453446,0.7362783976666666,0.0157195798085935,0.0001023026967521,1,,,,,,,,,,,,,,,,,,1,1,1,1,1,1,1,1,1,1,1,1,1,1,1,1,1
gemm_N96,gemm,96,matrix,none_ready,2,0.3010299956639812,none,18.491255015627658,cpu,6.926076686334983e-07,74.32540982503377,6.926076686334983e-07,0.0079426502892848,8.72010781549674e-05,100.93340277434305,0.7363807003634187,10731242592.082285,1.9822712330395684,1769472.0,6.247843694782686,221184.0,5.344753707790743,8.0,0.0040476118955637,5.645633333333333e-05,0.0038950383937211,3.0744744821634066e-05,100.91768319453446,0.7362783976666666,0.0157195798085935,0.0001023026967521,1,,,,,,,,,,,,,,,,,,1,1,1,1,1,1,1,1,1,1,1,1,1,1,1,1,1
gemm_N96,gemm,96,matrix,none_ready,3,0.47712125471966244,none,17.790499576931747,cpu,1.3962059338579325e-06,74.34731278767423,1.3962059338579325e-06,0.0118376886830059,0.00011794582297660147,100.94912235415165,0.7364830030601708,5324953116.76804,1.9822712330395684,1769472.0,6.247843694782686,221184.0,5.344753707790743,8.0,0.0040476118955637,5.645633333333333e-05,0.0038950383937211,3.0744744821634066e-05,100.91768319453446,0.7362783976666666,0.0157195798085935,0.0001023026967521,1,,,,,,,,,,,,,,,,,,1,1,1,1,1,1,1,1,1,1,1,1,1,1,1,1,1
gemm_N96,gemm,96,matrix,none_ready,5,0.6989700043360189,none,16.8658425921946,cpu,3.521914233219336e-06,74.39112836188758,3.521914233219336e-06,0.0196277654704481,0.00017943531261986959,100.98056151376883,0.736687608453675,2112235560.3751707,1.9822712330395684,1769472.0,6.247843694782686,221184.0,5.344753707790743,8.0,0.0040476118955637,5.645633333333333e-05,0.0038950383937211,3.0744744821634066e-05,100.91768319453446,0.7362783976666666,0.0157195798085935,0.0001023026967521,1,,,,,,,,,,,,,,,,,,1,1,1,1,1,1,1,1,1,1,1,1,1,1,1,1,1
gemm_N96,gemm,96,matrix,none_ready,10,1.0,none,15.559256609104397,cpu,1.3027503633612642e-05,74.50072358286019,1.3027503633612642e-05,0.0391029574390536,0.00033315903672803996,101.05915941281181,0.7371991219374355,571872498.7582049,1.9822712330395684,1769472.0,6.247843694782686,221184.0,5.344753707790743,8.0,0.0040476118955637,5.645633333333333e-05,0.0038950383937211,3.0744744821634066e-05,100.91768319453446,0.7362783976666666,0.0157195798085935,0.0001023026967521,1,,,,,,,,,,,,,,,,,,1,1,1,1,1,1,1,1,1,1,1,1,1,1,1,1,1
gemm_N96,gemm,96,matrix,none_ready,30,1.4771212547196624,none,13.423335243194128,cpu,0.00011092584197789718,74.9399085444537,0.00011092584197789718,0.1170037253134756,0.0009480539331607212,101.37355100898367,0.7392451758724775,67558466.34325665,1.9822712330395684,1769472.0,6.247843694782686,221184.0,5.344753707790743,8.0,0.0040476118955637,5.645633333333333e-05,0.0038950383937211,3.0744744821634066e-05,100.91768319453446,0.7362783976666666,0.0157195798085935,0.0001023026967521,1,,,,,,,,,,,,,,,,,,1,1,1,1,1,1,1,1,1,1,1,1,1,1,1,1,1
gemm_N96,gemm,96,matrix,none_ready,100,2.0,none,11.055906307673286,cpu,0.0012080073835410558,76.48718728909027,0.0012080073835410558,0.3896564128739526,0.003100186070675106,102.47392159558522,0.7464063646451244,6331582.101551555,1.9822712330395684,1769472.0,6.247843694782686,221184.0,5.344753707790743,8.0,0.0040476118955637,5.645633333333333e-05,0.0038950383937211,3.0744744821634066e-05,100.91768319453446,0.7362783976666666,0.0157195798085935,0.0001023026967521,1,,,,,,,,,,,,,,,,,,1,1,1,1,1,1,1,1,1,1,1,1,1,1,1,1,1
gemm_N96,gemm,96,matrix,none_ready,1000,3.0,none,6.704225579054403,cpu,0.11985680386612708,97.78469081834126,0.11985680386612708,3.8951909672229426,0.030770456410145766,116.62154342331937,0.8384787917220144,81484.5973396395,1.9822712330395684,1769472.0,6.247843694782686,221184.0,5.344753707790743,8.0,0.0040476118955637,5.645633333333333e-05,0.0038950383937211,3.0744744821634066e-05,100.91768319453446,0.7362783976666666,0.0157195798085935,0.0001023026967521,1,,,,,,,,,,,,,,,,,,1,1,1,1,1,1,1,1,1,1,1,1,1,1,1,1,1
spmv_N10000,spmv,10000,vector,cpu_ready,1,0.0,cpu,22.398690610711395,cpu,1.1935762783812255e-08,63.74966588585029,1.1935762783812255e-08,0.0013556584662123,8.804402496124774e-06,94.43599356616518,0.6750568663333333,534106340990.40826,4.0,140000.0,5.146128035678238,1040004.0,6.01703500965896,0.13461486686589666,2.875000805550593,0.021788998,0.0013556584662123,8.804402496124774e-06,94.43599356616518,0.6750568663333333,0.0687828097798317,0.0004449104483665,1,0.022528628,2.7373327155585776,121.50463470561003,22.528628,1.3361967440899372,2.241388308716094,0.1238145412712089,0.4445735079882706,2670141129.469731,2439512.810608884,0.7482496492906714,,,,,,cpu,0,0,0,0,0,0,0,0,0,0,0,0,1,1,1,1,1
spmv_N10000,spmv,10000,vector,cpu_ready,2,0.3010299956639812,cpu,21.01378319219163,cpu,4.774305113524902e-08,63.838144356308064,4.774305113524902e-08,0.0027113169324246,1.7608804992249547e-05,94.50477637594501,0.6755017767816998,133711907367.88266,4.0,140000.0,5.146128035678238,1040004.0,6.01703500965896,0.13461486686589666,2.875000805550593,0.021788998,0.0013556584662123,8.804402496124774e-06,94.43599356616518,0.6750568663333333,0.0687828097798317,0.0004449104483665,1,0.022528628,2.7373327155585776,121.50463470561003,22.528628,1.3361967440899372,2.241388308716094,0.1238145412712089,0.4445735079882706,2670141129.469731,2439512.810608884,0.7482496492906714,,,,,,cpu,0,0,0,0,0,0,0,0,0,0,0,0,1,1,1,1,1
spmv_N10000,spmv,10000,vector,cpu_ready,3,0.47712125471966244,cpu,20.204238955045287,cpu,1.074218650543103e-07,63.92668403114731,1.074218650543103e-07,0.0040669753986369,2.641320748837432e-05,94.57355918572485,0.6759466872300662,59509936726.01516,4.0,140000.0,5.146128035678238,1040004.0,6.01703500965896,0.13461486686589666,2.875000805550593,0.021788998,0.0013556584662123,8.804402496124774e-06,94.43599356616518,0.6750568663333333,0.0687828097798317,0.0004449104483665,1,0.022528628,2.7373327155585776,121.50463470561003,22.528628,1.3361967440899372,2.241388308716094,0.1238145412712089,0.4445735079882706,2670141129.469731,2439512.810608884,0.7482496492906714,,,,,,cpu,0,0,0,0,0,0,0,0,0,0,0,0,1,1,1,1,1
spmv_N10000,spmv,10000,vector,cpu_ready,5,0.6989700043360189,cpu,19.18535678042455,cpu,2.9839406959530635e-07,64.10394699397025,2.9839406959530635e-07,0.006778292331061499,4.402201248062387e-05,94.71112480528451,0.6768365081267993,21482982816.151962,4.0,140000.0,5.146128035678238,1040004.0,6.01703500965896,0.13461486686589666,2.875000805550593,0.021788998,0.0013556584662123,8.804402496124774e-06,94.43599356616518,0.6750568663333333,0.0687828097798317,0.0004449104483665,1,0.022528628,2.7373327155585776,121.50463470561003,22.528628,1.3361967440899372,2.241388308716094,0.1238145412712089,0.4445735079882706,2670141129.469731,2439512.810608884,0.7482496492906714,,,,,,cpu,0,0,0,0,0,0,0,0,0,0,0,0,1,1,1,1,1
spmv_N10000,spmv,10000,vector,cpu_ready,10,1.0,cpu,17.805968333341617,cpu,1.1935762783812254e-06,64.54817547770345,1.1935762783812254e-06,0.013556584662122999,8.804402496124774e-05,95.05503885418366,0.6790610603686318,5407963902.539176,4.0,140000.0,5.146128035678238,1040004.0,6.01703500965896,0.13461486686589666,2.875000805550593,0.021788998,0.0013556584662123,8.804402496124774e-06,94.43599356616518,0.6750568663333333,0.0687828097798317,0.0004449104483665,1,0.022528628,2.7373327155585776,121.50463470561003,22.528628,1.3361967440899372,2.241388308716094,0.1238145412712089,0.4445735079882706,2670141129.469731,2439512.810608884,0.7482496492906714,,,,,,cpu,0,0,0,0,0,0,0,0,0,0,0,0,1,1,1,1,1
spmv_N10000,spmv,10000,vector,cpu_ready,30,1.4771212547196624,cpu,15.636130824333893,cpu,1.0742186505431031e-05,66.3403905080058,1.0742186505431031e-05,0.040669753986368996,0.00026413207488374323,96.4306950497803,0.6879592693359617,617568683.3614268,4.0,140000.0,5.146128035678238,1040004.0,6.01703500965896,0.13461486686589666,2.875000805550593,0.021788998,0.0013556584662123,8.804402496124774e-06,94.43599356616518,0.6750568663333333,0.0687828097798317,0.0004449104483665,1,0.022528628,2.7373327155585776,121.50463470561003,22.528628,1.3361967440899372,2.241388308716094,0.1238145412712089,0.4445735079882706,2670141129.469731,2439512.810608884,0.7482496492906714,,,,,,cpu,0,0,0,0,0,0,0,0,0,0,0,0,1,1,1,1,1
spmv_N10000,spmv,10000,vector,cpu_ready,100,2.0,cpu,13.321183798634326,cpu,0.00011935762783812256,72.80593691572005,0.00011935762783812256,0.13556584662123,0.0008804402496124773,101.24549173436851,0.7191030007216168,60998043.33983102,4.0,140000.0,5.146128035678238,1040004.0,6.01703500965896,0.13461486686589666,2.875000805550593,0.021788998,0.0013556584662123,8.804402496124774e-06,94.43599356616518,0.6750568663333333,0.0687828097798317,0.0004449104483665,1,0.022528628,2.7373327155585776,121.50463470561003,22.528628,1.3361967440899372,2.241388308716094,0.1238145412712089,0.4445735079882706,2670141129.469731,2439512.810608884,0.7482496492906714,,,,,,cpu,0,0,0,0,0,0,0,0,0,0,0,0,1,1,1,1,1
spmv_N10000,spmv,10000,vector,cpu_ready,1000,3.0,cpu,9.635788428227766,cpu,0.011935762783812255,182.65010324438188,0.011935762783812255,1.3556584662123,0.008804402496124774,163.15002053621703,1.1195224042514669,1530175.9157722122,4.0,140000.0,5.146128035678238,1040004.0,6.01703500965896,0.13461486686589666,2.875000805550593,0.021788998,0.0013556584662123,8.804402496124774e-06,94.43599356616518,0.6750568663333333,0.0687828097798317,0.0004449104483665,1,0.022528628,2.7373327155585776,121.50463470561003,22.528628,1.3361967440899372,2.241388308716094,0.1238145412712089,0.4445735079882706,2670141129.469731,2439512.810608884,0.7482496492906714,,,,,,cpu,0,0,0,0,0,0,0,0,0,0,0,0,1,1,1,1,1
spmv_N10000,spmv,10000,vector,gpu_ready,1,0.0,gpu,-7.624141797750433,gpu,0.06264338680214025,3.06021907390526e-05,3.06021907390526e-05,2.875000805550593,0.021788998,0.0687828097798317,0.0004449104483665,204602.29512751414,4.0,140000.0,5.146128035678238,1040004.0,6.01703500965896,0.13461486686589666,2.875000805550593,0.021788998,0.0013556584662123,8.804402496124774e-06,94.43599356616518,0.6750568663333333,0.0687828097798317,0.0004449104483665,1,0.501240057,74.24675152423596,148.1261333513813,100.2480114,,,,,,,,62625.110692779286,0.0,0.0,1410.0,24.0,gpu,0,0,0,0,0,1,1,1,1,1,1,1,0,0,0,0,0
spmv_N10000,spmv,10000,vector,gpu_ready,2,0.3010299956639812,gpu,-6.238722852727111,gpu,0.06269824984178078,0.0001224087629562104,0.0001224087629562104,2.8763564640168053,0.021797802402496125,0.1375656195596634,0.000889820896733,51120.39331792772,4.0,140000.0,5.146128035678238,1040004.0,6.01703500965896,0.13461486686589666,2.875000805550593,0.021788998,0.0013556584662123,8.804402496124774e-06,94.43599356616518,0.6750568663333333,0.0687828097798317,0.0004449104483665,1,0.501240057,74.24675152423596,148.1261333513813,100.2480114,,,,,,,,62625.110692779286,0.0,0.0,1410.0,24.0,gpu,0,0,0,0,0,1,1,1,1,1,1,1,0,0,0,0,0
spmv_N10000,spmv,10000,vector,gpu_ready,3,0.47712125471966244,gpu,-5.428667667328027,gpu,0.06275313675294686,0.0002754197166514734,0.0002754197166514734,2.8777121224830173,0.02180660680499225,0.2063484293394951,0.0013347313450995,22684.547713538268,4.0,140000.0,5.146128035678238,1040004.0,6.01703500965896,0.13461486686589666,2.875000805550593,0.021788998,0.0013556584662123,8.804402496124774e-06,94.43599356616518,0.6750568663333333,0.0687828097798317,0.0004449104483665,1,0.501240057,74.24675152423596,148.1261333513813,100.2480114,,,,,,,,62625.110692779286,0.0,0.0,1410.0,24.0,gpu,0,0,0,0,0,1,1,1,1,1,1,1,0,0,0,0,0
spmv_N10000,spmv,10000,vector,gpu_ready,5,0.6989700043360189,gpu,-4.40876532695592,gpu,0.06286298218985573,0.0007650547684763151,0.0007650547684763151,2.880423439415442,0.021824215609984498,0.3439140488991585,0.0022245522418325,8116.795029596873,4.0,140000.0,5.146128035678238,1040004.0,6.01703500965896,0.13461486686589666,2.875000805550593,0.021788998,0.0013556584662123,8.804402496124774e-06,94.43599356616518,0.6750568663333333,0.0687828097798317,0.0004449104483665,1,0.501240057,74.24675152423596,148.1261333513813,100.2480114,,,,,,,,62625.110692779286,0.0,0.0,1410.0,24.0,gpu,0,0,0,0,0,1,1,1,1,1,1,1,0,0,0,0,0
spmv_N10000,spmv,10000,vector,gpu_ready,10,1.0,gpu,-3.0268365151586507,gpu,0.06313801353382534,0.0030602190739052603,0.0030602190739052603,2.8872017317465035,0.021868237622465123,0.687828097798317,0.004449104483665,1963.1860663900952,4.0,140000.0,5.146128035678238,1040004.0,6.01703500965896,0.13461486686589666,2.875000805550593,0.021788998,0.0013556584662123,8.804402496124774e-06,94.43599356616518,0.6750568663333333,0.0687828097798317,0.0004449104483665,1,0.501240057,74.24675152423596,148.1261333513813,100.2480114,,,,,,,,62625.110692779286,0.0,0.0,1410.0,24.0,gpu,0,0,0,0,0,1,1,1,1,1,1,1,0,0,0,0,0
spmv_N10000,spmv,10000,vector,gpu_ready,30,1.4771212547196624,gpu,-0.8469789129553574,gpu,0.06424410679109571,0.02754197166514734,0.02754197166514734,2.9143149010707496,0.022044325672387618,2.063484293394951,0.013347313450995,133.25892413284504,4.0,140000.0,5.146128035678238,1040004.0,6.01703500965896,0.13461486686589666,2.875000805550593,0.021788998,0.0013556584662123,8.804402496124774e-06,94.43599356616518,0.6750568663333333,0.0687828097798317,0.0004449104483665,1,0.501240057,74.24675152423596,148.1261333513813,100.2480114,,,,,,,,62625.110692779286,0.0,0.0,1410.0,24.0,gpu,0,0,0,0,0,1,1,1,1,1,1,1,0,0,0,0,0
spmv_N10000,spmv,10000,vector,gpu_ready,100,2.0,gpu,1.5013495488279993,cpu,0.06819062849707999,0.30602190739052604,0.06819062849707999,3.0092109937056106,0.022660633847116352,6.87828097798317,0.04449104483665,348.7741411616851,4.0,140000.0,5.146128035678238,1040004.0,6.01703500965896,0.13461486686589666,2.875000805550593,0.021788998,0.0013556584662123,8.804402496124774e-06,94.43599356616518,0.6750568663333333,0.0687828097798317,0.0004449104483665,1,0.501240057,74.24675152423596,148.1261333513813,100.2480114,,,,,,,,62625.110692779286,0.0,0.0,1410.0,24.0,gpu,0,0,0,0,0,1,1,1,1,1,1,1,0,0,0,0,0
spmv_N10000,spmv,10000,vector,gpu_ready,1000,3.0,gpu,5.466293042499369,cpu,0.1293515427700032,30.6021907390526,0.1293515427700032,4.229303613296681,0.03058459609362865,68.7828097798317,0.44491044836649996,23558.156743801355,4.0,140000.0,5.146128035678238,1040004.0,6.01703500965896,0.13461486686589666,2.875000805550593,0.021788998,0.0013556584662123,8.804402496124774e-06,94.43599356616518,0.6750568663333333,0.0687828097798317,0.0004449104483665,1,0.501240057,74.24675152423596,148.1261333513813,100.2480114,,,,,,,,62625.110692779286,0.0,0.0,1410.0,24.0,gpu,0,0,0,0,0,1,1,1,1,1,1,1,0,0,0,0,0
spmv_N10000,spmv,10000,vector,none_ready,1,0.0,none,6.925261104057182,cpu,0.06264338680214025,63.74966588585029,0.06264338680214025,2.875000805550593,0.021788998,94.43599356616518,0.6750568663333333,101665.99500790758,4.0,140000.0,5.146128035678238,1040004.0,6.01703500965896,0.13461486686589666,2.875000805550593,0.021788998,0.0013556584662123,8.804402496124774e-06,94.43599356616518,0.6750568663333333,0.0687828097798317,0.0004449104483665,1,,,,,,,,,,,,,,,,,,1,1,1,1,1,1,1,1,1,1,1,1,1,1,1,1,1
spmv_N10000,spmv,10000,vector,none_ready,2,0.3010299956639812,none,6.92577263056074,cpu,0.06269824984178078,63.838144356308064,0.06269824984178078,2.8763564640168053,0.021797802402496125,94.50477637594501,0.6755017767816998,101718.06432779832,4.0,140000.0,5.146128035678238,1040004.0,6.01703500965896,0.13461486686589666,2.875000805550593,0.021788998,0.0013556584662123,8.804402496124774e-06,94.43599356616518,0.6750568663333333,0.0687828097798317,0.0004449104483665,1,,,,,,,,,,,,,,,,,,1,1,1,1,1,1,1,1,1,1,1,1,1,1,1,1,1
spmv_N10000,spmv,10000,vector,none_ready,3,0.47712125471966244,none,6.926283578813479,cpu,0.06275313675294686,63.92668403114731,0.06275313675294686,2.8777121224830173,0.02180660680499225,94.57355918572485,0.6759466872300662,101770.10138285292,4.0,140000.0,5.146128035678238,1040004.0,6.01703500965896,0.13461486686589666,2.875000805550593,0.021788998,0.0013556584662123,8.804402496124774e-06,94.43599356616518,0.6750568663333333,0.0687828097798317,0.0004449104483665,1,,,,,,,,,,,,,,,,,,1,1,1,1,1,1,1,1,1,1,1,1,1,1,1,1,1
spmv_N10000,spmv,10000,vector,none_ready,5,0.6989700043360189,none,6.927303744564847,cpu,0.06286298218985573,64.10394699397025,0.06286298218985573,2.880423439415442,0.021824215609984498,94.71112480528451,0.6768365081267993,101874.07879945406,4.0,140000.0,5.146128035678238,1040004.0,6.01703500965896,0.13461486686589666,2.875000805550593,0.021788998,0.0013556584662123,8.804402496124774e-06,94.43599356616518,0.6750568663333333,0.0687828097798317,0.0004449104483665,1,,,,,,,,,,,,,,,,,,1,1,1,1,1,1,1,1,1,1,1,1,1,1,1,1,1
spmv_N10000,spmv,10000,vector,none_ready,10,1.0,none,6.929844109279186,cpu,0.06313801353382534,64.54817547770345,0.06313801353382534,2.8872017317465035,0.021868237622465123,95.05503885418366,0.6790610603686318,102133.45947227596,4.0,140000.0,5.146128035678238,1040004.0,6.01703500965896,0.13461486686589666,2.875000805550593,0.021788998,0.0013556584662123,8.804402496124774e-06,94.43599356616518,0.6750568663333333,0.0687828097798317,0.0004449104483665,1,,,,,,,,,,,,,,,,,,1,1,1,1,1,1,1,1,1,1,1,1,1,1,1,1,1
spmv_N10000,spmv,10000,vector,none_ready,30,1.4771212547196624,none,6.939864202474755,cpu,0.06424410679109571,66.3403905080058,0.06424410679109571,2.9143149010707496,0.022044325672387618,96.4306950497803,0.6879592693359617,103162.9976843271,4.0,140000.0,5.146128035678238,1040004.0,6.01703500965896,0.13461486686589666,2.875000805550593,0.021788998,0.0013556584662123,8.804402496124774e-06,94.43599356616518,0.6750568663333333,0.0687828097798317,0.0004449104483665,1,,,,,,,,,,,,,,,,,,1,1,1,1,1,1,1,1,1,1,1,1,1,1,1,1,1
spmv_N10000,spmv,10000,vector,none_ready,100,2.0,none,6.973245638558545,cpu,0.06819062849707999,72.80593691572005,0.06819062849707999,3.0092109937056106,0.022660633847116352,101.24549173436851,0.7191030007216168,106668.24443528584,4.0,140000.0,5.146128035678238,1040004.0,6.01703500965896,0.13461486686589666,2.875000805550593,0.021788998,0.0013556584662123,8.804402496124774e-06,94.43599356616518,0.6750568663333333,0.0687828097798317,0.0004449104483665,1,,,,,,,,,,,,,,,,,,1,1,1,1,1,1,1,1,1,1,1,1,1,1,1,1,1
spmv_N10000,spmv,10000,vector,none_ready,1000,3.0,none,7.252793761823354,cpu,0.1293515427700032,182.65010324438188,0.1293515427700032,4.229303613296681,0.03058459609362865,163.15002053621703,1.1195224042514669,141104.42580970802,4.0,140000.0,5.146128035678238,1040004.0,6.01703500965896,0.13461486686589666,2.875000805550593,0.021788998,0.0013556584662123,8.804402496124774e-06,94.43599356616518,0.6750568663333333,0.0687828097798317,0.0004449104483665,1,,,,,,,,,,,,,,,,,,1,1,1,1,1,1,1,1,1,1,1,1,1,1,1,1,1
spmv_N100000,spmv,100000,vector,cpu_ready,1,0.0,cpu,17.550902955737154,cpu,1.2834125527217005e-06,53.780717110102685,1.2834125527217005e-06,0.0146500062097131,8.760491527101096e-05,89.42821058013728,0.6013842473333333,4190446455.6341395,5.0,1400000.0,6.146128035678238,10400004.0,7.017033506335087,0.1346153328402566,2.6880484365510955,0.0230915133333333,0.0146500062097131,8.760491527101096e-05,89.42821058013728,0.6013842473333333,0.2147303349631216,0.0013578260748955,1,0.019737739,2.145746054262852,108.71285988039723,19.737739,1.9486490350809904,1.2797071139664913,0.2043978406070747,0.2877608836235563,1950853850.357473,3044615.111818887,0.6253677789538102,,,,,,cpu,0,0,0,0,0,0,0,0,0,0,0,0,1,1,1,1,1
spmv_N100000,spmv,100000,vector,cpu_ready,2,0.3010299956639812,cpu,16.169262153466203,cpu,5.133650210886802e-06,54.031572073578964,5.133650210886802e-06,0.0293000124194262,0.0001752098305420219,89.6429409151004,0.6027420734082288,1052498022.271665,5.0,1400000.0,6.146128035678238,10400004.0,7.017033506335087,0.1346153328402566,2.6880484365510955,0.0230915133333333,0.0146500062097131,8.760491527101096e-05,89.42821058013728,0.6013842473333333,0.2147303349631216,0.0013578260748955,1,0.019737739,2.145746054262852,108.71285988039723,19.737739,1.9486490350809904,1.2797071139664913,0.2043978406070747,0.2877608836235563,1950853850.357473,3044615.111818887,0.6253677789538102,,,,,,cpu,0,0,0,0,0,0,0,0,0,0,0,0,1,1,1,1,1
spmv_N100000,spmv,100000,vector,cpu_ready,3,0.47712125471966244,cpu,15.362974683273748,cpu,1.1550712974495303e-05,54.283010169951,1.1550712974495303e-05,0.0439500186291393,0.00026281474581303285,89.85767125006352,0.6040998994831243,469953662.07348657,5.0,1400000.0,6.146128035678238,10400004.0,7.017033506335087,0.1346153328402566,2.6880484365510955,0.0230915133333333,0.0146500062097131,8.760491527101096e-05,89.42821058013728,0.6013842473333333,0.2147303349631216,0.0013578260748955,1,0.019737739,2.145746054262852,108.71285988039723,19.737739,1.9486490350809904,1.2797071139664913,0.2043978406070747,0.2877608836235563,1950853850.357473,3044615.111818887,0.6253677789538102,,,,,,cpu,0,0,0,0,0,0,0,0,0,0,0,0,1,1,1,1,1
spmv_N100000,spmv,100000,vector,cpu_ready,5,0.6989700043360189,cpu,14.350576689680713,cpu,3.208531381804251e-05,54.78763576138238,3.208531381804251e-05,0.07325003104856549,0.0004380245763550548,90.28713191998976,0.6068155516329153,170756016.24709648,5.0,1400000.0,6.146128035678238,10400004.0,7.017033506335087,0.1346153328402566,2.6880484365510955,0.0230915133333333,0.0146500062097131,8.760491527101096e-05,89.42821058013728,0.6013842473333333,0.2147303349631216,0.0013578260748955,1,0.019737739,2.145746054262852,108.71285988039723,19.737739,1.9486490350809904,1.2797071139664913,0.2043978406070747,0.2877608836235563,1950853850.357473,3044615.111818887,0.6253677789538102,,,,,,cpu,0,0,0,0,0,0,0,0,0,0,0,0,1,1,1,1,1
spmv_N100000,spmv,100000,vector,cpu_ready,10,1.0,cpu,12.987229709160042,cpu,0.00012834125527217004,56.05940456563678,0.00012834125527217004,0.14650006209713098,0.0008760491527101096,91.36078359480537,0.6136046820073928,43679856.57105973,5.0,1400000.0,6.146128035678238,10400004.0,7.017033506335087,0.1346153328402566,2.6880484365510955,0.0230915133333333,0.0146500062097131,8.760491527101096e-05,89.42821058013728,0.6013842473333333,0.2147303349631216,0.0013578260748955,1,0.019737739,2.145746054262852,108.71285988039723,19.737739,1.9486490350809904,1.2797071139664913,0.2043978406070747,0.2877608836235563,1950853850.357473,3044615.111818887,0.6253677789538102,,,,,,cpu,0,0,0,0,0,0,0,0,0,0,0,0,1,1,1,1,1
spmv_N100000,spmv,100000,vector,cpu_ready,30,1.4771212547196624,cpu,10.879246827269569,cpu,0.0011550712974495304,61.292263006596336,0.0011550712974495304,0.439500186291393,0.0026281474581303288,95.6553902940678,0.6407612035053027,5306261.8792998735,5.0,1400000.0,6.146128035678238,10400004.0,7.017033506335087,0.1346153328402566,2.6880484365510955,0.0230915133333333,0.0146500062097131,8.760491527101096e-05,89.42821058013728,0.6013842473333333,0.2147303349631216,0.0013578260748955,1,0.019737739,2.145746054262852,108.71285988039723,19.737739,1.9486490350809904,1.2797071139664913,0.2043978406070747,0.2877608836235563,1950853850.357473,3044615.111818887,0.6253677789538102,,,,,,cpu,0,0,0,0,0,0,0,0,0,0,0,0,1,1,1,1,1
spmv_N100000,spmv,100000,vector,cpu_ready,100,2.0,cpu,8.755564938342687,cpu,0.012834125527217006,81.44413617162385,0.012834125527217006,1.46500062097131,0.008760491527101096,110.68651374148632,0.7358090287479878,634490.4596219456,5.0,1400000.0,6.146128035678238,10400004.0,7.017033506335087,0.1346153328402566,2.6880484365510955,0.0230915133333333,0.0146500062097131,8.760491527101096e-05,89.42821058013728,0.6013842473333333,0.2147303349631216,0.0013578260748955,1,0.019737739,2.145746054262852,108.71285988039723,19.737739,1.9486490350809904,1.2797071139664913,0.2043978406070747,0.2877608836235563,1950853850.357473,3044615.111818887,0.6253677789538102,,,,,,cpu,0,0,0,0,0,0,0,0,0,0,0,0,1,1,1,1,1
spmv_N100000,spmv,100000,vector,cpu_ready,1000,3.0,cpu,6.139168486146393,cpu,1.2834125527217004,595.077157296113,1.2834125527217004,14.6500062097131,0.08760491527101096,303.94381520829575,1.9578524961539379,46266.78642687014,5.0,1400000.0,6.146128035678238,10400004.0,7.017033506335087,0.1346153328402566,2.6880484365510955,0.0230915133333333,0.0146500062097131,8.760491527101096e-05,89.42821058013728,0.6013842473333333,0.2147303349631216,0.0013578260748955,1,0.019737739,2.145746054262852,108.71285988039723,19.737739,1.9486490350809904,1.2797071139664913,0.2043978406070747,0.2877608836235563,1950853850.357473,3044615.111818887,0.6253677789538102,,,,,,cpu,0,0,0,0,0,0,0,0,0,0,0,0,1,1,1,1,1
spmv_N100000,spmv,100000,vector,gpu_ready,1,0.0,gpu,-5.36076795149969,gpu,0.06207110631326535,0.0002915664478839714,0.0002915664478839714,2.6880484365510955,0.0230915133333333,0.2147303349631216,0.0013578260748955,21188.837163447042,5.0,1400000.0,6.146128035678238,10400004.0,7.017033506335087,0.1346153328402566,2.6880484365510955,0.0230915133333333,0.0146500062097131,8.760491527101096e-05,89.42821058013728,0.6013842473333333,0.2147303349631216,0.0013578260748955,1,0.5113573,81.09053758803518,158.57901625347907,102.27146,,,,,,,,62513.85025098302,0.0,0.0,1410.0,24.0,gpu,0,0,0,0,0,1,1,1,1,1,1,1,0,0,0,0,0
spmv_N100000,spmv,100000,vector,gpu_ready,2,0.3010299956639812,gpu,-3.9836954815082204,gpu,0.06264616679507151,0.0011662657915358855,0.0011662657915358855,2.7026984427608087,0.02317911824860431,0.4294606699262432,0.002715652149791,5271.517131834173,5.0,1400000.0,6.146128035678238,10400004.0,7.017033506335087,0.1346153328402566,2.6880484365510955,0.0230915133333333,0.0146500062097131,8.760491527101096e-05,89.42821058013728,0.6013842473333333,0.2147303349631216,0.0013578260748955,1,0.5113573,81.09053758803518,158.57901625347907,102.27146,,,,,,,,62513.85025098302,0.0,0.0,1410.0,24.0,gpu,0,0,0,0,0,1,1,1,1,1,1,1,0,0,0,0,0
spmv_N100000,spmv,100000,vector,gpu_ready,3,0.47712125471966244,gpu,-3.1819434895119243,gpu,0.06322379410198312,0.002624098030955743,0.002624098030955743,2.7173484489705215,0.023266723163875323,0.6441910048893649,0.0040734782246865005,2309.3533608939106,5.0,1400000.0,6.146128035678238,10400004.0,7.017033506335087,0.1346153328402566,2.6880484365510955,0.0230915133333333,0.0146500062097131,8.760491527101096e-05,89.42821058013728,0.6013842473333333,0.2147303349631216,0.0013578260748955,1,0.5113573,81.09053758803518,158.57901625347907,102.27146,,,,,,,,62513.85025098302,0.0,0.0,1410.0,24.0,gpu,0,0,0,0,0,1,1,1,1,1,1,1,0,0,0,0,0
spmv_N100000,spmv,100000,vector,gpu_ready,5,0.6989700043360189,gpu,-2.1785193767633104,gpu,0.06438674919112265,0.007289161197099284,0.007289161197099284,2.746648461389948,0.023441932994417342,1.073651674815608,0.0067891303744775,783.3217903967512,5.0,1400000.0,6.146128035678238,10400004.0,7.017033506335087,0.1346153328402566,2.6880484365510955,0.0230915133333333,0.0146500062097131,8.760491527101096e-05,89.42821058013728,0.6013842473333333,0.2147303349631216,0.0013578260748955,1,0.5113573,81.09053758803518,158.57901625347907,102.27146,,,,,,,,62513.85025098302,0.0,0.0,1410.0,24.0,gpu,0,0,0,0,0,1,1,1,1,1,1,1,0,0,0,0,0
spmv_N100000,spmv,100000,vector,gpu_ready,10,1.0,gpu,-0.837057562073479,gpu,0.06733905635331675,0.029156644788397135,0.029156644788397135,2.8198984924385133,0.0238799575707724,2.147303349631216,0.013578260748955,130.9561228393271,5.0,1400000.0,6.146128035678238,10400004.0,7.017033506335087,0.1346153328402566,2.6880484365510955,0.0230915133333333,0.0146500062097131,8.760491527101096e-05,89.42821058013728,0.6013842473333333,0.2147303349631216,0.0013578260748955,1,0.5113573,81.09053758803518,158.57901625347907,102.27146,,,,,,,,62513.85025098302,0.0,0.0,1410.0,24.0,gpu,0,0,0,0,0,1,1,1,1,1,1,1,0,0,0,0,0
spmv_N100000,spmv,100000,vector,gpu_ready,30,1.4771212547196624,gpu,1.1905093417162944,cpu,0.079789991278454,0.26240980309557427,0.079789991278454,3.1128986166327755,0.025632055876192616,6.441910048893648,0.040734782246865005,228.87558814213557,5.0,1400000.0,6.146128035678238,10400004.0,7.017033506335087,0.1346153328402566,2.6880484365510955,0.0230915133333333,0.0146500062097131,8.760491527101096e-05,89.42821058013728,0.6013842473333333,0.2147303349631216,0.0013578260748955,1,0.5113573,81.09053758803518,158.57901625347907,102.27146,,,,,,,,62513.85025098302,0.0,0.0,1410.0,24.0,gpu,0,0,0,0,0,1,1,1,1,1,1,1,0,0,0,0,0
spmv_N100000,spmv,100000,vector,gpu_ready,100,2.0,gpu,3.0991978498153183,cpu,0.13145376259858108,2.915664478839714,0.13145376259858108,4.1383990513126925,0.031764399945163384,21.473033496312162,0.13578260748955,2118.0152330391993,5.0,1400000.0,6.146128035678238,10400004.0,7.017033506335087,0.1346153328402566,2.6880484365510955,0.0230915133333333,0.0146500062097131,8.760491527101096e-05,89.42821058013728,0.6013842473333333,0.2147303349631216,0.0013578260748955,1,0.5113573,81.09053758803518,158.57901625347907,102.27146,,,,,,,,62513.85025098302,0.0,0.0,1410.0,24.0,gpu,0,0,0,0,0,1,1,1,1,1,1,1,0,0,0,0,0
spmv_N100000,spmv,100000,vector,gpu_ready,1000,3.0,gpu,5.024964887705877,cpu,1.9161214095262593,291.56644788397136,1.9161214095262593,17.32340464005448,0.11060882368907324,214.7303349631216,1.3578260748955,15116.491315968231,5.0,1400000.0,6.146128035678238,10400004.0,7.017033506335087,0.1346153328402566,2.6880484365510955,0.0230915133333333,0.0146500062097131,8.760491527101096e-05,89.42821058013728,0.6013842473333333,0.2147303349631216,0.0013578260748955,1,0.5113573,81.09053758803518,158.57901625347907,102.27146,,,,,,,,62513.85025098302,0.0,0.0,1410.0,24.0,gpu,0,0,0,0,0,1,1,1,1,1,1,1,0,0,0,0,0
spmv_N100000,spmv,100000,vector,none_ready,1,0.0,none,6.764389659969348,cpu,0.06207110631326535,53.780717110102685,0.06207110631326535,2.6880484365510955,0.0230915133333333,89.42821058013728,0.6013842473333333,86543.72250540843,5.0,1400000.0,6.146128035678238,10400004.0,7.017033506335087,0.1346153328402566,2.6880484365510955,0.0230915133333333,0.0146500062097131,8.760491527101096e-05,89.42821058013728,0.6013842473333333,0.2147303349631216,0.0013578260748955,1,,,,,,,,,,,,,,,,,,1,1,1,1,1,1,1,1,1,1,1,1,1,1,1,1,1
spmv_N100000,spmv,100000,vector,none_ready,2,0.3010299956639812,none,6.759821327689866,cpu,0.06264616679507151,54.031572073578964,0.06264616679507151,2.7026984427608087,0.02317911824860431,89.6429409151004,0.6027420734082288,86148.80792838825,5.0,1400000.0,6.146128035678238,10400004.0,7.017033506335087,0.1346153328402566,2.6880484365510955,0.0230915133333333,0.0146500062097131,8.760491527101096e-05,89.42821058013728,0.6013842473333333,0.2147303349631216,0.0013578260748955,1,,,,,,,,,,,,,,,,,,1,1,1,1,1,1,1,1,1,1,1,1,1,1,1,1,1
spmv_N100000,spmv,100000,vector,none_ready,3,0.47712125471966244,none,6.755285849493709,cpu,0.06322379410198312,54.283010169951,0.06322379410198312,2.7173484489705215,0.023266723163875323,89.85767125006352,0.6040998994831243,85758.51409421871,5.0,1400000.0,6.146128035678238,10400004.0,7.017033506335087,0.1346153328402566,2.6880484365510955,0.0230915133333333,0.0146500062097131,8.760491527101096e-05,89.42821058013728,0.6013842473333333,0.2147303349631216,0.0013578260748955,1,,,,,,,,,,,,,,,,,,1,1,1,1,1,1,1,1,1,1,1,1,1,1,1,1,1
spmv_N100000,spmv,100000,vector,none_ready,5,0.6989700043360189,none,6.746311968649287,cpu,0.06438674919112265,54.78763576138238,0.06438674919112265,2.746648461389948,0.023441932994417342,90.28713191998976,0.6068155516329153,84991.47681730801,5.0,1400000.0,6.146128035678238,10400004.0,7.017033506335087,0.1346153328402566,2.6880484365510955,0.0230915133333333,0.0146500062097131,8.760491527101096e-05,89.42821058013728,0.6013842473333333,0.2147303349631216,0.0013578260748955,1,,,,,,,,,,,,,,,,,,1,1,1,1,1,1,1,1,1,1,1,1,1,1,1,1,1
spmv_N100000,spmv,100000,vector,none_ready,10,1.0,none,6.724426802818448,cpu,0.06733905635331675,56.05940456563678,0.06733905635331675,2.8198984924385133,0.0238799575707724,91.36078359480537,0.6136046820073928,83149.46561695561,5.0,1400000.0,6.146128035678238,10400004.0,7.017033506335087,0.1346153328402566,2.6880484365510955,0.0230915133333333,0.0146500062097131,8.760491527101096e-05,89.42821058013728,0.6013842473333333,0.2147303349631216,0.0013578260748955,1,,,,,,,,,,,,,,,,,,1,1,1,1,1,1,1,1,1,1,1,1,1,1,1,1,1
spmv_N100000,spmv,100000,vector,none_ready,30,1.4771212547196624,none,6.644010824717748,cpu,0.079789991278454,61.292263006596336,0.079789991278454,3.1128986166327755,0.025632055876192616,95.6553902940678,0.6407612035053027,76716.98170976905,5.0,1400000.0,6.146128035678238,10400004.0,7.017033506335087,0.1346153328402566,2.6880484365510955,0.0230915133333333,0.0146500062097131,8.760491527101096e-05,89.42821058013728,0.6013842473333333,0.2147303349631216,0.0013578260748955,1,,,,,,,,,,,,,,,,,,1,1,1,1,1,1,1,1,1,1,1,1,1,1,1,1,1
spmv_N100000,spmv,100000,vector,none_ready,100,2.0,none,6.429017443889889,cpu,0.13145376259858108,81.44413617162385,0.13145376259858108,4.1383990513126925,0.031764399945163384,110.68651374148632,0.7358090287479878,61856.4891575823,5.0,1400000.0,6.146128035678238,10400004.0,7.017033506335087,0.1346153328402566,2.6880484365510955,0.0230915133333333,0.0146500062097131,8.760491527101096e-05,89.42821058013728,0.6013842473333333,0.2147303349631216,0.0013578260748955,1,,,,,,,,,,,,,,,,,,1,1,1,1,1,1,1,1,1,1,1,1,1,1,1,1,1
spmv_N100000,spmv,100000,vector,none_ready,1000,3.0,none,5.738388029584155,cpu,1.9161214095262593,595.077157296113,1.9161214095262593,17.32340464005448,0.11060882368907324,303.94381520829575,1.9578524961539379,30956.33882788458,5.0,1400000.0,6.146128035678238,10400004.0,7.017033506335087,0.1346153328402566,2.6880484365510955,0.0230915133333333,0.0146500062097131,8.760491527101096e-05,89.42821058013728,0.6013842473333333,0.2147303349631216,0.0013578260748955,1,,,,,,,,,,,,,,,,,,1,1,1,1,1,1,1,1,1,1,1,1,1,1,1,1,1
spmv_N1000000,spmv,1000000,vector,cpu_ready,1,0.0,cpu,11.72067694943527,cpu,0.0004748070472867014,58.44434282936635,0.0004748070472867014,0.2839143752755345,0.001672360009337,91.06780808490794,0.6417673166666668,12308972.319660846,6.0,14000000.0,7.146128035678238,104000004.0,8.017033356002415,0.13461537943787003,3.102817524282841,0.0252702543333333,0.2839143752755345,0.001672360009337,91.06780808490794,0.6417673166666668,1.8072992190074613,0.0109025479218683,1,0.023980717,2.8165352289005288,117.45000071935,23.980717,1.6388213049840914,8.269222653856545,0.5170237968273886,0.4278576716394989,3404073108.2116413,3029620.4395847297,0.6501528707419382,,,,,,cpu,0,0,0,0,0,0,0,0,0,0,0,0,1,1,1,1,1
spmv_N1000000,spmv,1000000,vector,cpu_ready,2,0.3010299956639812,cpu,10.370879505178479,cpu,0.0018992281891468056,60.61678370769213,0.0018992281891468056,0.567828750551069,0.003344720018674,92.8751073039154,0.652669864588535,3191553.5387421316,6.0,14000000.0,7.146128035678238,104000004.0,8.017033356002415,0.13461537943787003,3.102817524282841,0.0252702543333333,0.2839143752755345,0.001672360009337,91.06780808490794,0.6417673166666668,1.8072992190074613,0.0109025479218683,1,0.023980717,2.8165352289005288,117.45000071935,23.980717,1.6388213049840914,8.269222653856545,0.5170237968273886,0.4278576716394989,3404073108.2116413,3029620.4395847297,0.6501528707419382,,,,,,cpu,0,0,0,0,0,0,0,0,0,0,0,0,1,1,1,1,1
spmv_N1000000,spmv,1000000,vector,cpu_ready,3,0.47712125471966244,cpu,9.595788383121986,cpu,0.0042732634255803125,62.828632918706674,0.0042732634255803125,0.8517431258266035,0.005017080028011,94.68240652292286,0.6635724125104033,1470172.8725452842,6.0,14000000.0,7.146128035678238,104000004.0,8.017033356002415,0.13461537943787003,3.102817524282841,0.0252702543333333,0.2839143752755345,0.001672360009337,91.06780808490794,0.6417673166666668,1.8072992190074613,0.0109025479218683,1,0.023980717,2.8165352289005288,117.45000071935,23.980717,1.6388213049840914,8.269222653856545,0.5170237968273886,0.4278576716394989,3404073108.2116413,3029620.4395847297,0.6501528707419382,,,,,,cpu,0,0,0,0,0,0,0,0,0,0,0,0,1,1,1,1,1
spmv_N1000000,spmv,1000000,vector,cpu_ready,5,0.6989700043360189,cpu,8.64393430072714,cpu,0.011870176182167534,67.37055633880207,0.011870176182167534,1.4195718763776723,0.008361800046685,98.29700496093778,0.6853775083541399,567461.5534671869,6.0,14000000.0,7.146128035678238,104000004.0,8.017033356002415,0.13461537943787003,3.102817524282841,0.0252702543333333,0.2839143752755345,0.001672360009337,91.06780808490794,0.6417673166666668,1.8072992190074613,0.0109025479218683,1,0.023980717,2.8165352289005288,117.45000071935,23.980717,1.6388213049840914,8.269222653856545,0.5170237968273886,0.4278576716394989,3404073108.2116413,3029620.4395847297,0.6501528707419382,,,,,,cpu,0,0,0,0,0,0,0,0,0,0,0,0,1,1,1,1,1
spmv_N1000000,spmv,1000000,vector,cpu_ready,10,1.0,cpu,7.422119268870289,cpu,0.04748070472867014,79.41501071109401,0.04748070472867014,2.8391437527553447,0.01672360009337,107.33350105597509,0.7398902479634815,167157.4389215859,6.0,14000000.0,7.146128035678238,104000004.0,8.017033356002415,0.13461537943787003,3.102817524282841,0.0252702543333333,0.2839143752755345,0.001672360009337,91.06780808490794,0.6417673166666668,1.8072992190074613,0.0109025479218683,1,0.023980717,2.8165352289005288,117.45000071935,23.980717,1.6388213049840914,8.269222653856545,0.5170237968273886,0.4278576716394989,3404073108.2116413,3029620.4395847297,0.6501528707419382,,,,,,cpu,0,0,0,0,0,0,0,0,0,0,0,0,1,1,1,1,1
spmv_N1000000,spmv,1000000,vector,cpu_ready,30,1.4771212547196624,cpu,5.773430481635189,cpu,0.4273263425580312,137.44491137245376,0.4273263425580312,8.517431258266035,0.05017080028011,143.47948543612432,0.9579412064008475,32063.921968791023,6.0,14000000.0,7.146128035678238,104000004.0,8.017033356002415,0.13461537943787003,3.102817524282841,0.0252702543333333,0.2839143752755345,0.001672360009337,91.06780808490794,0.6417673166666668,1.8072992190074613,0.0109025479218683,1,0.023980717,2.8165352289005288,117.45000071935,23.980717,1.6388213049840914,8.269222653856545,0.5170237968273886,0.4278576716394989,3404073108.2116413,3029620.4395847297,0.6501528707419382,,,,,,cpu,0,0,0,0,0,0,0,0,0,0,0,0,1,1,1,1,1
spmv_N1000000,spmv,1000000,vector,cpu_ready,100,2.0,cpu,4.583623184080766,cpu,4.748070472867014,464.685811656832,4.748070472867014,28.39143752755345,0.1672360009337,269.99043076664657,1.7211195609316285,9686.834763980283,6.0,14000000.0,7.146128035678238,104000004.0,8.017033356002415,0.13461537943787003,3.102817524282841,0.0252702543333333,0.2839143752755345,0.001672360009337,91.06780808490794,0.6417673166666668,1.8072992190074613,0.0109025479218683,1,0.023980717,2.8165352289005288,117.45000071935,23.980717,1.6388213049840914,8.269222653856545,0.5170237968273886,0.4278576716394989,3404073108.2116413,3029620.4395847297,0.6501528707419382,,,,,,cpu,0,0,0,0,0,0,0,0,0,0,0,0,1,1,1,1,1
spmv_N1000000,spmv,1000000,vector,cpu_ready,1000,3.0,cpu,3.8301366231635807,cpu,474.80704728670145,21873.80603396035,474.80704728670145,283.9143752755345,1.6723600093370001,1896.5597278733617,11.533412690613098,4506.883187382927,6.0,14000000.0,7.146128035678238,104000004.0,8.017033356002415,0.13461537943787003,3.102817524282841,0.0252702543333333,0.2839143752755345,0.001672360009337,91.06780808490794,0.6417673166666668,1.8072992190074613,0.0109025479218683,1,0.023980717,2.8165352289005288,117.45000071935,23.980717,1.6388213049840914,8.269222653856545,0.5170237968273886,0.4278576716394989,3404073108.2116413,3029620.4395847297,0.6501528707419382,,,,,,cpu,0,0,0,0,0,0,0,0,0,0,0,0,1,1,1,1,1
spmv_N1000000,spmv,1000000,vector,gpu_ready,1,0.0,gpu,-1.3811084605506805,gpu,0.07840898798855096,0.019704166344384,0.019704166344384,3.102817524282841,0.0252702543333333,1.8072992190074613,0.0109025479218683,297.9310091994771,6.0,14000000.0,7.146128035678238,104000004.0,8.017033356002415,0.13461537943787003,3.102817524282841,0.0252702543333333,0.2839143752755345,0.001672360009337,91.06780808490794,0.6417673166666668,1.8072992190074613,0.0109025479218683,1,0.524206381,76.3890663396506,145.72326684373303,104.8412762,,,,,,,,63714.54844653255,0.0,0.0,1410.0,22.94007204578458,gpu,0,0,0,0,0,1,1,1,1,1,1,1,0,0,0,0,0
spmv_N1000000,spmv,1000000,vector,gpu_ready,2,0.3010299956639812,gpu,-0.14645016034324143,gpu,0.09124741145182053,0.078816665377536,0.078816665377536,3.3867318995583755,0.026942614342670302,3.6145984380149225,0.0218050958437366,15.771722915122833,6.0,14000000.0,7.146128035678238,104000004.0,8.017033356002415,0.13461537943787003,3.102817524282841,0.0252702543333333,0.2839143752755345,0.001672360009337,91.06780808490794,0.6417673166666668,1.8072992190074613,0.0109025479218683,1,0.524206381,76.3890663396506,145.72326684373303,104.8412762,,,,,,,,63714.54844653255,0.0,0.0,1410.0,22.94007204578458,gpu,0,0,0,0,0,1,1,1,1,1,1,1,0,0,0,0,0
spmv_N1000000,spmv,1000000,vector,gpu_ready,3,0.47712125471966244,gpu,0.5237567774859736,cpu,0.10503544900966347,0.17733749709945598,0.10503544900966347,3.67064627483391,0.0286149743520073,5.421897657022384,0.0327076437656049,68.83585377270161,6.0,14000000.0,7.146128035678238,104000004.0,8.017033356002415,0.13461537943787003,3.102817524282841,0.0252702543333333,0.2839143752755345,0.001672360009337,91.06780808490794,0.6417673166666668,1.8072992190074613,0.0109025479218683,1,0.524206381,76.3890663396506,145.72326684373303,104.8412762,,,,,,,,63714.54844653255,0.0,0.0,1410.0,22.94007204578458,gpu,0,0,0,0,0,1,1,1,1,1,1,1,0,0,0,0,0
spmv_N1000000,spmv,1000000,vector,gpu_ready,5,0.6989700043360189,gpu,1.2910268291064424,cpu,0.13546036640906958,0.4926041586096,0.13546036640906958,4.238475025384979,0.0319596943706813,9.036496095037306,0.054512739609341505,263.65187225465695,6.0,14000000.0,7.146128035678238,104000004.0,8.017033356002415,0.13461537943787003,3.102817524282841,0.0252702543333333,0.2839143752755345,0.001672360009337,91.06780808490794,0.6417673166666668,1.8072992190074613,0.0109025479218683,1,0.524206381,76.3890663396506,145.72326684373303,104.8412762,,,,,,,,63714.54844653255,0.0,0.0,1410.0,22.94007204578458,gpu,0,0,0,0,0,1,1,1,1,1,1,1,0,0,0,0,0
spmv_N1000000,spmv,1000000,vector,gpu_ready,10,1.0,gpu,2.156036839630211,cpu,0.22814090656261943,1.9704166344384,0.22814090656261943,5.658046901762651,0.0403214944173663,18.07299219007461,0.10902547921868301,763.6840556682745,6.0,14000000.0,7.146128035678238,104000004.0,8.017033356002415,0.13461537943787003,3.102817524282841,0.0252702543333333,0.2839143752755345,0.001672360009337,91.06780808490794,0.6417673166666668,1.8072992190074613,0.0109025479218683,1,0.524206381,76.3890663396506,145.72326684373303,104.8412762,,,,,,,,63714.54844653255,0.0,0.0,1410.0,22.94007204578458,gpu,0,0,0,0,0,1,1,1,1,1,1,1,0,0,0,0,0
spmv_N1000000,spmv,1000000,vector,gpu_ready,30,1.4771212547196624,gpu,3.0542774154786985,cpu,0.8362665908201695,17.733749709945602,0.8362665908201695,11.336334407273341,0.0737686946041063,54.21897657022384,0.32707643765604905,2020.5856965484181,6.0,14000000.0,7.146128035678238,104000004.0,8.017033356002415,0.13461537943787003,3.102817524282841,0.0252702543333333,0.2839143752755345,0.001672360009337,91.06780808490794,0.6417673166666668,1.8072992190074613,0.0109025479218683,1,0.524206381,76.3890663396506,145.72326684373303,104.8412762,,,,,,,,63714.54844653255,0.0,0.0,1410.0,22.94007204578458,gpu,0,0,0,0,0,1,1,1,1,1,1,1,0,0,0,0,0
spmv_N1000000,spmv,1000000,vector,gpu_ready,100,2.0,gpu,3.4990176117391822,cpu,5.9559908836278135,197.04166344383998,5.9559908836278135,31.210340676560755,0.1908338952576963,180.72992190074612,1.09025479218683,3208.293570184602,6.0,14000000.0,7.146128035678238,104000004.0,8.017033356002415,0.13461537943787003,3.102817524282841,0.0252702543333333,0.2839143752755345,0.001672360009337,91.06780808490794,0.6417673166666668,1.8072992190074613,0.0109025479218683,1,0.524206381,76.3890663396506,145.72326684373303,104.8412762,,,,,,,,63714.54844653255,0.0,0.0,1410.0,22.94007204578458,gpu,0,0,0,0,0,1,1,1,1,1,1,1,0,0,0,0,0
spmv_N1000000,spmv,1000000,vector,gpu_ready,1000,3.0,gpu,3.7017852256371433,cpu,486.28756978673067,19704.166344384,486.28756978673067,286.73327842454177,1.6959579036609964,1807.2992190074613,10.902547921868301,3951.957641653391,6.0,14000000.0,7.146128035678238,104000004.0,8.017033356002415,0.13461537943787003,3.102817524282841,0.0252702543333333,0.2839143752755345,0.001672360009337,91.06780808490794,0.6417673166666668,1.8072992190074613,0.0109025479218683,1,0.524206381,76.3890663396506,145.72326684373303,104.8412762,,,,,,,,63714.54844653255,0.0,0.0,1410.0,22.94007204578458,gpu,0,0,0,0,0,1,1,1,1,1,1,1,0,0,0,0,0
spmv_N1000000,spmv,1000000,vector,none_ready,1,0.0,none,6.613891612224586,cpu,0.07840898798855096,58.44434282936635,0.07840898798855096,3.102817524282841,0.0252702543333333,91.06780808490794,0.6417673166666668,74437.81043303378,6.0,14000000.0,7.146128035678238,104000004.0,8.017033356002415,0.13461537943787003,3.102817524282841,0.0252702543333333,0.2839143752755345,0.001672360009337,91.06780808490794,0.6417673166666668,1.8072992190074613,0.0109025479218683,1,,,,,,,,,,,,,,,,,,1,1,1,1,1,1,1,1,1,1,1,1,1,1,1,1,1
spmv_N1000000,spmv,1000000,vector,none_ready,2,0.3010299956639812,none,6.498752468175235,cpu,0.09124741145182053,60.61678370769213,0.09124741145182053,3.3867318995583755,0.026942614342670302,92.8751073039154,0.652669864588535,66331.23650658118,6.0,14000000.0,7.146128035678238,104000004.0,8.017033356002415,0.13461537943787003,3.102817524282841,0.0252702543333333,0.2839143752755345,0.001672360009337,91.06780808490794,0.6417673166666668,1.8072992190074613,0.0109025479218683,1,,,,,,,,,,,,,,,,,,1,1,1,1,1,1,1,1,1,1,1,1,1,1,1,1,1
spmv_N1000000,spmv,1000000,vector,none_ready,3,0.47712125471966244,none,6.393868283947956,cpu,0.10503544900966347,62.828632918706674,0.10503544900966347,3.67064627483391,0.0286149743520073,94.68240652292286,0.6635724125104033,59716.598597037766,6.0,14000000.0,7.146128035678238,104000004.0,8.017033356002415,0.13461537943787003,3.102817524282841,0.0252702543333333,0.2839143752755345,0.001672360009337,91.06780808490794,0.6417673166666668,1.8072992190074613,0.0109025479218683,1,,,,,,,,,,,,,,,,,,1,1,1,1,1,1,1,1,1,1,1,1,1,1,1,1,1
spmv_N1000000,spmv,1000000,vector,none_ready,5,0.6989700043360189,none,6.20928425317358,cpu,0.13546036640906958,67.37055633880207,0.13546036640906958,4.238475025384979,0.0319596943706813,98.29700496093778,0.6853775083541399,49634.51506498462,6.0,14000000.0,7.146128035678238,104000004.0,8.017033356002415,0.13461537943787003,3.102817524282841,0.0252702543333333,0.2839143752755345,0.001672360009337,91.06780808490794,0.6417673166666668,1.8072992190074613,0.0109025479218683,1,,,,,,,,,,,,,,,,,,1,1,1,1,1,1,1,1,1,1,1,1,1,1,1,1,1
spmv_N1000000,spmv,1000000,vector,none_ready,10,1.0,none,5.852479231840497,cpu,0.22814090656261943,79.41501071109401,0.22814090656261943,5.658046901762651,0.0403214944173663,107.33350105597509,0.7398902479634815,34709.63230471622,6.0,14000000.0,7.146128035678238,104000004.0,8.017033356002415,0.13461537943787003,3.102817524282841,0.0252702543333333,0.2839143752755345,0.001672360009337,91.06780808490794,0.6417673166666668,1.8072992190074613,0.0109025479218683,1,,,,,,,,,,,,,,,,,,1,1,1,1,1,1,1,1,1,1,1,1,1,1,1,1,1
spmv_N1000000,spmv,1000000,vector,none_ready,30,1.4771212547196624,none,5.102031020453884,cpu,0.8362665908201695,137.44491137245376,0.8362665908201695,11.336334407273341,0.0737686946041063,143.47948543612432,0.9579412064008475,16335.5377676459,6.0,14000000.0,7.146128035678238,104000004.0,8.017033356002415,0.13461537943787003,3.102817524282841,0.0252702543333333,0.2839143752755345,0.001672360009337,91.06780808490794,0.6417673166666668,1.8072992190074613,0.0109025479218683,1,,,,,,,,,,,,,,,,,,1,1,1,1,1,1,1,1,1,1,1,1,1,1,1,1,1
spmv_N1000000,spmv,1000000,vector,none_ready,100,2.0,none,4.356963919159945,cpu,5.9559908836278135,464.685811656832,5.9559908836278135,31.210340676560755,0.1908338952576963,269.99043076664657,1.7211195609316285,7701.989975071795,6.0,14000000.0,7.146128035678238,104000004.0,8.017033356002415,0.13461537943787003,3.102817524282841,0.0252702543333333,0.2839143752755345,0.001672360009337,91.06780808490794,0.6417673166666668,1.8072992190074613,0.0109025479218683,1,,,,,,,,,,,,,,,,,,1,1,1,1,1,1,1,1,1,1,1,1,1,1,1,1,1
spmv_N1000000,spmv,1000000,vector,none_ready,1000,3.0,none,3.8062449721407203,cpu,486.28756978673067,21873.80603396035,486.28756978673067,286.73327842454177,1.6959579036609964,1896.5597278733617,11.533412690613098,4398.121562834407,6.0,14000000.0,7.146128035678238,104000004.0,8.017033356002415,0.13461537943787003,3.102817524282841,0.0252702543333333,0.2839143752755345,0.001672360009337,91.06780808490794,0.6417673166666668,1.8072992190074613,0.0109025479218683,1,,,,,,,,,,,,,,,,,,1,1,1,1,1,1,1,1,1,1,1,1,1,1,1,1,1
spmv_N10000000,spmv,10000000,vector,cpu_ready,1,0.0,cpu,6.88362146086249,cpu,0.051548380433029874,50.31921310489105,0.051548380433029874,2.9504901811029423,0.0174711242095238,85.73378294219815,0.58692398,97515.50737809169,7.0,140000000.0,8.146128035678238,1040000004.0,9.017033340969144,0.13461538409763313,5.795800017196249,0.0425767223333333,2.9504901811029423,0.0174711242095238,85.73378294219815,0.58692398,17.219973533632594,0.1040220183888889,1,0.041605242,5.627503902327673,135.2594921170672,41.605242,1.5519689571707418,20.88229041300608,0.7574747938852835,0.463363682080711,12984558449.91105,2520988.8696809285,0.8018145405812085,,,,,,cpu,0,0,0,0,0,0,0,0,0,0,0,0,1,1,1,1,1
spmv_N10000000,spmv,10000000,vector,cpu_ready,2,0.3010299956639812,cpu,5.843526438240803,cpu,0.2061935217321195,71.13548605607942,0.2061935217321195,5.9009803622058845,0.0349422484190476,102.95375647583074,0.6909459983888889,34399.379737301606,7.0,140000000.0,8.146128035678238,1040000004.0,9.017033340969144,0.13461538409763313,5.795800017196249,0.0425767223333333,2.9504901811029423,0.0174711242095238,85.73378294219815,0.58692398,17.219973533632594,0.1040220183888889,1,0.041605242,5.627503902327673,135.2594921170672,41.605242,1.5519689571707418,20.88229041300608,0.7574747938852835,0.463363682080711,12984558449.91105,2520988.8696809285,0.8018145405812085,,,,,,cpu,0,0,0,0,0,0,0,0,0,0,0,0,1,1,1,1,1
spmv_N10000000,spmv,10000000,vector,cpu_ready,3,0.47712125471966244,cpu,5.327494959352362,cpu,0.46393542389726883,95.53427181441118,0.46393542389726883,8.851470543308826,0.052413372628571396,120.17373000946333,0.7949680167777778,20492.148582205642,7.0,140000000.0,8.146128035678238,1040000004.0,9.017033340969144,0.13461538409763313,5.795800017196249,0.0425767223333333,2.9504901811029423,0.0174711242095238,85.73378294219815,0.58692398,17.219973533632594,0.1040220183888889,1,0.041605242,5.627503902327673,135.2594921170672,41.605242,1.5519689571707418,20.88229041300608,0.7574747938852835,0.463363682080711,12984558449.91105,2520988.8696809285,0.8018145405812085,,,,,,cpu,0,0,0,0,0,0,0,0,0,0,0,0,1,1,1,1,1
spmv_N10000000,spmv,10000000,vector,cpu_ready,5,0.6989700043360189,cpu,4.790295787703391,cpu,1.2887095108257467,155.07938175250501,1.2887095108257467,14.752450905514712,0.08735562104761899,154.61367707672852,1.0030120535555556,11933.69575918914,7.0,140000000.0,8.146128035678238,1040000004.0,9.017033340969144,0.13461538409763313,5.795800017196249,0.0425767223333333,2.9504901811029423,0.0174711242095238,85.73378294219815,0.58692398,17.219973533632594,0.1040220183888889,1,0.041605242,5.627503902327673,135.2594921170672,41.605242,1.5519689571707418,20.88229041300608,0.7574747938852835,0.463363682080711,12984558449.91105,2520988.8696809285,0.8018145405812085,,,,,,cpu,0,0,0,0,0,0,0,0,0,0,0,0,1,1,1,1,1
spmv_N10000000,spmv,10000000,vector,cpu_ready,10,1.0,cpu,4.2644341872279625,cpu,5.154838043302987,366.6361307227494,5.154838043302987,29.504901811029423,0.17471124209523797,240.71354474489146,1.5231221455000001,7012.466534211918,7.0,140000000.0,8.146128035678238,1040000004.0,9.017033340969144,0.13461538409763313,5.795800017196249,0.0425767223333333,2.9504901811029423,0.0174711242095238,85.73378294219815,0.58692398,17.219973533632594,0.1040220183888889,1,0.041605242,5.627503902327673,135.2594921170672,41.605242,1.5519689571707418,20.88229041300608,0.7574747938852835,0.463363682080711,12984558449.91105,2520988.8696809285,0.8018145405812085,,,,,,cpu,0,0,0,0,0,0,0,0,0,0,0,0,1,1,1,1,1
spmv_N10000000,spmv,10000000,vector,cpu_ready,30,1.4771212547196624,cpu,3.816567683574869,cpu,46.39354238972688,2108.491328389582,46.39354238972688,88.51470543308827,0.524133726285714,585.1130154175434,3.603562513277778,4444.794856743843,7.0,140000000.0,8.146128035678238,1040000004.0,9.017033340969144,0.13461538409763313,5.795800017196249,0.0425767223333333,2.9504901811029423,0.0174711242095238,85.73378294219815,0.58692398,17.219973533632594,0.1040220183888889,1,0.041605242,5.627503902327673,135.2594921170672,41.605242,1.5519689571707418,20.88229041300608,0.7574747938852835,0.463363682080711,12984558449.91105,2520988.8696809285,0.8018145405812085,,,,,,cpu,0,0,0,0,0,0,0,0,0,0,0,0,1,1,1,1,1
spmv_N10000000,spmv,10000000,vector,cpu_ready,100,2.0,cpu,3.6325457690452643,cpu,515.4838043302988,19489.89986272527,515.4838043302988,295.04901811029424,1.7471124209523798,1790.511162771825,10.885103800500001,3680.8947049356802,7.0,140000000.0,8.146128035678238,1040000004.0,9.017033340969144,0.13461538409763313,5.795800017196249,0.0425767223333333,2.9504901811029423,0.0174711242095238,85.73378294219815,0.58692398,17.219973533632594,0.1040220183888889,1,0.041605242,5.627503902327673,135.2594921170672,41.605242,1.5519689571707418,20.88229041300608,0.7574747938852835,0.463363682080711,12984558449.91105,2520988.8696809285,0.8018145405812085,,,,,,cpu,0,0,0,0,0,0,0,0,0,0,0,0,1,1,1,1,1
spmv_N10000000,spmv,10000000,vector,cpu_ready,1000,3.0,cpu,3.556754170899546,cpu,51548.380433029866,1806731.992765144,51548.380433029866,2950.490181102942,17.471124209523797,17288.48734304116,104.5049203505,3404.9248445591743,7.0,140000000.0,8.146128035678238,1040000004.0,9.017033340969144,0.13461538409763313,5.795800017196249,0.0425767223333333,2.9504901811029423,0.0174711242095238,85.73378294219815,0.58692398,17.219973533632594,0.1040220183888889,1,0.041605242,5.627503902327673,135.2594921170672,41.605242,1.5519689571707418,20.88229041300608,0.7574747938852835,0.463363682080711,12984558449.91105,2520988.8696809285,0.8018145405812085,,,,,,cpu,0,0,0,0,0,0,0,0,0,0,0,0,1,1,1,1,1
spmv_N10000000,spmv,10000000,vector,gpu_ready,1,0.0,gpu,1.9822313539489462,cpu,0.24676616803169307,1.7912564035717098,0.24676616803169307,5.795800017196249,0.0425767223333333,17.219973533632594,0.1040220183888889,625.892215233351,7.0,140000000.0,8.146128035678238,1040000004.0,9.017033340969144,0.13461538409763313,5.795800017196249,0.0425767223333333,2.9504901811029423,0.0174711242095238,85.73378294219815,0.58692398,17.219973533632594,0.1040220183888889,1,0.578029345,82.606824410036,142.91112574922298,115.605869,,,,,,,,63939.29403028837,0.0,0.0,1410.0,23.35276690493975,gpu,0,0,0,0,0,1,1,1,1,1,1,1,0,0,0,0,0
spmv_N10000000,spmv,10000000,vector,gpu_ready,2,0.3010299956639812,gpu,2.6131955952304993,cpu,0.525195891646765,7.165025614286839,0.525195891646765,8.74629019829919,0.0600478465428571,34.43994706726519,0.2080440367777778,1264.2577423484256,7.0,140000000.0,8.146128035678238,1040000004.0,9.017033340969144,0.13461538409763313,5.795800017196249,0.0425767223333333,2.9504901811029423,0.0174711242095238,85.73378294219815,0.58692398,17.219973533632594,0.1040220183888889,1,0.578029345,82.606824410036,142.91112574922298,115.605869,,,,,,,,63939.29403028837,0.0,0.0,1410.0,23.35276690493975,gpu,0,0,0,0,0,1,1,1,1,1,1,1,0,0,0,0,0
spmv_N10000000,spmv,10000000,vector,gpu_ready,3,0.47712125471966244,gpu,2.8780608183971013,cpu,0.9067223761278967,16.12130763214539,0.9067223761278967,11.696780379402133,0.0775189707523809,51.65992060089778,0.3120660551666667,1677.976154177474,7.0,140000000.0,8.146128035678238,1040000004.0,9.017033340969144,0.13461538409763313,5.795800017196249,0.0425767223333333,2.9504901811029423,0.0174711242095238,85.73378294219815,0.58692398,17.219973533632594,0.1040220183888889,1,0.578029345,82.606824410036,142.91112574922298,115.605869,,,,,,,,63939.29403028837,0.0,0.0,1410.0,23.35276690493975,gpu,0,0,0,0,0,1,1,1,1,1,1,1,0,0,0,0,0
spmv_N10000000,spmv,10000000,vector,gpu_ready,5,0.6989700043360189,gpu,3.119168271823738,cpu,1.9790656276883394,44.78141008929274,1.9790656276883394,17.597760741608017,0.1124612191714285,86.09986766816297,0.5201100919444445,2162.7551842027574,7.0,140000000.0,8.146128035678238,1040000004.0,9.017033340969144,0.13461538409763313,5.795800017196249,0.0425767223333333,2.9504901811029423,0.0174711242095238,85.73378294219815,0.58692398,17.219973533632594,0.1040220183888889,1,0.578029345,82.606824410036,142.91112574922298,115.605869,,,,,,,,63939.29403028837,0.0,0.0,1410.0,23.35276690493975,gpu,0,0,0,0,0,1,1,1,1,1,1,1,0,0,0,0,0
spmv_N10000000,spmv,10000000,vector,gpu_ready,10,1.0,gpu,3.3218210286583068,cpu,6.464117071745491,179.12564035717097,6.464117071745491,32.35021164712273,0.1998168402190475,172.19973533632594,1.040220183888889,2671.0766740306276,7.0,140000000.0,8.146128035678238,1040000004.0,9.017033340969144,0.13461538409763313,5.795800017196249,0.0425767223333333,2.9504901811029423,0.0174711242095238,85.73378294219815,0.58692398,17.219973533632594,0.1040220183888889,1,0.578029345,82.606824410036,142.91112574922298,115.605869,,,,,,,,63939.29403028837,0.0,0.0,1410.0,23.35276690493975,gpu,0,0,0,0,0,1,1,1,1,1,1,1,0,0,0,0,0
spmv_N10000000,spmv,10000000,vector,gpu_ready,30,1.4771212547196624,gpu,3.469725129931732,cpu,50.17851306448904,1612.130763214539,50.17851306448904,91.36001526918157,0.5492393244095235,516.5992060089778,3.120660551666667,3112.7910230074795,7.0,140000000.0,8.146128035678238,1040000004.0,9.017033340969144,0.13461538409763313,5.795800017196249,0.0425767223333333,2.9504901811029423,0.0174711242095238,85.73378294219815,0.58692398,17.219973533632594,0.1040220183888889,1,0.578029345,82.606824410036,142.91112574922298,115.605869,,,,,,,,63939.29403028837,0.0,0.0,1410.0,23.35276690493975,gpu,0,0,0,0,0,1,1,1,1,1,1,1,0,0,0,0,0
spmv_N10000000,spmv,10000000,vector,gpu_ready,100,2.0,gpu,3.5242869474255625,cpu,527.9336957671796,17912.5640357171,527.9336957671796,297.89432794638753,1.7722180190761894,1721.9973533632594,10.40220183888889,3292.957142030312,7.0,140000000.0,8.146128035678238,1040000004.0,9.017033340969144,0.13461538409763313,5.795800017196249,0.0425767223333333,2.9504901811029423,0.0174711242095238,85.73378294219815,0.58692398,17.219973533632594,0.1040220183888889,1,0.578029345,82.606824410036,142.91112574922298,115.605869,,,,,,,,63939.29403028837,0.0,0.0,1410.0,23.35276690493975,gpu,0,0,0,0,0,1,1,1,1,1,1,1,0,0,0,0,0
spmv_N10000000,spmv,10000000,vector,gpu_ready,1000,3.0,gpu,3.5457519293829876,cpu,51672.236448551135,1791256.4035717098,51672.236448551135,2953.3354909390355,17.49622980764761,17219.973533632594,104.0220183888889,3366.5741734542935,7.0,140000000.0,8.146128035678238,1040000004.0,9.017033340969144,0.13461538409763313,5.795800017196249,0.0425767223333333,2.9504901811029423,0.0174711242095238,85.73378294219815,0.58692398,17.219973533632594,0.1040220183888889,1,0.578029345,82.606824410036,142.91112574922298,115.605869,,,,,,,,63939.29403028837,0.0,0.0,1410.0,23.35276690493975,gpu,0,0,0,0,0,1,1,1,1,1,1,1,0,0,0,0,0
spmv_N10000000,spmv,10000000,vector,none_ready,1,0.0,none,5.317701053326963,cpu,0.24676616803169307,50.31921310489105,0.24676616803169307,5.795800017196249,0.0425767223333333,85.73378294219815,0.58692398,20291.455403411856,7.0,140000000.0,8.146128035678238,1040000004.0,9.017033340969144,0.13461538409763313,5.795800017196249,0.0425767223333333,2.9504901811029423,0.0174711242095238,85.73378294219815,0.58692398,17.219973533632594,0.1040220183888889,1,,,,,,,,,,,,,,,,,,1,1,1,1,1,1,1,1,1,1,1,1,1,1,1,1,1
spmv_N10000000,spmv,10000000,vector,none_ready,2,0.3010299956639812,none,4.908570271986829,cpu,0.525195891646765,71.13548605607942,0.525195891646765,8.74629019829919,0.0600478465428571,102.95375647583074,0.6909459983888889,13444.562550371884,7.0,140000000.0,8.146128035678238,1040000004.0,9.017033340969144,0.13461538409763313,5.795800017196249,0.0425767223333333,2.9504901811029423,0.0174711242095238,85.73378294219815,0.58692398,17.219973533632594,0.1040220183888889,1,,,,,,,,,,,,,,,,,,1,1,1,1,1,1,1,1,1,1,1,1,1,1,1,1,1
spmv_N10000000,spmv,10000000,vector,none_ready,3,0.47712125471966244,none,4.657404016264989,cpu,0.9067223761278967,95.53427181441118,0.9067223761278967,11.696780379402133,0.0775189707523809,120.17373000946333,0.7949680167777778,10436.220824546597,7.0,140000000.0,8.146128035678238,1040000004.0,9.017033340969144,0.13461538409763313,5.795800017196249,0.0425767223333333,2.9504901811029423,0.0174711242095238,85.73378294219815,0.58692398,17.219973533632594,0.1040220183888889,1,,,,,,,,,,,,,,,,,,1,1,1,1,1,1,1,1,1,1,1,1,1,1,1,1,1
spmv_N10000000,spmv,10000000,vector,none_ready,5,0.6989700043360189,none,4.361312298042655,cpu,1.9790656276883394,155.07938175250501,1.9790656276883394,17.597760741608017,0.1124612191714285,154.61367707672852,1.0030120535555556,7735.989852122616,7.0,140000000.0,8.146128035678238,1040000004.0,9.017033340969144,0.13461538409763313,5.795800017196249,0.0425767223333333,2.9504901811029423,0.0174711242095238,85.73378294219815,0.58692398,17.219973533632594,0.1040220183888889,1,,,,,,,,,,,,,,,,,,1,1,1,1,1,1,1,1,1,1,1,1,1,1,1,1,1
spmv_N10000000,spmv,10000000,vector,none_ready,10,1.0,none,4.038103454401795,cpu,6.464117071745491,366.6361307227494,6.464117071745491,32.35021164712273,0.1998168402190475,240.71354474489146,1.5231221455000001,5571.867118949743,7.0,140000000.0,8.146128035678238,1040000004.0,9.017033340969144,0.13461538409763313,5.795800017196249,0.0425767223333333,2.9504901811029423,0.0174711242095238,85.73378294219815,0.58692398,17.219973533632594,0.1040220183888889,1,,,,,,,,,,,,,,,,,,1,1,1,1,1,1,1,1,1,1,1,1,1,1,1,1,1
spmv_N10000000,spmv,10000000,vector,none_ready,30,1.4771212547196624,none,3.738141052022127,cpu,50.17851306448904,2108.491328389582,50.17851306448904,91.36001526918157,0.5492393244095235,585.1130154175434,3.603562513277778,4101.980488500656,7.0,140000000.0,8.146128035678238,1040000004.0,9.017033340969144,0.13461538409763313,5.795800017196249,0.0425767223333333,2.9504901811029423,0.0174711242095238,85.73378294219815,0.58692398,17.219973533632594,0.1040220183888889,1,,,,,,,,,,,,,,,,,,1,1,1,1,1,1,1,1,1,1,1,1,1,1,1,1,1
spmv_N10000000,spmv,10000000,vector,none_ready,100,2.0,none,3.6086809549863523,cpu,527.9336957671796,19489.89986272527,527.9336957671796,297.89432794638753,1.7722180190761894,1790.511162771825,10.885103800500001,3591.732507129148,7.0,140000000.0,8.146128035678238,1040000004.0,9.017033340969144,0.13461538409763313,5.795800017196249,0.0425767223333333,2.9504901811029423,0.0174711242095238,85.73378294219815,0.58692398,17.219973533632594,0.1040220183888889,1,,,,,,,,,,,,,,,,,,1,1,1,1,1,1,1,1,1,1,1,1,1,1,1,1,1
spmv_N10000000,spmv,10000000,vector,none_ready,1000,3.0,none,3.5543543387980594,cpu,51672.236448551135,1806731.992765144,51672.236448551135,2953.3354909390355,17.49622980764761,17288.48734304116,104.5049203505,3396.523698106363,7.0,140000000.0,8.146128035678238,1040000004.0,9.017033340969144,0.13461538409763313,5.795800017196249,0.0425767223333333,2.9504901811029423,0.0174711242095238,85.73378294219815,0.58692398,17.219973533632594,0.1040220183888889,1,,,,,,,,,,,,,,,,,,1,1,1,1,1,1,1,1,1,1,1,1,1,1,1,1,1
spmv_N31622777,spmv,31622777,vector,cpu_ready,1,0.0,cpu,5.338527708455062,cpu,0.5162846822567178,107.49353998706066,0.5162846822567178,9.3394653901733,0.0552798967272727,130.29223248001497,0.82501879,20720.59446683535,7.500000005470314,442718878.0,8.646128041148552,3288768812.0,9.51703334529731,0.13461538445165722,13.485561796196912,0.0860733816666666,9.3394653901733,0.0552798967272727,130.29223248001497,0.82501879,53.71105813517557,0.3261540114814814,1,0.087387222,13.66597168008174,156.38409560704125,87.387222,1.5893316850731514,25.759452156161245,0.8841196113020451,0.4674384907591739,19282288975.941757,2605040.187065965,0.9077278140275474,,,,,,cpu,0,0,0,0,0,0,0,0,0,0,0,0,1,1,1,1,1
spmv_N31622777,spmv,31622777,vector,cpu_ready,2,0.3010299956639812,cpu,4.630537486023732,cpu,2.065138729026871,211.81958353930008,2.065138729026871,18.6789307803466,0.1105597934545454,184.00329061519054,1.1511728014814815,10156.917879754892,7.500000005470314,442718878.0,8.646128041148552,3288768812.0,9.51703334529731,0.13461538445165722,13.485561796196912,0.0860733816666666,9.3394653901733,0.0552798967272727,130.29223248001497,0.82501879,53.71105813517557,0.3261540114814814,1,0.087387222,13.66597168008174,156.38409560704125,87.387222,1.5893316850731514,25.759452156161245,0.8841196113020451,0.4674384907591739,19282288975.941757,2605040.187065965,0.9077278140275474,,,,,,cpu,0,0,0,0,0,0,0,0,0,0,0,0,1,1,1,1,1
spmv_N31622777,spmv,31622777,vector,cpu_ready,3,0.47712125471966244,cpu,4.3251763631610665,cpu,4.646562140310459,351.18178123494465,4.646562140310459,28.0183961705199,0.1658396901818181,237.71434875036613,1.4773268129629629,7457.8841007704805,7.500000005470314,442718878.0,8.646128041148552,3288768812.0,9.51703334529731,0.13461538445165722,13.485561796196912,0.0860733816666666,9.3394653901733,0.0552798967272727,130.29223248001497,0.82501879,53.71105813517557,0.3261540114814814,1,0.087387222,13.66597168008174,156.38409560704125,87.387222,1.5893316850731514,25.759452156161245,0.8841196113020451,0.4674384907591739,19282288975.941757,2605040.187065965,0.9077278140275474,,,,,,cpu,0,0,0,0,0,0,0,0,0,0,0,0,1,1,1,1,1
spmv_N31622777,spmv,31622777,vector,cpu_ready,5,0.6989700043360189,cpu,4.042111547066529,cpu,12.907117056417944,735.0146390564491,12.907117056417944,46.697326950866504,0.2763994836363635,345.13646502071725,2.1296348359259256,5594.646107598211,7.500000005470314,442718878.0,8.646128041148552,3288768812.0,9.51703334529731,0.13461538445165722,13.485561796196912,0.0860733816666666,9.3394653901733,0.0552798967272727,130.29223248001497,0.82501879,53.71105813517557,0.3261540114814814,1,0.087387222,13.66597168008174,156.38409560704125,87.387222,1.5893316850731514,25.759452156161245,0.8841196113020451,0.4674384907591739,19282288975.941757,2605040.187065965,0.9077278140275474,,,,,,cpu,0,0,0,0,0,0,0,0,0,0,0,0,1,1,1,1,1
spmv_N31622777,spmv,31622777,vector,cpu_ready,10,1.0,cpu,3.7999461813868023,cpu,51.628468225671774,2307.7294811198003,51.628468225671774,93.39465390173301,0.552798967272727,613.6917556965951,3.7604048933333325,4369.877880227915,7.500000005470314,442718878.0,8.646128041148552,3288768812.0,9.51703334529731,0.13461538445165722,13.485561796196912,0.0860733816666666,9.3394653901733,0.0552798967272727,130.29223248001497,0.82501879,53.71105813517557,0.3261540114814814,1,0.087387222,13.66597168008174,156.38409560704125,87.387222,1.5893316850731514,25.759452156161245,0.8841196113020451,0.4674384907591739,19282288975.941757,2605040.187065965,0.9077278140275474,,,,,,cpu,0,0,0,0,0,0,0,0,0,0,0,0,1,1,1,1,1
spmv_N31622777,spmv,31622777,vector,cpu_ready,30,1.4771212547196624,cpu,3.620489500028244,cpu,464.6562140310459,17357.62738522449,464.6562140310459,280.183961705199,1.658396901818181,1687.9129184001065,10.28348512296296,3635.58490365196,7.500000005470314,442718878.0,8.646128041148552,3288768812.0,9.51703334529731,0.13461538445165722,13.485561796196912,0.0860733816666666,9.3394653901733,0.0552798967272727,130.29223248001497,0.82501879,53.71105813517557,0.3261540114814814,1,0.087387222,13.66597168008174,156.38409560704125,87.387222,1.5893316850731514,25.759452156161245,0.8841196113020451,0.4674384907591739,19282288975.941757,2605040.187065965,0.9077278140275474,,,,,,cpu,0,0,0,0,0,0,0,0,0,0,0,0,1,1,1,1,1
spmv_N31622777,spmv,31622777,vector,cpu_ready,100,2.0,cpu,3.553667159830054,cpu,5162.846822567177,180396.1556013171,5162.846822567177,933.94653901733,5.52798967272727,5447.686987862397,33.11426592666666,3394.121785926177,7.500000005470314,442718878.0,8.646128041148552,3288768812.0,9.51703334529731,0.13461538445165722,13.485561796196912,0.0860733816666666,9.3394653901733,0.0552798967272727,130.29223248001497,0.82501879,53.71105813517557,0.3261540114814814,1,0.087387222,13.66597168008174,156.38409560704125,87.387222,1.5893316850731514,25.759452156161245,0.8841196113020451,0.4674384907591739,19282288975.941757,2605040.187065965,0.9077278140275474,,,,,,cpu,0,0,0,0,0,0,0,0,0,0,0,0,1,1,1,1,1
spmv_N31622777,spmv,31622777,vector,cpu_ready,1000,3.0,cpu,3.527283431588709,cpu,516284.68225671764,17569887.08769028,516284.68225671764,9339.4653901733,55.2798967272727,53787.63930952041,326.6528762599999,3303.1393321395926,7.500000005470314,442718878.0,8.646128041148552,3288768812.0,9.51703334529731,0.13461538445165722,13.485561796196912,0.0860733816666666,9.3394653901733,0.0552798967272727,130.29223248001497,0.82501879,53.71105813517557,0.3261540114814814,1,0.087387222,13.66597168008174,156.38409560704125,87.387222,1.5893316850731514,25.759452156161245,0.8841196113020451,0.4674384907591739,19282288975.941757,2605040.187065965,0.9077278140275474,,,,,,cpu,0,0,0,0,0,0,0,0,0,0,0,0,1,1,1,1,1
spmv_N31622777,spmv,31622777,vector,gpu_ready,1,0.0,gpu,2.7141687781235797,cpu,1.1607479074734748,17.518077071702567,1.1607479074734748,13.485561796196912,0.0860733816666666,53.71105813517557,0.3261540114814814,1409.206000623601,7.500000005470314,442718878.0,8.646128041148552,3288768812.0,9.51703334529731,0.13461538445165722,13.485561796196912,0.0860733816666666,9.3394653901733,0.0552798967272727,130.29223248001497,0.82501879,53.71105813517557,0.3261540114814814,1,0.829789132,133.5188138874094,160.9069204914694,165.9578264,,,,,,,,64099.80303214552,5.7836131312454935,0.2224466588940574,1410.0,26.0,gpu,0,0,0,0,0,1,1,1,1,1,1,1,0,0,0,0,0
spmv_N31622777,spmv,31622777,vector,gpu_ready,2,0.3010299956639812,gpu,3.0781630685271963,cpu,3.226392422224222,70.07230828681027,3.226392422224222,22.825027186370214,0.1413532783939393,107.42211627035114,0.6523080229629628,2071.847038944617,7.500000005470314,442718878.0,8.646128041148552,3288768812.0,9.51703334529731,0.13461538445165722,13.485561796196912,0.0860733816666666,9.3394653901733,0.0552798967272727,130.29223248001497,0.82501879,53.71105813517557,0.3261540114814814,1,0.829789132,133.5188138874094,160.9069204914694,165.9578264,,,,,,,,64099.80303214552,5.7836131312454935,0.2224466588940574,1410.0,26.0,gpu,0,0,0,0,0,1,1,1,1,1,1,1,0,0,0,0,0
spmv_N31622777,spmv,31622777,vector,gpu_ready,3,0.47712125471966244,gpu,3.2160101127871275,cpu,6.324606301488403,157.66269364532312,6.324606301488403,32.16449257654351,0.196633175121212,161.13317440552672,0.9784620344444441,2392.845975380626,7.500000005470314,442718878.0,8.646128041148552,3288768812.0,9.51703334529731,0.13461538445165722,13.485561796196912,0.0860733816666666,9.3394653901733,0.0552798967272727,130.29223248001497,0.82501879,53.71105813517557,0.3261540114814814,1,0.829789132,133.5188138874094,160.9069204914694,165.9578264,,,,,,,,64099.80303214552,5.7836131312454935,0.2224466588940574,1410.0,26.0,gpu,0,0,0,0,0,1,1,1,1,1,1,1,0,0,0,0,0
spmv_N31622777,spmv,31622777,vector,gpu_ready,5,0.6989700043360189,gpu,3.333637534943733,cpu,15.618742153557074,437.9519267925642,15.618742153557074,50.84342335689011,0.3071929685757574,268.55529067587787,1.6307700574074069,2704.015345709663,7.500000005470314,442718878.0,8.646128041148552,3288768812.0,9.51703334529731,0.13461538445165722,13.485561796196912,0.0860733816666666,9.3394653901733,0.0552798967272727,130.29223248001497,0.82501879,53.71105813517557,0.3261540114814814,1,0.829789132,133.5188138874094,160.9069204914694,165.9578264,,,,,,,,64099.80303214552,5.7836131312454935,0.2224466588940574,1410.0,26.0,gpu,0,0,0,0,0,1,1,1,1,1,1,1,0,0,0,0,0
spmv_N31622777,spmv,31622777,vector,gpu_ready,10,1.0,gpu,3.4266856623004314,cpu,56.924045662713866,1751.807707170257,56.924045662713866,97.54075030775661,0.5835924522121209,537.1105813517557,3.2615401148148138,2977.447652877768,7.500000005470314,442718878.0,8.646128041148552,3288768812.0,9.51703334529731,0.13461538445165722,13.485561796196912,0.0860733816666666,9.3394653901733,0.0552798967272727,130.29223248001497,0.82501879,53.71105813517557,0.3261540114814814,1,0.829789132,133.5188138874094,160.9069204914694,165.9578264,,,,,,,,64099.80303214552,5.7836131312454935,0.2224466588940574,1410.0,26.0,gpu,0,0,0,0,0,1,1,1,1,1,1,1,0,0,0,0,0
spmv_N31622777,spmv,31622777,vector,gpu_ready,30,1.4771212547196624,gpu,3.491242993764279,cpu,480.28760082769986,15766.26936453231,480.28760082769986,284.3300581112226,1.6891903867575748,1611.331744055267,9.784620344444441,3182.672577297776,7.500000005470314,442718878.0,8.646128041148552,3288768812.0,9.51703334529731,0.13461538445165722,13.485561796196912,0.0860733816666666,9.3394653901733,0.0552798967272727,130.29223248001497,0.82501879,53.71105813517557,0.3261540114814814,1,0.829789132,133.5188138874094,160.9069204914694,165.9578264,,,,,,,,64099.80303214552,5.7836131312454935,0.2224466588940574,1410.0,26.0,gpu,0,0,0,0,0,1,1,1,1,1,1,1,0,0,0,0,0
spmv_N31622777,spmv,31622777,vector,gpu_ready,100,2.0,gpu,3.514345764927283,cpu,5214.653542122473,175180.77071702568,5214.653542122473,938.0926354233536,5.558783157666665,5371.105813517557,32.61540114814814,3259.3942397508436,7.500000005470314,442718878.0,8.646128041148552,3288768812.0,9.51703334529731,0.13461538445165722,13.485561796196912,0.0860733816666666,9.3394653901733,0.0552798967272727,130.29223248001497,0.82501879,53.71105813517557,0.3261540114814814,1,0.829789132,133.5188138874094,160.9069204914694,165.9578264,,,,,,,,64099.80303214552,5.7836131312454935,0.2224466588940574,1410.0,26.0,gpu,0,0,0,0,0,1,1,1,1,1,1,1,0,0,0,0,0
spmv_N31622777,spmv,31622777,vector,gpu_ready,1000,3.0,gpu,3.5233295530774718,cpu,516801.6003974555,17518077.071702566,516801.6003974555,9343.611486579324,55.310690212212094,53711.05813517557,326.15401148148135,3289.710298542028,7.500000005470314,442718878.0,8.646128041148552,3288768812.0,9.51703334529731,0.13461538445165722,13.485561796196912,0.0860733816666666,9.3394653901733,0.0552798967272727,130.29223248001497,0.82501879,53.71105813517557,0.3261540114814814,1,0.829789132,133.5188138874094,160.9069204914694,165.9578264,,,,,,,,64099.80303214552,5.7836131312454935,0.2224466588940574,1410.0,26.0,gpu,0,0,0,0,0,1,1,1,1,1,1,1,0,0,0,0,0
spmv_N31622777,spmv,31622777,vector,none_ready,1,0.0,none,4.528366207438776,cpu,1.1607479074734748,107.49353998706066,1.1607479074734748,13.485561796196912,0.0860733816666666,130.29223248001497,0.82501879,9160.713656683209,7.500000005470314,442718878.0,8.646128041148552,3288768812.0,9.51703334529731,0.13461538445165722,13.485561796196912,0.0860733816666666,9.3394653901733,0.0552798967272727,130.29223248001497,0.82501879,53.71105813517557,0.3261540114814814,1,,,,,,,,,,,,,,,,,,1,1,1,1,1,1,1,1,1,1,1,1,1,1,1,1,1
spmv_N31622777,spmv,31622777,vector,none_ready,2,0.3010299956639812,none,4.184370275411062,cpu,3.226392422224222,211.81958353930008,3.226392422224222,22.825027186370214,0.1413532783939393,184.00329061519054,1.1511728014814815,6465.214512662262,7.500000005470314,442718878.0,8.646128041148552,3288768812.0,9.51703334529731,0.13461538445165722,13.485561796196912,0.0860733816666666,9.3394653901733,0.0552798967272727,130.29223248001497,0.82501879,53.71105813517557,0.3261540114814814,1,,,,,,,,,,,,,,,,,,1,1,1,1,1,1,1,1,1,1,1,1,1,1,1,1,1
spmv_N31622777,spmv,31622777,vector,none_ready,3,0.47712125471966244,none,4.016856196808328,cpu,6.324606301488403,351.18178123494465,6.324606301488403,32.16449257654351,0.196633175121212,237.71434875036613,1.4773268129629629,5452.626748518705,7.500000005470314,442718878.0,8.646128041148552,3288768812.0,9.51703334529731,0.13461538445165722,13.485561796196912,0.0860733816666666,9.3394653901733,0.0552798967272727,130.29223248001497,0.82501879,53.71105813517557,0.3261540114814814,1,,,,,,,,,,,,,,,,,,1,1,1,1,1,1,1,1,1,1,1,1,1,1,1,1,1
spmv_N31622777,spmv,31622777,vector,none_ready,5,0.6989700043360189,none,3.8514188028703957,cpu,15.618742153557074,735.0146390564491,15.618742153557074,50.84342335689011,0.3071929685757574,345.13646502071725,2.1296348359259256,4605.978444551337,7.500000005470314,442718878.0,8.646128041148552,3288768812.0,9.51703334529731,0.13461538445165722,13.485561796196912,0.0860733816666666,9.3394653901733,0.0552798967272727,130.29223248001497,0.82501879,53.71105813517557,0.3261540114814814,1,,,,,,,,,,,,,,,,,,1,1,1,1,1,1,1,1,1,1,1,1,1,1,1,1,1
spmv_N31622777,spmv,31622777,vector,none_ready,10,1.0,none,3.7023015645473674,cpu,56.924045662713866,2307.7294811198003,56.924045662713866,97.54075030775661,0.5835924522121209,613.6917556965951,3.7604048933333325,3954.05036527718,7.500000005470314,442718878.0,8.646128041148552,3288768812.0,9.51703334529731,0.13461538445165722,13.485561796196912,0.0860733816666666,9.3394653901733,0.0552798967272727,130.29223248001497,0.82501879,53.71105813517557,0.3261540114814814,1,,,,,,,,,,,,,,,,,,1,1,1,1,1,1,1,1,1,1,1,1,1,1,1,1,1
spmv_N31622777,spmv,31622777,vector,none_ready,30,1.4771212547196624,none,3.5874022146526574,cpu,480.28760082769986,17357.62738522449,480.28760082769986,284.3300581112226,1.6891903867575748,1687.9129184001065,10.28348512296296,3514.0069731784374,7.500000005470314,442718878.0,8.646128041148552,3288768812.0,9.51703334529731,0.13461538445165722,13.485561796196912,0.0860733816666666,9.3394653901733,0.0552798967272727,130.29223248001497,0.82501879,53.71105813517557,0.3261540114814814,1,,,,,,,,,,,,,,,,,,1,1,1,1,1,1,1,1,1,1,1,1,1,1,1,1,1
spmv_N31622777,spmv,31622777,vector,none_ready,100,2.0,none,3.5436826456174706,cpu,5214.653542122473,180396.1556013171,5214.653542122473,938.0926354233536,5.558783157666665,5447.686987862397,33.11426592666666,3359.408264501731,7.500000005470314,442718878.0,8.646128041148552,3288768812.0,9.51703334529731,0.13461538445165722,13.485561796196912,0.0860733816666666,9.3394653901733,0.0552798967272727,130.29223248001497,0.82501879,53.71105813517557,0.3261540114814814,1,,,,,,,,,,,,,,,,,,1,1,1,1,1,1,1,1,1,1,1,1,1,1,1,1,1
spmv_N31622777,spmv,31622777,vector,none_ready,1000,3.0,none,3.526282705526315,cpu,516801.6003974555,17569887.08769028,516801.6003974555,9343.611486579324,55.310690212212094,53787.63930952041,326.6528762599999,3299.735425389132,7.500000005470314,442718878.0,8.646128041148552,3288768812.0,9.51703334529731,0.13461538445165722,13.485561796196912,0.0860733816666666,9.3394653901733,0.0552798967272727,130.29223248001497,0.82501879,53.71105813517557,0.3261540114814814,1,,,,,,,,,,,,,,,,,,1,1,1,1,1,1,1,1,1,1,1,1,1,1,1,1,1
spmv_N3162278,spmv,3162278,vector,cpu_ready,1,0.0,cpu,9.24239757691619,cpu,0.005081471888840301,52.47008824183478,0.005081471888840301,0.9261674094488562,0.0054865587333333,87.12746918070188,0.602222109,1032476.5720965066,6.500000046671104,44271892.0,7.6461280823493425,328876916.0,8.517033391252037,0.13461538297811088,3.271387225354065,0.0266693406666666,0.9261674094488562,0.0054865587333333,87.12746918070188,0.602222109,5.466157280408871,0.0332734713730769,1,0.026043329,3.069754086906572,117.8710328048527,26.043329,1.6884087324961996,12.860743193651558,0.7017263983763514,0.402027197666009,7022526612.3223295,2806188.752230908,0.6779520774782671,,,,,,cpu,0,0,0,0,0,0,0,0,0,0,0,0,1,1,1,1,1
spmv_N3162278,spmv,3162278,vector,cpu_ready,2,0.3010299956639812,cpu,7.970730123967685,cpu,0.020325887555361202,58.84284038675146,0.020325887555361202,1.8523348188977125,0.0109731174666666,92.59362646111074,0.6354955803730769,289397.02799684607,6.500000046671104,44271892.0,7.6461280823493425,328876916.0,8.517033391252037,0.13461538297811088,3.271387225354065,0.0266693406666666,0.9261674094488562,0.0054865587333333,87.12746918070188,0.602222109,5.466157280408871,0.0332734713730769,1,0.026043329,3.069754086906572,117.8710328048527,26.043329,1.6884087324961996,12.860743193651558,0.7017263983763514,0.402027197666009,7022526612.3223295,2806188.752230908,0.6779520774782671,,,,,,cpu,0,0,0,0,0,0,0,0,0,0,0,0,1,1,1,1,1
spmv_N3162278,spmv,3162278,vector,cpu_ready,3,0.47712125471966244,cpu,7.268190578391268,cpu,0.04573324699956271,65.57934858724899,0.04573324699956271,2.778502228346569,0.0164596761999999,98.05978374151962,0.6687690517461538,143295.3477824919,6.500000046671104,44271892.0,7.6461280823493425,328876916.0,8.517033391252037,0.13461538297811088,3.271387225354065,0.0266693406666666,0.9261674094488562,0.0054865587333333,87.12746918070188,0.602222109,5.466157280408871,0.0332734713730769,1,0.026043329,3.069754086906572,117.8710328048527,26.043329,1.6884087324961996,12.860743193651558,0.7017263983763514,0.402027197666009,7022526612.3223295,2806188.752230908,0.6779520774782671,,,,,,cpu,0,0,0,0,0,0,0,0,0,0,0,0,1,1,1,1,1
spmv_N3162278,spmv,3162278,vector,cpu_ready,5,0.6989700043360189,cpu,6.447098931874225,cpu,0.1270367972210075,80.14363315498655,0.1270367972210075,4.630837047244281,0.0274327936666665,108.99209830233737,0.7353159944923076,62986.94402580039,6.500000046671104,44271892.0,7.6461280823493425,328876916.0,8.517033391252037,0.13461538297811088,3.271387225354065,0.0266693406666666,0.9261674094488562,0.0054865587333333,87.12746918070188,0.602222109,5.466157280408871,0.0332734713730769,1,0.026043329,3.069754086906572,117.8710328048527,26.043329,1.6884087324961996,12.860743193651558,0.7017263983763514,0.402027197666009,7022526612.3223295,2806188.752230908,0.6779520774782671,,,,,,cpu,0,0,0,0,0,0,0,0,0,0,0,0,1,1,1,1,1
spmv_N3162278,spmv,3162278,vector,cpu_ready,10,1.0,cpu,5.488518483338085,cpu,0.50814718888403,122.92007554699516,0.50814718888403,9.261674094488562,0.054865587333333,136.32288470438172,0.9016833513576921,24089.856450243624,6.500000046671104,44271892.0,7.6461280823493425,328876916.0,8.517033391252037,0.13461538297811088,3.271387225354065,0.0266693406666666,0.9261674094488562,0.0054865587333333,87.12746918070188,0.602222109,5.466157280408871,0.0332734713730769,1,0.026043329,3.069754086906572,117.8710328048527,26.043329,1.6884087324961996,12.860743193651558,0.7017263983763514,0.402027197666009,7022526612.3223295,2806188.752230908,0.6779520774782671,,,,,,cpu,0,0,0,0,0,0,0,0,0,0,0,0,1,1,1,1,1
spmv_N3162278,spmv,3162278,vector,cpu_ready,30,1.4771212547196624,cpu,4.432911608960679,cpu,4.57332469995627,384.96485901023993,4.57332469995627,27.785022283465686,0.164596761999999,245.64603031255916,1.56715277881923,8317.61484842572,6.500000046671104,44271892.0,7.6461280823493425,328876916.0,8.517033391252037,0.13461538297811088,3.271387225354065,0.0266693406666666,0.9261674094488562,0.0054865587333333,87.12746918070188,0.602222109,5.466157280408871,0.0332734713730769,1,0.026043329,3.069754086906572,117.8710328048527,26.043329,1.6884087324961996,12.860743193651558,0.7017263983763514,0.402027197666009,7022526612.3223295,2806188.752230908,0.6779520774782671,,,,,,cpu,0,0,0,0,0,0,0,0,0,0,0,0,1,1,1,1,1
spmv_N3162278,spmv,3162278,vector,cpu_ready,100,2.0,cpu,3.8748214615695433,cpu,50.814718888403,2447.953176211245,50.814718888403,92.61674094488562,0.54865587333333,628.2770399411801,3.896295774934613,4717.409659566019,6.500000046671104,44271892.0,7.6461280823493425,328876916.0,8.517033391252037,0.13461538297811088,3.271387225354065,0.0266693406666666,0.9261674094488562,0.0054865587333333,87.12746918070188,0.602222109,5.466157280408871,0.0332734713730769,1,0.026043329,3.069754086906572,117.8710328048527,26.043329,1.6884087324961996,12.860743193651558,0.7017263983763514,0.402027197666009,7022526612.3223295,2806188.752230908,0.6779520774782671,,,,,,cpu,0,0,0,0,0,0,0,0,0,0,0,0,1,1,1,1,1
spmv_N3162278,spmv,3162278,vector,cpu_ready,1000,3.0,cpu,3.6095188880432953,cpu,5081.4718888403,187751.6069441184,5081.4718888403,926.1674094488562,5.4865587333333,5547.818592309164,33.842420010703826,3594.8272282377475,6.500000046671104,44271892.0,7.6461280823493425,328876916.0,8.517033391252037,0.13461538297811088,3.271387225354065,0.0266693406666666,0.9261674094488562,0.0054865587333333,87.12746918070188,0.602222109,5.466157280408871,0.0332734713730769,1,0.026043329,3.069754086906572,117.8710328048527,26.043329,1.6884087324961996,12.860743193651558,0.7017263983763514,0.402027197666009,7022526612.3223295,2806188.752230908,0.6779520774782671,,,,,,cpu,0,0,0,0,0,0,0,0,0,0,0,0,1,1,1,1,1
spmv_N3162278,spmv,3162278,vector,gpu_ready,1,0.0,gpu,0.7346075465665874,cpu,0.08724574036554877,0.18187802779042048,0.08724574036554877,3.271387225354065,0.0266693406666666,5.466157280408871,0.0332734713730769,108.46636985183943,6.500000046671104,44271892.0,7.6461280823493425,328876916.0,8.517033391252037,0.13461538297811088,3.271387225354065,0.0266693406666666,0.9261674094488562,0.0054865587333333,87.12746918070188,0.602222109,5.466157280408871,0.0332734713730769,1,0.55053501,85.44022369216972,155.19489612871254,110.107002,,,,,,,,64311.544877963344,0.0,0.0,1410.0,23.0,gpu,0,0,0,0,0,1,1,1,1,1,1,1,0,0,0,0,0
spmv_N3162278,spmv,3162278,vector,gpu_ready,2,0.3010299956639812,gpu,1.6845325906708524,cpu,0.13497614456272608,0.7275121111616819,0.13497614456272608,4.197554634802922,0.0321558993999999,10.932314560817742,0.0665469427461538,438.99310394333617,6.500000046671104,44271892.0,7.6461280823493425,328876916.0,8.517033391252037,0.13461538297811088,3.271387225354065,0.0266693406666666,0.9261674094488562,0.0054865587333333,87.12746918070188,0.602222109,5.466157280408871,0.0332734713730769,1,0.55053501,85.44022369216972,155.19489612871254,110.107002,,,,,,,,64311.544877963344,0.0,0.0,1410.0,23.0,gpu,0,0,0,0,0,1,1,1,1,1,1,1,0,0,0,0,0
spmv_N3162278,spmv,3162278,vector,gpu_ready,3,0.47712125471966244,gpu,2.1385471070612803,cpu,0.19286949253758393,1.636902250113784,0.19286949253758393,5.123722044251777,0.0376424581333332,16.398471841226613,0.0998204141192307,748.7097822351586,6.500000046671104,44271892.0,7.6461280823493425,328876916.0,8.517033391252037,0.13461538297811088,3.271387225354065,0.0266693406666666,0.9261674094488562,0.0054865587333333,87.12746918070188,0.602222109,5.466157280408871,0.0332734713730769,1,0.55053501,85.44022369216972,155.19489612871254,110.107002,,,,,,,,64311.544877963344,0.0,0.0,1410.0,23.0,gpu,0,0,0,0,0,1,1,1,1,1,1,1,0,0,0,0,0
spmv_N3162278,spmv,3162278,vector,gpu_ready,5,0.6989700043360189,gpu,2.5957843073140134,cpu,0.33914501982034145,4.546950694760512,0.33914501982034145,6.9760568631494895,0.0486155755999998,27.330786402044357,0.1663673568653845,1240.7098524310372,6.500000046671104,44271892.0,7.6461280823493425,328876916.0,8.517033391252037,0.13461538297811088,3.271387225354065,0.0266693406666666,0.9261674094488562,0.0054865587333333,87.12746918070188,0.602222109,5.466157280408871,0.0332734713730769,1,0.55053501,85.44022369216972,155.19489612871254,110.107002,,,,,,,,64311.544877963344,0.0,0.0,1410.0,23.0,gpu,0,0,0,0,0,1,1,1,1,1,1,1,0,0,0,0,0
spmv_N3162278,spmv,3162278,vector,gpu_ready,10,1.0,gpu,3.025537671650566,cpu,0.882685354136646,18.18780277904205,0.882685354136646,11.60689391039377,0.0760483692666663,54.66157280408871,0.332734713730769,1960.5080501003129,6.500000046671104,44271892.0,7.6461280823493425,328876916.0,8.517033391252037,0.13461538297811088,3.271387225354065,0.0266693406666666,0.9261674094488562,0.0054865587333333,87.12746918070188,0.602222109,5.466157280408871,0.0332734713730769,1,0.55053501,85.44022369216972,155.19489612871254,110.107002,,,,,,,,64311.544877963344,0.0,0.0,1410.0,23.0,gpu,0,0,0,0,0,1,1,1,1,1,1,1,0,0,0,0,0
spmv_N3162278,spmv,3162278,vector,gpu_ready,30,1.4771212547196624,gpu,3.375640937405075,cpu,5.597582635822014,163.69022501137843,5.597582635822014,30.130242099370896,0.1857795439333323,163.98471841226615,0.998204141192307,2824.302072180847,6.500000046671104,44271892.0,7.6461280823493425,328876916.0,8.517033391252037,0.13461538297811088,3.271387225354065,0.0266693406666666,0.9261674094488562,0.0054865587333333,87.12746918070188,0.602222109,5.466157280408871,0.0332734713730769,1,0.55053501,85.44022369216972,155.19489612871254,110.107002,,,,,,,,64311.544877963344,0.0,0.0,1410.0,23.0,gpu,0,0,0,0,0,1,1,1,1,1,1,1,0,0,0,0,0
spmv_N3162278,spmv,3162278,vector,gpu_ready,100,2.0,gpu,3.5148469992151585,cpu,54.112996021414695,1818.7802779042047,54.112996021414695,94.96196076079083,0.5698386552666633,546.6157280408871,3.32734713730769,3261.078505400884,6.500000046671104,44271892.0,7.6461280823493425,328876916.0,8.517033391252037,0.13461538297811088,3.271387225354065,0.0266693406666666,0.9261674094488562,0.0054865587333333,87.12746918070188,0.602222109,5.466157280408871,0.0332734713730769,1,0.55053501,85.44022369216972,155.19489612871254,110.107002,,,,,,,,64311.544877963344,0.0,0.0,1410.0,23.0,gpu,0,0,0,0,0,1,1,1,1,1,1,1,0,0,0,0,0
spmv_N3162278,spmv,3162278,vector,gpu_ready,1000,3.0,gpu,3.5713529311197596,cpu,5114.007555650902,181878.02779042046,5114.007555650902,928.5126292647614,5.507741515266633,5466.157280408871,33.2734713730769,3456.4677175622855,6.500000046671104,44271892.0,7.6461280823493425,328876916.0,8.517033391252037,0.13461538297811088,3.271387225354065,0.0266693406666666,0.9261674094488562,0.0054865587333333,87.12746918070188,0.602222109,5.466157280408871,0.0332734713730769,1,0.55053501,85.44022369216972,155.19489612871254,110.107002,,,,,,,,64311.544877963344,0.0,0.0,1410.0,23.0,gpu,0,0,0,0,0,1,1,1,1,1,1,1,0,0,0,0,0
spmv_N3162278,spmv,3162278,vector,none_ready,1,0.0,none,6.3992697995716785,cpu,0.08724574036554877,52.47008824183478,0.08724574036554877,3.271387225354065,0.0266693406666666,87.12746918070188,0.602222109,60040.573077827816,6.500000046671104,44271892.0,7.6461280823493425,328876916.0,8.517033391252037,0.13461538297811088,3.271387225354065,0.0266693406666666,0.9261674094488562,0.0054865587333333,87.12746918070188,0.602222109,5.466157280408871,0.0332734713730769,1,,,,,,,,,,,,,,,,,,1,1,1,1,1,1,1,1,1,1,1,1,1,1,1,1,1
spmv_N3162278,spmv,3162278,vector,none_ready,2,0.3010299956639812,none,6.077527390727438,cpu,0.13497614456272608,58.84284038675146,0.13497614456272608,4.197554634802922,0.0321558993999999,92.59362646111074,0.6354955803730769,43494.99271325388,6.500000046671104,44271892.0,7.6461280823493425,328876916.0,8.517033391252037,0.13461538297811088,3.271387225354065,0.0266693406666666,0.9261674094488562,0.0054865587333333,87.12746918070188,0.602222109,5.466157280408871,0.0332734713730769,1,,,,,,,,,,,,,,,,,,1,1,1,1,1,1,1,1,1,1,1,1,1,1,1,1,1
spmv_N3162278,spmv,3162278,vector,none_ready,3,0.47712125471966244,none,5.829002361541448,cpu,0.19286949253758393,65.57934858724899,0.19286949253758393,5.123722044251777,0.0376424581333332,98.05978374151962,0.6687690517461538,33901.929348401085,6.500000046671104,44271892.0,7.6461280823493425,328876916.0,8.517033391252037,0.13461538297811088,3.271387225354065,0.0266693406666666,0.9261674094488562,0.0054865587333333,87.12746918070188,0.602222109,5.466157280408871,0.0332734713730769,1,,,,,,,,,,,,,,,,,,1,1,1,1,1,1,1,1,1,1,1,1,1,1,1,1,1
spmv_N3162278,spmv,3162278,vector,none_ready,5,0.6989700043360189,none,5.4651479152771385,cpu,0.33914501982034145,80.14363315498655,0.33914501982034145,6.9760568631494895,0.0486155755999998,108.99209830233737,0.7353159944923076,23531.080650230928,6.500000046671104,44271892.0,7.6461280823493425,328876916.0,8.517033391252037,0.13461538297811088,3.271387225354065,0.0266693406666666,0.9261674094488562,0.0054865587333333,87.12746918070188,0.602222109,5.466157280408871,0.0332734713730769,1,,,,,,,,,,,,,,,,,,1,1,1,1,1,1,1,1,1,1,1,1,1,1,1,1,1
spmv_N3162278,spmv,3162278,vector,none_ready,10,1.0,none,4.936320831077551,cpu,0.882685354136646,122.92007554699516,0.882685354136646,11.60689391039377,0.0760483692666663,136.32288470438172,0.9016833513576921,13825.695602735273,6.500000046671104,44271892.0,7.6461280823493425,328876916.0,8.517033391252037,0.13461538297811088,3.271387225354065,0.0266693406666666,0.9261674094488562,0.0054865587333333,87.12746918070188,0.602222109,5.466157280408871,0.0332734713730769,1,,,,,,,,,,,,,,,,,,1,1,1,1,1,1,1,1,1,1,1,1,1,1,1,1,1
spmv_N3162278,spmv,3162278,vector,none_ready,30,1.4771212547196624,none,4.230817222454654,cpu,5.597582635822014,384.96485901023993,5.597582635822014,30.130242099370896,0.1857795439333323,245.64603031255916,1.56715277881923,6777.341239174171,6.500000046671104,44271892.0,7.6461280823493425,328876916.0,8.517033391252037,0.13461538297811088,3.271387225354065,0.0266693406666666,0.9261674094488562,0.0054865587333333,87.12746918070188,0.602222109,5.466157280408871,0.0332734713730769,1,,,,,,,,,,,,,,,,,,1,1,1,1,1,1,1,1,1,1,1,1,1,1,1,1,1
spmv_N3162278,spmv,3162278,vector,none_ready,100,2.0,none,3.811933136873602,cpu,54.112996021414695,2447.953176211245,54.112996021414695,94.96196076079083,0.5698386552666633,628.2770399411801,3.896295774934613,4423.780526294444,6.500000046671104,44271892.0,7.6461280823493425,328876916.0,8.517033391252037,0.13461538297811088,3.271387225354065,0.0266693406666666,0.9261674094488562,0.0054865587333333,87.12746918070188,0.602222109,5.466157280408871,0.0332734713730769,1,,,,,,,,,,,,,,,,,,1,1,1,1,1,1,1,1,1,1,1,1,1,1,1,1,1
spmv_N3162278,spmv,3162278,vector,none_ready,1000,3.0,none,3.603136495251955,cpu,5114.007555650902,187751.6069441184,5114.007555650902,928.5126292647614,5.507741515266633,5547.818592309164,33.842420010703826,3571.320484003894,6.500000046671104,44271892.0,7.6461280823493425,328876916.0,8.517033391252037,0.13461538297811088,3.271387225354065,0.0266693406666666,0.9261674094488562,0.0054865587333333,87.12746918070188,0.602222109,5.466157280408871,0.0332734713730769,1,,,,,,,,,,,,,,,,,,1,1,1,1,1,1,1,1,1,1,1,1,1,1,1,1,1
spmv_N316228,spmv,316228,vector,cpu_ready,1,0.0,cpu,14.294818340573904,cpu,3.584900911716211e-05,57.89457647185747,3.584900911716211e-05,0.0782471649230998,0.0004581509010888,90.2152174698967,0.6417384793333333,161495511.4481318,5.500000321342935,4427192.0,6.6461283570211735,32887716.0,7.517033713463202,0.13461536824265935,2.672789249815074,0.0227527323333333,0.0782471649230998,0.0004581509010888,90.2152174698967,0.6417384793333333,0.5942969300510387,0.0036234734235565,1,0.022151972,2.409978375532125,108.79294969911145,22.151972,1.6237677475907963,9.304547981668804,0.493476068678344,0.4389740775183494,1476011140.6983554,3023303.134331291,0.4677679711765616,,,,,,cpu,0,0,0,0,0,0,0,0,0,0,0,0,1,1,1,1,1
spmv_N316228,spmv,316228,vector,cpu_ready,2,0.3010299956639812,cpu,12.920720381610773,cpu,0.00014339603646864845,58.60500554205518,0.00014339603646864845,0.1564943298461996,0.0009163018021776,90.80951439994774,0.6453619527568898,40869234.31724827,5.500000321342935,4427192.0,6.6461283570211735,32887716.0,7.517033713463202,0.13461536824265935,2.672789249815074,0.0227527323333333,0.0782471649230998,0.0004581509010888,90.2152174698967,0.6417384793333333,0.5942969300510387,0.0036234734235565,1,0.022151972,2.409978375532125,108.79294969911145,22.151972,1.6237677475907963,9.304547981668804,0.493476068678344,0.4389740775183494,1476011140.6983554,3023303.134331291,0.4677679711765616,,,,,,cpu,0,0,0,0,0,0,0,0,0,0,0,0,1,1,1,1,1
spmv_N316228,spmv,316228,vector,cpu_ready,3,0.47712125471966244,cpu,12.121912212358268,cpu,0.000322641082054459,59.31974145051636,0.000322641082054459,0.2347414947692994,0.0013744527032664,91.40381132999877,0.6489854261804463,18385575.213085137,5.500000321342935,4427192.0,6.6461283570211735,32887716.0,7.517033713463202,0.13461536824265935,2.672789249815074,0.0227527323333333,0.0782471649230998,0.0004581509010888,90.2152174698967,0.6417384793333333,0.5942969300510387,0.0036234734235565,1,0.022151972,2.409978375532125,108.79294969911145,22.151972,1.6237677475907963,9.304547981668804,0.493476068678344,0.4389740775183494,1476011140.6983554,3023303.134331291,0.4677679711765616,,,,,,cpu,0,0,0,0,0,0,0,0,0,0,0,0,1,1,1,1,1
spmv_N316228,spmv,316228,vector,cpu_ready,5,0.6989700043360189,cpu,11.124285601438551,cpu,0.0008962252279290529,60.76213378222918,0.0008962252279290529,0.391235824615499,0.002290754505444,92.59240519010085,0.6562323730275593,6779683.907961944,5.500000321342935,4427192.0,6.6461283570211735,32887716.0,7.517033713463202,0.13461536824265935,2.672789249815074,0.0227527323333333,0.0782471649230998,0.0004581509010888,90.2152174698967,0.6417384793333333,0.5942969300510387,0.0036234734235565,1,0.022151972,2.409978375532125,108.79294969911145,22.151972,1.6237677475907963,9.304547981668804,0.493476068678344,0.4389740775183494,1476011140.6983554,3023303.134331291,0.4677679711765616,,,,,,cpu,0,0,0,0,0,0,0,0,0,0,0,0,1,1,1,1,1
spmv_N316228,spmv,316228,vector,cpu_ready,10,1.0,cpu,9.796813072008398,cpu,0.0035849009117162114,64.44348428112217,0.0035849009117162114,0.782471649230998,0.004581509010888,95.56388984035605,0.6743497401453418,1797536.416407139,5.500000321342935,4427192.0,6.6461283570211735,32887716.0,7.517033713463202,0.13461536824265935,2.672789249815074,0.0227527323333333,0.0782471649230998,0.0004581509010888,90.2152174698967,0.6417384793333333,0.5942969300510387,0.0036234734235565,1,0.022151972,2.409978375532125,108.79294969911145,22.151972,1.6237677475907963,9.304547981668804,0.493476068678344,0.4389740775183494,1476011140.6983554,3023303.134331291,0.4677679711765616,,,,,,cpu,0,0,0,0,0,0,0,0,0,0,0,0,1,1,1,1,1
spmv_N316228,spmv,316228,vector,cpu_ready,30,1.4771212547196624,cpu,7.818891747702615,cpu,0.0322641082054459,80.2455958425647,0.0322641082054459,2.347414947692994,0.013744527032664,107.44982844137682,0.7468192086164718,248614.7493170753,5.500000321342935,4427192.0,6.6461283570211735,32887716.0,7.517033713463202,0.13461536824265935,2.672789249815074,0.0227527323333333,0.0782471649230998,0.0004581509010888,90.2152174698967,0.6417384793333333,0.5942969300510387,0.0036234734235565,1,0.022151972,2.409978375532125,108.79294969911145,22.151972,1.6237677475907963,9.304547981668804,0.493476068678344,0.4389740775183494,1476011140.6983554,3023303.134331291,0.4677679711765616,,,,,,cpu,0,0,0,0,0,0,0,0,0,0,0,0,1,1,1,1,1
spmv_N316228,spmv,316228,vector,cpu_ready,100,2.0,cpu,6.030602436914105,cpu,0.3584900911716212,149.11952683758284,0.3584900911716212,7.82471649230998,0.04581509010888,149.05061354494953,1.000462348265427,41496.554691436184,5.500000321342935,4427192.0,6.6461283570211735,32887716.0,7.517033713463202,0.13461536824265935,2.672789249815074,0.0227527323333333,0.0782471649230998,0.0004581509010888,90.2152174698967,0.6417384793333333,0.5942969300510387,0.0036234734235565,1,0.022151972,2.409978375532125,108.79294969911145,22.151972,1.6237677475907963,9.304547981668804,0.493476068678344,0.4389740775183494,1476011140.6983554,3023303.134331291,0.4677679711765616,,,,,,cpu,0,0,0,0,0,0,0,0,0,0,0,0,1,1,1,1,1
spmv_N316228,spmv,316228,vector,cpu_ready,1000,3.0,cpu,4.398163843508455,cpu,35.84900911716212,2914.5763987835594,35.84900911716212,78.2471649230998,0.45815090108879997,683.9178505908844,4.261588429466277,8030.1449344335,5.500000321342935,4427192.0,6.6461283570211735,32887716.0,7.517033713463202,0.13461536824265935,2.672789249815074,0.0227527323333333,0.0782471649230998,0.0004581509010888,90.2152174698967,0.6417384793333333,0.5942969300510387,0.0036234734235565,1,0.022151972,2.409978375532125,108.79294969911145,22.151972,1.6237677475907963,9.304547981668804,0.493476068678344,0.4389740775183494,1476011140.6983554,3023303.134331291,0.4677679711765616,,,,,,cpu,0,0,0,0,0,0,0,0,0,0,0,0,1,1,1,1,1
spmv_N316228,spmv,316228,vector,gpu_ready,1,0.0,gpu,-3.3407509579385883,gpu,0.06081325838445308,0.002153419131741155,0.002153419131741155,2.672789249815074,0.0227527323333333,0.5942969300510387,0.0036234734235565,2724.0326041536696,5.500000321342935,4427192.0,6.6461283570211735,32887716.0,7.517033713463202,0.13461536824265935,2.672789249815074,0.0227527323333333,0.0782471649230998,0.0004581509010888,90.2152174698967,0.6417384793333333,0.5942969300510387,0.0036234734235565,1,0.460665518,70.4408417816683,152.91103637947631,92.1331036,,,,,,,,62318.04660124138,0.0,0.0,1410.0,23.0,gpu,0,0,0,0,0,1,1,1,1,1,1,1,0,0,0,0,0
spmv_N316228,spmv,316228,vector,gpu_ready,2,0.3010299956639812,gpu,-2.0032477584589534,gpu,0.06385398499613096,0.00861367652696462,0.00861367652696462,2.7510364147381736,0.0232108832344221,1.1885938601020773,0.007246946847113,641.3092980243654,5.500000321342935,4427192.0,6.6461283570211735,32887716.0,7.517033713463202,0.13461536824265935,2.672789249815074,0.0227527323333333,0.0782471649230998,0.0004581509010888,90.2152174698967,0.6417384793333333,0.5942969300510387,0.0036234734235565,1,0.460665518,70.4408417816683,152.91103637947631,92.1331036,,,,,,,,62318.04660124138,0.0,0.0,1410.0,23.0,gpu,0,0,0,0,0,1,1,1,1,1,1,1,0,0,0,0,0
spmv_N316228,spmv,316228,vector,gpu_ready,3,0.47712125471966244,gpu,-1.2399096946778883,gpu,0.06696640962604315,0.019380772185670393,0.019380772185670393,2.8292835796612734,0.0236690341355109,1.782890790153116,0.0108704202706695,245.53014185655752,5.500000321342935,4427192.0,6.6461283570211735,32887716.0,7.517033713463202,0.13461536824265935,2.672789249815074,0.0227527323333333,0.0782471649230998,0.0004581509010888,90.2152174698967,0.6417384793333333,0.5942969300510387,0.0036234734235565,1,0.460665518,70.4408417816683,152.91103637947631,92.1331036,,,,,,,,62318.04660124138,0.0,0.0,1410.0,23.0,gpu,0,0,0,0,0,1,1,1,1,1,1,1,0,0,0,0,0
spmv_N316228,spmv,316228,vector,gpu_ready,5,0.6989700043360189,gpu,-0.3100777865362138,gpu,0.07340635294057052,0.05383547829352888,0.05383547829352888,2.985777909507473,0.0245853359376885,2.9714846502551935,0.0181173671177825,36.3531174374169,5.500000321342935,4427192.0,6.6461283570211735,32887716.0,7.517033713463202,0.13461536824265935,2.672789249815074,0.0227527323333333,0.0782471649230998,0.0004581509010888,90.2152174698967,0.6417384793333333,0.5942969300510387,0.0036234734235565,1,0.460665518,70.4408417816683,152.91103637947631,92.1331036,,,,,,,,62318.04660124138,0.0,0.0,1410.0,23.0,gpu,0,0,0,0,0,1,1,1,1,1,1,1,0,0,0,0,0
spmv_N316228,spmv,316228,vector,gpu_ready,10,1.0,gpu,0.8639981901747946,cpu,0.0907609265459896,0.21534191317411552,0.0907609265459896,3.377013734122972,0.0268760904431325,5.942969300510387,0.036234734235565,137.26279729526482,5.500000321342935,4427192.0,6.6461283570211735,32887716.0,7.517033713463202,0.13461536824265935,2.672789249815074,0.0227527323333333,0.0782471649230998,0.0004581509010888,90.2152174698967,0.6417384793333333,0.5942969300510387,0.0036234734235565,1,0.460665518,70.4408417816683,152.91103637947631,92.1331036,,,,,,,,62318.04660124138,0.0,0.0,1410.0,23.0,gpu,0,0,0,0,0,1,1,1,1,1,1,1,0,0,0,0,0
spmv_N316228,spmv,316228,vector,gpu_ready,30,1.4771212547196624,gpu,2.38708552787099,cpu,0.178103725526247,1.9380772185670396,0.178103725526247,4.941957032584968,0.0360391084649085,17.82890790153116,0.10870420270669501,988.1733174533884,5.500000321342935,4427192.0,6.6461283570211735,32887716.0,7.517033713463202,0.13461536824265935,2.672789249815074,0.0227527323333333,0.0782471649230998,0.0004581509010888,90.2152174698967,0.6417384793333333,0.5942969300510387,0.0036234734235565,1,0.460665518,70.4408417816683,152.91103637947631,92.1331036,,,,,,,,62318.04660124138,0.0,0.0,1410.0,23.0,gpu,0,0,0,0,0,1,1,1,1,1,1,1,0,0,0,0,0
spmv_N316228,spmv,316228,vector,gpu_ready,100,2.0,gpu,3.4126221420312906,cpu,0.7096522793952692,21.53419131741155,0.7096522793952692,10.419258577201953,0.0681096715411245,59.429693005103864,0.36234734235565,2934.470816575398,5.500000321342935,4427192.0,6.6461283570211735,32887716.0,7.517033713463202,0.13461536824265935,2.672789249815074,0.0227527323333333,0.0782471649230998,0.0004581509010888,90.2152174698967,0.6417384793333333,0.5942969300510387,0.0036234734235565,1,0.460665518,70.4408417816683,152.91103637947631,92.1331036,,,,,,,,62318.04660124138,0.0,0.0,1410.0,23.0,gpu,0,0,0,0,0,1,1,1,1,1,1,1,0,0,0,0,0
spmv_N316228,spmv,316228,vector,gpu_ready,1000,3.0,gpu,4.0153606604836165,cpu,38.84003293127951,2153.419131741155,38.84003293127951,80.84170700799177,0.48044548252104446,594.2969300510387,3.6234734235565003,5444.328800007058,5.500000321342935,4427192.0,6.6461283570211735,32887716.0,7.517033713463202,0.13461536824265935,2.672789249815074,0.0227527323333333,0.0782471649230998,0.0004581509010888,90.2152174698967,0.6417384793333333,0.5942969300510387,0.0036234734235565,1,0.460665518,70.4408417816683,152.91103637947631,92.1331036,,,,,,,,62318.04660124138,0.0,0.0,1410.0,23.0,gpu,0,0,0,0,0,1,1,1,1,1,1,1,0,0,0,0,0
spmv_N316228,spmv,316228,vector,none_ready,1,0.0,none,6.858571157833713,cpu,0.06081325838445308,57.89457647185747,0.06081325838445308,2.672789249815074,0.0227527323333333,90.2152174698967,0.6417384793333333,95100.58291541606,5.500000321342935,4427192.0,6.6461283570211735,32887716.0,7.517033713463202,0.13461536824265935,2.672789249815074,0.0227527323333333,0.0782471649230998,0.0004581509010888,90.2152174698967,0.6417384793333333,0.5942969300510387,0.0036234734235565,1,,,,,,,,,,,,,,,,,,1,1,1,1,1,1,1,1,1,1,1,1,1,1,1,1,1
spmv_N316228,spmv,316228,vector,none_ready,2,0.3010299956639812,none,6.821976398350216,cpu,0.06385398499613096,58.60500554205518,0.06385398499613096,2.7510364147381736,0.0232108832344221,90.80951439994774,0.6453619527568898,91679.71515106877,5.500000321342935,4427192.0,6.6461283570211735,32887716.0,7.517033713463202,0.13461536824265935,2.672789249815074,0.0227527323333333,0.0782471649230998,0.0004581509010888,90.2152174698967,0.6417384793333333,0.5942969300510387,0.0036234734235565,1,,,,,,,,,,,,,,,,,,1,1,1,1,1,1,1,1,1,1,1,1,1,1,1,1,1
spmv_N316228,spmv,316228,vector,none_ready,3,0.47712125471966244,none,6.7865062928787765,cpu,0.06696640962604315,59.31974145051636,0.06696640962604315,2.8292835796612734,0.0236690341355109,91.40381132999877,0.6489854261804463,88481.33769119823,5.500000321342935,4427192.0,6.6461283570211735,32887716.0,7.517033713463202,0.13461536824265935,2.672789249815074,0.0227527323333333,0.0782471649230998,0.0004581509010888,90.2152174698967,0.6417384793333333,0.5942969300510387,0.0036234734235565,1,,,,,,,,,,,,,,,,,,1,1,1,1,1,1,1,1,1,1,1,1,1,1,1,1,1
spmv_N316228,spmv,316228,vector,none_ready,5,0.6989700043360189,none,6.7187115901007335,cpu,0.07340635294057052,60.76213378222918,0.07340635294057052,2.985777909507473,0.0245853359376885,92.59240519010085,0.6562323730275593,82675.03424182093,5.500000321342935,4427192.0,6.6461283570211735,32887716.0,7.517033713463202,0.13461536824265935,2.672789249815074,0.0227527323333333,0.0782471649230998,0.0004581509010888,90.2152174698967,0.6417384793333333,0.5942969300510387,0.0036234734235565,1,,,,,,,,,,,,,,,,,,1,1,1,1,1,1,1,1,1,1,1,1,1,1,1,1,1
spmv_N316228,spmv,316228,vector,none_ready,10,1.0,none,6.56531503738159,cpu,0.0907609265459896,64.44348428112217,0.0907609265459896,3.377013734122972,0.0268760904431325,95.56388984035605,0.6743497401453418,70903.55487057299,5.500000321342935,4427192.0,6.6461283570211735,32887716.0,7.517033713463202,0.13461536824265935,2.672789249815074,0.0227527323333333,0.0782471649230998,0.0004581509010888,90.2152174698967,0.6417384793333333,0.5942969300510387,0.0036234734235565,1,,,,,,,,,,,,,,,,,,1,1,1,1,1,1,1,1,1,1,1,1,1,1,1,1,1
spmv_N316228,spmv,316228,vector,none_ready,30,1.4771212547196624,none,6.110481050772003,cpu,0.178103725526247,80.2455958425647,0.178103725526247,4.941957032584968,0.0360391084649085,107.44982844137682,0.7468192086164718,44955.54030689772,5.500000321342935,4427192.0,6.6461283570211735,32887716.0,7.517033713463202,0.13461536824265935,2.672789249815074,0.0227527323333333,0.0782471649230998,0.0004581509010888,90.2152174698967,0.6417384793333333,0.5942969300510387,0.0036234734235565,1,,,,,,,,,,,,,,,,,,1,1,1,1,1,1,1,1,1,1,1,1,1,1,1,1,1
spmv_N316228,spmv,316228,vector,none_ready,100,2.0,none,5.3477283541437926,cpu,0.7096522793952692,149.11952683758284,0.7096522793952692,10.419258577201953,0.0681096715411245,149.05061354494953,1.000462348265427,20913.04133971854,5.500000321342935,4427192.0,6.6461283570211735,32887716.0,7.517033713463202,0.13461536824265935,2.672789249815074,0.0227527323333333,0.0782471649230998,0.0004581509010888,90.2152174698967,0.6417384793333333,0.5942969300510387,0.0036234734235565,1,,,,,,,,,,,,,,,,,,1,1,1,1,1,1,1,1,1,1,1,1,1,1,1,1,1
spmv_N316228,spmv,316228,vector,none_ready,1000,3.0,none,4.318028279190469,cpu,38.84003293127951,2914.5763987835594,38.84003293127951,80.84170700799177,0.48044548252104446,683.9178505908844,4.261588429466277,7404.052336774227,5.500000321342935,4427192.0,6.6461283570211735,32887716.0,7.517033713463202,0.13461536824265935,2.672789249815074,0.0227527323333333,0.0782471649230998,0.0004581509010888,90.2152174698967,0.6417384793333333,0.5942969300510387,0.0036234734235565,1,,,,,,,,,,,,,,,,,,1,1,1,1,1,1,1,1,1,1,1,1,1,1,1,1,1
spmv_N31623,spmv,31623,vector,cpu_ready,1,0.0,cpu,19.761127925794007,cpu,1.0299392844947568e-07,39.35142266137344,1.0299392844947568e-07,0.0039966545305784,2.577003532866532e-05,76.35817303731254,0.5153531193333333,38207516841.81422,4.500003068051694,442722.0,5.646131103729931,3288796.0,6.517036935561705,0.13461522088934674,1.6408367634502368,0.0135391953333333,0.0039966545305784,2.577003532866532e-05,76.35817303731254,0.5153531193333333,0.1169918105459564,0.0007556058446404,1,0.007179217,0.8235732186676554,114.71630104893826,7.179217,1.5750918889491758,2.915178674081789,0.2944855173882577,0.4372316926395696,7029440242.059614,2808643.506042511,1.0,,,,,,cpu,0,0,0,0,0,0,0,0,0,0,0,0,1,1,1,1,1
spmv_N31623,spmv,31623,vector,cpu_ready,2,0.3010299956639812,cpu,18.377829654052775,cpu,4.1197571379790273e-07,39.46949983740363,4.1197571379790273e-07,0.0079933090611568,5.154007065733064e-05,76.4751648478585,0.5161087251779737,9580540333.693052,4.500003068051694,442722.0,5.646131103729931,3288796.0,6.517036935561705,0.13461522088934674,1.6408367634502368,0.0135391953333333,0.0039966545305784,2.577003532866532e-05,76.35817303731254,0.5153531193333333,0.1169918105459564,0.0007556058446404,1,0.007179217,0.8235732186676554,114.71630104893826,7.179217,1.5750918889491758,2.915178674081789,0.2944855173882577,0.4372316926395696,7029440242.059614,2808643.506042511,1.0,,,,,,cpu,0,0,0,0,0,0,0,0,0,0,0,0,1,1,1,1,1
spmv_N31623,spmv,31623,vector,cpu_ready,3,0.47712125471966244,cpu,17.569891043493275,cpu,9.269453560452812e-07,39.587753812825476,9.269453560452812e-07,0.011989963591735202,7.731010598599596e-05,76.59215665840445,0.5168643310226141,4270775254.1937613,4.500003068051694,442722.0,5.646131103729931,3288796.0,6.517036935561705,0.13461522088934674,1.6408367634502368,0.0135391953333333,0.0039966545305784,2.577003532866532e-05,76.35817303731254,0.5153531193333333,0.1169918105459564,0.0007556058446404,1,0.007179217,0.8235732186676554,114.71630104893826,7.179217,1.5750918889491758,2.915178674081789,0.2944855173882577,0.4372316926395696,7029440242.059614,2808643.506042511,1.0,,,,,,cpu,0,0,0,0,0,0,0,0,0,0,0,0,1,1,1,1,1
spmv_N31623,spmv,31623,vector,cpu_ready,5,0.6989700043360189,cpu,16.5542096096749,cpu,2.5748482112368922e-06,39.8247921618441,2.5748482112368922e-06,0.019983272652892,0.0001288501766433266,76.82614027949637,0.5183755427118949,1546684942.9491248,4.500003068051694,442722.0,5.646131103729931,3288796.0,6.517036935561705,0.13461522088934674,1.6408367634502368,0.0135391953333333,0.0039966545305784,2.577003532866532e-05,76.35817303731254,0.5153531193333333,0.1169918105459564,0.0007556058446404,1,0.007179217,0.8235732186676554,114.71630104893826,7.179217,1.5750918889491758,2.915178674081789,0.2944855173882577,0.4372316926395696,7029440242.059614,2808643.506042511,1.0,,,,,,cpu,0,0,0,0,0,0,0,0,0,0,0,0,1,1,1,1,1
spmv_N31623,spmv,31623,vector,cpu_ready,10,1.0,cpu,15.18276224884012,cpu,1.0299392844947569e-05,40.420482023744476,1.0299392844947569e-05,0.039966545305784,0.0002577003532866532,77.41109933222614,0.5221535719350969,392454898.38927877,4.500003068051694,442722.0,5.646131103729931,3288796.0,6.517036935561705,0.13461522088934674,1.6408367634502368,0.0135391953333333,0.0039966545305784,2.577003532866532e-05,76.35817303731254,0.5153531193333333,0.1169918105459564,0.0007556058446404,1,0.007179217,0.8235732186676554,114.71630104893826,7.179217,1.5750918889491758,2.915178674081789,0.2944855173882577,0.4372316926395696,7029440242.059614,2808643.506042511,1.0,,,,,,cpu,0,0,0,0,0,0,0,0,0,0,0,0,1,1,1,1,1
spmv_N31623,spmv,31623,vector,cpu_ready,30,1.4771212547196624,cpu,13.043846964980572,cpu,9.269453560452811e-05,42.84744131925778,9.269453560452811e-05,0.119899635917352,0.0007731010598599595,79.75093554314527,0.5372656888279048,46224244.33682485,4.500003068051694,442722.0,5.646131103729931,3288796.0,6.517036935561705,0.13461522088934674,1.6408367634502368,0.0135391953333333,0.0039966545305784,2.577003532866532e-05,76.35817303731254,0.5153531193333333,0.1169918105459564,0.0007556058446404,1,0.007179217,0.8235732186676554,114.71630104893826,7.179217,1.5750918889491758,2.915178674081789,0.2944855173882577,0.4372316926395696,7029440242.059614,2808643.506042511,1.0,,,,,,cpu,0,0,0,0,0,0,0,0,0,0,0,0,1,1,1,1,1
spmv_N31623,spmv,31623,vector,cpu_ready,100,2.0,cpu,10.827549493611002,cpu,0.0010299392844947566,51.89871693724299,0.0010299392844947566,0.39966545305784,0.0025770035328665317,87.94036228136223,0.5901580979527329,5038907.41709277,4.500003068051694,442722.0,5.646131103729931,3288796.0,6.517036935561705,0.13461522088934674,1.6408367634502368,0.0135391953333333,0.0039966545305784,2.577003532866532e-05,76.35817303731254,0.5153531193333333,0.1169918105459564,0.0007556058446404,1,0.007179217,0.8235732186676554,114.71630104893826,7.179217,1.5750918889491758,2.915178674081789,0.2944855173882577,0.4372316926395696,7029440242.059614,2808643.506042511,1.0,,,,,,cpu,0,0,0,0,0,0,0,0,0,0,0,0,1,1,1,1,1
spmv_N31623,spmv,31623,vector,cpu_ready,1000,3.0,cpu,7.776158923814378,cpu,0.10299392844947568,245.4451950510441,0.10299392844947568,3.9966545305784003,0.025770035328665317,193.23299177272298,1.2702033581290928,238210.35357724878,4.500003068051694,442722.0,5.646131103729931,3288796.0,6.517036935561705,0.13461522088934674,1.6408367634502368,0.0135391953333333,0.0039966545305784,2.577003532866532e-05,76.35817303731254,0.5153531193333333,0.1169918105459564,0.0007556058446404,1,0.007179217,0.8235732186676554,114.71630104893826,7.179217,1.5750918889491758,2.915178674081789,0.2944855173882577,0.4372316926395696,7029440242.059614,2808643.506042511,1.0,,,,,,cpu,0,0,0,0,0,0,0,0,0,0,0,0,1,1,1,1,1
spmv_N31623,spmv,31623,vector,gpu_ready,1,0.0,gpu,-5.526681920452803,gpu,0.02221560945046716,8.839969582358704e-05,8.839969582358704e-05,1.6408367634502368,0.0135391953333333,0.1169918105459564,0.0007556058446404,25030.866394383604,4.500003068051694,442722.0,5.646131103729931,3288796.0,6.517036935561705,0.13461522088934674,1.6408367634502368,0.0135391953333333,0.0039966545305784,2.577003532866532e-05,76.35817303731254,0.5153531193333333,0.1169918105459564,0.0007556058446404,1,0.478475803,72.6060727735907,151.7445026861488,95.6951606,,,,,,,,63190.74947888013,0.1567784379683668,0.0,1410.0,26.0,gpu,0,0,0,0,0,1,1,1,1,1,1,1,0,0,0,0,0
spmv_N31623,spmv,31623,vector,gpu_ready,2,0.3010299956639812,gpu,-4.144721895674203,gpu,0.022312108352127647,0.00035359878329434816,0.00035359878329434816,1.644833417980815,0.013564965368661966,0.2339836210919128,0.0015112116892808,6210.007105865591,4.500003068051694,442722.0,5.646131103729931,3288796.0,6.517036935561705,0.13461522088934674,1.6408367634502368,0.0135391953333333,0.0039966545305784,2.577003532866532e-05,76.35817303731254,0.5153531193333333,0.1169918105459564,0.0007556058446404,1,0.478475803,72.6060727735907,151.7445026861488,95.6951606,,,,,,,,63190.74947888013,0.1567784379683668,0.0,1410.0,26.0,gpu,0,0,0,0,0,1,1,1,1,1,1,1,0,0,0,0,0
spmv_N31623,spmv,31623,vector,gpu_ready,3,0.47712125471966244,gpu,-3.3381165026861264,gpu,0.022408813241645033,0.0007955972624122833,0.0007955972624122833,1.6488300725113936,0.01359073540399063,0.3509754316378692,0.0022668175339211998,2716.6026079200674,4.500003068051694,442722.0,5.646131103729931,3288796.0,6.517036935561705,0.13461522088934674,1.6408367634502368,0.0135391953333333,0.0039966545305784,2.577003532866532e-05,76.35817303731254,0.5153531193333333,0.1169918105459564,0.0007556058446404,1,0.478475803,72.6060727735907,151.7445026861488,95.6951606,,,,,,,,63190.74947888013,0.1567784379683668,0.0,1410.0,26.0,gpu,0,0,0,0,0,1,1,1,1,1,1,1,0,0,0,0,0
spmv_N31623,spmv,31623,vector,gpu_ready,5,0.6989700043360189,gpu,-2.3250865310313724,gpu,0.022602840984250507,0.002209992395589676,0.002209992395589676,1.6568233815725504,0.013642275474647962,0.584959052729782,0.003778029223202,922.7565049254188,4.500003068051694,442722.0,5.646131103729931,3288796.0,6.517036935561705,0.13461522088934674,1.6408367634502368,0.0135391953333333,0.0039966545305784,2.577003532866532e-05,76.35817303731254,0.5153531193333333,0.1169918105459564,0.0007556058446404,1,0.478475803,72.6060727735907,151.7445026861488,95.6951606,,,,,,,,63190.74947888013,0.1567784379683668,0.0,1410.0,26.0,gpu,0,0,0,0,0,1,1,1,1,1,1,1,0,0,0,0,0
spmv_N31623,spmv,31623,vector,gpu_ready,10,1.0,gpu,-0.9601818038538134,gpu,0.02309151512825991,0.008839969582358704,0.008839969582358704,1.6768066542254423,0.013771125651291289,1.169918105459564,0.007556058446404,161.2171333071326,4.500003068051694,442722.0,5.646131103729931,3288796.0,6.517036935561705,0.13461522088934674,1.6408367634502368,0.0135391953333333,0.0039966545305784,2.577003532866532e-05,76.35817303731254,0.5153531193333333,0.1169918105459564,0.0007556058446404,1,0.478475803,72.6060727735907,151.7445026861488,95.6951606,,,,,,,,63190.74947888013,0.1567784379683668,0.0,1410.0,26.0,gpu,0,0,0,0,0,1,1,1,1,1,1,1,0,0,0,0,0
spmv_N31623,spmv,31623,vector,gpu_ready,30,1.4771212547196624,gpu,1.1537314592061594,cpu,0.025097708668522272,0.07955972624122833,0.025097708668522272,1.7567397448370103,0.014286526357864595,3.509754316378692,0.022668175339211998,216.99995920748216,4.500003068051694,442722.0,5.646131103729931,3288796.0,6.517036935561705,0.13461522088934674,1.6408367634502368,0.0135391953333333,0.0039966545305784,2.577003532866532e-05,76.35817303731254,0.5153531193333333,0.1169918105459564,0.0007556058446404,1,0.478475803,72.6060727735907,151.7445026861488,95.6951606,,,,,,,,63190.74947888013,0.1567784379683668,0.0,1410.0,26.0,gpu,0,0,0,0,0,1,1,1,1,1,1,1,0,0,0,0,0
spmv_N31623,spmv,31623,vector,gpu_ready,100,2.0,gpu,3.294993629813113,cpu,0.03276824780867223,0.8839969582358705,0.03276824780867223,2.0365055619774983,0.016090428830871167,11.699181054595641,0.07556058446404,2597.7242219277823,4.500003068051694,442722.0,5.646131103729931,3288796.0,6.517036935561705,0.13461522088934674,1.6408367634502368,0.0135391953333333,0.0039966545305784,2.577003532866532e-05,76.35817303731254,0.5153531193333333,0.1169918105459564,0.0007556058446404,1,0.478475803,72.6060727735907,151.7445026861488,95.6951606,,,,,,,,63190.74947888013,0.1567784379683668,0.0,1410.0,26.0,gpu,0,0,0,0,0,1,1,1,1,1,1,1,0,0,0,0,0
spmv_N31623,spmv,31623,vector,gpu_ready,1000,3.0,gpu,5.990090259529584,cpu,0.2213031648612782,88.39969582358704,0.2213031648612782,5.633494639498059,0.03928346062666995,116.99181054595641,0.7556058446403999,39845.06625289319,4.500003068051694,442722.0,5.646131103729931,3288796.0,6.517036935561705,0.13461522088934674,1.6408367634502368,0.0135391953333333,0.0039966545305784,2.577003532866532e-05,76.35817303731254,0.5153531193333333,0.1169918105459564,0.0007556058446404,1,0.478475803,72.6060727735907,151.7445026861488,95.6951606,,,,,,,,63190.74947888013,0.1567784379683668,0.0,1410.0,26.0,gpu,0,0,0,0,0,1,1,1,1,1,1,1,0,0,0,0,0
spmv_N31623,spmv,31623,vector,none_ready,1,0.0,none,7.479492237030758,cpu,0.02221560945046716,39.35142266137344,0.02221560945046716,1.6408367634502368,0.0135391953333333,76.35817303731254,0.5153531193333333,177034.11261173364,4.500003068051694,442722.0,5.646131103729931,3288796.0,6.517036935561705,0.13461522088934674,1.6408367634502368,0.0135391953333333,0.0039966545305784,2.577003532866532e-05,76.35817303731254,0.5153531193333333,0.1169918105459564,0.0007556058446404,1,,,,,,,,,,,,,,,,,,1,1,1,1,1,1,1,1,1,1,1,1,1,1,1,1,1
spmv_N31623,spmv,31623,vector,none_ready,2,0.3010299956639812,none,7.478153990068126,cpu,0.022312108352127647,39.46949983740363,0.022312108352127647,1.644833417980815,0.013564965368661966,76.4751648478585,0.5161087251779737,176797.22196799875,4.500003068051694,442722.0,5.646131103729931,3288796.0,6.517036935561705,0.13461522088934674,1.6408367634502368,0.0135391953333333,0.0039966545305784,2.577003532866532e-05,76.35817303731254,0.5153531193333333,0.1169918105459564,0.0007556058446404,1,,,,,,,,,,,,,,,,,,1,1,1,1,1,1,1,1,1,1,1,1,1,1,1,1,1
spmv_N31623,spmv,31623,vector,none_ready,3,0.47712125471966244,none,7.476820772496702,cpu,0.022408813241645033,39.587753812825476,0.022408813241645033,1.6488300725113936,0.01359073540399063,76.59215665840445,0.5168643310226141,176561.53662816342,4.500003068051694,442722.0,5.646131103729931,3288796.0,6.517036935561705,0.13461522088934674,1.6408367634502368,0.0135391953333333,0.0039966545305784,2.577003532866532e-05,76.35817303731254,0.5153531193333333,0.1169918105459564,0.0007556058446404,1,,,,,,,,,,,,,,,,,,1,1,1,1,1,1,1,1,1,1,1,1,1,1,1,1,1
spmv_N31623,spmv,31623,vector,none_ready,5,0.6989700043360189,none,7.474169310333079,cpu,0.022602840984250507,39.8247921618441,0.022602840984250507,1.6568233815725504,0.013642275474647962,76.82614027949637,0.5183755427118949,176093.74568707414,4.500003068051694,442722.0,5.646131103729931,3288796.0,6.517036935561705,0.13461522088934674,1.6408367634502368,0.0135391953333333,0.0039966545305784,2.577003532866532e-05,76.35817303731254,0.5153531193333333,0.1169918105459564,0.0007556058446404,1,,,,,,,,,,,,,,,,,,1,1,1,1,1,1,1,1,1,1,1,1,1,1,1,1,1
spmv_N31623,spmv,31623,vector,none_ready,10,1.0,none,7.46762667667586,cpu,0.02309151512825991,40.420482023744476,0.02309151512825991,1.6768066542254423,0.013771125651291289,77.41109933222614,0.5221535719350969,174944.73742512026,4.500003068051694,442722.0,5.646131103729931,3288796.0,6.517036935561705,0.13461522088934674,1.6408367634502368,0.0135391953333333,0.0039966545305784,2.577003532866532e-05,76.35817303731254,0.5153531193333333,0.1169918105459564,0.0007556058446404,1,,,,,,,,,,,,,,,,,,1,1,1,1,1,1,1,1,1,1,1,1,1,1,1,1,1
spmv_N31623,spmv,31623,vector,none_ready,30,1.4771212547196624,none,7.442624655876285,cpu,0.025097708668522272,42.84744131925778,0.025097708668522272,1.7567397448370103,0.014286526357864595,79.75093554314527,0.5372656888279048,170622.5224627671,4.500003068051694,442722.0,5.646131103729931,3288796.0,6.517036935561705,0.13461522088934674,1.6408367634502368,0.0135391953333333,0.0039966545305784,2.577003532866532e-05,76.35817303731254,0.5153531193333333,0.1169918105459564,0.0007556058446404,1,,,,,,,,,,,,,,,,,,1,1,1,1,1,1,1,1,1,1,1,1,1,1,1,1,1
spmv_N31623,spmv,31623,vector,none_ready,100,2.0,none,7.367589355113668,cpu,0.03276824780867223,51.89871693724299,0.03276824780867223,2.0365055619774983,0.016090428830871167,87.94036228136223,0.5901580979527329,158281.11711151004,4.500003068051694,442722.0,5.646131103729931,3288796.0,6.517036935561705,0.13461522088934674,1.6408367634502368,0.0135391953333333,0.0039966545305784,2.577003532866532e-05,76.35817303731254,0.5153531193333333,0.1169918105459564,0.0007556058446404,1,,,,,,,,,,,,,,,,,,1,1,1,1,1,1,1,1,1,1,1,1,1,1,1,1,1
spmv_N31623,spmv,31623,vector,none_ready,1000,3.0,none,7.011295415033515,cpu,0.2213031648612782,245.4451950510441,0.2213031648612782,5.633494639498059,0.03928346062666995,193.23299177272298,1.2702033581290928,110809.03069773046,4.500003068051694,442722.0,5.646131103729931,3288796.0,6.517036935561705,0.13461522088934674,1.6408367634502368,0.0135391953333333,0.0039966545305784,2.577003532866532e-05,76.35817303731254,0.5153531193333333,0.1169918105459564,0.0007556058446404,1,,,,,,,,,,,,,,,,,,1,1,1,1,1,1,1,1,1,1,1,1,1,1,1,1,1
stencil_N1024,stencil,1024,matrix,cpu_ready,1,0.0,cpu,12.961354086208003,cpu,0.00015086283090509162,64.2135692634912,0.00015086283090509162,0.1540143735594975,0.0009795373471867,94.8244206661424,0.6771838816666667,42564108.081106596,3.010299956639812,5222420.0,6.717871795933407,16777216.0,7.224719895935548,0.3112804889678955,2.6451515086287856,0.0219516433333333,0.1540143735594975,0.0009795373471867,94.8244206661424,0.6771838816666667,0.298306338172849,0.0018125326602728,1,0.020431915,2.659307179902726,130.15457336733863,20.431915,1.2394921417682694,26.781003665583093,0.5726916851521796,0.4944887551493472,1055410527.4367816,2855336.82005627,0.7184982905420271,,,,,,cpu,0,0,0,0,0,0,0,0,0,0,0,0,1,1,1,1,1
stencil_N1024,stencil,1024,matrix,cpu_ready,2,0.3010299956639812,cpu,11.58087366629566,cpu,0.0006034513236203665,64.5879905569304,0.0006034513236203665,0.308028747118995,0.0019590746943734,95.12272700431525,0.6789964143269395,10702998.664104171,3.010299956639812,5222420.0,6.717871795933407,16777216.0,7.224719895935548,0.3112804889678955,2.6451515086287856,0.0219516433333333,0.1540143735594975,0.0009795373471867,94.8244206661424,0.6771838816666667,0.298306338172849,0.0018125326602728,1,0.020431915,2.659307179902726,130.15457336733863,20.431915,1.2394921417682694,26.781003665583093,0.5726916851521796,0.4944887551493472,1055410527.4367816,2855336.82005627,0.7184982905420271,,,,,,cpu,0,0,0,0,0,0,0,0,0,0,0,0,1,1,1,1,1
stencil_N1024,stencil,1024,matrix,cpu_ready,3,0.47712125471966244,cpu,10.775740430769728,cpu,0.0013577654781458245,64.963493230331,0.0013577654781458245,0.4620431206784925,0.0029386120415600997,95.4210333424881,0.6808089469872123,4784488.669837568,3.010299956639812,5222420.0,6.717871795933407,16777216.0,7.224719895935548,0.3112804889678955,2.6451515086287856,0.0219516433333333,0.1540143735594975,0.0009795373471867,94.8244206661424,0.6771838816666667,0.298306338172849,0.0018125326602728,1,0.020431915,2.659307179902726,130.15457336733863,20.431915,1.2394921417682694,26.781003665583093,0.5726916851521796,0.4944887551493472,1055410527.4367816,2855336.82005627,0.7184982905420271,,,,,,cpu,0,0,0,0,0,0,0,0,0,0,0,0,1,1,1,1,1
stencil_N1024,stencil,1024,matrix,cpu_ready,5,0.6989700043360189,cpu,9.765632659340138,cpu,0.003771570772627291,65.71774271701642,0.003771570772627291,0.7700718677974876,0.0048976867359335,96.0176460188338,0.6844340123077578,1742350.2065285968,3.010299956639812,5222420.0,6.717871795933407,16777216.0,7.224719895935548,0.3112804889678955,2.6451515086287856,0.0219516433333333,0.1540143735594975,0.0009795373471867,94.8244206661424,0.6771838816666667,0.298306338172849,0.0018125326602728,1,0.020431915,2.659307179902726,130.15457336733863,20.431915,1.2394921417682694,26.781003665583093,0.5726916851521796,0.4944887551493472,1055410527.4367816,2855336.82005627,0.7184982905420271,,,,,,cpu,0,0,0,0,0,0,0,0,0,0,0,0,1,1,1,1,1
stencil_N1024,stencil,1024,matrix,cpu_ready,10,1.0,cpu,8.40790702366154,cpu,0.015086283090509163,67.62229058305468,0.015086283090509163,1.5401437355949752,0.009795373471867,97.50917770969804,0.6934966756091219,448136.9194410525,3.010299956639812,5222420.0,6.717871795933407,16777216.0,7.224719895935548,0.3112804889678955,2.6451515086287856,0.0219516433333333,0.1540143735594975,0.0009795373471867,94.8244206661424,0.6771838816666667,0.298306338172849,0.0018125326602728,1,0.020431915,2.659307179902726,130.15457336733863,20.431915,1.2394921417682694,26.781003665583093,0.5726916851521796,0.4944887551493472,1055410527.4367816,2855336.82005627,0.7184982905420271,,,,,,cpu,0,0,0,0,0,0,0,0,0,0,0,0,1,1,1,1,1
stencil_N1024,stencil,1024,matrix,cpu_ready,30,1.4771212547196624,cpu,6.321020825721118,cpu,0.13577654781458243,75.51082703756,0.13577654781458243,4.620431206784925,0.029386120415600996,103.47530447315502,0.7297473288145778,55514.04252277662,3.010299956639812,5222420.0,6.717871795933407,16777216.0,7.224719895935548,0.3112804889678955,2.6451515086287856,0.0219516433333333,0.1540143735594975,0.0009795373471867,94.8244206661424,0.6771838816666667,0.298306338172849,0.0018125326602728,1,0.020431915,2.659307179902726,130.15457336733863,20.431915,1.2394921417682694,26.781003665583093,0.5726916851521796,0.4944887551493472,1055410527.4367816,2855336.82005627,0.7184982905420271,,,,,,cpu,0,0,0,0,0,0,0,0,0,0,0,0,1,1,1,1,1
stencil_N1024,stencil,1024,matrix,cpu_ready,100,2.0,cpu,4.257198124278831,cpu,1.508628309050916,106.52705150676813,1.508628309050916,15.401437355949751,0.09795373471866999,124.35674814525446,0.8566246150336738,6961.186036856535,3.010299956639812,5222420.0,6.717871795933407,16777216.0,7.224719895935548,0.3112804889678955,2.6451515086287856,0.0219516433333333,0.1540143735594975,0.0009795373471867,94.8244206661424,0.6771838816666667,0.298306338172849,0.0018125326602728,1,0.020431915,2.659307179902726,130.15457336733863,20.431915,1.2394921417682694,26.781003665583093,0.5726916851521796,0.4944887551493472,1055410527.4367816,2855336.82005627,0.7184982905420271,,,,,,cpu,0,0,0,0,0,0,0,0,0,0,0,0,1,1,1,1,1
stencil_N1024,stencil,1024,matrix,cpu_ready,1000,3.0,cpu,1.8684527647403848,cpu,150.8628309050916,977.329433551765,150.8628309050916,154.0143735594975,0.9795373471866999,392.8324525008186,2.4879040092791938,547.8265240605266,3.010299956639812,5222420.0,6.717871795933407,16777216.0,7.224719895935548,0.3112804889678955,2.6451515086287856,0.0219516433333333,0.1540143735594975,0.0009795373471867,94.8244206661424,0.6771838816666667,0.298306338172849,0.0018125326602728,1,0.020431915,2.659307179902726,130.15457336733863,20.431915,1.2394921417682694,26.781003665583093,0.5726916851521796,0.4944887551493472,1055410527.4367816,2855336.82005627,0.7184982905420271,,,,,,cpu,0,0,0,0,0,0,0,0,0,0,0,0,1,1,1,1,1
stencil_N1024,stencil,1024,matrix,gpu_ready,1,0.0,gpu,-4.6764795616516865,gpu,0.0580654224800476,0.0005406899807046716,0.0005406899807046716,2.6451515086287856,0.0219516433333333,0.298306338172849,0.0018125326602728,10639.134171558342,3.010299956639812,5222420.0,6.717871795933407,16777216.0,7.224719895935548,0.3112804889678955,2.6451515086287856,0.0219516433333333,0.1540143735594975,0.0009795373471867,94.8244206661424,0.6771838816666667,0.298306338172849,0.0018125326602728,1,0.487071125,73.34946458411119,150.59292333149742,97.414225,,,,,,,,62260.260018536304,0.0,0.0,1410.0,23.0,gpu,0,0,0,0,0,1,1,1,1,1,1,1,0,0,0,0,0
stencil_N1024,stencil,1024,matrix,gpu_ready,2,0.3010299956639812,gpu,-3.3904339116483455,gpu,0.06418817859920667,0.0021627599228186863,0.0021627599228186863,2.799165882188283,0.022931180680519997,0.596612676345698,0.0036250653205456,2867.882746576484,3.010299956639812,5222420.0,6.717871795933407,16777216.0,7.224719895935548,0.3112804889678955,2.6451515086287856,0.0219516433333333,0.1540143735594975,0.0009795373471867,94.8244206661424,0.6771838816666667,0.298306338172849,0.0018125326602728,1,0.487071125,73.34946458411119,150.59292333149742,97.414225,,,,,,,,62260.260018536304,0.0,0.0,1410.0,23.0,gpu,0,0,0,0,0,1,1,1,1,1,1,1,0,0,0,0,0
stencil_N1024,stencil,1024,matrix,gpu_ready,3,0.47712125471966244,gpu,-2.674894089580129,gpu,0.07061266038017594,0.004866209826342043,0.004866209826342043,2.9531802557477804,0.0239107180277067,0.894919014518547,0.005437597980818399,1351.0812911915857,3.010299956639812,5222420.0,6.717871795933407,16777216.0,7.224719895935548,0.3112804889678955,2.6451515086287856,0.0219516433333333,0.1540143735594975,0.0009795373471867,94.8244206661424,0.6771838816666667,0.298306338172849,0.0018125326602728,1,0.487071125,73.34946458411119,150.59292333149742,97.414225,,,,,,,,62260.260018536304,0.0,0.0,1410.0,23.0,gpu,0,0,0,0,0,1,1,1,1,1,1,1,0,0,0,0,0
stencil_N1024,stencil,1024,matrix,gpu_ready,5,0.6989700043360189,gpu,-1.831207358406521,gpu,0.08436680092754502,0.013517249517616788,0.013517249517616788,3.2612090028667757,0.0258697927220801,1.491531690864245,0.009062663301364,524.1417739429259,3.010299956639812,5222420.0,6.717871795933407,16777216.0,7.224719895935548,0.3112804889678955,2.6451515086287856,0.0219516433333333,0.1540143735594975,0.0009795373471867,94.8244206661424,0.6771838816666667,0.298306338172849,0.0018125326602728,1,0.487071125,73.34946458411119,150.59292333149742,97.414225,,,,,,,,62260.260018536304,0.0,0.0,1410.0,23.0,gpu,0,0,0,0,0,1,1,1,1,1,1,1,0,0,0,0,0
stencil_N1024,stencil,1024,matrix,gpu_ready,10,1.0,gpu,-0.8302814567915531,gpu,0.1240323513776459,0.05406899807046715,0.05406899807046715,4.031280870664263,0.0307674794580136,2.98306338172849,0.018125326602728,129.39643012433254,3.010299956639812,5222420.0,6.717871795933407,16777216.0,7.224719895935548,0.3112804889678955,2.6451515086287856,0.0219516433333333,0.1540143735594975,0.0009795373471867,94.8244206661424,0.6771838816666667,0.298306338172849,0.0018125326602728,1,0.487071125,73.34946458411119,150.59292333149742,97.414225,,,,,,,,62260.260018536304,0.0,0.0,1410.0,23.0,gpu,0,0,0,0,0,1,1,1,1,1,1,1,0,0,0,0,0
stencil_N1024,stencil,1024,matrix,gpu_ready,30,1.4771212547196624,gpu,0.30660075813549414,cpu,0.35812596863059526,0.48662098263420434,0.35812596863059526,7.1115683418542135,0.0503582264017476,8.94919014518547,0.054375979808184,35.879837057041485,3.010299956639812,5222420.0,6.717871795933407,16777216.0,7.224719895935548,0.3112804889678955,2.6451515086287856,0.0219516433333333,0.1540143735594975,0.0009795373471867,94.8244206661424,0.6771838816666667,0.298306338172849,0.0018125326602728,1,0.487071125,73.34946458411119,150.59292333149742,97.414225,,,,,,,,62260.260018536304,0.0,0.0,1410.0,23.0,gpu,0,0,0,0,0,1,1,1,1,1,1,1,0,0,0,0,0
stencil_N1024,stencil,1024,matrix,gpu_ready,100,2.0,gpu,0.9325452536095097,cpu,2.1278894637179953,5.406899807046715,2.1278894637179953,17.89257449101904,0.11892584070481658,29.8306338172849,0.18125326602727998,154.096836289579,3.010299956639812,5222420.0,6.717871795933407,16777216.0,7.224719895935548,0.3112804889678955,2.6451515086287856,0.0219516433333333,0.1540143735594975,0.0009795373471867,94.8244206661424,0.6771838816666667,0.298306338172849,0.0018125326602728,1,0.487071125,73.34946458411119,150.59292333149742,97.414225,,,,,,,,62260.260018536304,0.0,0.0,1410.0,23.0,gpu,0,0,0,0,0,1,1,1,1,1,1,1,0,0,0,0,0
stencil_N1024,stencil,1024,matrix,gpu_ready,1000,3.0,gpu,1.2392455210745612,cpu,156.5852429235581,540.6899807046715,156.5852429235581,156.5055106945668,1.0005094531728465,298.306338172849,1.8125326602728,245.30072605157685,3.010299956639812,5222420.0,6.717871795933407,16777216.0,7.224719895935548,0.3112804889678955,2.6451515086287856,0.0219516433333333,0.1540143735594975,0.0009795373471867,94.8244206661424,0.6771838816666667,0.298306338172849,0.0018125326602728,1,0.487071125,73.34946458411119,150.59292333149742,97.414225,,,,,,,,62260.260018536304,0.0,0.0,1410.0,23.0,gpu,0,0,0,0,0,1,1,1,1,1,1,1,0,0,0,0,0
stencil_N1024,stencil,1024,matrix,none_ready,1,0.0,none,7.008399477933363,cpu,0.0580654224800476,64.2135692634912,0.0580654224800476,2.6451515086287856,0.0219516433333333,94.8244206661424,0.6771838816666667,110488.30973899522,3.010299956639812,5222420.0,6.717871795933407,16777216.0,7.224719895935548,0.3112804889678955,2.6451515086287856,0.0219516433333333,0.1540143735594975,0.0009795373471867,94.8244206661424,0.6771838816666667,0.298306338172849,0.0018125326602728,1,,,,,,,,,,,,,,,,,,1,1,1,1,1,1,1,1,1,1,1,1,1,1,1,1,1
stencil_N1024,stencil,1024,matrix,none_ready,2,0.3010299956639812,none,6.913964708024363,cpu,0.06418817859920667,64.5879905569304,0.06418817859920667,2.799165882188283,0.022931180680519997,95.12272700431525,0.6789964143269395,100522.87475115964,3.010299956639812,5222420.0,6.717871795933407,16777216.0,7.224719895935548,0.3112804889678955,2.6451515086287856,0.0219516433333333,0.1540143735594975,0.0009795373471867,94.8244206661424,0.6771838816666667,0.298306338172849,0.0018125326602728,1,,,,,,,,,,,,,,,,,,1,1,1,1,1,1,1,1,1,1,1,1,1,1,1,1,1
stencil_N1024,stencil,1024,matrix,none_ready,3,0.47712125471966244,none,6.824371294566647,cpu,0.07061266038017594,64.963493230331,0.07061266038017594,2.9531802557477804,0.0239107180277067,95.4210333424881,0.6808089469872123,91899.78145642717,3.010299956639812,5222420.0,6.717871795933407,16777216.0,7.224719895935548,0.3112804889678955,2.6451515086287856,0.0219516433333333,0.1540143735594975,0.0009795373471867,94.8244206661424,0.6771838816666667,0.298306338172849,0.0018125326602728,1,,,,,,,,,,,,,,,,,,1,1,1,1,1,1,1,1,1,1,1,1,1,1,1,1,1
stencil_N1024,stencil,1024,matrix,none_ready,5,0.6989700043360189,none,6.657950254310664,cpu,0.08436680092754502,65.71774271701642,0.08436680092754502,3.2612090028667757,0.0258697927220801,96.0176460188338,0.6844340123077578,77795.26448141068,3.010299956639812,5222420.0,6.717871795933407,16777216.0,7.224719895935548,0.3112804889678955,2.6451515086287856,0.0219516433333333,0.1540143735594975,0.0009795373471867,94.8244206661424,0.6771838816666667,0.298306338172849,0.0018125326602728,1,,,,,,,,,,,,,,,,,,1,1,1,1,1,1,1,1,1,1,1,1,1,1,1,1,1
stencil_N1024,stencil,1024,matrix,none_ready,10,1.0,none,6.301150520247034,cpu,0.1240323513776459,67.62229058305468,0.1240323513776459,4.031280870664263,0.0307674794580136,97.50917770969804,0.6934966756091219,54419.88116968175,3.010299956639812,5222420.0,6.717871795933407,16777216.0,7.224719895935548,0.3112804889678955,2.6451515086287856,0.0219516433333333,0.1540143735594975,0.0009795373471867,94.8244206661424,0.6771838816666667,0.298306338172849,0.0018125326602728,1,,,,,,,,,,,,,,,,,,1,1,1,1,1,1,1,1,1,1,1,1,1,1,1,1,1
stencil_N1024,stencil,1024,matrix,none_ready,30,1.4771212547196624,none,5.351146537233659,cpu,0.35812596863059526,75.51082703756,0.35812596863059526,7.1115683418542135,0.0503582264017476,103.47530447315502,0.7297473288145778,20984.990660213465,3.010299956639812,5222420.0,6.717871795933407,16777216.0,7.224719895935548,0.3112804889678955,2.6451515086287856,0.0219516433333333,0.1540143735594975,0.0009795373471867,94.8244206661424,0.6771838816666667,0.298306338172849,0.0018125326602728,1,,,,,,,,,,,,,,,,,,1,1,1,1,1,1,1,1,1,1,1,1,1,1,1,1,1
stencil_N1024,stencil,1024,matrix,none_ready,100,2.0,none,3.9132683312653875,cpu,2.1278894637179953,106.52705150676813,2.1278894637179953,17.89257449101904,0.11892584070481658,124.35674814525446,0.8566246150336738,4906.230507887225,3.010299956639812,5222420.0,6.717871795933407,16777216.0,7.224719895935548,0.3112804889678955,2.6451515086287856,0.0219516433333333,0.1540143735594975,0.0009795373471867,94.8244206661424,0.6771838816666667,0.298306338172849,0.0018125326602728,1,,,,,,,,,,,,,,,,,,1,1,1,1,1,1,1,1,1,1,1,1,1,1,1,1,1
stencil_N1024,stencil,1024,matrix,none_ready,1000,3.0,none,1.8312232391919931,cpu,156.5852429235581,977.329433551765,156.5852429235581,156.5055106945668,1.0005094531728465,392.8324525008186,2.4879040092791938,524.1516858832466,3.010299956639812,5222420.0,6.717871795933407,16777216.0,7.224719895935548,0.3112804889678955,2.6451515086287856,0.0219516433333333,0.1540143735594975,0.0009795373471867,94.8244206661424,0.6771838816666667,0.298306338172849,0.0018125326602728,1,,,,,,,,,,,,,,,,,,1,1,1,1,1,1,1,1,1,1,1,1,1,1,1,1,1
stencil_N128,stencil,128,matrix,cpu_ready,1,0.0,cpu,21.92119862052002,cpu,1.6523059526106342e-08,54.74520231224906,1.6523059526106342e-08,0.0015737035798644,1.0499473812933736e-05,87.78979028153502,0.6235941803333334,331326061067.73926,2.1072099696478683,79380.0,4.899711094571145,262144.0,5.418539921951662,0.3028106689453125,2.885717572906094,0.0226441573333333,0.0015737035798644,1.0499473812933736e-05,87.78979028153502,0.6235941803333334,0.021026964282169,0.0001329154015135,1,0.022771696,2.8176565324044027,123.73503196267869,22.771696,1.3486295120827785,2.609291167910154,0.1458319194047633,0.4715085837601899,2009980347.052888,3068858.20137075,0.7548262984013137,,,,,,cpu,0,0,0,0,0,0,0,0,0,0,0,0,1,1,1,1,1
stencil_N128,stencil,128,matrix,cpu_ready,2,0.3010299956639812,cpu,20.53535686699529,cpu,6.609223810442537e-08,54.76998601483696,6.609223810442537e-08,0.0031474071597288,2.0998947625867473e-05,87.81081724581719,0.6237270957348469,82869013850.323,2.1072099696478683,79380.0,4.899711094571145,262144.0,5.418539921951662,0.3028106689453125,2.885717572906094,0.0226441573333333,0.0015737035798644,1.0499473812933736e-05,87.78979028153502,0.6235941803333334,0.021026964282169,0.0001329154015135,1,0.022771696,2.8176565324044027,123.73503196267869,22.771696,1.3486295120827785,2.609291167910154,0.1458319194047633,0.4715085837601899,2009980347.052888,3068858.20137075,0.7548262984013137,,,,,,cpu,0,0,0,0,0,0,0,0,0,0,0,0,1,1,1,1,1
stencil_N128,stencil,128,matrix,cpu_ready,3,0.47712125471966244,cpu,19.724879155623157,cpu,1.4870753573495709e-07,54.79477530703966,1.4870753573495709e-07,0.0047211107395932,3.149842143880121e-05,87.83184421009936,0.6238600111363604,36847342596.00226,2.1072099696478683,79380.0,4.899711094571145,262144.0,5.418539921951662,0.3028106689453125,2.885717572906094,0.0226441573333333,0.0015737035798644,1.0499473812933736e-05,87.78979028153502,0.6235941803333334,0.021026964282169,0.0001329154015135,1,0.022771696,2.8176565324044027,123.73503196267869,22.771696,1.3486295120827785,2.609291167910154,0.1458319194047633,0.4715085837601899,2009980347.052888,3068858.20137075,0.7548262984013137,,,,,,cpu,0,0,0,0,0,0,0,0,0,0,0,0,1,1,1,1,1
stencil_N128,stencil,128,matrix,cpu_ready,5,0.6989700043360189,cpu,18.70413260971385,cpu,4.130764881526586e-07,54.84437066028944,4.130764881526586e-07,0.007868517899322,5.249736906466868e-05,87.87389813866369,0.6241258419393874,13277049607.08013,2.1072099696478683,79380.0,4.899711094571145,262144.0,5.418539921951662,0.3028106689453125,2.885717572906094,0.0226441573333333,0.0015737035798644,1.0499473812933736e-05,87.78979028153502,0.6235941803333334,0.021026964282169,0.0001329154015135,1,0.022771696,2.8176565324044027,123.73503196267869,22.771696,1.3486295120827785,2.609291167910154,0.1458319194047633,0.4715085837601899,2009980347.052888,3068858.20137075,0.7548262984013137,,,,,,cpu,0,0,0,0,0,0,0,0,0,0,0,0,1,1,1,1,1
stencil_N128,stencil,128,matrix,cpu_ready,10,1.0,cpu,17.32009820778082,cpu,1.6523059526106343e-06,54.96845686167292,1.6523059526106343e-06,0.015737035798644,0.00010499473812933736,87.97903296007453,0.6247904189469549,3326772207.2003136,2.1072099696478683,79380.0,4.899711094571145,262144.0,5.418539921951662,0.3028106689453125,2.885717572906094,0.0226441573333333,0.0015737035798644,1.0499473812933736e-05,87.78979028153502,0.6235941803333334,0.021026964282169,0.0001329154015135,1,0.022771696,2.8176565324044027,123.73503196267869,22.771696,1.3486295120827785,2.609291167910154,0.1458319194047633,0.4715085837601899,2009980347.052888,3068858.20137075,0.7548262984013137,,,,,,cpu,0,0,0,0,0,0,0,0,0,0,0,0,1,1,1,1,1
stencil_N128,stencil,128,matrix,cpu_ready,30,1.4771212547196624,cpu,15.131887930810212,cpu,1.487075357349571e-05,55.46619907090693,1.487075357349571e-05,0.047211107395932005,0.0003149842143880121,88.39957224571792,0.6274487269772249,372988389.09556866,2.1072099696478683,79380.0,4.899711094571145,262144.0,5.418539921951662,0.3028106689453125,2.885717572906094,0.0226441573333333,0.0015737035798644,1.0499473812933736e-05,87.78979028153502,0.6235941803333334,0.021026964282169,0.0001329154015135,1,0.022771696,2.8176565324044027,123.73503196267869,22.771696,1.3486295120827785,2.609291167910154,0.1458319194047633,0.4715085837601899,2009980347.052888,3068858.20137075,0.7548262984013137,,,,,,cpu,0,0,0,0,0,0,0,0,0,0,0,0,1,1,1,1,1
stencil_N128,stencil,128,matrix,cpu_ready,100,2.0,cpu,12.755175177262181,cpu,0.00016523059526106344,57.22590408984705,0.00016523059526106344,0.15737035798644,0.0010499473812933737,89.87145974546975,0.6367528050831699,34633863.52196785,2.1072099696478683,79380.0,4.899711094571145,262144.0,5.418539921951662,0.3028106689453125,2.885717572906094,0.0226441573333333,0.0015737035798644,1.0499473812933736e-05,87.78979028153502,0.6235941803333334,0.021026964282169,0.0001329154015135,1,0.022771696,2.8176565324044027,123.73503196267869,22.771696,1.3486295120827785,2.609291167910154,0.1458319194047633,0.4715085837601899,2009980347.052888,3068858.20137075,0.7548262984013137,,,,,,cpu,0,0,0,0,0,0,0,0,0,0,0,0,1,1,1,1,1
stencil_N128,stencil,128,matrix,cpu_ready,1000,3.0,cpu,8.513254601119767,cpu,0.016523059526106346,82.29054976514378,0.016523059526106346,1.5737035798644001,0.010499473812933736,108.79572759942185,0.7563766664453199,497934.5778887085,2.1072099696478683,79380.0,4.899711094571145,262144.0,5.418539921951662,0.3028106689453125,2.885717572906094,0.0226441573333333,0.0015737035798644,1.0499473812933736e-05,87.78979028153502,0.6235941803333334,0.021026964282169,0.0001329154015135,1,0.022771696,2.8176565324044027,123.73503196267869,22.771696,1.3486295120827785,2.609291167910154,0.1458319194047633,0.4715085837601899,2009980347.052888,3068858.20137075,0.7548262984013137,,,,,,cpu,0,0,0,0,0,0,0,0,0,0,0,0,1,1,1,1,1
stencil_N128,stencil,128,matrix,gpu_ready,1,0.0,gpu,-10.059667542204544,gpu,0.0653446427404503,2.7948074001745155e-06,2.7948074001745155e-06,2.885717572906094,0.0226441573333333,0.021026964282169,0.0001329154015135,2337973.19732909,2.1072099696478683,79380.0,4.899711094571145,262144.0,5.418539921951662,0.3028106689453125,2.885717572906094,0.0226441573333333,0.0015737035798644,1.0499473812933736e-05,87.78979028153502,0.6235941803333334,0.021026964282169,0.0001329154015135,1,0.493743985,73.53811300545452,148.93976481648585,98.748797,,,,,,,,62128.68411021554,0.0,0.0,1410.0,22.80740682035853,gpu,0,0,0,0,0,1,1,1,1,1,1,1,0,0,0,0,0
stencil_N128,stencil,128,matrix,gpu_ready,2,0.3010299956639812,gpu,-8.674381939714316,gpu,0.06541059297105656,1.1179229600698062e-05,1.1179229600698062e-05,2.8872912764859584,0.022654656807146234,0.042053928564338,0.000265830803027,585008.2347120963,2.1072099696478683,79380.0,4.899711094571145,262144.0,5.418539921951662,0.3028106689453125,2.885717572906094,0.0226441573333333,0.0015737035798644,1.0499473812933736e-05,87.78979028153502,0.6235941803333334,0.021026964282169,0.0001329154015135,1,0.493743985,73.53811300545452,148.93976481648585,98.748797,,,,,,,,62128.68411021554,0.0,0.0,1410.0,22.80740682035853,gpu,0,0,0,0,0,1,1,1,1,1,1,1,0,0,0,0,0
stencil_N128,stencil,128,matrix,gpu_ready,3,0.47712125471966244,gpu,-7.86445997026058,gpu,0.06547657624778187,2.515326660157064e-05,2.515326660157064e-05,2.888864980065823,0.022665156280959168,0.063080892846507,0.00039874620454049994,260210.4291976666,2.1072099696478683,79380.0,4.899711094571145,262144.0,5.418539921951662,0.3028106689453125,2.885717572906094,0.0226441573333333,0.0015737035798644,1.0499473812933736e-05,87.78979028153502,0.6235941803333334,0.021026964282169,0.0001329154015135,1,0.493743985,73.53811300545452,148.93976481648585,98.748797,,,,,,,,62128.68411021554,0.0,0.0,1410.0,22.80740682035853,gpu,0,0,0,0,0,1,1,1,1,1,1,1,0,0,0,0,0
stencil_N128,stencil,128,matrix,gpu_ready,5,0.6989700043360189,gpu,-6.844823682741893,gpu,0.06560864193958965,6.987018500436288e-05,6.987018500436288e-05,2.892012387225552,0.022686155228585036,0.10513482141084499,0.0006645770075675,93800.7703149675,2.1072099696478683,79380.0,4.899711094571145,262144.0,5.418539921951662,0.3028106689453125,2.885717572906094,0.0226441573333333,0.0015737035798644,1.0499473812933736e-05,87.78979028153502,0.6235941803333334,0.021026964282169,0.0001329154015135,1,0.493743985,73.53811300545452,148.93976481648585,98.748797,,,,,,,,62128.68411021554,0.0,0.0,1410.0,22.80740682035853,gpu,0,0,0,0,0,1,1,1,1,1,1,1,0,0,0,0,0
stencil_N128,stencil,128,matrix,gpu_ready,10,1.0,gpu,-5.463557800460229,gpu,0.06593938447619248,0.00027948074001745153,0.00027948074001745153,2.8998809051248737,0.022738652597649702,0.21026964282168997,0.001329154015135,23493.53437810242,2.1072099696478683,79380.0,4.899711094571145,262144.0,5.418539921951662,0.3028106689453125,2.885717572906094,0.0226441573333333,0.0015737035798644,1.0499473812933736e-05,87.78979028153502,0.6235941803333334,0.021026964282169,0.0001329154015135,1,0.493743985,73.53811300545452,148.93976481648585,98.748797,,,,,,,,62128.68411021554,0.0,0.0,1410.0,22.80740682035853,gpu,0,0,0,0,0,1,1,1,1,1,1,1,0,0,0,0,0
stencil_N128,stencil,128,matrix,gpu_ready,30,1.4771212547196624,gpu,-3.2863208515168565,gpu,0.06727061615236692,0.002515326660157064,0.002515326660157064,2.9313549767221616,0.022948642073908378,0.63080892846507,0.003987462045405,2574.428622649209,2.1072099696478683,79380.0,4.899711094571145,262144.0,5.418539921951662,0.3028106689453125,2.885717572906094,0.0226441573333333,0.0015737035798644,1.0499473812933736e-05,87.78979028153502,0.6235941803333334,0.021026964282169,0.0001329154015135,1,0.493743985,73.53811300545452,148.93976481648585,98.748797,,,,,,,,62128.68411021554,0.0,0.0,1410.0,22.80740682035853,gpu,0,0,0,0,0,1,1,1,1,1,1,1,0,0,0,0,0
stencil_N128,stencil,128,matrix,gpu_ready,100,2.0,gpu,-0.9467902507454515,gpu,0.0720340222939919,0.02794807400174516,0.02794807400174516,3.04151422731267,0.02368360524081374,2.1026964282169,0.01329154015135,157.7423485049234,2.1072099696478683,79380.0,4.899711094571145,262144.0,5.418539921951662,0.3028106689453125,2.885717572906094,0.0226441573333333,0.0015737035798644,1.0499473812933736e-05,87.78979028153502,0.6235941803333334,0.021026964282169,0.0001329154015135,1,0.493743985,73.53811300545452,148.93976481648585,98.748797,,,,,,,,62128.68411021554,0.0,0.0,1410.0,22.80740682035853,gpu,0,0,0,0,0,1,1,1,1,1,1,1,0,0,0,0,0
stencil_N128,stencil,128,matrix,gpu_ready,1000,3.0,gpu,2.9403187210644863,cpu,0.1477024465097468,2.7948074001745153,0.1477024465097468,4.45784744919063,0.0331331316724541,21.026964282168997,0.13291540151349998,1792.1876151794734,2.1072099696478683,79380.0,4.899711094571145,262144.0,5.418539921951662,0.3028106689453125,2.885717572906094,0.0226441573333333,0.0015737035798644,1.0499473812933736e-05,87.78979028153502,0.6235941803333334,0.021026964282169,0.0001329154015135,1,0.493743985,73.53811300545452,148.93976481648585,98.748797,,,,,,,,62128.68411021554,0.0,0.0,1410.0,22.80740682035853,gpu,0,0,0,0,0,1,1,1,1,1,1,1,0,0,0,0,0
stencil_N128,stencil,128,matrix,none_ready,1,0.0,none,6.730769556087145,cpu,0.0653446427404503,54.74520231224906,0.0653446427404503,2.885717572906094,0.0226441573333333,87.78979028153502,0.6235941803333334,83679.17456783359,2.1072099696478683,79380.0,4.899711094571145,262144.0,5.418539921951662,0.3028106689453125,2.885717572906094,0.0226441573333333,0.0015737035798644,1.0499473812933736e-05,87.78979028153502,0.6235941803333334,0.021026964282169,0.0001329154015135,1,,,,,,,,,,,,,,,,,,1,1,1,1,1,1,1,1,1,1,1,1,1,1,1,1,1
stencil_N128,stencil,128,matrix,none_ready,2,0.3010299956639812,none,6.730213405052639,cpu,0.06541059297105656,54.76998601483696,0.06541059297105656,2.8872912764859584,0.022654656807146234,87.81081724581719,0.6237270957348469,83632.59364744187,2.1072099696478683,79380.0,4.899711094571145,262144.0,5.418539921951662,0.3028106689453125,2.885717572906094,0.0226441573333333,0.0015737035798644,1.0499473812933736e-05,87.78979028153502,0.6235941803333334,0.021026964282169,0.0001329154015135,1,,,,,,,,,,,,,,,,,,1,1,1,1,1,1,1,1,1,1,1,1,1,1,1,1,1
stencil_N128,stencil,128,matrix,none_ready,3,0.47712125471966244,none,6.729657663134242,cpu,0.06547657624778187,54.79477530703966,0.06547657624778187,2.888864980065823,0.022665156280959168,87.83184421009936,0.6238600111363604,83586.07286318812,2.1072099696478683,79380.0,4.899711094571145,262144.0,5.418539921951662,0.3028106689453125,2.885717572906094,0.0226441573333333,0.0015737035798644,1.0499473812933736e-05,87.78979028153502,0.6235941803333334,0.021026964282169,0.0001329154015135,1,,,,,,,,,,,,,,,,,,1,1,1,1,1,1,1,1,1,1,1,1,1,1,1,1,1
stencil_N128,stencil,128,matrix,none_ready,5,0.6989700043360189,none,6.728547404743622,cpu,0.06560864193958965,54.84437066028944,0.06560864193958965,2.892012387225552,0.022686155228585036,87.87389813866369,0.6241258419393874,83493.21125834063,2.1072099696478683,79380.0,4.899711094571145,262144.0,5.418539921951662,0.3028106689453125,2.885717572906094,0.0226441573333333,0.0015737035798644,1.0499473812933736e-05,87.78979028153502,0.6235941803333334,0.021026964282169,0.0001329154015135,1,,,,,,,,,,,,,,,,,,1,1,1,1,1,1,1,1,1,1,1,1,1,1,1,1,1
stencil_N128,stencil,128,matrix,none_ready,10,1.0,none,6.725778885092256,cpu,0.06593938447619248,54.96845686167292,0.06593938447619248,2.8998809051248737,0.022738652597649702,87.97903296007453,0.6247904189469549,83262.1018733036,2.1072099696478683,79380.0,4.899711094571145,262144.0,5.418539921951662,0.3028106689453125,2.885717572906094,0.0226441573333333,0.0015737035798644,1.0499473812933736e-05,87.78979028153502,0.6235941803333334,0.021026964282169,0.0001329154015135,1,,,,,,,,,,,,,,,,,,1,1,1,1,1,1,1,1,1,1,1,1,1,1,1,1,1
stencil_N128,stencil,128,matrix,none_ready,30,1.4771212547196624,none,6.714805557065022,cpu,0.06727061615236692,55.46619907090693,0.06727061615236692,2.9313549767221616,0.022948642073908378,88.39957224571792,0.6274487269772249,82352.34285542568,2.1072099696478683,79380.0,4.899711094571145,262144.0,5.418539921951662,0.3028106689453125,2.885717572906094,0.0226441573333333,0.0015737035798644,1.0499473812933736e-05,87.78979028153502,0.6235941803333334,0.021026964282169,0.0001329154015135,1,,,,,,,,,,,,,,,,,,1,1,1,1,1,1,1,1,1,1,1,1,1,1,1,1,1
stencil_N128,stencil,128,matrix,none_ready,100,2.0,none,6.677623404288395,cpu,0.0720340222939919,57.22590408984705,0.0720340222939919,3.04151422731267,0.02368360524081374,89.87145974546975,0.6367528050831699,79342.88305363736,2.1072099696478683,79380.0,4.899711094571145,262144.0,5.418539921951662,0.3028106689453125,2.885717572906094,0.0226441573333333,0.0015737035798644,1.0499473812933736e-05,87.78979028153502,0.6235941803333334,0.021026964282169,0.0001329154015135,1,,,,,,,,,,,,,,,,,,1,1,1,1,1,1,1,1,1,1,1,1,1,1,1,1,1
stencil_N128,stencil,128,matrix,none_ready,1000,3.0,none,6.32281179995592,cpu,0.1477024465097468,82.29054976514378,0.1477024465097468,4.45784744919063,0.0331331316724541,108.79572759942185,0.7563766664453199,55613.735086787136,2.1072099696478683,79380.0,4.899711094571145,262144.0,5.418539921951662,0.3028106689453125,2.885717572906094,0.0226441573333333,0.0015737035798644,1.0499473812933736e-05,87.78979028153502,0.6235941803333334,0.021026964282169,0.0001329154015135,1,,,,,,,,,,,,,,,,,,1,1,1,1,1,1,1,1,1,1,1,1,1,1,1,1,1
stencil_N1536,stencil,1536,matrix,cpu_ready,1,0.0,cpu,11.270912547168843,cpu,0.0008110462060312301,63.67086093963099,0.0008110462060312301,0.3507210781359346,0.0023125105863095,93.87136196562837,0.6782778006666667,7850360.364175513,3.186391215695493,11765780.0,7.070620723561943,37748736.0,7.576902414046911,0.31168672773573136,1.829879964192208,0.0149037009999999,0.3507210781359346,0.0023125105863095,93.87136196562837,0.6782778006666667,0.6705072530280893,0.004085080970534,1,0.010872397,1.3673444310763163,125.76292339916544,10.872397,1.3983183938662425,6.527913673227972,0.3906229231640136,0.4853489663053076,4630409819.05051,2667026.3448500363,1.0,,,,,,cpu,0,0,0,0,0,0,0,0,0,0,0,0,1,1,1,1,1
stencil_N1536,stencil,1536,matrix,cpu_ready,2,0.3010299956639812,cpu,9.897740288966217,cpu,0.0032441848241249204,64.51186231540977,0.0032441848241249204,0.7014421562718692,0.004625021172619,94.54186921865646,0.6823628816372006,1988438.4407101732,3.186391215695493,11765780.0,7.070620723561943,37748736.0,7.576902414046911,0.31168672773573136,1.829879964192208,0.0149037009999999,0.3507210781359346,0.0023125105863095,93.87136196562837,0.6782778006666667,0.6705072530280893,0.004085080970534,1,0.010872397,1.3673444310763163,125.76292339916544,10.872397,1.3983183938662425,6.527913673227972,0.3906229231640136,0.4853489663053076,4630409819.05051,2667026.3448500363,1.0,,,,,,cpu,0,0,0,0,0,0,0,0,0,0,0,0,1,1,1,1,1
stencil_N1536,stencil,1536,matrix,cpu_ready,3,0.47712125471966244,cpu,9.099846034637583,cpu,0.007299415854281071,65.35834184402847,0.007299415854281071,1.0521632344078038,0.0069375317589285,95.21237647168455,0.6864479626077347,895291.400473452,3.186391215695493,11765780.0,7.070620723561943,37748736.0,7.576902414046911,0.31168672773573136,1.829879964192208,0.0149037009999999,0.3507210781359346,0.0023125105863095,93.87136196562837,0.6782778006666667,0.6705072530280893,0.004085080970534,1,0.010872397,1.3673444310763163,125.76292339916544,10.872397,1.3983183938662425,6.527913673227972,0.3906229231640136,0.4853489663053076,4630409819.05051,2667026.3448500363,1.0,,,,,,cpu,0,0,0,0,0,0,0,0,0,0,0,0,1,1,1,1,1
stencil_N1536,stencil,1536,matrix,cpu_ready,5,0.6989700043360189,cpu,8.104012790677647,cpu,0.020276155150780753,67.06773535978554,0.020276155150780753,1.7536053906796731,0.011562552931547499,96.55339097774072,0.6946181245488027,330671.46461469564,3.186391215695493,11765780.0,7.070620723561943,37748736.0,7.576902414046911,0.31168672773573136,1.829879964192208,0.0149037009999999,0.3507210781359346,0.0023125105863095,93.87136196562837,0.6782778006666667,0.6705072530280893,0.004085080970534,1,0.010872397,1.3673444310763163,125.76292339916544,10.872397,1.3983183938662425,6.527913673227972,0.3906229231640136,0.4853489663053076,4630409819.05051,2667026.3448500363,1.0,,,,,,cpu,0,0,0,0,0,0,0,0,0,0,0,0,1,1,1,1,1
stencil_N1536,stencil,1536,matrix,cpu_ready,10,1.0,cpu,6.780832503134727,cpu,0.08110462060312301,71.4370868238765,0.08110462060312301,3.5072107813593463,0.023125105863094998,99.90592724288118,0.7150435294014726,87980.16891349066,3.186391215695493,11765780.0,7.070620723561943,37748736.0,7.576902414046911,0.31168672773573136,1.829879964192208,0.0149037009999999,0.3507210781359346,0.0023125105863095,93.87136196562837,0.6782778006666667,0.6705072530280893,0.004085080970534,1,0.010872397,1.3673444310763163,125.76292339916544,10.872397,1.3983183938662425,6.527913673227972,0.3906229231640136,0.4853489663053076,4630409819.05051,2667026.3448500363,1.0,,,,,,cpu,0,0,0,0,0,0,0,0,0,0,0,0,1,1,1,1,1
stencil_N1536,stencil,1536,matrix,cpu_ready,30,1.4771212547196624,cpu,4.817751367717374,cpu,0.7299415854281072,90.2840308902153,0.7299415854281072,10.52163234407804,0.069375317589285,113.31607230344295,0.7967451488121526,12268.665204526491,3.186391215695493,11765780.0,7.070620723561943,37748736.0,7.576902414046911,0.31168672773573136,1.829879964192208,0.0149037009999999,0.3507210781359346,0.0023125105863095,93.87136196562837,0.6782778006666667,0.6705072530280893,0.004085080970534,1,0.010872397,1.3673444310763163,125.76292339916544,10.872397,1.3983183938662425,6.527913673227972,0.3906229231640136,0.4853489663053076,4630409819.05051,2667026.3448500363,1.0,,,,,,cpu,0,0,0,0,0,0,0,0,0,0,0,0,1,1,1,1,1
stencil_N1536,stencil,1536,matrix,cpu_ready,100,2.0,cpu,3.0630487904918966,cpu,8.110462060312301,173.50451656808664,8.110462060312301,35.07210781359346,0.23125105863095,160.25158001540922,1.0827008167495327,2039.2679637466388,3.186391215695493,11765780.0,7.070620723561943,37748736.0,7.576902414046911,0.31168672773573136,1.829879964192208,0.0149037009999999,0.3507210781359346,0.0023125105863095,93.87136196562837,0.6782778006666667,0.6705072530280893,0.004085080970534,1,0.010872397,1.3673444310763163,125.76292339916544,10.872397,1.3983183938662425,6.527913673227972,0.3906229231640136,0.4853489663053076,4630409819.05051,2667026.3448500363,1.0,,,,,,cpu,0,0,0,0,0,0,0,0,0,0,0,0,1,1,1,1,1
stencil_N1536,stencil,1536,matrix,cpu_ready,1000,3.0,cpu,1.4999557021105427,cpu,811.0462060312301,3634.6959041857035,811.0462060312301,350.7210781359346,2.3125105863095,763.7081077406896,4.759273690230133,348.14905453681956,3.186391215695493,11765780.0,7.070620723561943,37748736.0,7.576902414046911,0.31168672773573136,1.829879964192208,0.0149037009999999,0.3507210781359346,0.0023125105863095,93.87136196562837,0.6782778006666667,0.6705072530280893,0.004085080970534,1,0.010872397,1.3673444310763163,125.76292339916544,10.872397,1.3983183938662425,6.527913673227972,0.3906229231640136,0.4853489663053076,4630409819.05051,2667026.3448500363,1.0,,,,,,cpu,0,0,0,0,0,0,0,0,0,0,0,0,1,1,1,1,1
stencil_N1536,stencil,1536,matrix,gpu_ready,1,0.0,gpu,-2.2982391521668672,gpu,0.027271983852211194,0.0027390764199500734,0.0027390764199500734,1.829879964192208,0.0149037009999999,0.6705072530280893,0.004085080970534,895.6634891080655,3.186391215695493,11765780.0,7.070620723561943,37748736.0,7.576902414046911,0.31168672773573136,1.829879964192208,0.0149037009999999,0.3507210781359346,0.0023125105863095,93.87136196562837,0.6782778006666667,0.6705072530280893,0.004085080970534,1,0.474740251,72.58319275854407,152.89032814397714,94.9480502,,,,,,,,63809.93673322846,0.0,0.0,1410.0,26.83288232284311,gpu,0,0,0,0,0,1,1,1,1,1,1,1,0,0,0,0,0
stencil_N1536,stencil,1536,matrix,gpu_ready,2,0.3010299956639812,gpu,-1.2315368686043942,gpu,0.03754168893004812,0.010956305679800294,0.010956305679800294,2.1806010423281426,0.0172162115863094,1.3410145060561787,0.008170161941068,242.64915590354735,3.186391215695493,11765780.0,7.070620723561943,37748736.0,7.576902414046911,0.31168672773573136,1.829879964192208,0.0149037009999999,0.3507210781359346,0.0023125105863095,93.87136196562837,0.6782778006666667,0.6705072530280893,0.004085080970534,1,0.474740251,72.58319275854407,152.89032814397714,94.9480502,,,,,,,,63809.93673322846,0.0,0.0,1410.0,26.83288232284311,gpu,0,0,0,0,0,1,1,1,1,1,1,1,0,0,0,0,0
stencil_N1536,stencil,1536,matrix,gpu_ready,3,0.47712125471966244,gpu,-0.6957826893972686,gpu,0.04943348641994751,0.024651687779550662,0.024651687779550662,2.5313221204640772,0.0195287221726189,2.011521759084268,0.012255242911602,100.52779696875002,3.186391215695493,11765780.0,7.070620723561943,37748736.0,7.576902414046911,0.31168672773573136,1.829879964192208,0.0149037009999999,0.3507210781359346,0.0023125105863095,93.87136196562837,0.6782778006666667,0.6705072530280893,0.004085080970534,1,0.474740251,72.58319275854407,152.89032814397714,94.9480502,,,,,,,,63809.93673322846,0.0,0.0,1410.0,26.83288232284311,gpu,0,0,0,0,0,1,1,1,1,1,1,1,0,0,0,0,0
stencil_N1536,stencil,1536,matrix,gpu_ready,5,0.6989700043360189,gpu,-0.13128034106109746,gpu,0.07808335863593369,0.06847691049875183,0.06847691049875183,3.2327642767359466,0.0241537433452379,3.3525362651404467,0.02042540485267,14.028740588927352,3.186391215695493,11765780.0,7.070620723561943,37748736.0,7.576902414046911,0.31168672773573136,1.829879964192208,0.0149037009999999,0.3507210781359346,0.0023125105863095,93.87136196562837,0.6782778006666667,0.6705072530280893,0.004085080970534,1,0.474740251,72.58319275854407,152.89032814397714,94.9480502,,,,,,,,63809.93673322846,0.0,0.0,1410.0,26.83288232284311,gpu,0,0,0,0,0,1,1,1,1,1,1,1,0,0,0,0,0
stencil_N1536,stencil,1536,matrix,gpu_ready,10,1.0,gpu,0.4304757901516985,cpu,0.17809465638699215,0.27390764199500733,0.17809465638699215,4.9863696674156195,0.0357162962767854,6.705072530280893,0.04085080970534,53.798910956552014,3.186391215695493,11765780.0,7.070620723561943,37748736.0,7.576902414046911,0.31168672773573136,1.829879964192208,0.0149037009999999,0.3507210781359346,0.0023125105863095,93.87136196562837,0.6782778006666667,0.6705072530280893,0.004085080970534,1,0.474740251,72.58319275854407,152.89032814397714,94.9480502,,,,,,,,63809.93673322846,0.0,0.0,1410.0,26.83288232284311,gpu,0,0,0,0,0,1,1,1,1,1,1,1,0,0,0,0,0
stencil_N1536,stencil,1536,matrix,gpu_ready,30,1.4771212547196624,gpu,0.9187322455904114,cpu,0.983662950406841,2.465168777955066,0.983662950406841,12.000791230134313,0.08196650800297539,20.11521759084268,0.12255242911602,150.61112415949762,3.186391215695493,11765780.0,7.070620723561943,37748736.0,7.576902414046911,0.31168672773573136,1.829879964192208,0.0149037009999999,0.3507210781359346,0.0023125105863095,93.87136196562837,0.6782778006666667,0.6705072530280893,0.004085080970534,1,0.474740251,72.58319275854407,152.89032814397714,94.9480502,,,,,,,,63809.93673322846,0.0,0.0,1410.0,26.83288232284311,gpu,0,0,0,0,0,1,1,1,1,1,1,1,0,0,0,0,0
stencil_N1536,stencil,1536,matrix,gpu_ready,100,2.0,gpu,1.1227238244229656,cpu,8.912743077473062,27.390764199500733,8.912743077473062,36.55126669964974,0.24384224904464039,67.05072530280893,0.4085080970534,207.32137077675702,3.186391215695493,11765780.0,7.070620723561943,37748736.0,7.576902414046911,0.31168672773573136,1.829879964192208,0.0149037009999999,0.3507210781359346,0.0023125105863095,93.87136196562837,0.6782778006666667,0.6705072530280893,0.004085080970534,1,0.474740251,72.58319275854407,152.89032814397714,94.9480502,,,,,,,,63809.93673322846,0.0,0.0,1410.0,26.83288232284311,gpu,0,0,0,0,0,1,1,1,1,1,1,1,0,0,0,0,0
stencil_N1536,stencil,1536,matrix,gpu_ready,1000,3.0,gpu,1.2074123874959513,cpu,818.9013968621598,2739.0764199500736,818.9013968621598,352.2002370219909,2.3251017767231903,670.5072530280893,4.085080970534,234.48183510805808,3.186391215695493,11765780.0,7.070620723561943,37748736.0,7.576902414046911,0.31168672773573136,1.829879964192208,0.0149037009999999,0.3507210781359346,0.0023125105863095,93.87136196562837,0.6782778006666667,0.6705072530280893,0.004085080970534,1,0.474740251,72.58319275854407,152.89032814397714,94.9480502,,,,,,,,63809.93673322846,0.0,0.0,1410.0,26.83288232284311,gpu,0,0,0,0,0,1,1,1,1,1,1,1,0,0,0,0,0
stencil_N1536,stencil,1536,matrix,none_ready,1,0.0,none,7.755622352089655,cpu,0.027271983852211194,63.67086093963099,0.027271983852211194,1.829879964192208,0.0149037009999999,93.87136196562837,0.6782778006666667,233366.18744227733,3.186391215695493,11765780.0,7.070620723561943,37748736.0,7.576902414046911,0.31168672773573136,1.829879964192208,0.0149037009999999,0.3507210781359346,0.0023125105863095,93.87136196562837,0.6782778006666667,0.6705072530280893,0.004085080970534,1,,,,,,,,,,,,,,,,,,1,1,1,1,1,1,1,1,1,1,1,1,1,1,1,1,1
stencil_N1536,stencil,1536,matrix,none_ready,2,0.3010299956639812,none,7.449152377449503,cpu,0.03754168893004812,64.51186231540977,0.03754168893004812,2.1806010423281426,0.0172162115863094,94.54186921865646,0.6823628816372006,171740.5968245475,3.186391215695493,11765780.0,7.070620723561943,37748736.0,7.576902414046911,0.31168672773573136,1.829879964192208,0.0149037009999999,0.3507210781359346,0.0023125105863095,93.87136196562837,0.6782778006666667,0.6705072530280893,0.004085080970534,1,,,,,,,,,,,,,,,,,,1,1,1,1,1,1,1,1,1,1,1,1,1,1,1,1,1
stencil_N1536,stencil,1536,matrix,none_ready,3,0.47712125471966244,none,7.187012302327995,cpu,0.04943348641994751,65.35834184402847,0.04943348641994751,2.5313221204640772,0.0195287221726189,95.21237647168455,0.6864479626077347,132114.71228793391,3.186391215695493,11765780.0,7.070620723561943,37748736.0,7.576902414046911,0.31168672773573136,1.829879964192208,0.0149037009999999,0.3507210781359346,0.0023125105863095,93.87136196562837,0.6782778006666667,0.6705072530280893,0.004085080970534,1,,,,,,,,,,,,,,,,,,1,1,1,1,1,1,1,1,1,1,1,1,1,1,1,1,1
stencil_N1536,stencil,1536,matrix,none_ready,5,0.6989700043360189,none,6.75568140670423,cpu,0.07808335863593369,67.06773535978554,0.07808335863593369,3.2327642767359466,0.0241537433452379,96.55339097774072,0.6946181245488027,85792.48276638705,3.186391215695493,11765780.0,7.070620723561943,37748736.0,7.576902414046911,0.31168672773573136,1.829879964192208,0.0149037009999999,0.3507210781359346,0.0023125105863095,93.87136196562837,0.6782778006666667,0.6705072530280893,0.004085080970534,1,,,,,,,,,,,,,,,,,,1,1,1,1,1,1,1,1,1,1,1,1,1,1,1,1,1
stencil_N1536,stencil,1536,matrix,none_ready,10,1.0,none,5.9942572503741065,cpu,0.17809465638699215,71.4370868238765,0.17809465638699215,4.9863696674156195,0.0357162962767854,99.90592724288118,0.7150435294014726,40011.86425978258,3.186391215695493,11765780.0,7.070620723561943,37748736.0,7.576902414046911,0.31168672773573136,1.829879964192208,0.0149037009999999,0.3507210781359346,0.0023125105863095,93.87136196562837,0.6782778006666667,0.6705072530280893,0.004085080970534,1,,,,,,,,,,,,,,,,,,1,1,1,1,1,1,1,1,1,1,1,1,1,1,1,1,1
stencil_N1536,stencil,1536,matrix,none_ready,30,1.4771212547196624,none,4.519432570395466,cpu,0.983662950406841,90.2840308902153,0.983662950406841,12.000791230134313,0.08196650800297539,113.31607230344295,0.7967451488121526,9078.350252276354,3.186391215695493,11765780.0,7.070620723561943,37748736.0,7.576902414046911,0.31168672773573136,1.829879964192208,0.0149037009999999,0.3507210781359346,0.0023125105863095,93.87136196562837,0.6782778006666667,0.6705072530280893,0.004085080970534,1,,,,,,,,,,,,,,,,,,1,1,1,1,1,1,1,1,1,1,1,1,1,1,1,1,1
stencil_N1536,stencil,1536,matrix,none_ready,100,2.0,none,2.968721572002543,cpu,8.912743077473062,173.50451656808664,8.912743077473062,36.55126669964974,0.24384224904464039,160.25158001540922,1.0827008167495327,1846.701650209338,3.186391215695493,11765780.0,7.070620723561943,37748736.0,7.576902414046911,0.31168672773573136,1.829879964192208,0.0149037009999999,0.3507210781359346,0.0023125105863095,93.87136196562837,0.6782778006666667,0.6705072530280893,0.004085080970534,1,,,,,,,,,,,,,,,,,,1,1,1,1,1,1,1,1,1,1,1,1,1,1,1,1,1
stencil_N1536,stencil,1536,matrix,none_ready,1000,3.0,none,1.4903170466941744,cpu,818.9013968621598,3634.6959041857035,818.9013968621598,352.2002370219909,2.3251017767231903,763.7081077406896,4.759273690230133,343.85025084985995,3.186391215695493,11765780.0,7.070620723561943,37748736.0,7.576902414046911,0.31168672773573136,1.829879964192208,0.0149037009999999,0.3507210781359346,0.0023125105863095,93.87136196562837,0.6782778006666667,0.6705072530280893,0.004085080970534,1,,,,,,,,,,,,,,,,,,1,1,1,1,1,1,1,1,1,1,1,1,1,1,1,1,1
stencil_N192,stencil,192,matrix,cpu_ready,1,0.0,cpu,20.66035774711121,cpu,7.156107519521256e-08,67.19798041835841,7.156107519521256e-08,0.003278200163356,2.182937942445624e-05,96.35201666273302,0.697421629,93902977510.45096,2.2833012287035497,180500.0,5.2564772062416765,589824.0,5.770722440063024,0.3060234917534722,3.339920615994219,0.0230656233333333,0.003278200163356,2.182937942445624e-05,96.35201666273302,0.697421629,0.0297629126657934,0.000192124660056,1,0.022156329,2.638856833184441,119.10171730995876,22.156329,1.6129295227688114,1.4040857271808995,0.1235277067844123,0.3865388180123147,2017863549.961712,3114860.323050425,0.6929388437949265,,,,,,cpu,0,0,0,0,0,0,0,0,0,0,0,0,1,1,1,1,1
stencil_N192,stencil,192,matrix,cpu_ready,2,0.3010299956639812,cpu,19.27464767651094,cpu,2.862443007808502e-07,67.23725503403008,2.862443007808502e-07,0.006556400326712,4.365875884891248e-05,96.38177957539881,0.6976137536600561,23489464965.54455,2.2833012287035497,180500.0,5.2564772062416765,589824.0,5.770722440063024,0.3060234917534722,3.339920615994219,0.0230656233333333,0.003278200163356,2.182937942445624e-05,96.35201666273302,0.697421629,0.0297629126657934,0.000192124660056,1,0.022156329,2.638856833184441,119.10171730995876,22.156329,1.6129295227688114,1.4040857271808995,0.1235277067844123,0.3865388180123147,2017863549.961712,3114860.323050425,0.6929388437949265,,,,,,cpu,0,0,0,0,0,0,0,0,0,0,0,0,1,1,1,1,1
stencil_N192,stencil,192,matrix,cpu_ready,3,0.47712125471966244,cpu,18.464301579608776,cpu,6.440496767569129e-07,67.27654108608073,6.440496767569129e-07,0.009834600490067999,6.548813827336871e-05,96.41154248806461,0.6978058783201121,10445861999.465546,2.2833012287035497,180500.0,5.2564772062416765,589824.0,5.770722440063024,0.3060234917534722,3.339920615994219,0.0230656233333333,0.003278200163356,2.182937942445624e-05,96.35201666273302,0.697421629,0.0297629126657934,0.000192124660056,1,0.022156329,2.638856833184441,119.10171730995876,22.156329,1.6129295227688114,1.4040857271808995,0.1235277067844123,0.3865388180123147,2017863549.961712,3114860.323050425,0.6929388437949265,,,,,,cpu,0,0,0,0,0,0,0,0,0,0,0,0,1,1,1,1,1
stencil_N192,stencil,192,matrix,cpu_ready,5,0.6989700043360189,cpu,17.443818057491164,cpu,1.789026879880314e-06,67.35514749931886,1.789026879880314e-06,0.01639100081678,0.00010914689712228121,96.47106831339619,0.698190127640224,3764904064.2026596,2.2833012287035497,180500.0,5.2564772062416765,589824.0,5.770722440063024,0.3060234917534722,3.339920615994219,0.0230656233333333,0.003278200163356,2.182937942445624e-05,96.35201666273302,0.697421629,0.0297629126657934,0.000192124660056,1,0.022156329,2.638856833184441,119.10171730995876,22.156329,1.6129295227688114,1.4040857271808995,0.1235277067844123,0.3865388180123147,2017863549.961712,3114860.323050425,0.6929388437949265,,,,,,cpu,0,0,0,0,0,0,0,0,0,0,0,0,1,1,1,1,1
stencil_N192,stencil,192,matrix,cpu_ready,10,1.0,cpu,16.06044002084463,cpu,7.156107519521256e-06,67.55186366904594,7.156107519521256e-06,0.03278200163356,0.00021829379424456242,96.61988287672516,0.699150750940504,943974868.0223526,2.2833012287035497,180500.0,5.2564772062416765,589824.0,5.770722440063024,0.3060234917534722,3.339920615994219,0.0230656233333333,0.003278200163356,2.182937942445624e-05,96.35201666273302,0.697421629,0.0297629126657934,0.000192124660056,1,0.022156329,2.638856833184441,119.10171730995876,22.156329,1.6129295227688114,1.4040857271808995,0.1235277067844123,0.3865388180123147,2017863549.961712,3114860.323050425,0.6929388437949265,,,,,,cpu,0,0,0,0,0,0,0,0,0,0,0,0,1,1,1,1,1
stencil_N192,stencil,192,matrix,cpu_ready,30,1.4771212547196624,cpu,13.874838265027485,cpu,6.44049676756913e-05,68.34158744269337,6.44049676756913e-05,0.09834600490068,0.0006548813827336873,97.21514113004103,0.702993244141624,106112192.12445965,2.2833012287035497,180500.0,5.2564772062416765,589824.0,5.770722440063024,0.3060234917534722,3.339920615994219,0.0230656233333333,0.003278200163356,2.182937942445624e-05,96.35201666273302,0.697421629,0.0297629126657934,0.000192124660056,1,0.022156329,2.638856833184441,119.10171730995876,22.156329,1.6129295227688114,1.4040857271808995,0.1235277067844123,0.3865388180123147,2017863549.961712,3114860.323050425,0.6929388437949265,,,,,,cpu,0,0,0,0,0,0,0,0,0,0,0,0,1,1,1,1,1
stencil_N192,stencil,192,matrix,cpu_ready,100,2.0,cpu,11.507047074459543,cpu,0.0007156107519521254,71.14164524417197,0.0007156107519521254,0.3278200163356,0.002182937942445624,99.29854501664657,0.716441970345544,9941288.53421411,2.2833012287035497,180500.0,5.2564772062416765,589824.0,5.770722440063024,0.3060234917534722,3.339920615994219,0.0230656233333333,0.003278200163356,2.182937942445624e-05,96.35201666273302,0.697421629,0.0297629126657934,0.000192124660056,1,0.022156329,2.638856833184441,119.10171730995876,22.156329,1.6129295227688114,1.4040857271808995,0.1235277067844123,0.3865388180123147,2017863549.961712,3114860.323050425,0.6929388437949265,,,,,,cpu,0,0,0,0,0,0,0,0,0,0,0,0,1,1,1,1,1
stencil_N192,stencil,192,matrix,cpu_ready,1000,3.0,cpu,7.356901860265628,cpu,0.07156107519521254,112.13436782050128,0.07156107519521254,3.278200163356,0.02182937942445624,126.08516641586063,0.8893541643959441,156597.43294746237,2.2833012287035497,180500.0,5.2564772062416765,589824.0,5.770722440063024,0.3060234917534722,3.339920615994219,0.0230656233333333,0.003278200163356,2.182937942445624e-05,96.35201666273302,0.697421629,0.0297629126657934,0.000192124660056,1,0.022156329,2.638856833184441,119.10171730995876,22.156329,1.6129295227688114,1.4040857271808995,0.1235277067844123,0.3865388180123147,2017863549.961712,3114860.323050425,0.6929388437949265,,,,,,cpu,0,0,0,0,0,0,0,0,0,0,0,0,1,1,1,1,1
stencil_N192,stencil,192,matrix,gpu_ready,1,0.0,gpu,-9.508393429245018,gpu,0.07703735089175719,5.718189478191973e-06,5.718189478191973e-06,3.339920615994219,0.0230656233333333,0.0297629126657934,0.000192124660056,1347133.2665009121,2.2833012287035497,180500.0,5.2564772062416765,589824.0,5.770722440063024,0.3060234917534722,3.339920615994219,0.0230656233333333,0.003278200163356,2.182937942445624e-05,96.35201666273302,0.697421629,0.0297629126657934,0.000192124660056,1,0.473230143,74.07694699999999,156.53471803464555,94.6460286,,,,,,,,66141.27591706895,0.0,0.0,1410.0,31.7973817191945,gpu,0,0,0,0,0,1,1,1,1,1,1,1,0,0,0,0,0
stencil_N192,stencil,192,matrix,gpu_ready,2,0.3010299956639812,gpu,-8.124026062761804,gpu,0.07718594457738572,2.2872757912767893e-05,2.2872757912767893e-05,3.343198816157575,0.023087452712757753,0.0595258253315868,0.000384249320112,337357.9701833833,2.2833012287035497,180500.0,5.2564772062416765,589824.0,5.770722440063024,0.3060234917534722,3.339920615994219,0.0230656233333333,0.003278200163356,2.182937942445624e-05,96.35201666273302,0.697421629,0.0297629126657934,0.000192124660056,1,0.473230143,74.07694699999999,156.53471803464555,94.6460286,,,,,,,,66141.27591706895,0.0,0.0,1410.0,31.7973817191945,gpu,0,0,0,0,0,1,1,1,1,1,1,1,0,0,0,0,0
stencil_N192,stencil,192,matrix,gpu_ready,3,0.47712125471966244,gpu,-7.315020985701355,gpu,0.07733468138516465,5.146370530372776e-05,5.146370530372776e-05,3.346477016320931,0.02310928209218221,0.0892887379973802,0.000576373980168,150170.33309932103,2.2833012287035497,180500.0,5.2564772062416765,589824.0,5.770722440063024,0.3060234917534722,3.339920615994219,0.0230656233333333,0.003278200163356,2.182937942445624e-05,96.35201666273302,0.697421629,0.0297629126657934,0.000192124660056,1,0.473230143,74.07694699999999,156.53471803464555,94.6460286,,,,,,,,66141.27591706895,0.0,0.0,1410.0,31.7973817191945,gpu,0,0,0,0,0,1,1,1,1,1,1,1,0,0,0,0,0
stencil_N192,stencil,192,matrix,gpu_ready,5,0.6989700043360189,gpu,-6.297214464312375,gpu,0.07763258436717367,0.00014295473695479934,0.00014295473695479934,3.353033416647643,0.023152940851031124,0.148814563328967,0.0009606233002799999,54205.70963991225,2.2833012287035497,180500.0,5.2564772062416765,589824.0,5.770722440063024,0.3060234917534722,3.339920615994219,0.0230656233333333,0.003278200163356,2.182937942445624e-05,96.35201666273302,0.697421629,0.0297629126657934,0.000192124660056,1,0.473230143,74.07694699999999,156.53471803464555,94.6460286,,,,,,,,66141.27591706895,0.0,0.0,1410.0,31.7973817191945,gpu,0,0,0,0,0,1,1,1,1,1,1,1,0,0,0,0,0
stencil_N192,stencil,192,matrix,gpu_ready,10,1.0,gpu,-4.920499696347779,gpu,0.07837984645982808,0.0005718189478191973,0.0005718189478191973,3.369424417464423,0.023262087748153405,0.297629126657934,0.0019212466005599999,13607.108999929624,2.2833012287035497,180500.0,5.2564772062416765,589824.0,5.770722440063024,0.3060234917534722,3.339920615994219,0.0230656233333333,0.003278200163356,2.182937942445624e-05,96.35201666273302,0.697421629,0.0297629126657934,0.000192124660056,1,0.473230143,74.07694699999999,156.53471803464555,94.6460286,,,,,,,,66141.27591706895,0.0,0.0,1410.0,31.7973817191945,gpu,0,0,0,0,0,1,1,1,1,1,1,1,0,0,0,0,0
stencil_N192,stencil,192,matrix,gpu_ready,30,1.4771212547196624,gpu,-2.7611409934751823,gpu,0.08140467536804329,0.005146370530372776,0.005146370530372776,3.434988420731543,0.02369867533664253,0.892887379973802,0.00576373980168,1481.7880754526,2.2833012287035497,180500.0,5.2564772062416765,589824.0,5.770722440063024,0.3060234917534722,3.339920615994219,0.0230656233333333,0.003278200163356,2.182937942445624e-05,96.35201666273302,0.697421629,0.0297629126657934,0.000192124660056,1,0.473230143,74.07694699999999,156.53471803464555,94.6460286,,,,,,,,66141.27591706895,0.0,0.0,1410.0,31.7973817191945,gpu,0,0,0,0,0,1,1,1,1,1,1,1,0,0,0,0,0
stencil_N192,stencil,192,matrix,gpu_ready,100,2.0,gpu,-0.48034854682654893,gpu,0.09244241132052637,0.05718189478191972,0.05718189478191972,3.664462432166463,0.025226731896354465,2.9762912665793397,0.019212466005599997,61.663777797296135,2.2833012287035497,180500.0,5.2564772062416765,589824.0,5.770722440063024,0.3060234917534722,3.339920615994219,0.0230656233333333,0.003278200163356,2.182937942445624e-05,96.35201666273302,0.697421629,0.0297629126657934,0.000192124660056,1,0.473230143,74.07694699999999,156.53471803464555,94.6460286,,,,,,,,66141.27591706895,0.0,0.0,1410.0,31.7973817191945,gpu,0,0,0,0,0,1,1,1,1,1,1,1,0,0,0,0,0
stencil_N192,stencil,192,matrix,gpu_ready,1000,3.0,gpu,2.9582513684273413,cpu,0.2968289779264438,5.718189478191973,0.2968289779264438,6.614842579186863,0.044873173378365085,29.762912665793397,0.19212466005599999,1826.4256199436766,2.2833012287035497,180500.0,5.2564772062416765,589824.0,5.770722440063024,0.3060234917534722,3.339920615994219,0.0230656233333333,0.003278200163356,2.182937942445624e-05,96.35201666273302,0.697421629,0.0297629126657934,0.000192124660056,1,0.473230143,74.07694699999999,156.53471803464555,94.6460286,,,,,,,,66141.27591706895,0.0,0.0,1410.0,31.7973817191945,gpu,0,0,0,0,0,1,1,1,1,1,1,1,0,0,0,0,0
stencil_N192,stencil,192,matrix,none_ready,1,0.0,none,6.771108092002963,cpu,0.07703735089175719,67.19798041835841,0.07703735089175719,3.339920615994219,0.0230656233333333,96.35201666273302,0.697421629,87127.7922858176,2.2833012287035497,180500.0,5.2564772062416765,589824.0,5.770722440063024,0.3060234917534722,3.339920615994219,0.0230656233333333,0.003278200163356,2.182937942445624e-05,96.35201666273302,0.697421629,0.0297629126657934,0.000192124660056,1,,,,,,,,,,,,,,,,,,1,1,1,1,1,1,1,1,1,1,1,1,1,1,1,1,1
stencil_N192,stencil,192,matrix,none_ready,2,0.3010299956639812,none,6.769765387885911,cpu,0.07718594457738572,67.23725503403008,0.07718594457738572,3.343198816157575,0.023087452712757753,96.38177957539881,0.6976137536600561,87010.74976431599,2.2833012287035497,180500.0,5.2564772062416765,589824.0,5.770722440063024,0.3060234917534722,3.339920615994219,0.0230656233333333,0.003278200163356,2.182937942445624e-05,96.35201666273302,0.697421629,0.0297629126657934,0.000192124660056,1,,,,,,,,,,,,,,,,,,1,1,1,1,1,1,1,1,1,1,1,1,1,1,1,1,1
stencil_N192,stencil,192,matrix,none_ready,3,0.47712125471966244,none,6.768424368044196,cpu,0.07733468138516465,67.27654108608073,0.07733468138516465,3.346477016320931,0.02310928209218221,96.41154248806461,0.6978058783201121,86894.0108125752,2.2833012287035497,180500.0,5.2564772062416765,589824.0,5.770722440063024,0.3060234917534722,3.339920615994219,0.0230656233333333,0.003278200163356,2.182937942445624e-05,96.35201666273302,0.697421629,0.0297629126657934,0.000192124660056,1,,,,,,,,,,,,,,,,,,1,1,1,1,1,1,1,1,1,1,1,1,1,1,1,1,1
stencil_N192,stencil,192,matrix,none_ready,5,0.6989700043360189,none,6.765747367315563,cpu,0.07763258436717367,67.35514749931886,0.07763258436717367,3.353033416647643,0.023152940851031124,96.47106831339619,0.698190127640224,86661.43921829743,2.2833012287035497,180500.0,5.2564772062416765,589824.0,5.770722440063024,0.3060234917534722,3.339920615994219,0.0230656233333333,0.003278200163356,2.182937942445624e-05,96.35201666273302,0.697421629,0.0297629126657934,0.000192124660056,1,,,,,,,,,,,,,,,,,,1,1,1,1,1,1,1,1,1,1,1,1,1,1,1,1,1
stencil_N192,stencil,192,matrix,none_ready,10,1.0,none,6.759084098633624,cpu,0.07837984645982808,67.55186366904594,0.07837984645982808,3.369424417464423,0.023262087748153405,96.61988287672516,0.699150750940504,86085.24623376013,2.2833012287035497,180500.0,5.2564772062416765,589824.0,5.770722440063024,0.3060234917534722,3.339920615994219,0.0230656233333333,0.003278200163356,2.182937942445624e-05,96.35201666273302,0.697421629,0.0297629126657934,0.000192124660056,1,,,,,,,,,,,,,,,,,,1,1,1,1,1,1,1,1,1,1,1,1,1,1,1,1,1
stencil_N192,stencil,192,matrix,none_ready,30,1.4771212547196624,none,6.732841045689077,cpu,0.08140467536804329,68.34158744269337,0.08140467536804329,3.434988420731543,0.02369867533664253,97.21514113004103,0.702993244141624,83852.90213210769,2.2833012287035497,180500.0,5.2564772062416765,589824.0,5.770722440063024,0.3060234917534722,3.339920615994219,0.0230656233333333,0.003278200163356,2.182937942445624e-05,96.35201666273302,0.697421629,0.0297629126657934,0.000192124660056,1,,,,,,,,,,,,,,,,,,1,1,1,1,1,1,1,1,1,1,1,1,1,1,1,1,1
stencil_N192,stencil,192,matrix,none_ready,100,2.0,none,6.6458423017697665,cpu,0.09244241132052637,71.14164524417197,0.09244241132052637,3.664462432166463,0.025226731896354465,99.29854501664657,0.716441970345544,76857.79916157955,2.2833012287035497,180500.0,5.2564772062416765,589824.0,5.770722440063024,0.3060234917534722,3.339920615994219,0.0230656233333333,0.003278200163356,2.182937942445624e-05,96.35201666273302,0.697421629,0.0297629126657934,0.000192124660056,1,,,,,,,,,,,,,,,,,,1,1,1,1,1,1,1,1,1,1,1,1,1,1,1,1,1
stencil_N192,stencil,192,matrix,none_ready,1000,3.0,none,5.934297002829743,cpu,0.2968289779264438,112.13436782050128,0.2968289779264438,6.614842579186863,0.044873173378365085,126.08516641586063,0.8893541643959441,37677.43285168368,2.2833012287035497,180500.0,5.2564772062416765,589824.0,5.770722440063024,0.3060234917534722,3.339920615994219,0.0230656233333333,0.003278200163356,2.182937942445624e-05,96.35201666273302,0.697421629,0.0297629126657934,0.000192124660056,1,,,,,,,,,,,,,,,,,,1,1,1,1,1,1,1,1,1,1,1,1,1,1,1,1,1
stencil_N2048,stencil,2048,matrix,cpu_ready,1,0.0,cpu,9.899532623161665,cpu,0.0026128461612229046,52.050658932987474,0.0026128461612229046,0.624184724772484,0.0041860142639269,85.47264905091397,0.6089744440000001,1992005.7621175034,3.3113299523037933,20930580.0,7.320781263088302,67108864.0,7.826779887263511,0.3118899464607239,3.13293933331647,0.0247262443333333,0.624184724772484,0.0041860142639269,85.47264905091397,0.6089744440000001,1.21704446286935,0.0072947266537216,1,0.025632673,3.237932553109085,126.32051885923426,25.632673,1.3895846480406064,19.02875896236197,0.5139379408903595,0.4775803225943834,2669965186.2856054,3099494.8724548155,0.7203318202514424,,,,,,cpu,0,0,0,0,0,0,0,0,0,0,0,0,1,1,1,1,1
stencil_N2048,stencil,2048,matrix,cpu_ready,2,0.3010299956639812,cpu,8.539284363348916,cpu,0.010451384644891619,53.42418552596457,0.010451384644891619,1.248369449544968,0.0083720285278538,86.68969351378333,0.6162691706537217,511068.49433033745,3.3113299523037933,20930580.0,7.320781263088302,67108864.0,7.826779887263511,0.3118899464607239,3.13293933331647,0.0247262443333333,0.624184724772484,0.0041860142639269,85.47264905091397,0.6089744440000001,1.21704446286935,0.0072947266537216,1,0.025632673,3.237932553109085,126.32051885923426,25.632673,1.3895846480406064,19.02875896236197,0.5139379408903595,0.4775803225943834,2669965186.2856054,3099494.8724548155,0.7203318202514424,,,,,,cpu,0,0,0,0,0,0,0,0,0,0,0,0,1,1,1,1,1
stencil_N2048,stencil,2048,matrix,cpu_ready,3,0.47712125471966244,cpu,7.7540630105417945,cpu,0.023515615451006142,54.81546813230578,0.023515615451006142,1.872554174317452,0.012558042791780702,87.90673797665268,0.6235638973074433,233002.41761059433,3.3113299523037933,20930580.0,7.320781263088302,67108864.0,7.826779887263511,0.3118899464607239,3.13293933331647,0.0247262443333333,0.624184724772484,0.0041860142639269,85.47264905091397,0.6089744440000001,1.21704446286935,0.0072947266537216,1,0.025632673,3.237932553109085,126.32051885923426,25.632673,1.3895846480406064,19.02875896236197,0.5139379408903595,0.4775803225943834,2669965186.2856054,3099494.8724548155,0.7203318202514424,,,,,,cpu,0,0,0,0,0,0,0,0,0,0,0,0,1,1,1,1,1
stencil_N2048,stencil,2048,matrix,cpu_ready,5,0.6989700043360189,cpu,6.782852164052972,cpu,0.0653211540305726,57.65130138508054,0.0653211540305726,3.12092362386242,0.0209300713196345,90.34082690239137,0.6381533506148865,88158.24075015222,3.3113299523037933,20930580.0,7.320781263088302,67108864.0,7.826779887263511,0.3118899464607239,3.13293933331647,0.0247262443333333,0.624184724772484,0.0041860142639269,85.47264905091397,0.6089744440000001,1.21704446286935,0.0072947266537216,1,0.025632673,3.237932553109085,126.32051885923426,25.632673,1.3895846480406064,19.02875896236197,0.5139379408903595,0.4775803225943834,2669965186.2856054,3099494.8724548155,0.7203318202514424,,,,,,cpu,0,0,0,0,0,0,0,0,0,0,0,0,1,1,1,1,1
stencil_N2048,stencil,2048,matrix,cpu_ready,10,1.0,cpu,5.517326010454224,cpu,0.2612846161222904,65.05161475088944,0.2612846161222904,6.24184724772484,0.041860142639269,96.42604921673812,0.6746269838834945,24796.84073877621,3.3113299523037933,20930580.0,7.320781263088302,67108864.0,7.826779887263511,0.3118899464607239,3.13293933331647,0.0247262443333333,0.624184724772484,0.0041860142639269,85.47264905091397,0.6089744440000001,1.21704446286935,0.0072947266537216,1,0.025632673,3.237932553109085,126.32051885923426,25.632673,1.3895846480406064,19.02875896236197,0.5139379408903595,0.4775803225943834,2669965186.2856054,3099494.8724548155,0.7203318202514424,,,,,,cpu,0,0,0,0,0,0,0,0,0,0,0,0,1,1,1,1,1
stencil_N2048,stencil,2048,matrix,cpu_ready,30,1.4771212547196624,cpu,3.740967820560561,cpu,2.351561545100614,99.09187155515372,2.351561545100614,18.72554174317452,0.12558042791780702,120.76693847412511,0.8205215169579265,4113.875318790092,3.3113299523037933,20930580.0,7.320781263088302,67108864.0,7.826779887263511,0.3118899464607239,3.13293933331647,0.0247262443333333,0.624184724772484,0.0041860142639269,85.47264905091397,0.6089744440000001,1.21704446286935,0.0072947266537216,1,0.025632673,3.237932553109085,126.32051885923426,25.632673,1.3895846480406064,19.02875896236197,0.5139379408903595,0.4775803225943834,2669965186.2856054,3099494.8724548155,0.7203318202514424,,,,,,cpu,0,0,0,0,0,0,0,0,0,0,0,0,1,1,1,1,1
stencil_N2048,stencil,2048,matrix,cpu_ready,100,2.0,cpu,2.350702039032475,cpu,26.128461612229046,274.16421246704,26.128461612229046,62.4184724772484,0.41860142639269005,205.96005087497963,1.3311523827184386,949.2933588509528,3.3113299523037933,20930580.0,7.320781263088302,67108864.0,7.826779887263511,0.3118899464607239,3.13293933331647,0.0247262443333333,0.624184724772484,0.0041860142639269,85.47264905091397,0.6089744440000001,1.21704446286935,0.0072947266537216,1,0.025632673,3.237932553109085,126.32051885923426,25.632673,1.3895846480406064,19.02875896236197,0.5139379408903595,0.4775803225943834,2669965186.2856054,3099494.8724548155,0.7203318202514424,,,,,,cpu,0,0,0,0,0,0,0,0,0,0,0,0,1,1,1,1,1
stencil_N2048,stencil,2048,matrix,cpu_ready,1000,3.0,cpu,1.3693314724632157,cpu,2612.846161222904,10275.59414334163,2612.846161222904,624.184724772484,4.1860142639269,1301.3000674573946,7.8964063710678785,293.27206843790185,3.3113299523037933,20930580.0,7.320781263088302,67108864.0,7.826779887263511,0.3118899464607239,3.13293933331647,0.0247262443333333,0.624184724772484,0.0041860142639269,85.47264905091397,0.6089744440000001,1.21704446286935,0.0072947266537216,1,0.025632673,3.237932553109085,126.32051885923426,25.632673,1.3895846480406064,19.02875896236197,0.5139379408903595,0.4775803225943834,2669965186.2856054,3099494.8724548155,0.7203318202514424,,,,,,cpu,0,0,0,0,0,0,0,0,0,0,0,0,1,1,1,1,1
stencil_N2048,stencil,2048,matrix,gpu_ready,1,0.0,gpu,-2.1662597921220543,gpu,0.07746582343709336,0.008878006682057335,0.008878006682057335,3.13293933331647,0.0247262443333333,1.21704446286935,0.0072947266537216,772.5587421966426,3.3113299523037933,20930580.0,7.320781263088302,67108864.0,7.826779887263511,0.3118899464607239,3.13293933331647,0.0247262443333333,0.624184724772484,0.0041860142639269,85.47264905091397,0.6089744440000001,1.21704446286935,0.0072947266537216,1,0.524611904,77.40868258674703,147.55418624040036,104.9223808,,,,,,,,64060.39956617531,0.0,0.0,1410.0,27.87438489005389,gpu,0,0,0,0,0,1,1,1,1,1,1,1,0,0,0,0,0
stencil_N2048,stencil,2048,matrix,gpu_ready,2,0.3010299956639812,gpu,-1.118048044478582,gpu,0.10862694234945548,0.03551202672822934,0.03551202672822934,3.7571240580889538,0.0289122585972602,2.4340889257387,0.0145894533074432,205.8877579158426,3.3113299523037933,20930580.0,7.320781263088302,67108864.0,7.826779887263511,0.3118899464607239,3.13293933331647,0.0247262443333333,0.624184724772484,0.0041860142639269,85.47264905091397,0.6089744440000001,1.21704446286935,0.0072947266537216,1,0.524611904,77.40868258674703,147.55418624040036,104.9223808,,,,,,,,64060.39956617531,0.0,0.0,1410.0,27.87438489005389,gpu,0,0,0,0,0,1,1,1,1,1,1,1,0,0,0,0,0
stencil_N2048,stencil,2048,matrix,gpu_ready,3,0.47712125471966244,gpu,-0.5960269538264136,gpu,0.1450137535842634,0.07990206013851602,0.07990206013851602,4.381308782861438,0.0330982728611871,3.65113338860805,0.0218841799611648,81.48938003960292,3.3113299523037933,20930580.0,7.320781263088302,67108864.0,7.826779887263511,0.3118899464607239,3.13293933331647,0.0247262443333333,0.624184724772484,0.0041860142639269,85.47264905091397,0.6089744440000001,1.21704446286935,0.0072947266537216,1,0.524611904,77.40868258674703,147.55418624040036,104.9223808,,,,,,,,64060.39956617531,0.0,0.0,1410.0,27.87438489005389,gpu,0,0,0,0,0,1,1,1,1,1,1,1,0,0,0,0,0
stencil_N2048,stencil,2048,matrix,gpu_ready,5,0.6989700043360189,gpu,-0.05057694613157226,gpu,0.23346445302121666,0.2219501670514334,0.2219501670514334,5.629678232406405,0.0414703013890409,6.085222314346749,0.036473633268608,5.187779816860879,3.3113299523037933,20930580.0,7.320781263088302,67108864.0,7.826779887263511,0.3118899464607239,3.13293933331647,0.0247262443333333,0.624184724772484,0.0041860142639269,85.47264905091397,0.6089744440000001,1.21704446286935,0.0072947266537216,1,0.524611904,77.40868258674703,147.55418624040036,104.9223808,,,,,,,,64060.39956617531,0.0,0.0,1410.0,27.87438489005389,gpu,0,0,0,0,0,1,1,1,1,1,1,1,0,0,0,0,0
stencil_N2048,stencil,2048,matrix,gpu_ready,10,1.0,gpu,0.48605351522249707,cpu,0.5460408172564016,0.8878006682057336,0.5460408172564016,8.750601856268826,0.062400372708675406,12.170444628693499,0.072947266537216,62.58870035879634,3.3113299523037933,20930580.0,7.320781263088302,67108864.0,7.826779887263511,0.3118899464607239,3.13293933331647,0.0247262443333333,0.624184724772484,0.0041860142639269,85.47264905091397,0.6089744440000001,1.21704446286935,0.0072947266537216,1,0.524611904,77.40868258674703,147.55418624040036,104.9223808,,,,,,,,64060.39956617531,0.0,0.0,1410.0,27.87438489005389,gpu,0,0,0,0,0,1,1,1,1,1,1,1,0,0,0,0,0
stencil_N2048,stencil,2048,matrix,gpu_ready,30,1.4771212547196624,gpu,0.945921490446172,cpu,3.102769354808593,7.990206013851601,3.102769354808593,21.234296351718505,0.1461206579872134,36.5113338860805,0.21884179961164799,157.51852942174327,3.3113299523037933,20930580.0,7.320781263088302,67108864.0,7.826779887263511,0.3118899464607239,3.13293933331647,0.0247262443333333,0.624184724772484,0.0041860142639269,85.47264905091397,0.6089744440000001,1.21704446286935,0.0072947266537216,1,0.524611904,77.40868258674703,147.55418624040036,104.9223808,,,,,,,,64060.39956617531,0.0,0.0,1410.0,27.87438489005389,gpu,0,0,0,0,0,1,1,1,1,1,1,1,0,0,0,0,0
stencil_N2048,stencil,2048,matrix,gpu_ready,100,2.0,gpu,1.1358283307492953,cpu,28.512250051945564,88.78006682057335,28.512250051945564,64.92722708579238,0.43914165646209646,121.704446286935,0.72947266537216,211.37516912494723,3.3113299523037933,20930580.0,7.320781263088302,67108864.0,7.826779887263511,0.3118899464607239,3.13293933331647,0.0247262443333333,0.624184724772484,0.0041860142639269,85.47264905091397,0.6089744440000001,1.21704446286935,0.0072947266537216,1,0.524611904,77.40868258674703,147.55418624040036,104.9223808,,,,,,,,64060.39956617531,0.0,0.0,1410.0,27.87438489005389,gpu,0,0,0,0,0,1,1,1,1,1,1,1,0,0,0,0,0
stencil_N2048,stencil,2048,matrix,gpu_ready,1000,3.0,gpu,1.2142308829233612,cpu,2636.2202720484447,8878.006682057336,2636.2202720484447,626.6934793810279,4.206554493996307,1217.04446286935,7.2947266537216,236.77029101816225,3.3113299523037933,20930580.0,7.320781263088302,67108864.0,7.826779887263511,0.3118899464607239,3.13293933331647,0.0247262443333333,0.624184724772484,0.0041860142639269,85.47264905091397,0.6089744440000001,1.21704446286935,0.0072947266537216,1,0.524611904,77.40868258674703,147.55418624040036,104.9223808,,,,,,,,64060.39956617531,0.0,0.0,1410.0,27.87438489005389,gpu,0,0,0,0,0,1,1,1,1,1,1,1,0,0,0,0,0
stencil_N2048,stencil,2048,matrix,none_ready,1,0.0,none,6.510135882391431,cpu,0.07746582343709336,52.050658932987474,0.07746582343709336,3.13293933331647,0.0247262443333333,85.47264905091397,0.6089744440000001,67091.77131739334,3.3113299523037933,20930580.0,7.320781263088302,67108864.0,7.826779887263511,0.3118899464607239,3.13293933331647,0.0247262443333333,0.624184724772484,0.0041860142639269,85.47264905091397,0.6089744440000001,1.21704446286935,0.0072947266537216,1,,,,,,,,,,,,,,,,,,1,1,1,1,1,1,1,1,1,1,1,1,1,1,1,1,1
stencil_N2048,stencil,2048,matrix,none_ready,2,0.3010299956639812,none,6.198099370222154,cpu,0.10862694234945548,53.42418552596457,0.10862694234945548,3.7571240580889538,0.0289122585972602,86.68969351378333,0.6162691706537217,49081.3397030892,3.3113299523037933,20930580.0,7.320781263088302,67108864.0,7.826779887263511,0.3118899464607239,3.13293933331647,0.0247262443333333,0.624184724772484,0.0041860142639269,85.47264905091397,0.6089744440000001,1.21704446286935,0.0072947266537216,1,,,,,,,,,,,,,,,,,,1,1,1,1,1,1,1,1,1,1,1,1,1,1,1,1,1
stencil_N2048,stencil,2048,matrix,none_ready,3,0.47712125471966244,none,5.934899108067201,cpu,0.1450137535842634,54.81546813230578,0.1450137535842634,4.381308782861438,0.0330982728611871,87.90673797665268,0.6235638973074433,37700.18569097589,3.3113299523037933,20930580.0,7.320781263088302,67108864.0,7.826779887263511,0.3118899464607239,3.13293933331647,0.0247262443333333,0.624184724772484,0.0041860142639269,85.47264905091397,0.6089744440000001,1.21704446286935,0.0072947266537216,1,,,,,,,,,,,,,,,,,,1,1,1,1,1,1,1,1,1,1,1,1,1,1,1,1,1
stencil_N2048,stencil,2048,matrix,none_ready,5,0.6989700043360189,none,5.509138269273221,cpu,0.23346445302121666,57.65130138508054,0.23346445302121666,5.629678232406405,0.0414703013890409,90.34082690239137,0.6381533506148865,24593.824108564113,3.3113299523037933,20930580.0,7.320781263088302,67108864.0,7.826779887263511,0.3118899464607239,3.13293933331647,0.0247262443333333,0.624184724772484,0.0041860142639269,85.47264905091397,0.6089744440000001,1.21704446286935,0.0072947266537216,1,,,,,,,,,,,,,,,,,,1,1,1,1,1,1,1,1,1,1,1,1,1,1,1,1,1
stencil_N2048,stencil,2048,matrix,none_ready,10,1.0,none,4.780242577028542,cpu,0.5460408172564016,65.05161475088944,0.5460408172564016,8.750601856268826,0.062400372708675406,96.42604921673812,0.6746269838834945,11813.324552868267,3.3113299523037933,20930580.0,7.320781263088302,67108864.0,7.826779887263511,0.3118899464607239,3.13293933331647,0.0247262443333333,0.624184724772484,0.0041860142639269,85.47264905091397,0.6089744440000001,1.21704446286935,0.0072947266537216,1,,,,,,,,,,,,,,,,,,1,1,1,1,1,1,1,1,1,1,1,1,1,1,1,1,1
stencil_N2048,stencil,2048,matrix,none_ready,30,1.4771212547196624,none,3.463752362358554,cpu,3.102769354808593,99.09187155515372,3.102769354808593,21.234296351718505,0.1461206579872134,120.76693847412511,0.8205215169579265,3093.658961520413,3.3113299523037933,20930580.0,7.320781263088302,67108864.0,7.826779887263511,0.3118899464607239,3.13293933331647,0.0247262443333333,0.624184724772484,0.0041860142639269,85.47264905091397,0.6089744440000001,1.21704446286935,0.0072947266537216,1,,,,,,,,,,,,,,,,,,1,1,1,1,1,1,1,1,1,1,1,1,1,1,1,1,1
stencil_N2048,stencil,2048,matrix,none_ready,100,2.0,none,2.2633934211335913,cpu,28.512250051945564,274.16421246704,28.512250051945564,64.92722708579238,0.43914165646209646,205.96005087497963,1.3311523827184386,861.5663862639705,3.3113299523037933,20930580.0,7.320781263088302,67108864.0,7.826779887263511,0.3118899464607239,3.13293933331647,0.0247262443333333,0.624184724772484,0.0041860142639269,85.47264905091397,0.6089744440000001,1.21704446286935,0.0072947266537216,1,,,,,,,,,,,,,,,,,,1,1,1,1,1,1,1,1,1,1,1,1,1,1,1,1,1
stencil_N2048,stencil,2048,matrix,none_ready,1000,3.0,none,1.3604254067383974,cpu,2636.2202720484447,10275.59414334163,2636.2202720484447,626.6934793810279,4.206554493996307,1301.3000674573946,7.8964063710678785,289.7851121278685,3.3113299523037933,20930580.0,7.320781263088302,67108864.0,7.826779887263511,0.3118899464607239,3.13293933331647,0.0247262443333333,0.624184724772484,0.0041860142639269,85.47264905091397,0.6089744440000001,1.21704446286935,0.0072947266537216,1,,,,,,,,,,,,,,,,,,1,1,1,1,1,1,1,1,1,1,1,1,1,1,1,1,1
stencil_N256,stencil,256,matrix,cpu_ready,1,0.0,cpu,19.31964651340842,cpu,2.1183079301862043e-07,52.04811016367599,2.1183079301862043e-07,0.0056553002236279,3.7457037582830576e-05,86.51489384511792,0.6016086693333335,24570606194.76133,2.4082399653118496,322580.0,5.508637437575895,1048576.0,6.020599913279624,0.3076362609863281,2.8712566448675525,0.0215159756666666,0.0056553002236279,3.7457037582830576e-05,86.51489384511792,0.6016086693333335,0.0424694311685346,0.0002689474350865,1,0.020441259,2.607038880412965,127.53807778733027,20.441259,1.6837201109915465,2.684833402741856,0.1094609813222034,0.3816341952414268,2145831722.9319792,2984127.4867674,0.445396342759514,,,,,,cpu,0,0,0,0,0,0,0,0,0,0,0,0,1,1,1,1,1
stencil_N256,stencil,256,matrix,cpu_ready,2,0.3010299956639812,cpu,17.934289870644584,cpu,8.473231720744817e-07,52.096939522489656,8.473231720744817e-07,0.0113106004472558,7.491407516566115e-05,86.55736327628647,0.60187761676842,6148414252.335239,2.4082399653118496,322580.0,5.508637437575895,1048576.0,6.020599913279624,0.3076362609863281,2.8712566448675525,0.0215159756666666,0.0056553002236279,3.7457037582830576e-05,86.51489384511792,0.6016086693333335,0.0424694311685346,0.0002689474350865,1,0.020441259,2.607038880412965,127.53807778733027,20.441259,1.6837201109915465,2.684833402741856,0.1094609813222034,0.3816341952414268,2145831722.9319792,2984127.4867674,0.445396342759514,,,,,,cpu,0,0,0,0,0,0,0,0,0,0,0,0,1,1,1,1,1
stencil_N256,stencil,256,matrix,cpu_ready,3,0.47712125471966244,cpu,17.124296932373575,cpu,1.9064771371675838e-06,52.14579172539246,1.9064771371675838e-06,0.016965900670883702,0.00011237111274849172,86.599832707455,0.6021465642035064,2735190934.226849,2.4082399653118496,322580.0,5.508637437575895,1048576.0,6.020599913279624,0.3076362609863281,2.8712566448675525,0.0215159756666666,0.0056553002236279,3.7457037582830576e-05,86.51489384511792,0.6016086693333335,0.0424694311685346,0.0002689474350865,1,0.020441259,2.607038880412965,127.53807778733027,20.441259,1.6837201109915465,2.684833402741856,0.1094609813222034,0.3816341952414268,2145831722.9319792,2984127.4867674,0.445396342759514,,,,,,cpu,0,0,0,0,0,0,0,0,0,0,0,0,1,1,1,1,1
stencil_N256,stencil,256,matrix,cpu_ready,5,0.6989700043360189,cpu,16.104518921156977,cpu,5.295769825465511e-06,52.24356466346559,5.295769825465511e-06,0.0282765011181395,0.0001872851879141529,86.68477156979206,0.6026844590736794,986514918.3122481,2.4082399653118496,322580.0,5.508637437575895,1048576.0,6.020599913279624,0.3076362609863281,2.8712566448675525,0.0215159756666666,0.0056553002236279,3.7457037582830576e-05,86.51489384511792,0.6016086693333335,0.0424694311685346,0.0002689474350865,1,0.020441259,2.607038880412965,127.53807778733027,20.441259,1.6837201109915465,2.684833402741856,0.1094609813222034,0.3816341952414268,2145831722.9319792,2984127.4867674,0.445396342759514,,,,,,cpu,0,0,0,0,0,0,0,0,0,0,0,0,1,1,1,1,1
stencil_N256,stencil,256,matrix,cpu_ready,10,1.0,cpu,14.722899972573245,cpu,2.1183079301862044e-05,52.48839678020881,2.1183079301862044e-05,0.056553002236279,0.0003745703758283058,86.89711872563474,0.604029196249112,247784445.5433618,2.4082399653118496,322580.0,5.508637437575895,1048576.0,6.020599913279624,0.3076362609863281,2.8712566448675525,0.0215159756666666,0.0056553002236279,3.7457037582830576e-05,86.51489384511792,0.6016086693333335,0.0424694311685346,0.0002689474350865,1,0.020441259,2.607038880412965,127.53807778733027,20.441259,1.6837201109915465,2.684833402741856,0.1094609813222034,0.3816341952414268,2145831722.9319792,2984127.4867674,0.445396342759514,,,,,,cpu,0,0,0,0,0,0,0,0,0,0,0,0,1,1,1,1,1
stencil_N256,stencil,256,matrix,cpu_ready,30,1.4771212547196624,cpu,12.544268276045193,cpu,0.0001906477137167584,53.47343626947282,0.0001906477137167584,0.16965900670883702,0.0011237111274849173,87.74650734900543,0.609408144950842,28048196.634134974,2.4082399653118496,322580.0,5.508637437575895,1048576.0,6.020599913279624,0.3076362609863281,2.8712566448675525,0.0215159756666666,0.0056553002236279,3.7457037582830576e-05,86.51489384511792,0.6016086693333335,0.0424694311685346,0.0002689474350865,1,0.020441259,2.607038880412965,127.53807778733027,20.441259,1.6837201109915465,2.684833402741856,0.1094609813222034,0.3816341952414268,2145831722.9319792,2984127.4867674,0.445396342759514,,,,,,cpu,0,0,0,0,0,0,0,0,0,0,0,0,1,1,1,1,1
stencil_N256,stencil,256,matrix,cpu_ready,100,2.0,cpu,10.200066693784017,cpu,0.0021183079301862044,56.99303336276574,0.0021183079301862044,0.56553002236279,0.0037457037582830574,90.71936753080286,0.628234465406897,2690398.0409413804,2.4082399653118496,322580.0,5.508637437575895,1048576.0,6.020599913279624,0.3076362609863281,2.8712566448675525,0.0215159756666666,0.0056553002236279,3.7457037582830576e-05,86.51489384511792,0.6016086693333335,0.0424694311685346,0.0002689474350865,1,0.020441259,2.607038880412965,127.53807778733027,20.441259,1.6837201109915465,2.684833402741856,0.1094609813222034,0.3816341952414268,2145831722.9319792,2984127.4867674,0.445396342759514,,,,,,cpu,0,0,0,0,0,0,0,0,0,0,0,0,1,1,1,1,1
stencil_N256,stencil,256,matrix,cpu_ready,1000,3.0,cpu,6.272396983676267,cpu,0.21183079301862043,112.21644091121782,0.21183079301862043,5.655300223627901,0.037457037582830574,128.94185558248398,0.870287156984747,52874.564893100185,2.4082399653118496,322580.0,5.508637437575895,1048576.0,6.020599913279624,0.3076362609863281,2.8712566448675525,0.0215159756666666,0.0056553002236279,3.7457037582830576e-05,86.51489384511792,0.6016086693333335,0.0424694311685346,0.0002689474350865,1,0.020441259,2.607038880412965,127.53807778733027,20.441259,1.6837201109915465,2.684833402741856,0.1094609813222034,0.3816341952414268,2145831722.9319792,2984127.4867674,0.445396342759514,,,,,,cpu,0,0,0,0,0,0,0,0,0,0,0,0,1,1,1,1,1
stencil_N256,stencil,256,matrix,gpu_ready,1,0.0,gpu,-8.595755558310673,gpu,0.061777888103725045,1.1422044582360038e-05,1.1422044582360038e-05,2.8712566448675525,0.0215159756666666,0.0424694311685346,0.0002689474350865,540765.4086251204,2.4082399653118496,322580.0,5.508637437575895,1048576.0,6.020599913279624,0.3076362609863281,2.8712566448675525,0.0215159756666666,0.0056553002236279,3.7457037582830576e-05,86.51489384511792,0.6016086693333335,0.0424694311685346,0.0002689474350865,1,0.5032642,74.05062022162382,147.14064744049708,100.65284,,,,,,,,61654.3868540997,0.0,0.0,1410.0,22.0,gpu,0,0,0,0,0,1,1,1,1,1,1,1,0,0,0,0,0
stencil_N256,stencil,256,matrix,gpu_ready,2,0.3010299956639812,gpu,-7.213168266109287,gpu,0.062007328004574085,4.568817832944015e-05,4.568817832944015e-05,2.87691194509118,0.02155343270424943,0.0849388623370692,0.000537894870173,135618.53873766365,2.4082399653118496,322580.0,5.508637437575895,1048576.0,6.020599913279624,0.3076362609863281,2.8712566448675525,0.0215159756666666,0.0056553002236279,3.7457037582830576e-05,86.51489384511792,0.6016086693333335,0.0424694311685346,0.0002689474350865,1,0.5032642,74.05062022162382,147.14064744049708,100.65284,,,,,,,,61654.3868540997,0.0,0.0,1410.0,22.0,gpu,0,0,0,0,0,1,1,1,1,1,1,1,0,0,0,0,0
stencil_N256,stencil,256,matrix,gpu_ready,3,0.47712125471966244,gpu,-6.405938234424072,gpu,0.06223719156700917,0.00010279840124124033,0.00010279840124124033,2.8825672453148083,0.02159088974183226,0.1274082935056038,0.0008068423052595,60442.95671481811,2.4082399653118496,322580.0,5.508637437575895,1048576.0,6.020599913279624,0.3076362609863281,2.8712566448675525,0.0215159756666666,0.0056553002236279,3.7457037582830576e-05,86.51489384511792,0.6016086693333335,0.0424694311685346,0.0002689474350865,1,0.5032642,74.05062022162382,147.14064744049708,100.65284,,,,,,,,61654.3868540997,0.0,0.0,1410.0,22.0,gpu,0,0,0,0,0,1,1,1,1,1,1,1,0,0,0,0,0
stencil_N256,stencil,256,matrix,gpu_ready,5,0.6989700043360189,gpu,-5.391666805119185,gpu,0.06269818967663746,0.000285551114559001,0.000285551114559001,2.893877845762064,0.02166580381699792,0.212347155842673,0.0013447371754325,21856.905954812042,2.4082399653118496,322580.0,5.508637437575895,1048576.0,6.020599913279624,0.3076362609863281,2.8712566448675525,0.0215159756666666,0.0056553002236279,3.7457037582830576e-05,86.51489384511792,0.6016086693333335,0.0424694311685346,0.0002689474350865,1,0.5032642,74.05062022162382,147.14064744049708,100.65284,,,,,,,,61654.3868540997,0.0,0.0,1410.0,22.0,gpu,0,0,0,0,0,1,1,1,1,1,1,1,0,0,0,0,0
stencil_N256,stencil,256,matrix,gpu_ready,10,1.0,gpu,-4.023703288604405,gpu,0.0638580990284638,0.001142204458236004,0.001142204458236004,2.9221543468802036,0.021853089004912077,0.424694311685346,0.002689474350865,5490.776552131908,2.4082399653118496,322580.0,5.508637437575895,1048576.0,6.020599913279624,0.3076362609863281,2.8712566448675525,0.0215159756666666,0.0056553002236279,3.7457037582830576e-05,86.51489384511792,0.6016086693333335,0.0424694311685346,0.0002689474350865,1,0.5032642,74.05062022162382,147.14064744049708,100.65284,,,,,,,,61654.3868540997,0.0,0.0,1410.0,22.0,gpu,0,0,0,0,0,1,1,1,1,1,1,1,0,0,0,0,0
stencil_N256,stencil,256,matrix,gpu_ready,30,1.4771212547196624,gpu,-1.898161059243589,gpu,0.06860365183227853,0.010279840124124034,0.010279840124124034,3.0352603513527616,0.022602229756568688,1.2740829350560379,0.008068423052595,567.361077642483,2.4082399653118496,322580.0,5.508637437575895,1048576.0,6.020599913279624,0.3076362609863281,2.8712566448675525,0.0215159756666666,0.0056553002236279,3.7457037582830576e-05,86.51489384511792,0.6016086693333335,0.0424694311685346,0.0002689474350865,1,0.5032642,74.05062022162382,147.14064744049708,100.65284,,,,,,,,61654.3868540997,0.0,0.0,1410.0,22.0,gpu,0,0,0,0,0,1,1,1,1,1,1,1,0,0,0,0,0
stencil_N256,stencil,256,matrix,gpu_ready,100,2.0,gpu,0.27743552632775875,cpu,0.08654762064164731,0.11422044582360039,0.08654762064164731,3.4311313670067145,0.025224222387366827,4.24694311685346,0.02689474350865,31.974102785024137,2.4082399653118496,322580.0,5.508637437575895,1048576.0,6.020599913279624,0.3076362609863281,2.8712566448675525,0.0215159756666666,0.0056553002236279,3.7457037582830576e-05,86.51489384511792,0.6016086693333335,0.0424694311685346,0.0002689474350865,1,0.5032642,74.05062022162382,147.14064744049708,100.65284,,,,,,,,61654.3868540997,0.0,0.0,1410.0,22.0,gpu,0,0,0,0,0,1,1,1,1,1,1,1,0,0,0,0,0
stencil_N256,stencil,256,matrix,gpu_ready,1000,3.0,gpu,3.1243337699507805,cpu,0.5021840733530732,11.422044582360037,0.5021840733530732,8.520901568271825,0.05893555621191435,42.4694311685346,0.2689474350865,2174.4736817508506,2.4082399653118496,322580.0,5.508637437575895,1048576.0,6.020599913279624,0.3076362609863281,2.8712566448675525,0.0215159756666666,0.0056553002236279,3.7457037582830576e-05,86.51489384511792,0.6016086693333335,0.0424694311685346,0.0002689474350865,1,0.5032642,74.05062022162382,147.14064744049708,100.65284,,,,,,,,61654.3868540997,0.0,0.0,1410.0,22.0,gpu,0,0,0,0,0,1,1,1,1,1,1,1,0,0,0,0,0
stencil_N256,stencil,256,matrix,none_ready,1,0.0,none,6.7363782625249256,cpu,0.061777888103725045,52.04811016367599,0.061777888103725045,2.8712566448675525,0.0215159756666666,86.51489384511792,0.6016086693333335,84150.38757603244,2.4082399653118496,322580.0,5.508637437575895,1048576.0,6.020599913279624,0.3076362609863281,2.8712566448675525,0.0215159756666666,0.0056553002236279,3.7457037582830576e-05,86.51489384511792,0.6016086693333335,0.0424694311685346,0.0002689474350865,1,,,,,,,,,,,,,,,,,,1,1,1,1,1,1,1,1,1,1,1,1,1,1,1,1,1
stencil_N256,stencil,256,matrix,none_ready,2,0.3010299956639812,none,6.733608911962479,cpu,0.062007328004574085,52.096939522489656,0.062007328004574085,2.87691194509118,0.02155343270424943,86.55736327628647,0.60187761676842,83917.39149064224,2.4082399653118496,322580.0,5.508637437575895,1048576.0,6.020599913279624,0.3076362609863281,2.8712566448675525,0.0215159756666666,0.0056553002236279,3.7457037582830576e-05,86.51489384511792,0.6016086693333335,0.0424694311685346,0.0002689474350865,1,,,,,,,,,,,,,,,,,,1,1,1,1,1,1,1,1,1,1,1,1,1,1,1,1,1
stencil_N256,stencil,256,matrix,none_ready,3,0.47712125471966244,none,6.730846005376684,cpu,0.06223719156700917,52.14579172539246,0.06223719156700917,2.8825672453148083,0.02159088974183226,86.599832707455,0.6021465642035064,83685.57967103712,2.4082399653118496,322580.0,5.508637437575895,1048576.0,6.020599913279624,0.3076362609863281,2.8712566448675525,0.0215159756666666,0.0056553002236279,3.7457037582830576e-05,86.51489384511792,0.6016086693333335,0.0424694311685346,0.0002689474350865,1,,,,,,,,,,,,,,,,,,1,1,1,1,1,1,1,1,1,1,1,1,1,1,1,1,1
stencil_N256,stencil,256,matrix,none_ready,5,0.6989700043360189,none,6.725339423464975,cpu,0.06269818967663746,52.24356466346559,0.06269818967663746,2.893877845762064,0.02166580381699792,86.68477156979206,0.6026844590736794,83225.4754768981,2.4082399653118496,322580.0,5.508637437575895,1048576.0,6.020599913279624,0.3076362609863281,2.8712566448675525,0.0215159756666666,0.0056553002236279,3.7457037582830576e-05,86.51489384511792,0.6016086693333335,0.0424694311685346,0.0002689474350865,1,,,,,,,,,,,,,,,,,,1,1,1,1,1,1,1,1,1,1,1,1,1,1,1,1,1
stencil_N256,stencil,256,matrix,none_ready,10,1.0,none,6.711683991396021,cpu,0.0638580990284638,52.48839678020881,0.0638580990284638,2.9221543468802036,0.021853089004912077,86.89711872563474,0.604029196249112,82095.36374988689,2.4082399653118496,322580.0,5.508637437575895,1048576.0,6.020599913279624,0.3076362609863281,2.8712566448675525,0.0215159756666666,0.0056553002236279,3.7457037582830576e-05,86.51489384511792,0.6016086693333335,0.0424694311685346,0.0002689474350865,1,,,,,,,,,,,,,,,,,,1,1,1,1,1,1,1,1,1,1,1,1,1,1,1,1,1
stencil_N256,stencil,256,matrix,none_ready,30,1.4771212547196624,none,6.658594524228785,cpu,0.06860365183227853,53.47343626947282,0.06860365183227853,3.0352603513527616,0.022602229756568688,87.74650734900543,0.609408144950842,77845.46622708089,2.4082399653118496,322580.0,5.508637437575895,1048576.0,6.020599913279624,0.3076362609863281,2.8712566448675525,0.0215159756666666,0.0056553002236279,3.7457037582830576e-05,86.51489384511792,0.6016086693333335,0.0424694311685346,0.0002689474350865,1,,,,,,,,,,,,,,,,,,1,1,1,1,1,1,1,1,1,1,1,1,1,1,1,1,1
stencil_N256,stencil,256,matrix,none_ready,100,2.0,none,6.489989527538957,cpu,0.08654762064164731,56.99303336276574,0.08654762064164731,3.4311313670067145,0.025224222387366827,90.71936753080286,0.628234465406897,65751.64668910643,2.4082399653118496,322580.0,5.508637437575895,1048576.0,6.020599913279624,0.3076362609863281,2.8712566448675525,0.0215159756666666,0.0056553002236279,3.7457037582830576e-05,86.51489384511792,0.6016086693333335,0.0424694311685346,0.0002689474350865,1,,,,,,,,,,,,,,,,,,1,1,1,1,1,1,1,1,1,1,1,1,1,1,1,1,1
stencil_N256,stencil,256,matrix,none_ready,1000,3.0,none,5.409218061054228,cpu,0.5021840733530732,112.21644091121782,0.5021840733530732,8.520901568271825,0.05893555621191435,128.94185558248398,0.870287156984747,22245.678978218253,2.4082399653118496,322580.0,5.508637437575895,1048576.0,6.020599913279624,0.3076362609863281,2.8712566448675525,0.0215159756666666,0.0056553002236279,3.7457037582830576e-05,86.51489384511792,0.6016086693333335,0.0424694311685346,0.0002689474350865,1,,,,,,,,,,,,,,,,,,1,1,1,1,1,1,1,1,1,1,1,1,1,1,1,1,1
stencil_N3072,stencil,3072,matrix,cpu_ready,1,0.0,cpu,8.26288688776436,cpu,0.013251335217556781,51.37902048005433,0.013251335217556781,1.3986469993692456,0.0094743957721518,86.23833555608553,0.5957793613333333,387627.1205997561,3.4874212113594742,47124500.0,7.673246755290392,150994944.0,8.178962405374874,0.3120932314130995,2.610129469392513,0.021679992,1.3986469993692456,0.0094743957721518,86.23833555608553,0.5957793613333333,2.6724380097058167,0.0163604354731182,1,0.012982209,1.6467947322187568,126.85011712712041,12.982209,1.25464089655252,16.46482638167274,0.6170420746126598,0.4819268350948866,5950170965.889068,3042867.9482482914,1.0,,,,,,cpu,0,0,0,0,0,0,0,0,0,0,0,0,1,1,1,1,1
stencil_N3072,stencil,3072,matrix,cpu_ready,2,0.3010299956639812,cpu,6.934201325613935,cpu,0.053005340870227124,54.42582286446793,0.053005340870227124,2.7972939987384913,0.0189487915443036,88.91077356579135,0.6121397968064515,102579.88465109312,3.4874212113594742,47124500.0,7.673246755290392,150994944.0,8.178962405374874,0.3120932314130995,2.610129469392513,0.021679992,1.3986469993692456,0.0094743957721518,86.23833555608553,0.5957793613333333,2.6724380097058167,0.0163604354731182,1,0.012982209,1.6467947322187568,126.85011712712041,12.982209,1.25464089655252,16.46482638167274,0.6170420746126598,0.4819268350948866,5950170965.889068,3042867.9482482914,1.0,,,,,,cpu,0,0,0,0,0,0,0,0,0,0,0,0,1,1,1,1,1
stencil_N3072,stencil,3072,matrix,cpu_ready,3,0.47712125471966244,cpu,6.179261476918988,cpu,0.11926201695801104,57.560069748108944,0.11926201695801104,4.195940998107737,0.0284231873164554,91.58321157549716,0.6285002322795697,48163.53873285097,3.4874212113594742,47124500.0,7.673246755290392,150994944.0,8.178962405374874,0.3120932314130995,2.610129469392513,0.021679992,1.3986469993692456,0.0094743957721518,86.23833555608553,0.5957793613333333,2.6724380097058167,0.0163604354731182,1,0.012982209,1.6467947322187568,126.85011712712041,12.982209,1.25464089655252,16.46482638167274,0.6170420746126598,0.4819268350948866,5950170965.889068,3042867.9482482914,1.0,,,,,,cpu,0,0,0,0,0,0,0,0,0,0,0,0,1,1,1,1,1
stencil_N3072,stencil,3072,matrix,cpu_ready,5,0.6989700043360189,cpu,5.26508347718779,cpu,0.33128338043891953,64.09089701307316,0.33128338043891953,6.993234996846228,0.047371978860758994,96.9280875949088,0.6612211032258061,19246.24578152961,3.4874212113594742,47124500.0,7.673246755290392,150994944.0,8.178962405374874,0.3120932314130995,2.610129469392513,0.021679992,1.3986469993692456,0.0094743957721518,86.23833555608553,0.5957793613333333,2.6724380097058167,0.0163604354731182,1,0.012982209,1.6467947322187568,126.85011712712041,12.982209,1.25464089655252,16.46482638167274,0.6170420746126598,0.4819268350948866,5950170965.889068,3042867.9482482914,1.0,,,,,,cpu,0,0,0,0,0,0,0,0,0,0,0,0,1,1,1,1,1
stencil_N3072,stencil,3072,matrix,cpu_ready,10,1.0,cpu,4.124574650688672,cpu,1.3251335217556781,81.94824391196325,1.3251335217556781,13.986469993692456,0.09474395772151799,110.29027764343789,0.7430232805913971,6084.149941614147,3.4874212113594742,47124500.0,7.673246755290392,150994944.0,8.178962405374874,0.3120932314130995,2.610129469392513,0.021679992,1.3986469993692456,0.0094743957721518,86.23833555608553,0.5957793613333333,2.6724380097058167,0.0163604354731182,1,0.012982209,1.6467947322187568,126.85011712712041,12.982209,1.25464089655252,16.46482638167274,0.6170420746126598,0.4819268350948866,5950170965.889068,3042867.9482482914,1.0,,,,,,cpu,0,0,0,0,0,0,0,0,0,0,0,0,1,1,1,1,1
stencil_N3072,stencil,3072,matrix,cpu_ready,30,1.4771212547196624,cpu,2.687411563044897,cpu,11.926201695801103,175.23875631437377,11.926201695801103,41.95940998107737,0.28423187316455395,163.73903783755424,1.0702319900537611,1369.3593214683824,3.4874212113594742,47124500.0,7.673246755290392,150994944.0,8.178962405374874,0.3120932314130995,2.610129469392513,0.021679992,1.3986469993692456,0.0094743957721518,86.23833555608553,0.5957793613333333,2.6724380097058167,0.0163604354731182,1,0.012982209,1.6467947322187568,126.85011712712041,12.982209,1.25464089655252,16.46482638167274,0.6170420746126598,0.4819268350948866,5950170965.889068,3042867.9482482914,1.0,,,,,,cpu,0,0,0,0,0,0,0,0,0,0,0,0,1,1,1,1,1
stencil_N3072,stencil,3072,matrix,cpu_ready,100,2.0,cpu,1.7690216686889186,cpu,132.5133521755678,777.2057222891233,132.5133521755678,139.86469993692455,0.9474395772151799,350.80969851696136,2.2154624731720354,486.5112530391642,3.4874212113594742,47124500.0,7.673246755290392,150994944.0,8.178962405374874,0.3120932314130995,2.610129469392513,0.021679992,1.3986469993692456,0.0094743957721518,86.23833555608553,0.5957793613333333,2.6724380097058167,0.0163604354731182,1,0.012982209,1.6467947322187568,126.85011712712041,12.982209,1.25464089655252,16.46482638167274,0.6170420746126598,0.4819268350948866,5950170965.889068,3042867.9482482914,1.0,,,,,,cpu,0,0,0,0,0,0,0,0,0,0,0,0,1,1,1,1,1
stencil_N3072,stencil,3072,matrix,cpu_ready,1000,3.0,cpu,1.2593525464699875,cpu,13251.335217556782,46686.304911867825,13251.335217556782,1398.6469993692456,9.4743957721518,2756.0039072521963,16.93985439897842,252.3139679540582,3.4874212113594742,47124500.0,7.673246755290392,150994944.0,8.178962405374874,0.3120932314130995,2.610129469392513,0.021679992,1.3986469993692456,0.0094743957721518,86.23833555608553,0.5957793613333333,2.6724380097058167,0.0163604354731182,1,0.012982209,1.6467947322187568,126.85011712712041,12.982209,1.25464089655252,16.46482638167274,0.6170420746126598,0.4819268350948866,5950170965.889068,3042867.9482482914,1.0,,,,,,cpu,0,0,0,0,0,0,0,0,0,0,0,0,1,1,1,1,1
stencil_N3072,stencil,3072,matrix,gpu_ready,1,0.0,gpu,-0.2579325157934828,gpu,0.056587586015393924,0.04372224961370044,0.04372224961370044,2.610129469392513,0.021679992,2.6724380097058167,0.0163604354731182,29.425147414331825,3.4874212113594742,47124500.0,7.673246755290392,150994944.0,8.178962405374874,0.3120932314130995,2.610129469392513,0.021679992,1.3986469993692456,0.0094743957721518,86.23833555608553,0.5957793613333333,2.6724380097058167,0.0163604354731182,1,0.504618014,75.29321352021631,149.2083346834628,100.9236028,,,,,,,,63824.35550902271,0.0,0.0,1410.0,23.0,gpu,0,0,0,0,0,1,1,1,1,1,1,1,0,0,0,0,0
stencil_N3072,stencil,3072,matrix,gpu_ready,2,0.3010299956639812,gpu,0.3367103086064472,cpu,0.1248909765996812,0.17488899845480177,0.1248909765996812,4.008776468761758,0.0311543877721518,5.344876019411633,0.0327208709462364,40.03333404572657,3.4874212113594742,47124500.0,7.673246755290392,150994944.0,8.178962405374874,0.3120932314130995,2.610129469392513,0.021679992,1.3986469993692456,0.0094743957721518,86.23833555608553,0.5957793613333333,2.6724380097058167,0.0163604354731182,1,0.504618014,75.29321352021631,149.2083346834628,100.9236028,,,,,,,,63824.35550902271,0.0,0.0,1410.0,23.0,gpu,0,0,0,0,0,1,1,1,1,1,1,1,0,0,0,0,0
stencil_N3072,stencil,3072,matrix,gpu_ready,3,0.47712125471966244,gpu,0.5828321988010525,cpu,0.21969703761908202,0.393500246523304,0.21969703761908202,5.407423468131004,0.0406287835443036,8.01731402911745,0.0490813064193546,79.11040166393491,3.4874212113594742,47124500.0,7.673246755290392,150994944.0,8.178962405374874,0.3120932314130995,2.610129469392513,0.021679992,1.3986469993692456,0.0094743957721518,86.23833555608553,0.5957793613333333,2.6724380097058167,0.0163604354731182,1,0.504618014,75.29321352021631,149.2083346834628,100.9236028,,,,,,,,63824.35550902271,0.0,0.0,1410.0,23.0,gpu,0,0,0,0,0,1,1,1,1,1,1,1,0,0,0,0,0
stencil_N3072,stencil,3072,matrix,gpu_ready,5,0.6989700043360189,gpu,0.8047444058257269,cpu,0.48881717096322447,1.093056240342511,0.48881717096322447,8.204717466869496,0.0595775750886072,13.362190048529083,0.081802177365591,123.6124885278929,3.4874212113594742,47124500.0,7.673246755290392,150994944.0,8.178962405374874,0.3120932314130995,2.610129469392513,0.021679992,1.3986469993692456,0.0094743957721518,86.23833555608553,0.5957793613333333,2.6724380097058167,0.0163604354731182,1,0.504618014,75.29321352021631,149.2083346834628,100.9236028,,,,,,,,63824.35550902271,0.0,0.0,1410.0,23.0,gpu,0,0,0,0,0,1,1,1,1,1,1,1,0,0,0,0,0
stencil_N3072,stencil,3072,matrix,gpu_ready,10,1.0,gpu,0.9895093256805043,cpu,1.6254142369380675,4.372224961370044,1.6254142369380675,15.197952463715724,0.10694955394936619,26.724380097058166,0.163604354731182,168.99142766254957,3.4874212113594742,47124500.0,7.673246755290392,150994944.0,8.178962405374874,0.3120932314130995,2.610129469392513,0.021679992,1.3986469993692456,0.0094743957721518,86.23833555608553,0.5957793613333333,2.6724380097058167,0.0163604354731182,1,0.504618014,75.29321352021631,149.2083346834628,100.9236028,,,,,,,,63824.35550902271,0.0,0.0,1410.0,23.0,gpu,0,0,0,0,0,1,1,1,1,1,1,1,0,0,0,0,0
stencil_N3072,stencil,3072,matrix,gpu_ready,30,1.4771212547196624,gpu,1.1232490976474874,cpu,12.79747010961583,39.350024652330404,12.79747010961583,43.170892451100634,0.2964374693924022,80.1731402911745,0.49081306419354603,207.4828408683946,3.4874212113594742,47124500.0,7.673246755290392,150994944.0,8.178962405374874,0.3120932314130995,2.610129469392513,0.021679992,1.3986469993692456,0.0094743957721518,86.23833555608553,0.5957793613333333,2.6724380097058167,0.0163604354731182,1,0.504618014,75.29321352021631,149.2083346834628,100.9236028,,,,,,,,63824.35550902271,0.0,0.0,1410.0,23.0,gpu,0,0,0,0,0,1,1,1,1,1,1,1,0,0,0,0,0
stencil_N3072,stencil,3072,matrix,gpu_ready,100,2.0,gpu,1.1723338386171074,cpu,135.3830775345957,437.22249613700444,135.3830775345957,141.07618240694782,0.9596451734430281,267.2438009705817,1.63604354731182,222.95210309817108,3.4874212113594742,47124500.0,7.673246755290392,150994944.0,8.178962405374874,0.3120932314130995,2.610129469392513,0.021679992,1.3986469993692456,0.0094743957721518,86.23833555608553,0.5957793613333333,2.6724380097058167,0.0163604354731182,1,0.504618014,75.29321352021631,149.2083346834628,100.9236028,,,,,,,,63824.35550902271,0.0,0.0,1410.0,23.0,gpu,0,0,0,0,0,1,1,1,1,1,1,1,0,0,0,0,0
stencil_N3072,stencil,3072,matrix,gpu_ready,1000,3.0,gpu,1.1916055490929962,cpu,13279.899389354263,43722.24961370044,13279.899389354263,1399.8584818392687,9.486601368379647,2672.4380097058165,16.3604354731182,229.2363016601622,3.4874212113594742,47124500.0,7.673246755290392,150994944.0,8.178962405374874,0.3120932314130995,2.610129469392513,0.021679992,1.3986469993692456,0.0094743957721518,86.23833555608553,0.5957793613333333,2.6724380097058167,0.0163604354731182,1,0.504618014,75.29321352021631,149.2083346834628,100.9236028,,,,,,,,63824.35550902271,0.0,0.0,1410.0,23.0,gpu,0,0,0,0,0,1,1,1,1,1,1,1,0,0,0,0,0
stencil_N3072,stencil,3072,matrix,none_ready,1,0.0,none,6.811195573452655,cpu,0.056587586015393924,51.37902048005433,0.056587586015393924,2.610129469392513,0.021679992,86.23833555608553,0.5957793613333333,90695.56860064206,3.4874212113594742,47124500.0,7.673246755290392,150994944.0,8.178962405374874,0.3120932314130995,2.610129469392513,0.021679992,1.3986469993692456,0.0094743957721518,86.23833555608553,0.5957793613333333,2.6724380097058167,0.0163604354731182,1,,,,,,,,,,,,,,,,,,1,1,1,1,1,1,1,1,1,1,1,1,1,1,1,1,1
stencil_N3072,stencil,3072,matrix,none_ready,2,0.3010299956639812,none,6.07715283570216,cpu,0.1248909765996812,54.42582286446793,0.1248909765996812,4.008776468761758,0.0311543877721518,88.91077356579135,0.6121397968064515,43478.66704727719,3.4874212113594742,47124500.0,7.673246755290392,150994944.0,8.178962405374874,0.3120932314130995,2.610129469392513,0.021679992,1.3986469993692456,0.0094743957721518,86.23833555608553,0.5957793613333333,2.6724380097058167,0.0163604354731182,1,,,,,,,,,,,,,,,,,,1,1,1,1,1,1,1,1,1,1,1,1,1,1,1,1,1
stencil_N3072,stencil,3072,matrix,none_ready,3,0.47712125471966244,none,5.568334877201819,cpu,0.21969703761908202,57.560069748108944,0.21969703761908202,5.407423468131004,0.0406287835443036,91.58321157549716,0.6285002322795697,26099.747785360898,3.4874212113594742,47124500.0,7.673246755290392,150994944.0,8.178962405374874,0.3120932314130995,2.610129469392513,0.021679992,1.3986469993692456,0.0094743957721518,86.23833555608553,0.5957793613333333,2.6724380097058167,0.0163604354731182,1,,,,,,,,,,,,,,,,,,1,1,1,1,1,1,1,1,1,1,1,1,1,1,1,1,1
stencil_N3072,stencil,3072,matrix,none_ready,5,0.6989700043360189,none,4.876069084495296,cpu,0.48881717096322447,64.09089701307316,0.48881717096322447,8.204717466869496,0.0595775750886072,96.9280875949088,0.6612211032258061,13011.425052188879,3.4874212113594742,47124500.0,7.673246755290392,150994944.0,8.178962405374874,0.3120932314130995,2.610129469392513,0.021679992,1.3986469993692456,0.0094743957721518,86.23833555608553,0.5957793613333333,2.6724380097058167,0.0163604354731182,1,,,,,,,,,,,,,,,,,,1,1,1,1,1,1,1,1,1,1,1,1,1,1,1,1,1
stencil_N3072,stencil,3072,matrix,none_ready,10,1.0,none,3.9203251778509545,cpu,1.6254142369380675,81.94824391196325,1.6254142369380675,15.197952463715724,0.10694955394936619,110.29027764343789,0.7430232805913971,4941.683655136194,3.4874212113594742,47124500.0,7.673246755290392,150994944.0,8.178962405374874,0.3120932314130995,2.610129469392513,0.021679992,1.3986469993692456,0.0094743957721518,86.23833555608553,0.5957793613333333,2.6724380097058167,0.0163604354731182,1,,,,,,,,,,,,,,,,,,1,1,1,1,1,1,1,1,1,1,1,1,1,1,1,1,1
stencil_N3072,stencil,3072,matrix,none_ready,30,1.4771212547196624,none,2.6169018621741627,cpu,12.79747010961583,175.23875631437377,12.79747010961583,43.170892451100634,0.2964374693924022,163.73903783755424,1.0702319900537611,1269.3234273131998,3.4874212113594742,47124500.0,7.673246755290392,150994944.0,8.178962405374874,0.3120932314130995,2.610129469392513,0.021679992,1.3986469993692456,0.0094743957721518,86.23833555608553,0.5957793613333333,2.6724380097058167,0.0163604354731182,1,,,,,,,,,,,,,,,,,,1,1,1,1,1,1,1,1,1,1,1,1,1,1,1,1,1
stencil_N3072,stencil,3072,matrix,none_ready,100,2.0,none,1.7475967087878044,cpu,135.3830775345957,777.2057222891233,135.3830775345957,141.07618240694782,0.9596451734430281,350.80969851696136,2.2154624731720354,474.07892954015364,3.4874212113594742,47124500.0,7.673246755290392,150994944.0,8.178962405374874,0.3120932314130995,2.610129469392513,0.021679992,1.3986469993692456,0.0094743957721518,86.23833555608553,0.5957793613333333,2.6724380097058167,0.0163604354731182,1,,,,,,,,,,,,,,,,,,1,1,1,1,1,1,1,1,1,1,1,1,1,1,1,1,1
stencil_N3072,stencil,3072,matrix,none_ready,1000,3.0,none,1.2571992970447625,cpu,13279.899389354263,46686.304911867825,13279.899389354263,1399.8584818392687,9.486601368379647,2756.0039072521963,16.93985439897842,251.5561642680333,3.4874212113594742,47124500.0,7.673246755290392,150994944.0,8.178962405374874,0.3120932314130995,2.610129469392513,0.021679992,1.3986469993692456,0.0094743957721518,86.23833555608553,0.5957793613333333,2.6724380097058167,0.0163604354731182,1,,,,,,,,,,,,,,,,,,1,1,1,1,1,1,1,1,1,1,1,1,1,1,1,1,1
stencil_N384,stencil,384,matrix,cpu_ready,1,0.0,cpu,17.287156936658945,cpu,1.6251250241236304e-06,52.31227930393302,1.6251250241236304e-06,0.0157887953993594,0.0001029290064896,86.90828452819396,0.6019251166666667,3218969427.107189,2.584331224367531,729620.0,5.8630967301594366,2359296.0,6.372782431390986,0.3092532687717014,2.6100819534737867,0.0189979636666666,0.0157887953993594,0.0001029290064896,86.90828452819396,0.6019251166666667,0.0769264526156146,0.0005045059770646,1,0.009388131,0.9408013096125516,100.21177906577482,9.388131,1.614551653006377,2.5564911489025457,0.1510348250882457,0.4329428809418884,5386420429.769828,2695684.1653431877,0.9979071446702223,,,,,,cpu,0,0,0,0,0,0,0,0,0,0,0,0,1,1,1,1,1
stencil_N384,stencil,384,matrix,cpu_ready,2,0.3010299956639812,cpu,15.902585132248465,cpu,6.500500096494522e-06,52.40246782675447,6.500500096494522e-06,0.0315775907987188,0.0002058580129792,86.98521098080957,0.6024296226437313,806129690.7681468,2.584331224367531,729620.0,5.8630967301594366,2359296.0,6.372782431390986,0.3092532687717014,2.6100819534737867,0.0189979636666666,0.0157887953993594,0.0001029290064896,86.90828452819396,0.6019251166666667,0.0769264526156146,0.0005045059770646,1,0.009388131,0.9408013096125516,100.21177906577482,9.388131,1.614551653006377,2.5564911489025457,0.1510348250882457,0.4329428809418884,5386420429.769828,2695684.1653431877,0.9979071446702223,,,,,,cpu,0,0,0,0,0,0,0,0,0,0,0,0,1,1,1,1,1
stencil_N384,stencil,384,matrix,cpu_ready,3,0.47712125471966244,cpu,15.093375989317998,cpu,1.4626125217112673e-05,52.49273396928619,1.4626125217112673e-05,0.0473663861980782,0.0003087870194688,87.06213743342519,0.6029341286207959,358896963.91867423,2.584331224367531,729620.0,5.8630967301594366,2359296.0,6.372782431390986,0.3092532687717014,2.6100819534737867,0.0189979636666666,0.0157887953993594,0.0001029290064896,86.90828452819396,0.6019251166666667,0.0769264526156146,0.0005045059770646,1,0.009388131,0.9408013096125516,100.21177906577482,9.388131,1.614551653006377,2.5564911489025457,0.1510348250882457,0.4329428809418884,5386420429.769828,2695684.1653431877,0.9979071446702223,,,,,,cpu,0,0,0,0,0,0,0,0,0,0,0,0,1,1,1,1,1
stencil_N384,stencil,384,matrix,cpu_ready,5,0.6989700043360189,cpu,14.075162448299151,cpu,4.062812560309076e-05,52.67349911348048,4.062812560309076e-05,0.078943976996797,0.000514645032448,87.21599033865641,0.6039431405749252,129647769.13397102,2.584331224367531,729620.0,5.8630967301594366,2359296.0,6.372782431390986,0.3092532687717014,2.6100819534737867,0.0189979636666666,0.0157887953993594,0.0001029290064896,86.90828452819396,0.6019251166666667,0.0769264526156146,0.0005045059770646,1,0.009388131,0.9408013096125516,100.21177906577482,9.388131,1.614551653006377,2.5564911489025457,0.1510348250882457,0.4329428809418884,5386420429.769828,2695684.1653431877,0.9979071446702223,,,,,,cpu,0,0,0,0,0,0,0,0,0,0,0,0,1,1,1,1,1
stencil_N384,stencil,384,matrix,cpu_ready,10,1.0,cpu,12.697436571570988,cpu,0.00016251250241236303,53.12677031889607,0.00016251250241236303,0.157887953993594,0.001029290064896,87.60062260173449,0.6064656704602481,32690781.950787365,2.584331224367531,729620.0,5.8630967301594366,2359296.0,6.372782431390986,0.3092532687717014,2.6100819534737867,0.0189979636666666,0.0157887953993594,0.0001029290064896,86.90828452819396,0.6019251166666667,0.0769264526156146,0.0005045059770646,1,0.009388131,0.9408013096125516,100.21177906577482,9.388131,1.614551653006377,2.5564911489025457,0.1510348250882457,0.4329428809418884,5386420429.769828,2695684.1653431877,0.9979071446702223,,,,,,cpu,0,0,0,0,0,0,0,0,0,0,0,0,1,1,1,1,1
stencil_N384,stencil,384,matrix,cpu_ready,30,1.4771212547196624,cpu,10.534123228620954,cpu,0.0014626125217112674,54.95926006812791,0.0014626125217112674,0.47366386198078203,0.003087870194688,89.13915165404678,0.6165557900015401,3757509.0216857414,2.584331224367531,729620.0,5.8630967301594366,2359296.0,6.372782431390986,0.3092532687717014,2.6100819534737867,0.0189979636666666,0.0157887953993594,0.0001029290064896,86.90828452819396,0.6019251166666667,0.0769264526156146,0.0005045059770646,1,0.009388131,0.9408013096125516,100.21177906577482,9.388131,1.614551653006377,2.5564911489025457,0.1510348250882457,0.4329428809418884,5386420429.769828,2695684.1653431877,0.9979071446702223,,,,,,cpu,0,0,0,0,0,0,0,0,0,0,0,0,1,1,1,1,1
stencil_N384,stencil,384,matrix,cpu_ready,100,2.0,cpu,8.240530971354998,cpu,0.016251250241236304,61.617476277814724,0.016251250241236304,1.57887953993594,0.01029290064896,94.5240033371398,0.651871208396062,379055.29798110604,2.584331224367531,729620.0,5.8630967301594366,2359296.0,6.372782431390986,0.3092532687717014,2.6100819534737867,0.0189979636666666,0.0157887953993594,0.0001029290064896,86.90828452819396,0.6019251166666667,0.0769264526156146,0.0005045059770646,1,0.009388131,0.9408013096125516,100.21177906577482,9.388131,1.614551653006377,2.5564911489025457,0.1510348250882457,0.4329428809418884,5386420429.769828,2695684.1653431877,0.9979071446702223,,,,,,cpu,0,0,0,0,0,0,0,0,0,0,0,0,1,1,1,1,1
stencil_N384,stencil,384,matrix,cpu_ready,1000,3.0,cpu,4.7134873460556515,cpu,1.6251250241236304,181.10411679580963,1.6251250241236304,15.788795399359401,0.1029290064896,163.75781069119296,1.1059265877542022,11044.011328818986,2.584331224367531,729620.0,5.8630967301594366,2359296.0,6.372782431390986,0.3092532687717014,2.6100819534737867,0.0189979636666666,0.0157887953993594,0.0001029290064896,86.90828452819396,0.6019251166666667,0.0769264526156146,0.0005045059770646,1,0.009388131,0.9408013096125516,100.21177906577482,9.388131,1.614551653006377,2.5564911489025457,0.1510348250882457,0.4329428809418884,5386420429.769828,2695684.1653431877,0.9979071446702223,,,,,,cpu,0,0,0,0,0,0,0,0,0,0,0,0,1,1,1,1,1
stencil_N384,stencil,384,matrix,gpu_ready,1,0.0,gpu,-7.152794484802558,gpu,0.049586242119117184,3.88098551389543e-05,3.88098551389543e-05,2.6100819534737867,0.0189979636666666,0.0769264526156146,0.0005045059770646,127667.1404378585,2.584331224367531,729620.0,5.8630967301594366,2359296.0,6.372782431390986,0.3092532687717014,2.6100819534737867,0.0189979636666666,0.0157887953993594,0.0001029290064896,86.90828452819396,0.6019251166666667,0.0769264526156146,0.0005045059770646,1,0.494011344,73.8090909123249,149.40768427440182,98.8022688,,,,,,,,62167.22548945151,0.0,0.0,1410.0,22.0,gpu,0,0,0,0,0,1,1,1,1,1,1,1,0,0,0,0,0
stencil_N384,stencil,384,matrix,gpu_ready,2,0.3010299956639812,gpu,-5.77793433072856,gpu,0.050156475347806255,0.0001552394205558172,0.0001552394205558172,2.625870748873146,0.0191008926731562,0.1538529052312292,0.0010090119541292,32209.110126942418,2.584331224367531,729620.0,5.8630967301594366,2359296.0,6.372782431390986,0.3092532687717014,2.6100819534737867,0.0189979636666666,0.0157887953993594,0.0001029290064896,86.90828452819396,0.6019251166666667,0.0769264526156146,0.0005045059770646,1,0.494011344,73.8090909123249,149.40768427440182,98.8022688,,,,,,,,62167.22548945151,0.0,0.0,1410.0,22.0,gpu,0,0,0,0,0,1,1,1,1,1,1,1,0,0,0,0,0
stencil_N384,stencil,384,matrix,gpu_ready,3,0.47712125471966244,gpu,-4.978373128800957,gpu,0.05072995882654359,0.0003492886962505887,0.0003492886962505887,2.6416595442725055,0.0192038216796458,0.23077935784684378,0.0015135179311938003,14423.790598178593,2.584331224367531,729620.0,5.8630967301594366,2359296.0,6.372782431390986,0.3092532687717014,2.6100819534737867,0.0189979636666666,0.0157887953993594,0.0001029290064896,86.90828452819396,0.6019251166666667,0.0769264526156146,0.0005045059770646,1,0.494011344,73.8090909123249,149.40768427440182,98.8022688,,,,,,,,62167.22548945151,0.0,0.0,1410.0,22.0,gpu,0,0,0,0,0,1,1,1,1,1,1,1,0,0,0,0,0
stencil_N384,stencil,384,matrix,gpu_ready,5,0.6989700043360189,gpu,-3.979267284347331,gpu,0.05188667653416298,0.0009702463784738574,0.0009702463784738574,2.6732371350712243,0.019409679692625,0.38463226307807297,0.002522529885323,5247.783582122489,2.584331224367531,729620.0,5.8630967301594366,2359296.0,6.372782431390986,0.3092532687717014,2.6100819534737867,0.0189979636666666,0.0157887953993594,0.0001029290064896,86.90828452819396,0.6019251166666667,0.0769264526156146,0.0005045059770646,1,0.494011344,73.8090909123249,149.40768427440182,98.8022688,,,,,,,,62167.22548945151,0.0,0.0,1410.0,22.0,gpu,0,0,0,0,0,1,1,1,1,1,1,1,0,0,0,0,0
stencil_N384,stencil,384,matrix,gpu_ready,10,1.0,gpu,-2.6482459424321547,gpu,0.054835350179055775,0.0038809855138954297,0.0038809855138954297,2.7521811120680213,0.019924324725073,0.7692645261561459,0.005045059770646,1312.9233408041334,2.584331224367531,729620.0,5.8630967301594366,2359296.0,6.372782431390986,0.3092532687717014,2.6100819534737867,0.0189979636666666,0.0157887953993594,0.0001029290064896,86.90828452819396,0.6019251166666667,0.0769264526156146,0.0005045059770646,1,0.494011344,73.8090909123249,149.40768427440182,98.8022688,,,,,,,,62167.22548945151,0.0,0.0,1410.0,22.0,gpu,0,0,0,0,0,1,1,1,1,1,1,1,0,0,0,0,0
stencil_N384,stencil,384,matrix,gpu_ready,30,1.4771212547196624,gpu,-0.6579632763977814,gpu,0.06744260727068882,0.03492886962505887,0.03492886962505887,3.0679570200552093,0.021982904854865,2.307793578468438,0.015135179311938002,93.0855707460506,2.584331224367531,729620.0,5.8630967301594366,2359296.0,6.372782431390986,0.3092532687717014,2.6100819534737867,0.0189979636666666,0.0157887953993594,0.0001029290064896,86.90828452819396,0.6019251166666667,0.0769264526156146,0.0005045059770646,1,0.494011344,73.8090909123249,149.40768427440182,98.8022688,,,,,,,,62167.22548945151,0.0,0.0,1410.0,22.0,gpu,0,0,0,0,0,1,1,1,1,1,1,1,0,0,0,0,0
stencil_N384,stencil,384,matrix,gpu_ready,100,2.0,gpu,1.1588272708772522,cpu,0.12180629474338331,0.388098551389543,0.12180629474338331,4.173172698010367,0.029187935309137,7.692645261561459,0.05045059770646001,218.61945411538355,2.584331224367531,729620.0,5.8630967301594366,2359296.0,6.372782431390986,0.3092532687717014,2.6100819534737867,0.0189979636666666,0.0157887953993594,0.0001029290064896,86.90828452819396,0.6019251166666667,0.0769264526156146,0.0005045059770646,1,0.494011344,73.8090909123249,149.40768427440182,98.8022688,,,,,,,,62167.22548945151,0.0,0.0,1410.0,22.0,gpu,0,0,0,0,0,1,1,1,1,1,1,1,0,0,0,0,0
stencil_N384,stencil,384,matrix,gpu_ready,1000,3.0,gpu,2.8524206319613485,cpu,2.2395021368808137,38.809855138954305,2.2395021368808137,18.38308855743383,0.121824041149777,76.9264526156146,0.5045059770646001,1632.967988724887,2.584331224367531,729620.0,5.8630967301594366,2359296.0,6.372782431390986,0.3092532687717014,2.6100819534737867,0.0189979636666666,0.0157887953993594,0.0001029290064896,86.90828452819396,0.6019251166666667,0.0769264526156146,0.0005045059770646,1,0.494011344,73.8090909123249,149.40768427440182,98.8022688,,,,,,,,62167.22548945151,0.0,0.0,1410.0,22.0,gpu,0,0,0,0,0,1,1,1,1,1,1,1,0,0,0,0,0
stencil_N384,stencil,384,matrix,none_ready,1,0.0,none,6.961272989797006,cpu,0.049586242119117184,52.31227930393302,0.049586242119117184,2.6100819534737867,0.0189979636666666,86.90828452819396,0.6019251166666667,105397.56760810243,2.584331224367531,729620.0,5.8630967301594366,2359296.0,6.372782431390986,0.3092532687717014,2.6100819534737867,0.0189979636666666,0.0157887953993594,0.0001029290064896,86.90828452819396,0.6019251166666667,0.0769264526156146,0.0005045059770646,1,,,,,,,,,,,,,,,,,,1,1,1,1,1,1,1,1,1,1,1,1,1,1,1,1,1
stencil_N384,stencil,384,matrix,none_ready,2,0.3010299956639812,none,6.951561339460524,cpu,0.050156475347806255,52.40246782675447,0.050156475347806255,2.625870748873146,0.0191008926731562,86.98521098080957,0.6024296226437313,104377.97111613915,2.584331224367531,729620.0,5.8630967301594366,2359296.0,6.372782431390986,0.3092532687717014,2.6100819534737867,0.0189979636666666,0.0157887953993594,0.0001029290064896,86.90828452819396,0.6019251166666667,0.0769264526156146,0.0005045059770646,1,,,,,,,,,,,,,,,,,,1,1,1,1,1,1,1,1,1,1,1,1,1,1,1,1,1
stencil_N384,stencil,384,matrix,none_ready,3,0.47712125471966244,none,6.94191339845766,cpu,0.05072995882654359,52.49273396928619,0.05072995882654359,2.6416595442725055,0.0192038216796458,87.06213743342519,0.6029341286207959,103374.8207637422,2.584331224367531,729620.0,5.8630967301594366,2359296.0,6.372782431390986,0.3092532687717014,2.6100819534737867,0.0189979636666666,0.0157887953993594,0.0001029290064896,86.90828452819396,0.6019251166666667,0.0769264526156146,0.0005045059770646,1,,,,,,,,,,,,,,,,,,1,1,1,1,1,1,1,1,1,1,1,1,1,1,1,1,1
stencil_N384,stencil,384,matrix,none_ready,5,0.6989700043360189,none,6.922805701892439,cpu,0.05188667653416298,52.67349911348048,0.05188667653416298,2.6732371350712243,0.019409679692625,87.21599033865641,0.6039431405749252,101416.42508611908,2.584331224367531,729620.0,5.8630967301594366,2359296.0,6.372782431390986,0.3092532687717014,2.6100819534737867,0.0189979636666666,0.0157887953993594,0.0001029290064896,86.90828452819396,0.6019251166666667,0.0769264526156146,0.0005045059770646,1,,,,,,,,,,,,,,,,,,1,1,1,1,1,1,1,1,1,1,1,1,1,1,1,1,1
stencil_N384,stencil,384,matrix,none_ready,10,1.0,none,6.876101167079451,cpu,0.054835350179055775,53.12677031889607,0.054835350179055775,2.7521811120680213,0.019924324725073,87.60062260173449,0.6064656704602481,96784.16349201633,2.584331224367531,729620.0,5.8630967301594366,2359296.0,6.372782431390986,0.3092532687717014,2.6100819534737867,0.0189979636666666,0.0157887953993594,0.0001029290064896,86.90828452819396,0.6019251166666667,0.0769264526156146,0.0005045059770646,1,,,,,,,,,,,,,,,,,,1,1,1,1,1,1,1,1,1,1,1,1,1,1,1,1,1
stencil_N384,stencil,384,matrix,none_ready,30,1.4771212547196624,none,6.7030704901637925,cpu,0.06744260727068882,54.95926006812791,0.06744260727068882,3.0679570200552093,0.021982904854865,89.13915165404678,0.6165557900015401,81390.4142829806,2.584331224367531,729620.0,5.8630967301594366,2359296.0,6.372782431390986,0.3092532687717014,2.6100819534737867,0.0189979636666666,0.0157887953993594,0.0001029290064896,86.90828452819396,0.6019251166666667,0.0769264526156146,0.0005045059770646,1,,,,,,,,,,,,,,,,,,1,1,1,1,1,1,1,1,1,1,1,1,1,1,1,1,1
stencil_N384,stencil,384,matrix,none_ready,100,2.0,none,6.2262687801728696,cpu,0.12180629474338331,61.617476277814724,0.12180629474338331,4.173172698010367,0.029187935309137,94.5240033371398,0.651871208396062,50486.44662628314,2.584331224367531,729620.0,5.8630967301594366,2359296.0,6.372782431390986,0.3092532687717014,2.6100819534737867,0.0189979636666666,0.0157887953993594,0.0001029290064896,86.90828452819396,0.6019251166666667,0.0769264526156146,0.0005045059770646,1,,,,,,,,,,,,,,,,,,1,1,1,1,1,1,1,1,1,1,1,1,1,1,1,1,1
stencil_N384,stencil,384,matrix,none_ready,1000,3.0,none,4.392818515957619,cpu,2.2395021368808137,181.10411679580963,2.2395021368808137,18.38308855743383,0.121824041149777,163.75781069119296,1.1059265877542022,7986.802589438564,2.584331224367531,729620.0,5.8630967301594366,2359296.0,6.372782431390986,0.3092532687717014,2.6100819534737867,0.0189979636666666,0.0157887953993594,0.0001029290064896,86.90828452819396,0.6019251166666667,0.0769264526156146,0.0005045059770646,1,,,,,,,,,,,,,,,,,,1,1,1,1,1,1,1,1,1,1,1,1,1,1,1,1,1
stencil_N4096,stencil,4096,matrix,cpu_ready,1,0.0,cpu,7.126558287895911,cpu,0.04140479730329192,51.53183437609172,0.04140479730329192,2.4696156650615277,0.0167656845917603,86.30472964533953,0.597091661,124358.60801737252,3.612359947967774,83804180.0,7.923265680988992,268435456.0,8.428839878591473,0.31219489872455597,3.4775101961850954,0.027455306,2.4696156650615277,0.0167656845917603,86.30472964533953,0.597091661,4.848797971895393,0.0286827924807692,1,0.017565703,2.139186381249103,121.78199649903583,17.565703,1.2992729821536362,16.435153875816283,0.654740940035097,0.4685252714812483,7662081778.552052,3103818.889789808,1.0,,,,,,cpu,0,0,0,0,0,0,0,0,0,0,0,0,1,1,1,1,1
stencil_N4096,stencil,4096,matrix,cpu_ready,2,0.3010299956639812,cpu,5.8418440977012125,cpu,0.16561918921316768,57.04154892751939,0.16561918921316768,4.9392313301230555,0.0335313691835206,91.15352761723493,0.6257744534807692,34341.38882608674,3.612359947967774,83804180.0,7.923265680988992,268435456.0,8.428839878591473,0.31219489872455597,3.4775101961850954,0.027455306,2.4696156650615277,0.0167656845917603,86.30472964533953,0.597091661,4.848797971895393,0.0286827924807692,1,0.017565703,2.139186381249103,121.78199649903583,17.565703,1.2992729821536362,16.435153875816283,0.654740940035097,0.4685252714812483,7662081778.552052,3103818.889789808,1.0,,,,,,cpu,0,0,0,0,0,0,0,0,0,0,0,0,1,1,1,1,1
stencil_N4096,stencil,4096,matrix,cpu_ready,3,0.47712125471966244,cpu,5.127557347725899,cpu,0.3726431757296273,62.82941761096516,0.3726431757296273,7.408846995184583,0.0502970537752809,96.00232558913032,0.6544572459615384,16760.477181138904,3.612359947967774,83804180.0,7.923265680988992,268435456.0,8.428839878591473,0.31219489872455597,3.4775101961850954,0.027455306,2.4696156650615277,0.0167656845917603,86.30472964533953,0.597091661,4.848797971895393,0.0286827924807692,1,0.017565703,2.139186381249103,121.78199649903583,17.565703,1.2992729821536362,16.435153875816283,0.654740940035097,0.4685252714812483,7662081778.552052,3103818.889789808,1.0,,,,,,cpu,0,0,0,0,0,0,0,0,0,0,0,0,1,1,1,1,1
stencil_N4096,stencil,4096,matrix,cpu_ready,5,0.6989700043360189,cpu,4.286160622116784,cpu,1.0351199325822982,75.23961737391099,1.0351199325822982,12.34807832530764,0.0838284229588015,105.69992153292111,0.7118228309230767,7168.685975953708,3.612359947967774,83804180.0,7.923265680988992,268435456.0,8.428839878591473,0.31219489872455597,3.4775101961850954,0.027455306,2.4696156650615277,0.0167656845917603,86.30472964533953,0.597091661,4.848797971895393,0.0286827924807692,1,0.017565703,2.139186381249103,121.78199649903583,17.565703,1.2992729821536362,16.435153875816283,0.654740940035097,0.4685252714812483,7662081778.552052,3103818.889789808,1.0,,,,,,cpu,0,0,0,0,0,0,0,0,0,0,0,0,1,1,1,1,1
stencil_N4096,stencil,4096,matrix,cpu_ready,10,1.0,cpu,3.289914351381324,cpu,4.140479730329193,111.13281409159231,4.140479730329193,24.69615665061528,0.167656845917603,129.94391139239806,0.8552367933269228,2584.0564700157724,3.612359947967774,83804180.0,7.923265680988992,268435456.0,8.428839878591473,0.31219489872455597,3.4775101961850954,0.027455306,2.4696156650615277,0.0167656845917603,86.30472964533953,0.597091661,4.848797971895393,0.0286827924807692,1,0.017565703,2.139186381249103,121.78199649903583,17.565703,1.2992729821536362,16.435153875816283,0.654740940035097,0.4685252714812483,7662081778.552052,3103818.889789808,1.0,,,,,,cpu,0,0,0,0,0,0,0,0,0,0,0,0,1,1,1,1,1
stencil_N4096,stencil,4096,matrix,cpu_ready,30,1.4771212547196624,cpu,2.163460496600123,cpu,37.26431757296273,324.2441339668427,37.26431757296273,74.08846995184584,0.502970537752809,226.91987083030594,1.4288926429423068,770.1196079385585,3.612359947967774,83804180.0,7.923265680988992,268435456.0,8.428839878591473,0.31219489872455597,3.4775101961850954,0.027455306,2.4696156650615277,0.0167656845917603,86.30472964533953,0.597091661,4.848797971895393,0.0286827924807692,1,0.017565703,2.139186381249103,121.78199649903583,17.565703,1.2992729821536362,16.435153875816283,0.654740940035097,0.4685252714812483,7662081778.552052,3103818.889789808,1.0,,,,,,cpu,0,0,0,0,0,0,0,0,0,0,0,0,1,1,1,1,1
stencil_N4096,stencil,4096,matrix,cpu_ready,100,2.0,cpu,1.547713469718955,cpu,414.0479730329192,1946.3192693872347,414.0479730329192,246.96156650615276,1.67656845917603,566.3357288629834,3.4366881165961507,370.07095702712,3.612359947967774,83804180.0,7.923265680988992,268435456.0,8.428839878591473,0.31219489872455597,3.4775101961850954,0.027455306,2.4696156650615277,0.0167656845917603,86.30472964533953,0.597091661,4.848797971895393,0.0286827924807692,1,0.017565703,2.139186381249103,121.78199649903583,17.565703,1.2992729821536362,16.435153875816283,0.654740940035097,0.4685252714812483,7662081778.552052,3103818.889789808,1.0,,,,,,cpu,0,0,0,0,0,0,0,0,0,0,0,0,1,1,1,1,1
stencil_N4096,stencil,4096,matrix,cpu_ready,1000,3.0,cpu,1.247914382062349,cpu,41404.797303291925,144215.84963640734,41404.797303291925,2469.6156650615276,16.7656845917603,4930.253903568837,29.251201349288433,248.30710214572485,3.612359947967774,83804180.0,7.923265680988992,268435456.0,8.428839878591473,0.31219489872455597,3.4775101961850954,0.027455306,2.4696156650615277,0.0167656845917603,86.30472964533953,0.597091661,4.848797971895393,0.0286827924807692,1,0.017565703,2.139186381249103,121.78199649903583,17.565703,1.2992729821536362,16.435153875816283,0.654740940035097,0.4685252714812483,7662081778.552052,3103818.889789808,1.0,,,,,,cpu,0,0,0,0,0,0,0,0,0,0,0,0,1,1,1,1,1
stencil_N4096,stencil,4096,matrix,gpu_ready,1,0.0,gpu,0.3761521881746738,cpu,0.09547610655438182,0.13907706600905012,0.09547610655438182,3.4775101961850954,0.027455306,4.848797971895393,0.0286827924807692,45.66688046693003,3.612359947967774,83804180.0,7.923265680988992,268435456.0,8.428839878591473,0.31219489872455597,3.4775101961850954,0.027455306,2.4696156650615277,0.0167656845917603,86.30472964533953,0.597091661,4.848797971895393,0.0286827924807692,1,0.472743664,74.82539258965569,158.27899618270862,94.5487328,,,,,,,,68587.15316509879,0.0,0.0,1410.0,34.0,gpu,0,0,0,0,0,1,1,1,1,1,1,1,0,0,0,0,0
stencil_N4096,stencil,4096,matrix,gpu_ready,2,0.3010299956639812,gpu,0.7492149413875743,cpu,0.2629877967582013,0.5563082640362005,0.2629877967582013,5.947125861246623,0.044220990591760295,9.697595943790786,0.0573655849615384,111.53386997180203,3.612359947967774,83804180.0,7.923265680988992,268435456.0,8.428839878591473,0.31219489872455597,3.4775101961850954,0.027455306,2.4696156650615277,0.0167656845917603,86.30472964533953,0.597091661,4.848797971895393,0.0286827924807692,1,0.472743664,74.82539258965569,158.27899618270862,94.5487328,,,,,,,,68587.15316509879,0.0,0.0,1410.0,34.0,gpu,0,0,0,0,0,1,1,1,1,1,1,1,0,0,0,0,0
stencil_N4096,stencil,4096,matrix,gpu_ready,3,0.47712125471966244,gpu,0.8913746266201935,cpu,0.5133090815686046,1.251693594081451,0.5133090815686046,8.41674152630815,0.0609866751835206,14.546393915686178,0.0860483774423076,143.84793470952067,3.612359947967774,83804180.0,7.923265680988992,268435456.0,8.428839878591473,0.31219489872455597,3.4775101961850954,0.027455306,2.4696156650615277,0.0167656845917603,86.30472964533953,0.597091661,4.848797971895393,0.0286827924807692,1,0.472743664,74.82539258965569,158.27899618270862,94.5487328,,,,,,,,68587.15316509879,0.0,0.0,1410.0,34.0,gpu,0,0,0,0,0,1,1,1,1,1,1,1,0,0,0,0,0
stencil_N4096,stencil,4096,matrix,gpu_ready,5,0.6989700043360189,gpu,1.0131495843567166,cpu,1.2623804350091627,3.4769266502262535,1.2623804350091627,13.355972856431206,0.0945180443670412,24.243989859476965,0.14341396240384602,175.42621493504188,3.612359947967774,83804180.0,7.923265680988992,268435456.0,8.428839878591473,0.31219489872455597,3.4775101961850954,0.027455306,2.4696156650615277,0.0167656845917603,86.30472964533953,0.597091661,4.848797971895393,0.0286827924807692,1,0.472743664,74.82539258965569,158.27899618270862,94.5487328,,,,,,,,68587.15316509879,0.0,0.0,1410.0,34.0,gpu,0,0,0,0,0,1,1,1,1,1,1,1,0,0,0,0,0
stencil_N4096,stencil,4096,matrix,gpu_ready,10,1.0,gpu,1.1098216801169771,cpu,4.5842267242257755,13.907706600905014,4.5842267242257755,25.704051181738848,0.1783464673258427,48.48797971895393,0.28682792480769204,203.38173562420977,3.612359947967774,83804180.0,7.923265680988992,268435456.0,8.428839878591473,0.31219489872455597,3.4775101961850954,0.027455306,2.4696156650615277,0.0167656845917603,86.30472964533953,0.597091661,4.848797971895393,0.0286827924807692,1,0.472743664,74.82539258965569,158.27899618270862,94.5487328,,,,,,,,68587.15316509879,0.0,0.0,1410.0,34.0,gpu,0,0,0,0,0,1,1,1,1,1,1,1,0,0,0,0,0
stencil_N4096,stencil,4096,matrix,gpu_ready,30,1.4771212547196624,gpu,1.1770889481118172,cpu,38.57401053273818,125.16935940814511,38.57401053273818,75.09636448296939,0.5136601591610487,145.46393915686178,0.860483774423076,224.4914326497436,3.612359947967774,83804180.0,7.923265680988992,268435456.0,8.428839878591473,0.31219489872455597,3.4775101961850954,0.027455306,2.4696156650615277,0.0167656845917603,86.30472964533953,0.597091661,4.848797971895393,0.0286827924807692,1,0.472743664,74.82539258965569,158.27899618270862,94.5487328,,,,,,,,68587.15316509879,0.0,0.0,1410.0,34.0,gpu,0,0,0,0,0,1,1,1,1,1,1,1,0,0,0,0,0
stencil_N4096,stencil,4096,matrix,gpu_ready,100,2.0,gpu,1.2012029327664533,cpu,418.38847687327075,1390.7706600905012,418.38847687327075,247.96946103727635,1.6872580805842696,484.87979718953926,2.86827924807692,232.41132033178906,3.612359947967774,83804180.0,7.923265680988992,268435456.0,8.428839878591473,0.31219489872455597,3.4775101961850954,0.027455306,2.4696156650615277,0.0167656845917603,86.30472964533953,0.597091661,4.848797971895393,0.0286827924807692,1,0.472743664,74.82539258965569,158.27899618270862,94.5487328,,,,,,,,68587.15316509879,0.0,0.0,1410.0,34.0,gpu,0,0,0,0,0,1,1,1,1,1,1,1,0,0,0,0,0
stencil_N4096,stencil,4096,matrix,gpu_ready,1000,3.0,gpu,1.2105860393441303,cpu,41448.105375596824,139077.06600905012,41448.105375596824,2470.6235595926514,16.77637421316854,4848.797971895393,28.6827924807692,235.54505024717915,3.612359947967774,83804180.0,7.923265680988992,268435456.0,8.428839878591473,0.31219489872455597,3.4775101961850954,0.027455306,2.4696156650615277,0.0167656845917603,86.30472964533953,0.597091661,4.848797971895393,0.0286827924807692,1,0.472743664,74.82539258965569,158.27899618270862,94.5487328,,,,,,,,68587.15316509879,0.0,0.0,1410.0,34.0,gpu,0,0,0,0,0,1,1,1,1,1,1,1,0,0,0,0,0
stencil_N4096,stencil,4096,matrix,none_ready,1,0.0,none,6.291079015869758,cpu,0.09547610655438182,51.53183437609172,0.09547610655438182,3.4775101961850954,0.027455306,86.30472964533953,0.597091661,53873.53980573132,3.612359947967774,83804180.0,7.923265680988992,268435456.0,8.428839878591473,0.31219489872455597,3.4775101961850954,0.027455306,2.4696156650615277,0.0167656845917603,86.30472964533953,0.597091661,4.848797971895393,0.0286827924807692,1,,,,,,,,,,,,,,,,,,1,1,1,1,1,1,1,1,1,1,1,1,1,1,1,1,1
stencil_N4096,stencil,4096,matrix,none_ready,2,0.3010299956639812,none,5.3794275788879595,cpu,0.2629877967582013,57.04154892751939,0.2629877967582013,5.947125861246623,0.044220990591760295,91.15352761723493,0.6257744534807692,21589.808284133072,3.612359947967774,83804180.0,7.923265680988992,268435456.0,8.428839878591473,0.31219489872455597,3.4775101961850954,0.027455306,2.4696156650615277,0.0167656845917603,86.30472964533953,0.597091661,4.848797971895393,0.0286827924807692,1,,,,,,,,,,,,,,,,,,1,1,1,1,1,1,1,1,1,1,1,1,1,1,1,1,1
stencil_N4096,stencil,4096,matrix,none_ready,3,0.47712125471966244,none,4.807300514145265,cpu,0.5133090815686046,62.82941761096516,0.5133090815686046,8.41674152630815,0.0609866751835206,96.00232558913032,0.6544572459615384,12140.07520361159,3.612359947967774,83804180.0,7.923265680988992,268435456.0,8.428839878591473,0.31219489872455597,3.4775101961850954,0.027455306,2.4696156650615277,0.0167656845917603,86.30472964533953,0.597091661,4.848797971895393,0.0286827924807692,1,,,,,,,,,,,,,,,,,,1,1,1,1,1,1,1,1,1,1,1,1,1,1,1,1,1
stencil_N4096,stencil,4096,matrix,none_ready,5,0.6989700043360189,none,4.087678746272673,cpu,1.2623804350091627,75.23961737391099,1.2623804350091627,13.355972856431206,0.0945180443670412,105.69992153292111,0.7118228309230767,5860.138107920286,3.612359947967774,83804180.0,7.923265680988992,268435456.0,8.428839878591473,0.31219489872455597,3.4775101961850954,0.027455306,2.4696156650615277,0.0167656845917603,86.30472964533953,0.597091661,4.848797971895393,0.0286827924807692,1,,,,,,,,,,,,,,,,,,1,1,1,1,1,1,1,1,1,1,1,1,1,1,1,1,1
stencil_N4096,stencil,4096,matrix,none_ready,10,1.0,none,3.188104571297474,cpu,4.5842267242257755,111.13281409159231,4.5842267242257755,25.704051181738848,0.1783464673258427,129.94391139239806,0.8552367933269228,2324.243406293597,3.612359947967774,83804180.0,7.923265680988992,268435456.0,8.428839878591473,0.31219489872455597,3.4775101961850954,0.027455306,2.4696156650615277,0.0167656845917603,86.30472964533953,0.597091661,4.848797971895393,0.0286827924807692,1,,,,,,,,,,,,,,,,,,1,1,1,1,1,1,1,1,1,1,1,1,1,1,1,1,1
stencil_N4096,stencil,4096,matrix,none_ready,30,1.4771212547196624,none,2.128917984511113,cpu,38.57401053273818,324.2441339668427,38.57401053273818,75.09636448296939,0.5136601591610487,226.91987083030594,1.4288926429423068,740.5766719321374,3.612359947967774,83804180.0,7.923265680988992,268435456.0,8.428839878591473,0.31219489872455597,3.4775101961850954,0.027455306,2.4696156650615277,0.0167656845917603,86.30472964533953,0.597091661,4.848797971895393,0.0286827924807692,1,,,,,,,,,,,,,,,,,,1,1,1,1,1,1,1,1,1,1,1,1,1,1,1,1,1
stencil_N4096,stencil,4096,matrix,none_ready,100,2.0,none,1.5372849422845807,cpu,418.38847687327075,1946.3192693872347,418.38847687327075,247.96946103727635,1.6872580805842696,566.3357288629834,3.4366881165961507,365.1942816237676,3.612359947967774,83804180.0,7.923265680988992,268435456.0,8.428839878591473,0.31219489872455597,3.4775101961850954,0.027455306,2.4696156650615277,0.0167656845917603,86.30472964533953,0.597091661,4.848797971895393,0.0286827924807692,1,,,,,,,,,,,,,,,,,,1,1,1,1,1,1,1,1,1,1,1,1,1,1,1,1,1
stencil_N4096,stencil,4096,matrix,none_ready,1000,3.0,none,1.246868961205652,cpu,41448.105375596824,144215.84963640734,41448.105375596824,2470.6235595926514,16.77637421316854,4930.253903568837,29.251201349288433,247.94316490354353,3.612359947967774,83804180.0,7.923265680988992,268435456.0,8.428839878591473,0.31219489872455597,3.4775101961850954,0.027455306,2.4696156650615277,0.0167656845917603,86.30472964533953,0.597091661,4.848797971895393,0.0286827924807692,1,,,,,,,,,,,,,,,,,,1,1,1,1,1,1,1,1,1,1,1,1,1,1,1,1,1
stencil_N512,stencil,512,matrix,cpu_ready,1,0.0,cpu,16.0515242942184,cpu,5.36205218471307e-06,50.167153928945716,5.36205218471307e-06,0.0286406061472288,0.0001872185301229,83.9977778337692,0.5972438226666666,935596052.3830307,2.709269960975831,1300500.0,6.114110356531891,4194304.0,6.622659904607587,0.31006336212158203,1.933715057557144,0.0168854626666666,0.0286406061472288,0.0001872185301229,83.9977778337692,0.5972438226666666,0.1114877485450244,0.0007062984901353,1,0.008850508,0.9093651126532,102.74722226715122,8.850508,1.559376014202276,3.479578297071493,0.1801779202979666,0.4444448059437222,5548722771.433403,3126673.826097044,1.0,,,,,,cpu,0,0,0,0,0,0,0,0,0,0,0,0,1,1,1,1,1
stencil_N512,stencil,512,matrix,cpu_ready,2,0.3010299956639812,cpu,14.667738221111275,cpu,2.144820873885228e-05,50.29314554535443,2.144820873885228e-05,0.0572812122944576,0.0003744370602458,84.10926558231424,0.5979501211568019,234486360.65370992,2.709269960975831,1300500.0,6.114110356531891,4194304.0,6.622659904607587,0.31006336212158203,1.933715057557144,0.0168854626666666,0.0286406061472288,0.0001872185301229,83.9977778337692,0.5972438226666666,0.1114877485450244,0.0007062984901353,1,0.008850508,0.9093651126532,102.74722226715122,8.850508,1.559376014202276,3.479578297071493,0.1801779202979666,0.4444448059437222,5548722771.433403,3126673.826097044,1.0,,,,,,cpu,0,0,0,0,0,0,0,0,0,0,0,0,1,1,1,1,1
stencil_N512,stencil,512,matrix,cpu_ready,3,0.47712125471966244,cpu,13.859313140693365,cpu,4.825846966241763e-05,50.41929464902007,4.825846966241763e-05,0.0859218184416864,0.0005616555903687,84.22075333085925,0.5986564196469373,104477507.76858042,2.709269960975831,1300500.0,6.114110356531891,4194304.0,6.622659904607587,0.31006336212158203,1.933715057557144,0.0168854626666666,0.0286406061472288,0.0001872185301229,83.9977778337692,0.5972438226666666,0.1114877485450244,0.0007062984901353,1,0.008850508,0.9093651126532,102.74722226715122,8.850508,1.559376014202276,3.479578297071493,0.1801779202979666,0.4444448059437222,5548722771.433403,3126673.826097044,1.0,,,,,,cpu,0,0,0,0,0,0,0,0,0,0,0,0,1,1,1,1,1
stencil_N512,stencil,512,matrix,cpu_ready,5,0.6989700043360189,cpu,12.842662739840426,cpu,0.00013405130461782675,50.67206531812214,0.00013405130461782675,0.14320303073614402,0.0009360926506144999,84.4437288279493,0.6000690166272078,37800401.42934867,2.709269960975831,1300500.0,6.114110356531891,4194304.0,6.622659904607587,0.31006336212158203,1.933715057557144,0.0168854626666666,0.0286406061472288,0.0001872185301229,83.9977778337692,0.5972438226666666,0.1114877485450244,0.0007062984901353,1,0.008850508,0.9093651126532,102.74722226715122,8.850508,1.559376014202276,3.479578297071493,0.1801779202979666,0.4444448059437222,5548722771.433403,3126673.826097044,1.0,,,,,,cpu,0,0,0,0,0,0,0,0,0,0,0,0,1,1,1,1,1
stencil_N512,stencil,512,matrix,cpu_ready,10,1.0,cpu,11.46881588372279,cpu,0.000536205218471307,51.30674801787364,0.000536205218471307,0.28640606147228803,0.0018721853012289998,85.00116757067443,0.6036005090778843,9568390.990100112,2.709269960975831,1300500.0,6.114110356531891,4194304.0,6.622659904607587,0.31006336212158203,1.933715057557144,0.0168854626666666,0.0286406061472288,0.0001872185301229,83.9977778337692,0.5972438226666666,0.1114877485450244,0.0007062984901353,1,0.008850508,0.9093651126532,102.74722226715122,8.850508,1.559376014202276,3.479578297071493,0.1801779202979666,0.4444448059437222,5548722771.433403,3126673.826097044,1.0,,,,,,cpu,0,0,0,0,0,0,0,0,0,0,0,0,1,1,1,1,1
stencil_N512,stencil,512,matrix,cpu_ready,30,1.4771212547196624,cpu,9.320618396602212,cpu,0.004825846966241763,53.884850631112585,0.004825846966241763,0.859218184416864,0.005616555903687,87.23092254157491,0.6177264788805903,1116488.466398814,2.709269960975831,1300500.0,6.114110356531891,4194304.0,6.622659904607587,0.31006336212158203,1.933715057557144,0.0168854626666666,0.0286406061472288,0.0001872185301229,83.9977778337692,0.5972438226666666,0.1114877485450244,0.0007062984901353,1,0.008850508,0.9093651126532,102.74722226715122,8.850508,1.559376014202276,3.479578297071493,0.1801779202979666,0.4444448059437222,5548722771.433403,3126673.826097044,1.0,,,,,,cpu,0,0,0,0,0,0,0,0,0,0,0,0,1,1,1,1,1
stencil_N512,stencil,512,matrix,cpu_ready,100,2.0,cpu,7.075355011798771,cpu,0.053620521847130696,63.40429463678431,0.053620521847130696,2.86406061472288,0.01872185301229,95.03506493972662,0.6671673731900614,118146.32146913197,2.709269960975831,1300500.0,6.114110356531891,4194304.0,6.622659904607587,0.31006336212158203,1.933715057557144,0.0168854626666666,0.0286406061472288,0.0001872185301229,83.9977778337692,0.5972438226666666,0.1114877485450244,0.0007062984901353,1,0.008850508,0.9093651126532,102.74722226715122,8.850508,1.559376014202276,3.479578297071493,0.1801779202979666,0.4444448059437222,5548722771.433403,3126673.826097044,1.0,,,,,,cpu,0,0,0,0,0,0,0,0,0,0,0,0,1,1,1,1,1
stencil_N512,stencil,512,matrix,cpu_ready,1000,3.0,cpu,3.8601125338163462,cpu,5.36205218471307,254.54033378903884,5.36205218471307,28.6406061472288,0.1872185301229,195.37403863024858,1.3028360143118314,4647.069312654584,2.709269960975831,1300500.0,6.114110356531891,4194304.0,6.622659904607587,0.31006336212158203,1.933715057557144,0.0168854626666666,0.0286406061472288,0.0001872185301229,83.9977778337692,0.5972438226666666,0.1114877485450244,0.0007062984901353,1,0.008850508,0.9093651126532,102.74722226715122,8.850508,1.559376014202276,3.479578297071493,0.1801779202979666,0.4444448059437222,5548722771.433403,3126673.826097044,1.0,,,,,,cpu,0,0,0,0,0,0,0,0,0,0,0,0,1,1,1,1,1
stencil_N512,stencil,512,matrix,gpu_ready,1,0.0,gpu,-6.027454020386044,gpu,0.032651673412352214,7.874362846593473e-05,7.874362846593473e-05,1.933715057557144,0.0168854626666666,0.1114877485450244,0.0007062984901353,41365.79735842074,2.709269960975831,1300500.0,6.114110356531891,4194304.0,6.622659904607587,0.31006336212158203,1.933715057557144,0.0168854626666666,0.0286406061472288,0.0001872185301229,83.9977778337692,0.5972438226666666,0.1114877485450244,0.0007062984901353,1,0.511929638,75.17119868925911,146.83892689420554,102.3859276,,,,,,,,62913.34914507138,0.0,0.0,1410.0,24.0,gpu,0,0,0,0,0,1,1,1,1,1,1,1,0,0,0,0,0
stencil_N512,stencil,512,matrix,gpu_ready,2,0.3010299956639812,gpu,-4.666888767780093,gpu,0.03350267264113903,0.0003149745138637389,0.0003149745138637389,1.9623556637043729,0.0170726811967895,0.2229754970900488,0.0014125969802706,10536.629684785421,2.709269960975831,1300500.0,6.114110356531891,4194304.0,6.622659904607587,0.31006336212158203,1.933715057557144,0.0168854626666666,0.0286406061472288,0.0001872185301229,83.9977778337692,0.5972438226666666,0.1114877485450244,0.0007062984901353,1,0.511929638,75.17119868925911,146.83892689420554,102.3859276,,,,,,,,62913.34914507138,0.0,0.0,1410.0,24.0,gpu,0,0,0,0,0,1,1,1,1,1,1,1,0,0,0,0,0
stencil_N512,stencil,512,matrix,gpu_ready,3,0.47712125471966244,gpu,-3.881354363231505,gpu,0.03436439597429527,0.0007086926561934125,0.0007086926561934125,1.9909962698516017,0.0172598997269124,0.3344632456350732,0.0021188954704059,4748.984348007231,2.709269960975831,1300500.0,6.114110356531891,4194304.0,6.622659904607587,0.31006336212158203,1.933715057557144,0.0168854626666666,0.0286406061472288,0.0001872185301229,83.9977778337692,0.5972438226666666,0.1114877485450244,0.0007062984901353,1,0.511929638,75.17119868925911,146.83892689420554,102.3859276,,,,,,,,62913.34914507138,0.0,0.0,1410.0,24.0,gpu,0,0,0,0,0,1,1,1,1,1,1,1,0,0,0,0,0
stencil_N512,stencil,512,matrix,gpu_ready,5,0.6989700043360189,gpu,-2.909529230600232,gpu,0.03612001495371603,0.001968590711648368,0.001968590711648368,2.048277482146059,0.0176343367871582,0.557438742725122,0.0035314924506765002,1734.8158781807676,2.709269960975831,1300500.0,6.114110356531891,4194304.0,6.622659904607587,0.31006336212158203,1.933715057557144,0.0168854626666666,0.0286406061472288,0.0001872185301229,83.9977778337692,0.5972438226666666,0.1114877485450244,0.0007062984901353,1,0.511929638,75.17119868925911,146.83892689420554,102.3859276,,,,,,,,62913.34914507138,0.0,0.0,1410.0,24.0,gpu,0,0,0,0,0,1,1,1,1,1,1,1,0,0,0,0,0
stencil_N512,stencil,512,matrix,gpu_ready,10,1.0,gpu,-1.6425355760795135,gpu,0.04069673422873288,0.007874362846593472,0.007874362846593472,2.1914805128822032,0.0185704294377727,1.114877485450244,0.0070629849013530005,416.82574224197316,2.709269960975831,1300500.0,6.114110356531891,4194304.0,6.622659904607587,0.31006336212158203,1.933715057557144,0.0168854626666666,0.0286406061472288,0.0001872185301229,83.9977778337692,0.5972438226666666,0.1114877485450244,0.0007062984901353,1,0.511929638,75.17119868925911,146.83892689420554,102.3859276,,,,,,,,62913.34914507138,0.0,0.0,1410.0,24.0,gpu,0,0,0,0,0,1,1,1,1,1,1,1,0,0,0,0,0
stencil_N512,stencil,512,matrix,gpu_ready,30,1.4771212547196624,gpu,0.13880193880885144,cpu,0.06168463742115683,0.07086926561934126,0.06168463742115683,2.764292635826779,0.0223148000402307,3.344632456350732,0.021188954704059,14.889652565314828,2.709269960975831,1300500.0,6.114110356531891,4194304.0,6.622659904607587,0.31006336212158203,1.933715057557144,0.0168854626666666,0.0286406061472288,0.0001872185301229,83.9977778337692,0.5972438226666666,0.1114877485450244,0.0007062984901353,1,0.511929638,75.17119868925911,146.83892689420554,102.3859276,,,,,,,,62913.34914507138,0.0,0.0,1410.0,24.0,gpu,0,0,0,0,0,1,1,1,1,1,1,1,0,0,0,0,0
stencil_N512,stencil,512,matrix,gpu_ready,100,2.0,gpu,1.5393381233351637,cpu,0.16892322735833304,0.7874362846593472,0.16892322735833304,4.769135066132796,0.0354200971488337,11.14877485450244,0.07062984901353,366.15039090448846,2.709269960975831,1300500.0,6.114110356531891,4194304.0,6.622659904607587,0.31006336212158203,1.933715057557144,0.0168854626666666,0.0286406061472288,0.0001872185301229,83.9977778337692,0.5972438226666666,0.1114877485450244,0.0007062984901353,1,0.511929638,75.17119868925911,146.83892689420554,102.3859276,,,,,,,,62913.34914507138,0.0,0.0,1410.0,24.0,gpu,0,0,0,0,0,1,1,1,1,1,1,1,0,0,0,0,0
stencil_N512,stencil,512,matrix,gpu_ready,1000,3.0,gpu,2.5370174160717744,cpu,6.2287766552336805,78.74362846593472,6.2287766552336805,30.545680598638718,0.20391677425944368,111.4877485450244,0.7062984901353,1164.1909129904504,2.709269960975831,1300500.0,6.114110356531891,4194304.0,6.622659904607587,0.31006336212158203,1.933715057557144,0.0168854626666666,0.0286406061472288,0.0001872185301229,83.9977778337692,0.5972438226666666,0.1114877485450244,0.0007062984901353,1,0.511929638,75.17119868925911,146.83892689420554,102.3859276,,,,,,,,62913.34914507138,0.0,0.0,1410.0,24.0,gpu,0,0,0,0,0,1,1,1,1,1,1,1,0,0,0,0,0
stencil_N512,stencil,512,matrix,none_ready,1,0.0,none,7.337219679857831,cpu,0.032651673412352214,50.167153928945716,0.032651673412352214,1.933715057557144,0.0168854626666666,83.9977778337692,0.5972438226666666,153543.43902192573,2.709269960975831,1300500.0,6.114110356531891,4194304.0,6.622659904607587,0.31006336212158203,1.933715057557144,0.0168854626666666,0.0286406061472288,0.0001872185301229,83.9977778337692,0.5972438226666666,0.1114877485450244,0.0007062984901353,1,,,,,,,,,,,,,,,,,,1,1,1,1,1,1,1,1,1,1,1,1,1,1,1,1,1
stencil_N512,stencil,512,matrix,none_ready,2,0.3010299956639812,none,7.313998859356657,cpu,0.03350267264113903,50.29314554535443,0.03350267264113903,1.9623556637043729,0.0170726811967895,84.10926558231424,0.5979501211568019,150016.81630318,2.709269960975831,1300500.0,6.114110356531891,4194304.0,6.622659904607587,0.31006336212158203,1.933715057557144,0.0168854626666666,0.0286406061472288,0.0001872185301229,83.9977778337692,0.5972438226666666,0.1114877485450244,0.0007062984901353,1,,,,,,,,,,,,,,,,,,1,1,1,1,1,1,1,1,1,1,1,1,1,1,1,1,1
stencil_N512,stencil,512,matrix,none_ready,3,0.47712125471966244,none,7.291108183487335,cpu,0.03436439597429527,50.41929464902007,0.03436439597429527,1.9909962698516017,0.0172598997269124,84.22075333085925,0.5986564196469373,146619.5718694836,2.709269960975831,1300500.0,6.114110356531891,4194304.0,6.622659904607587,0.31006336212158203,1.933715057557144,0.0168854626666666,0.0286406061472288,0.0001872185301229,83.9977778337692,0.5972438226666666,0.1114877485450244,0.0007062984901353,1,,,,,,,,,,,,,,,,,,1,1,1,1,1,1,1,1,1,1,1,1,1,1,1,1,1
stencil_N512,stencil,512,matrix,none_ready,5,0.6989700043360189,none,7.2462829152656685,cpu,0.03612001495371603,50.67206531812214,0.03612001495371603,2.048277482146059,0.0176343367871582,84.4437288279493,0.6000690166272078,140188.05188218504,2.709269960975831,1300500.0,6.114110356531891,4194304.0,6.622659904607587,0.31006336212158203,1.933715057557144,0.0168854626666666,0.0286406061472288,0.0001872185301229,83.9977778337692,0.5972438226666666,0.1114877485450244,0.0007062984901353,1,,,,,,,,,,,,,,,,,,1,1,1,1,1,1,1,1,1,1,1,1,1,1,1,1,1
stencil_N512,stencil,512,matrix,none_ready,10,1.0,none,7.139429713668752,cpu,0.04069673422873288,51.30674801787364,0.04069673422873288,2.1914805128822032,0.0185704294377727,85.00116757067443,0.6036005090778843,125970.92188161337,2.709269960975831,1300500.0,6.114110356531891,4194304.0,6.622659904607587,0.31006336212158203,1.933715057557144,0.0168854626666666,0.0286406061472288,0.0001872185301229,83.9977778337692,0.5972438226666666,0.1114877485450244,0.0007062984901353,1,,,,,,,,,,,,,,,,,,1,1,1,1,1,1,1,1,1,1,1,1,1,1,1,1,1
stencil_N512,stencil,512,matrix,none_ready,30,1.4771212547196624,none,6.772569741436539,cpu,0.06168463742115683,53.884850631112585,0.06168463742115683,2.764292635826779,0.0223148000402307,87.23092254157491,0.6177264788805903,87255.3819619777,2.709269960975831,1300500.0,6.114110356531891,4194304.0,6.622659904607587,0.31006336212158203,1.933715057557144,0.0168854626666666,0.0286406061472288,0.0001872185301229,83.9977778337692,0.5972438226666666,0.1114877485450244,0.0007062984901353,1,,,,,,,,,,,,,,,,,,1,1,1,1,1,1,1,1,1,1,1,1,1,1,1,1,1
stencil_N512,stencil,512,matrix,none_ready,100,2.0,none,5.92784254115941,cpu,0.16892322735833304,63.40429463678431,0.16892322735833304,4.769135066132796,0.0354200971488337,95.03506493972662,0.6671673731900614,37434.385074401995,2.709269960975831,1300500.0,6.114110356531891,4194304.0,6.622659904607587,0.31006336212158203,1.933715057557144,0.0168854626666666,0.0286406061472288,0.0001872185301229,83.9977778337692,0.5972438226666666,0.1114877485450244,0.0007062984901353,1,,,,,,,,,,,,,,,,,,1,1,1,1,1,1,1,1,1,1,1,1,1,1,1,1,1
stencil_N512,stencil,512,matrix,none_ready,1000,3.0,none,3.7102793559135963,cpu,6.2287766552336805,254.54033378903884,6.2287766552336805,30.545680598638718,0.20391677425944368,195.37403863024858,1.3028360143118314,3986.5220873694893,2.709269960975831,1300500.0,6.114110356531891,4194304.0,6.622659904607587,0.31006336212158203,1.933715057557144,0.0168854626666666,0.0286406061472288,0.0001872185301229,83.9977778337692,0.5972438226666666,0.1114877485450244,0.0007062984901353,1,,,,,,,,,,,,,,,,,,1,1,1,1,1,1,1,1,1,1,1,1,1,1,1,1,1
stencil_N64,stencil,64,matrix,cpu_ready,1,0.0,cpu,23.53037951068152,cpu,3.4177312464498077e-09,56.60462108263223,3.4177312464498077e-09,0.0007031096235641,4.860879629445472e-06,90.55585276307444,0.6250796536666666,1656204569566.8125,1.806179973983887,19220.0,4.2837533833325265,65536.0,4.816479930623699,0.29327392578125,2.4861124016957667,0.0199398183333333,0.0007031096235641,4.860879629445472e-06,90.55585276307444,0.6250796536666666,0.0106524244282918,7.19298305079425e-05,1,0.020690352,2.6224047272901,126.745293037552,20.690352,1.4761778534810852,2.824450182426354,0.1170730742778733,0.4662926797292001,1562974270.5765588,3001788.729315988,0.4057809166320612,,,,,,cpu,0,0,0,0,0,0,0,0,0,0,0,0,1,1,1,1,1
stencil_N64,stencil,64,matrix,cpu_ready,2,0.3010299956639812,cpu,22.144317842834866,cpu,1.3670924985799231e-08,56.617794129772406,1.3670924985799231e-08,0.0014062192471282,9.721759258890943e-06,90.56650518750273,0.6251515834971746,414147500442.82745,1.806179973983887,19220.0,4.2837533833325265,65536.0,4.816479930623699,0.29327392578125,2.4861124016957667,0.0199398183333333,0.0007031096235641,4.860879629445472e-06,90.55585276307444,0.6250796536666666,0.0106524244282918,7.19298305079425e-05,1,0.020690352,2.6224047272901,126.745293037552,20.690352,1.4761778534810852,2.824450182426354,0.1170730742778733,0.4662926797292001,1562974270.5765588,3001788.729315988,0.4057809166320612,,,,,,cpu,0,0,0,0,0,0,0,0,0,0,0,0,1,1,1,1,1
stencil_N64,stencil,64,matrix,cpu_ready,3,0.47712125471966244,cpu,21.333620292818562,cpu,3.0759581218048265e-08,56.63096870936676,3.0759581218048265e-08,0.0021093288706923,1.4582638888336414e-05,90.57715761193103,0.6252235133276826,184108386512.68375,1.806179973983887,19220.0,4.2837533833325265,65536.0,4.816479930623699,0.29327392578125,2.4861124016957667,0.0199398183333333,0.0007031096235641,4.860879629445472e-06,90.55585276307444,0.6250796536666666,0.0106524244282918,7.19298305079425e-05,1,0.020690352,2.6224047272901,126.745293037552,20.690352,1.4761778534810852,2.824450182426354,0.1170730742778733,0.4662926797292001,1562974270.5765588,3001788.729315988,0.4057809166320612,,,,,,cpu,0,0,0,0,0,0,0,0,0,0,0,0,1,1,1,1,1
stencil_N64,stencil,64,matrix,cpu_ready,5,0.6989700043360189,cpu,20.312434296492214,cpu,8.54432811612452e-08,56.65732246591795,8.54432811612452e-08,0.0035155481178205,2.430439814722736e-05,90.5984624607876,0.6253673729886984,66309862648.59515,1.806179973983887,19220.0,4.2837533833325265,65536.0,4.816479930623699,0.29327392578125,2.4861124016957667,0.0199398183333333,0.0007031096235641,4.860879629445472e-06,90.55585276307444,0.6250796536666666,0.0106524244282918,7.19298305079425e-05,1,0.020690352,2.6224047272901,126.745293037552,20.690352,1.4761778534810852,2.824450182426354,0.1170730742778733,0.4662926797292001,1562974270.5765588,3001788.729315988,0.4057809166320612,,,,,,cpu,0,0,0,0,0,0,0,0,0,0,0,0,1,1,1,1,1
stencil_N64,stencil,64,matrix,cpu_ready,10,1.0,cpu,18.927302590045993,cpu,3.417731246449808e-07,56.72323367524387,3.417731246449808e-07,0.007031096235641,4.860879629445472e-05,90.65172458292906,0.6257270221412381,16596750663.877506,1.806179973983887,19220.0,4.2837533833325265,65536.0,4.816479930623699,0.29327392578125,2.4861124016957667,0.0199398183333333,0.0007031096235641,4.860879629445472e-06,90.55585276307444,0.6250796536666666,0.0106524244282918,7.19298305079425e-05,1,0.020690352,2.6224047272901,126.745293037552,20.690352,1.4761778534810852,2.824450182426354,0.1170730742778733,0.4662926797292001,1562974270.5765588,3001788.729315988,0.4057809166320612,,,,,,cpu,0,0,0,0,0,0,0,0,0,0,0,0,1,1,1,1,1
stencil_N64,stencil,64,matrix,cpu_ready,30,1.4771212547196624,cpu,16.734721883526408,cpu,3.075958121804827e-06,56.98726162608938,3.075958121804827e-06,0.021093288706923,0.00014582638888336415,90.86477307149491,0.627165618751397,1852666918.5175326,1.806179973983887,19220.0,4.2837533833325265,65536.0,4.816479930623699,0.29327392578125,2.4861124016957667,0.0199398183333333,0.0007031096235641,4.860879629445472e-06,90.55585276307444,0.6250796536666666,0.0106524244282918,7.19298305079425e-05,1,0.020690352,2.6224047272901,126.745293037552,20.690352,1.4761778534810852,2.824450182426354,0.1170730742778733,0.4662926797292001,1562974270.5765588,3001788.729315988,0.4057809166320612,,,,,,cpu,0,0,0,0,0,0,0,0,0,0,0,0,1,1,1,1,1
stencil_N64,stencil,64,matrix,cpu_ready,100,2.0,cpu,14.342945420543073,cpu,3.417731246449808e-05,57.91618668467546,3.417731246449808e-05,0.07031096235641,0.00048608796294454714,91.61044278147533,0.632200706886953,169457889.84292957,1.806179973983887,19220.0,4.2837533833325265,65536.0,4.816479930623699,0.29327392578125,2.4861124016957667,0.0199398183333333,0.0007031096235641,4.860879629445472e-06,90.55585276307444,0.6250796536666666,0.0106524244282918,7.19298305079425e-05,1,0.020690352,2.6224047272901,126.745293037552,20.690352,1.4761778534810852,2.824450182426354,0.1170730742778733,0.4662926797292001,1562974270.5765588,3001788.729315988,0.4057809166320612,,,,,,cpu,0,0,0,0,0,0,0,0,0,0,0,0,1,1,1,1,1
stencil_N64,stencil,64,matrix,cpu_ready,1000,3.0,cpu,9.93479414788588,cpu,0.0034177312464498074,70.52842511050179,0.0034177312464498074,0.7031096235641,0.004860879629445472,101.19762476693795,0.6969375543441012,2063503.602060978,1.806179973983887,19220.0,4.2837533833325265,65536.0,4.816479930623699,0.29327392578125,2.4861124016957667,0.0199398183333333,0.0007031096235641,4.860879629445472e-06,90.55585276307444,0.6250796536666666,0.0106524244282918,7.19298305079425e-05,1,0.020690352,2.6224047272901,126.745293037552,20.690352,1.4761778534810852,2.824450182426354,0.1170730742778733,0.4662926797292001,1562974270.5765588,3001788.729315988,0.4057809166320612,,,,,,cpu,0,0,0,0,0,0,0,0,0,0,0,0,1,1,1,1,1
stencil_N64,stencil,64,matrix,gpu_ready,1,0.0,gpu,-11.077470838107262,gpu,0.04957262964606053,7.662270836256955e-07,7.662270836256955e-07,2.4861124016957667,0.0199398183333333,0.0106524244282918,7.19298305079425e-05,6469604.700529344,1.806179973983887,19220.0,4.2837533833325265,65536.0,4.816479930623699,0.29327392578125,2.4861124016957667,0.0199398183333333,0.0007031096235641,4.860879629445472e-06,90.55585276307444,0.6250796536666666,0.0106524244282918,7.19298305079425e-05,1,0.478483104,73.50103770102334,153.6126084423314,95.6966208,,,,,,,,62933.02952927676,0.0,0.0,1410.0,26.795377184311192,gpu,0,0,0,0,0,1,1,1,1,1,1,1,0,0,0,0,0
stencil_N64,stencil,64,matrix,gpu_ready,2,0.3010299956639812,gpu,-9.691702999719535,gpu,0.049598737635083975,3.064908334502782e-06,3.064908334502782e-06,2.486815511319331,0.019944679212962745,0.0213048488565836,0.000143859661015885,1618178.011016938,1.806179973983887,19220.0,4.2837533833325265,65536.0,4.816479930623699,0.29327392578125,2.4861124016957667,0.0199398183333333,0.0007031096235641,4.860879629445472e-06,90.55585276307444,0.6250796536666666,0.0106524244282918,7.19298305079425e-05,1,0.478483104,73.50103770102334,153.6126084423314,95.6966208,,,,,,,,62933.02952927676,0.0,0.0,1410.0,26.795377184311192,gpu,0,0,0,0,0,1,1,1,1,1,1,1,0,0,0,0,0
stencil_N64,stencil,64,matrix,gpu_ready,3,0.47712125471966244,gpu,-8.8812991668978,gpu,0.04962485245956993,6.896043752631259e-06,6.896043752631259e-06,2.487518620942895,0.019949540092592193,0.0319572732848754,0.00021578949152382748,719513.3644110804,1.806179973983887,19220.0,4.2837533833325265,65536.0,4.816479930623699,0.29327392578125,2.4861124016957667,0.0199398183333333,0.0007031096235641,4.860879629445472e-06,90.55585276307444,0.6250796536666666,0.0106524244282918,7.19298305079425e-05,1,0.478483104,73.50103770102334,153.6126084423314,95.6966208,,,,,,,,62933.02952927676,0.0,0.0,1410.0,26.795377184311192,gpu,0,0,0,0,0,1,1,1,1,1,1,1,0,0,0,0,0
stencil_N64,stencil,64,matrix,gpu_ready,5,0.6989700043360189,gpu,-7.860700268438747,gpu,0.04967710261492928,1.9155677090642385e-05,1.9155677090642385e-05,2.4889248401900232,0.01995926185185108,0.053262122141459,0.0003596491525397125,259233.5770897742,1.806179973983887,19220.0,4.2837533833325265,65536.0,4.816479930623699,0.29327392578125,2.4861124016957667,0.0199398183333333,0.0007031096235641,4.860879629445472e-06,90.55585276307444,0.6250796536666666,0.0106524244282918,7.19298305079425e-05,1,0.478483104,73.50103770102334,153.6126084423314,95.6966208,,,,,,,,62933.02952927676,0.0,0.0,1410.0,26.795377184311192,gpu,0,0,0,0,0,1,1,1,1,1,1,1,0,0,0,0,0
stencil_N64,stencil,64,matrix,gpu_ready,10,1.0,gpu,-6.4770343467753015,gpu,0.049807847623921306,7.662270836256954e-05,7.662270836256954e-05,2.492440388307844,0.019983566249998308,0.106524244282918,0.000719298305079425,64904.02907743288,1.806179973983887,19220.0,4.2837533833325265,65536.0,4.816479930623699,0.29327392578125,2.4861124016957667,0.0199398183333333,0.0007031096235641,4.860879629445472e-06,90.55585276307444,0.6250796536666666,0.0106524244282918,7.19298305079425e-05,1,0.478483104,73.50103770102334,153.6126084423314,95.6966208,,,,,,,,62933.02952927676,0.0,0.0,1410.0,26.795377184311192,gpu,0,0,0,0,0,1,1,1,1,1,1,1,0,0,0,0,0
stencil_N64,stencil,64,matrix,gpu_ready,30,1.4771212547196624,gpu,-4.290288932416232,gpu,0.05033253652551263,0.0006896043752631258,0.0006896043752631258,2.5065025807791255,0.02008078384258722,0.319572732848754,0.002157894915238275,7198.755392366488,1.806179973983887,19220.0,4.2837533833325265,65536.0,4.816479930623699,0.29327392578125,2.4861124016957667,0.0199398183333333,0.0007031096235641,4.860879629445472e-06,90.55585276307444,0.6250796536666666,0.0106524244282918,7.19298305079425e-05,1,0.478483104,73.50103770102334,153.6126084423314,95.6966208,,,,,,,,62933.02952927676,0.0,0.0,1410.0,26.795377184311192,gpu,0,0,0,0,0,1,1,1,1,1,1,1,0,0,0,0,0
stencil_N64,stencil,64,matrix,gpu_ready,100,2.0,gpu,-1.9185916974115174,gpu,0.05219047938793491,0.007662270836256955,0.007662270836256955,2.555720254428613,0.020421045416648402,1.06524244282918,0.00719298305079425,581.1359256707002,1.806179973983887,19220.0,4.2837533833325265,65536.0,4.816479930623699,0.29327392578125,2.4861124016957667,0.0199398183333333,0.0007031096235641,4.860879629445472e-06,90.55585276307444,0.6250796536666666,0.0106524244282918,7.19298305079425e-05,1,0.478483104,73.50103770102334,153.6126084423314,95.6966208,,,,,,,,62933.02952927676,0.0,0.0,1410.0,26.795377184311192,gpu,0,0,0,0,0,1,1,1,1,1,1,1,0,0,0,0,0
stencil_N64,stencil,64,matrix,gpu_ready,1000,3.0,gpu,2.2712462808840703,cpu,0.0790619955686577,0.7662270836256954,0.0790619955686577,3.1885189156363025,0.024795837083149325,10.6524244282918,0.0719298305079425,869.1471586500763,1.806179973983887,19220.0,4.2837533833325265,65536.0,4.816479930623699,0.29327392578125,2.4861124016957667,0.0199398183333333,0.0007031096235641,4.860879629445472e-06,90.55585276307444,0.6250796536666666,0.0106524244282918,7.19298305079425e-05,1,0.478483104,73.50103770102334,153.6126084423314,95.6966208,,,,,,,,62933.02952927676,0.0,0.0,1410.0,26.795377184311192,gpu,0,0,0,0,0,1,1,1,1,1,1,1,0,0,0,0,0
stencil_N64,stencil,64,matrix,none_ready,1,0.0,none,7.040407045658737,cpu,0.04957262964606053,56.60462108263223,0.04957262964606053,2.4861124016957667,0.0199398183333333,90.55585276307444,0.6250796536666666,114085.22980680838,1.806179973983887,19220.0,4.2837533833325265,65536.0,4.816479930623699,0.29327392578125,2.4861124016957667,0.0199398183333333,0.0007031096235641,4.860879629445472e-06,90.55585276307444,0.6250796536666666,0.0106524244282918,7.19298305079425e-05,1,,,,,,,,,,,,,,,,,,1,1,1,1,1,1,1,1,1,1,1,1,1,1,1,1,1
stencil_N64,stencil,64,matrix,none_ready,2,0.3010299956639812,none,7.040113216199809,cpu,0.049598737635083975,56.617794129772406,0.049598737635083975,2.486815511319331,0.019944679212962745,90.56650518750273,0.6251515834971746,114051.68375116761,1.806179973983887,19220.0,4.2837533833325265,65536.0,4.816479930623699,0.29327392578125,2.4861124016957667,0.0199398183333333,0.0007031096235641,4.860879629445472e-06,90.55585276307444,0.6250796536666666,0.0106524244282918,7.19298305079425e-05,1,,,,,,,,,,,,,,,,,,1,1,1,1,1,1,1,1,1,1,1,1,1,1,1,1,1
stencil_N64,stencil,64,matrix,none_ready,3,0.47712125471966244,none,7.039819499005241,cpu,0.04962485245956993,56.63096870936676,0.04962485245956993,2.487518620942895,0.019949540092592193,90.57715761193103,0.6252235133276826,114018.16036229994,1.806179973983887,19220.0,4.2837533833325265,65536.0,4.816479930623699,0.29327392578125,2.4861124016957667,0.0199398183333333,0.0007031096235641,4.860879629445472e-06,90.55585276307444,0.6250796536666666,0.0106524244282918,7.19298305079425e-05,1,,,,,,,,,,,,,,,,,,1,1,1,1,1,1,1,1,1,1,1,1,1,1,1,1,1
stencil_N64,stencil,64,matrix,none_ready,5,0.6989700043360189,none,7.0392324011379435,cpu,0.04967710261492928,56.65732246591795,0.04967710261492928,2.4889248401900232,0.01995926185185108,90.5984624607876,0.6253673729886984,113951.18149722953,1.806179973983887,19220.0,4.2837533833325265,65536.0,4.816479930623699,0.29327392578125,2.4861124016957667,0.0199398183333333,0.0007031096235641,4.860879629445472e-06,90.55585276307444,0.6250796536666666,0.0106524244282918,7.19298305079425e-05,1,,,,,,,,,,,,,,,,,,1,1,1,1,1,1,1,1,1,1,1,1,1,1,1,1,1
stencil_N64,stencil,64,matrix,none_ready,10,1.0,none,7.037766616355173,cpu,0.049807847623921306,56.72323367524387,0.049807847623921306,2.492440388307844,0.019983566249998308,90.65172458292906,0.6257270221412381,113784.1294720017,1.806179973983887,19220.0,4.2837533833325265,65536.0,4.816479930623699,0.29327392578125,2.4861124016957667,0.0199398183333333,0.0007031096235641,4.860879629445472e-06,90.55585276307444,0.6250796536666666,0.0106524244282918,7.19298305079425e-05,1,,,,,,,,,,,,,,,,,,1,1,1,1,1,1,1,1,1,1,1,1,1,1,1,1,1
stencil_N64,stencil,64,matrix,none_ready,30,1.4771212547196624,none,7.031931324194655,cpu,0.05033253652551263,56.98726162608938,0.05033253652551263,2.5065025807791255,0.02008078384258722,90.86477307149491,0.627165618751397,113121.517451646,1.806179973983887,19220.0,4.2837533833325265,65536.0,4.816479930623699,0.29327392578125,2.4861124016957667,0.0199398183333333,0.0007031096235641,4.860879629445472e-06,90.55585276307444,0.6250796536666666,0.0106524244282918,7.19298305079425e-05,1,,,,,,,,,,,,,,,,,,1,1,1,1,1,1,1,1,1,1,1,1,1,1,1,1,1
stencil_N64,stencil,64,matrix,none_ready,100,2.0,none,7.0118520962160344,cpu,0.05219047938793491,57.91618668467546,0.05219047938793491,2.555720254428613,0.020421045416648402,91.61044278147533,0.632200706886953,110870.78885629894,1.806179973983887,19220.0,4.2837533833325265,65536.0,4.816479930623699,0.29327392578125,2.4861124016957667,0.0199398183333333,0.0007031096235641,4.860879629445472e-06,90.55585276307444,0.6250796536666666,0.0106524244282918,7.19298305079425e-05,1,,,,,,,,,,,,,,,,,,1,1,1,1,1,1,1,1,1,1,1,1,1,1,1,1,1
stencil_N64,stencil,64,matrix,none_ready,1000,3.0,none,6.793538801854428,cpu,0.0790619955686577,70.52842511050179,0.0790619955686577,3.1885189156363025,0.024795837083149325,101.19762476693795,0.6969375543441012,89106.48233480859,1.806179973983887,19220.0,4.2837533833325265,65536.0,4.816479930623699,0.29327392578125,2.4861124016957667,0.0199398183333333,0.0007031096235641,4.860879629445472e-06,90.55585276307444,0.6250796536666666,0.0106524244282918,7.19298305079425e-05,1,,,,,,,,,,,,,,,,,,1,1,1,1,1,1,1,1,1,1,1,1,1,1,1,1,1
stencil_N768,stencil,768,matrix,cpu_ready,1,0.0,cpu,14.386116172069672,cpu,3.5309620334382e-05,62.47466231809718,3.5309620334382e-05,0.0745448556850067,0.0004736694438525,93.70858862243249,0.6666908896666666,176933726.3239942,2.885361220031512,2933780.0,6.467427543601227,9437184.0,6.9748424227189485,0.310874515109592,2.911311212124281,0.0230677433333333,0.0745448556850067,0.0004736694438525,93.70858862243249,0.6666908896666666,0.1888760474231657,0.0011624276034874,1,0.023595745,2.8051535144751982,118.88387141305341,23.595745,1.4547850136282787,13.064959794913086,0.3528074179120802,0.4695477705349674,1794984892.9865491,3044371.920533872,0.6422743592117985,,,,,,cpu,0,0,0,0,0,0,0,0,0,0,0,0,1,1,1,1,1
stencil_N768,stencil,768,matrix,cpu_ready,2,0.3010299956639812,cpu,13.003577410361812,cpu,0.000141238481337528,62.709733263020176,0.000141238481337528,0.1490897113700134,0.000947338887705,93.89746466985565,0.667853317270154,44399792.06139799,2.885361220031512,2933780.0,6.467427543601227,9437184.0,6.9748424227189485,0.310874515109592,2.911311212124281,0.0230677433333333,0.0745448556850067,0.0004736694438525,93.70858862243249,0.6666908896666666,0.1888760474231657,0.0011624276034874,1,0.023595745,2.8051535144751982,118.88387141305341,23.595745,1.4547850136282787,13.064959794913086,0.3528074179120802,0.4695477705349674,1794984892.9865491,3044371.920533872,0.6422743592117985,,,,,,cpu,0,0,0,0,0,0,0,0,0,0,0,0,1,1,1,1,1
stencil_N768,stencil,768,matrix,cpu_ready,3,0.47712125471966244,cpu,12.196395717866,cpu,0.000317786583009438,62.9452433174055,0.000317786583009438,0.2236345670550201,0.0014210083315575,94.08634071727882,0.6690157448736413,19807294.862713907,2.885361220031512,2933780.0,6.467427543601227,9437184.0,6.9748424227189485,0.310874515109592,2.911311212124281,0.0230677433333333,0.0745448556850067,0.0004736694438525,93.70858862243249,0.6666908896666666,0.1888760474231657,0.0011624276034874,1,0.023595745,2.8051535144751982,118.88387141305341,23.595745,1.4547850136282787,13.064959794913086,0.3528074179120802,0.4695477705349674,1794984892.9865491,3044371.920533872,0.6422743592117985,,,,,,cpu,0,0,0,0,0,0,0,0,0,0,0,0,1,1,1,1,1
stencil_N768,stencil,768,matrix,cpu_ready,5,0.6989700043360189,cpu,11.182220397538336,cpu,0.00088274050835955,63.41758075456311,0.00088274050835955,0.3727242784250335,0.0023683472192625003,94.46409281212514,0.6713406000806161,7184070.223751919,2.885361220031512,2933780.0,6.467427543601227,9437184.0,6.9748424227189485,0.310874515109592,2.911311212124281,0.0230677433333333,0.0745448556850067,0.0004736694438525,93.70858862243249,0.6666908896666666,0.1888760474231657,0.0011624276034874,1,0.023595745,2.8051535144751982,118.88387141305341,23.595745,1.4547850136282787,13.064959794913086,0.3528074179120802,0.4695477705349674,1794984892.9865491,3044371.920533872,0.6422743592117985,,,,,,cpu,0,0,0,0,0,0,0,0,0,0,0,0,1,1,1,1,1
stencil_N768,stencil,768,matrix,cpu_ready,10,1.0,cpu,9.81449388366089,cpu,0.0035309620334382,64.60610876304784,0.0035309620334382,0.745448556850067,0.004736694438525001,95.40847304924098,0.6771527380980532,1829602.7311885029,2.885361220031512,2933780.0,6.467427543601227,9437184.0,6.9748424227189485,0.310874515109592,2.911311212124281,0.0230677433333333,0.0745448556850067,0.0004736694438525,93.70858862243249,0.6666908896666666,0.1888760474231657,0.0011624276034874,1,0.023595745,2.8051535144751982,118.88387141305341,23.595745,1.4547850136282787,13.064959794913086,0.3528074179120802,0.4695477705349674,1794984892.9865491,3044371.920533872,0.6422743592117985,,,,,,cpu,0,0,0,0,0,0,0,0,0,0,0,0,1,1,1,1,1
stencil_N768,stencil,768,matrix,cpu_ready,30,1.4771212547196624,cpu,7.689855315366926,cpu,0.03177865830094379,69.46999816256786,0.03177865830094379,2.2363456705502007,0.014210083315575,99.18599399770429,0.7004012901678012,218505.825031023,2.885361220031512,2933780.0,6.467427543601227,9437184.0,6.9748424227189485,0.310874515109592,2.911311212124281,0.0230677433333333,0.0745448556850067,0.0004736694438525,93.70858862243249,0.6666908896666666,0.1888760474231657,0.0011624276034874,1,0.023595745,2.8051535144751982,118.88387141305341,23.595745,1.4547850136282787,13.064959794913086,0.3528074179120802,0.4695477705349674,1794984892.9865491,3044371.920533872,0.6422743592117985,,,,,,cpu,0,0,0,0,0,0,0,0,0,0,0,0,1,1,1,1,1
stencil_N768,stencil,768,matrix,cpu_ready,100,2.0,cpu,5.5169506287884476,cpu,0.35309620334381997,87.87680586721035,0.35309620334381997,7.45448556850067,0.04736694438525,112.40731731732589,0.7817712224119192,24787.496675131948,2.885361220031512,2933780.0,6.467427543601227,9437184.0,6.9748424227189485,0.310874515109592,2.911311212124281,0.0230677433333333,0.0745448556850067,0.0004736694438525,93.70858862243249,0.6666908896666666,0.1888760474231657,0.0011624276034874,1,0.023595745,2.8051535144751982,118.88387141305341,23.595745,1.4547850136282787,13.064959794913086,0.3528074179120802,0.4695477705349674,1794984892.9865491,3044371.920533872,0.6422743592117985,,,,,,cpu,0,0,0,0,0,0,0,0,0,0,0,0,1,1,1,1,1
stencil_N768,stencil,768,matrix,cpu_ready,1000,3.0,cpu,2.682352472387498,cpu,35.309620334382,516.2070423744295,35.309620334382,74.5448556850067,0.47366944385250004,282.395759998175,1.827956065550579,1361.9444714668423,2.885361220031512,2933780.0,6.467427543601227,9437184.0,6.9748424227189485,0.310874515109592,2.911311212124281,0.0230677433333333,0.0745448556850067,0.0004736694438525,93.70858862243249,0.6666908896666666,0.1888760474231657,0.0011624276034874,1,0.023595745,2.8051535144751982,118.88387141305341,23.595745,1.4547850136282787,13.064959794913086,0.3528074179120802,0.4695477705349674,1794984892.9865491,3044371.920533872,0.6422743592117985,,,,,,cpu,0,0,0,0,0,0,0,0,0,0,0,0,1,1,1,1,1
stencil_N768,stencil,768,matrix,gpu_ready,1,0.0,gpu,-5.7231925500698475,gpu,0.06715737980473836,0.000219554731162283,0.000219554731162283,2.911311212124281,0.0230677433333333,0.1888760474231657,0.0011624276034874,30487.9902697698,2.885361220031512,2933780.0,6.467427543601227,9437184.0,6.9748424227189485,0.310874515109592,2.911311212124281,0.0230677433333333,0.0745448556850067,0.0004736694438525,93.70858862243249,0.6666908896666666,0.1888760474231657,0.0011624276034874,1,0.506352983,75.24864734356578,148.60907286007986,101.2705966,,,,,,,,64041.947756517904,0.0,0.0,1410.0,27.0,gpu,0,0,0,0,0,1,1,1,1,1,1,1,0,0,0,0,0
stencil_N768,stencil,768,matrix,gpu_ready,2,0.3010299956639812,gpu,-4.382506983393854,gpu,0.07029127018556332,0.000878218924649132,0.000878218924649132,2.9858560678092876,0.0235414127771858,0.3777520948463314,0.0023248552069748,7903.8437128471405,2.885361220031512,2933780.0,6.467427543601227,9437184.0,6.9748424227189485,0.310874515109592,2.911311212124281,0.0230677433333333,0.0745448556850067,0.0004736694438525,93.70858862243249,0.6666908896666666,0.1888760474231657,0.0011624276034874,1,0.506352983,75.24864734356578,148.60907286007986,101.2705966,,,,,,,,64041.947756517904,0.0,0.0,1410.0,27.0,gpu,0,0,0,0,0,1,1,1,1,1,1,1,0,0,0,0,0
stencil_N768,stencil,768,matrix,gpu_ready,3,0.47712125471966244,gpu,-3.6161571424883086,gpu,0.07349577980705702,0.001975992580460547,0.001975992580460547,3.0604009234942944,0.0240150822210383,0.5666281422694971,0.0034872828104622,3619.4360208542516,2.885361220031512,2933780.0,6.467427543601227,9437184.0,6.9748424227189485,0.310874515109592,2.911311212124281,0.0230677433333333,0.0745448556850067,0.0004736694438525,93.70858862243249,0.6666908896666666,0.1888760474231657,0.0011624276034874,1,0.506352983,75.24864734356578,148.60907286007986,101.2705966,,,,,,,,64041.947756517904,0.0,0.0,1410.0,27.0,gpu,0,0,0,0,0,1,1,1,1,1,1,1,0,0,0,0,0
stencil_N768,stencil,768,matrix,gpu_ready,5,0.6989700043360189,gpu,-2.6807616901463116,gpu,0.08011665677205072,0.005488868279057074,0.005488868279057074,3.2094906348643075,0.0249624211087433,0.9443802371158284,0.0058121380174369994,1359.620684973221,2.885361220031512,2933780.0,6.467427543601227,9437184.0,6.9748424227189485,0.310874515109592,2.911311212124281,0.0230677433333333,0.0745448556850067,0.0004736694438525,93.70858862243249,0.6666908896666666,0.1888760474231657,0.0011624276034874,1,0.506352983,75.24864734356578,148.60907286007986,101.2705966,,,,,,,,64041.947756517904,0.0,0.0,1410.0,27.0,gpu,0,0,0,0,0,1,1,1,1,1,1,1,0,0,0,0,0
stencil_N768,stencil,768,matrix,gpu_ready,10,1.0,gpu,-1.4949779593568402,gpu,0.09790468589623837,0.021955473116228297,0.021955473116228297,3.582214913289341,0.0273307683280058,1.8887604742316568,0.011624276034873999,345.9238267285278,2.885361220031512,2933780.0,6.467427543601227,9437184.0,6.9748424227189485,0.310874515109592,2.911311212124281,0.0230677433333333,0.0745448556850067,0.0004736694438525,93.70858862243249,0.6666908896666666,0.1888760474231657,0.0011624276034874,1,0.506352983,75.24864734356578,148.60907286007986,101.2705966,,,,,,,,64041.947756517904,0.0,0.0,1410.0,27.0,gpu,0,0,0,0,0,1,1,1,1,1,1,1,0,0,0,0,0
stencil_N768,stencil,768,matrix,gpu_ready,30,1.4771212547196624,gpu,0.05667578282881214,cpu,0.18671161256017996,0.1975992580460547,0.18671161256017996,5.073112026989476,0.0368041572050558,5.66628142269497,0.034872828104622,5.831263163862118,2.885361220031512,2933780.0,6.467427543601227,9437184.0,6.9748424227189485,0.310874515109592,2.911311212124281,0.0230677433333333,0.0745448556850067,0.0004736694438525,93.70858862243249,0.6666908896666666,0.1888760474231657,0.0011624276034874,1,0.506352983,75.24864734356578,148.60907286007986,101.2705966,,,,,,,,64041.947756517904,0.0,0.0,1410.0,27.0,gpu,0,0,0,0,0,1,1,1,1,1,1,1,0,0,0,0,0
stencil_N768,stencil,768,matrix,gpu_ready,100,2.0,gpu,1.1149542273106336,cpu,0.7199864639905821,2.19554731162283,0.7199864639905821,10.291251924939944,0.06996101827473081,18.88760474231657,0.11624276034874,204.9428595440302,2.885361220031512,2933780.0,6.467427543601227,9437184.0,6.9748424227189485,0.310874515109592,2.911311212124281,0.0230677433333333,0.0745448556850067,0.0004736694438525,93.70858862243249,0.6666908896666666,0.1888760474231657,0.0011624276034874,1,0.506352983,75.24864734356578,148.60907286007986,101.2705966,,,,,,,,64041.947756517904,0.0,0.0,1410.0,27.0,gpu,0,0,0,0,0,1,1,1,1,1,1,1,0,0,0,0,0
stencil_N768,stencil,768,matrix,gpu_ready,1000,3.0,gpu,1.7435004426292504,cpu,38.401675962868374,219.554731162283,38.401675962868374,77.38162204144597,0.4962635177419808,188.8760474231657,1.1624276034874,471.7321592280931,2.885361220031512,2933780.0,6.467427543601227,9437184.0,6.9748424227189485,0.310874515109592,2.911311212124281,0.0230677433333333,0.0745448556850067,0.0004736694438525,93.70858862243249,0.6666908896666666,0.1888760474231657,0.0011624276034874,1,0.506352983,75.24864734356578,148.60907286007986,101.2705966,,,,,,,,64041.947756517904,0.0,0.0,1410.0,27.0,gpu,0,0,0,0,0,1,1,1,1,1,1,1,0,0,0,0,0
stencil_N768,stencil,768,matrix,none_ready,1,0.0,none,6.835477533391476,cpu,0.06715737980473836,62.47466231809718,0.06715737980473836,2.911311212124281,0.0230677433333333,93.70858862243249,0.6666908896666666,92927.24808463895,2.885361220031512,2933780.0,6.467427543601227,9437184.0,6.9748424227189485,0.310874515109592,2.911311212124281,0.0230677433333333,0.0745448556850067,0.0004736694438525,93.70858862243249,0.6666908896666666,0.1888760474231657,0.0011624276034874,1,,,,,,,,,,,,,,,,,,1,1,1,1,1,1,1,1,1,1,1,1,1,1,1,1,1
stencil_N768,stencil,768,matrix,none_ready,2,0.3010299956639812,none,6.79362433835961,cpu,0.07029127018556332,62.709733263020176,0.07029127018556332,2.9858560678092876,0.0235414127771858,93.89746466985565,0.667853317270154,89114.1130718957,2.885361220031512,2933780.0,6.467427543601227,9437184.0,6.9748424227189485,0.310874515109592,2.911311212124281,0.0230677433333333,0.0745448556850067,0.0004736694438525,93.70858862243249,0.6666908896666666,0.1888760474231657,0.0011624276034874,1,,,,,,,,,,,,,,,,,,1,1,1,1,1,1,1,1,1,1,1,1,1,1,1,1,1
stencil_N768,stencil,768,matrix,none_ready,3,0.47712125471966244,none,6.7527924867693425,cpu,0.07349577980705702,62.9452433174055,0.07349577980705702,3.0604009234942944,0.0240150822210383,94.08634071727882,0.6690157448736413,85544.70433901233,2.885361220031512,2933780.0,6.467427543601227,9437184.0,6.9748424227189485,0.310874515109592,2.911311212124281,0.0230677433333333,0.0745448556850067,0.0004736694438525,93.70858862243249,0.6666908896666666,0.1888760474231657,0.0011624276034874,1,,,,,,,,,,,,,,,,,,1,1,1,1,1,1,1,1,1,1,1,1,1,1,1,1,1
stencil_N768,stencil,768,matrix,none_ready,5,0.6989700043360189,none,6.674012618783676,cpu,0.08011665677205072,63.41758075456311,0.08011665677205072,3.2094906348643075,0.0249624211087433,94.46409281212514,0.6713406000806161,79056.54909939626,2.885361220031512,2933780.0,6.467427543601227,9437184.0,6.9748424227189485,0.310874515109592,2.911311212124281,0.0230677433333333,0.0745448556850067,0.0004736694438525,93.70858862243249,0.6666908896666666,0.1888760474231657,0.0011624276034874,1,,,,,,,,,,,,,,,,,,1,1,1,1,1,1,1,1,1,1,1,1,1,1,1,1,1
stencil_N768,stencil,768,matrix,none_ready,10,1.0,none,6.492069835695702,cpu,0.09790468589623837,64.60610876304784,0.09790468589623837,3.582214913289341,0.0273307683280058,95.40847304924098,0.6771527380980532,65888.78099820358,2.885361220031512,2933780.0,6.467427543601227,9437184.0,6.9748424227189485,0.310874515109592,2.911311212124281,0.0230677433333333,0.0745448556850067,0.0004736694438525,93.70858862243249,0.6666908896666666,0.1888760474231657,0.0011624276034874,1,,,,,,,,,,,,,,,,,,1,1,1,1,1,1,1,1,1,1,1,1,1,1,1,1,1
stencil_N768,stencil,768,matrix,none_ready,30,1.4771212547196624,none,5.9190850095873895,cpu,0.18671161256017996,69.46999816256786,0.18671161256017996,5.073112026989476,0.0368041572050558,99.18599399770429,0.7004012901678012,37107.111657383735,2.885361220031512,2933780.0,6.467427543601227,9437184.0,6.9748424227189485,0.310874515109592,2.911311212124281,0.0230677433333333,0.0745448556850067,0.0004736694438525,93.70858862243249,0.6666908896666666,0.1888760474231657,0.0011624276034874,1,,,,,,,,,,,,,,,,,,1,1,1,1,1,1,1,1,1,1,1,1,1,1,1,1,1
stencil_N768,stencil,768,matrix,none_ready,100,2.0,none,4.804458767490733,cpu,0.7199864639905821,87.87680586721035,0.7199864639905821,10.291251924939944,0.06996101827473081,112.40731731732589,0.7817712224119192,12105.341386579157,2.885361220031512,2933780.0,6.467427543601227,9437184.0,6.9748424227189485,0.310874515109592,2.911311212124281,0.0230677433333333,0.0745448556850067,0.0004736694438525,93.70858862243249,0.6666908896666666,0.1888760474231657,0.0011624276034874,1,,,,,,,,,,,,,,,,,,1,1,1,1,1,1,1,1,1,1,1,1,1,1,1,1,1
stencil_N768,stencil,768,matrix,none_ready,1000,3.0,none,2.5984068264083993,cpu,38.401675962868374,516.2070423744295,38.401675962868374,77.38162204144597,0.4962635177419808,282.395759998175,1.827956065550579,1244.2305040893636,2.885361220031512,2933780.0,6.467427543601227,9437184.0,6.9748424227189485,0.310874515109592,2.911311212124281,0.0230677433333333,0.0745448556850067,0.0004736694438525,93.70858862243249,0.6666908896666666,0.1888760474231657,0.0011624276034874,1,,,,,,,,,,,,,,,,,,1,1,1,1,1,1,1,1,1,1,1,1,1,1,1,1,1
stencil_N96,stencil,96,matrix,cpu_ready,1,0.0,cpu,22.649412344458202,cpu,7.215627125500389e-09,49.52094025830217,7.215627125500389e-09,0.001039502412356,6.941424127286434e-06,83.14464435901566,0.5955998806666667,686301265153.7528,1.9822712330395684,44180.0,4.645225711535416,147456.0,5.168662448735062,0.2996148003472222,3.2105196933573947,0.022542806,0.001039502412356,6.941424127286434e-06,83.14464435901566,0.5955998806666667,0.0164666820414237,0.0001078760620542,1,0.022817968,2.8104440689693067,123.16802569664864,22.817968,1.3737355399603055,1.901153161973423,0.1064112677110215,0.5002037256355797,1481712157.8396404,2908044.558819568,0.6669191577444582,,,,,,cpu,0,0,0,0,0,0,0,0,0,0,0,0,1,1,1,1,1
stencil_N96,stencil,96,matrix,cpu_ready,2,0.3010299956639812,cpu,21.263497117646875,cpu,2.8862508502001558e-08,49.53971890533618,2.8862508502001558e-08,0.002079004824712,1.3882848254572867e-05,83.16111104105708,0.5957077567287209,171640378635.27417,1.9822712330395684,44180.0,4.645225711535416,147456.0,5.168662448735062,0.2996148003472222,3.2105196933573947,0.022542806,0.001039502412356,6.941424127286434e-06,83.14464435901566,0.5955998806666667,0.0164666820414237,0.0001078760620542,1,0.022817968,2.8104440689693067,123.16802569664864,22.817968,1.3737355399603055,1.901153161973423,0.1064112677110215,0.5002037256355797,1481712157.8396404,2908044.558819568,0.6669191577444582,,,,,,cpu,0,0,0,0,0,0,0,0,0,0,0,0,1,1,1,1,1
stencil_N96,stencil,96,matrix,cpu_ready,3,0.47712125471966244,cpu,20.452945963738195,cpu,6.494064412950351e-08,49.558501105091814,6.494064412950351e-08,0.0031185072370679997,2.0824272381859302e-05,83.17757772309851,0.5958156327907751,76313534773.8813,1.9822712330395684,44180.0,4.645225711535416,147456.0,5.168662448735062,0.2996148003472222,3.2105196933573947,0.022542806,0.001039502412356,6.941424127286434e-06,83.14464435901566,0.5955998806666667,0.0164666820414237,0.0001078760620542,1,0.022817968,2.8104440689693067,123.16802569664864,22.817968,1.3737355399603055,1.901153161973423,0.1064112677110215,0.5002037256355797,1481712157.8396404,2908044.558819568,0.6669191577444582,,,,,,cpu,0,0,0,0,0,0,0,0,0,0,0,0,1,1,1,1,1
stencil_N96,stencil,96,matrix,cpu_ready,5,0.6989700043360189,cpu,19.432052624928335,cpu,1.8039067813750972e-07,49.59607616276797,1.8039067813750972e-07,0.005197512061779999,3.470712063643217e-05,83.21051108718136,0.5960313849148835,27493702276.883057,1.9822712330395684,44180.0,4.645225711535416,147456.0,5.168662448735062,0.2996148003472222,3.2105196933573947,0.022542806,0.001039502412356,6.941424127286434e-06,83.14464435901566,0.5955998806666667,0.0164666820414237,0.0001078760620542,1,0.022817968,2.8104440689693067,123.16802569664864,22.817968,1.3737355399603055,1.901153161973423,0.1064112677110215,0.5002037256355797,1481712157.8396404,2908044.558819568,0.6669191577444582,,,,,,cpu,0,0,0,0,0,0,0,0,0,0,0,0,1,1,1,1,1
stencil_N96,stencil,96,matrix,cpu_ready,10,1.0,cpu,18.04765177751355,cpu,7.215627125500389e-07,49.690075979586844,7.215627125500389e-07,0.010395024123559998,6.941424127286434e-05,83.29284449738847,0.5965707652251545,6886452749.535366,1.9822712330395684,44180.0,4.645225711535416,147456.0,5.168662448735062,0.2996148003472222,3.2105196933573947,0.022542806,0.001039502412356,6.941424127286434e-06,83.14464435901566,0.5955998806666667,0.0164666820414237,0.0001078760620542,1,0.022817968,2.8104440689693067,123.16802569664864,22.817968,1.3737355399603055,1.901153161973423,0.1064112677110215,0.5002037256355797,1481712157.8396404,2908044.558819568,0.6669191577444582,,,,,,cpu,0,0,0,0,0,0,0,0,0,0,0,0,1,1,1,1,1
stencil_N96,stencil,96,matrix,cpu_ready,30,1.4771212547196624,cpu,15.85798334344562,cpu,6.49406441295035e-06,50.06696342726918,6.49406441295035e-06,0.03118507237068,0.000208242723818593,83.62217813821694,0.5987282864662385,770964895.7802469,1.9822712330395684,44180.0,4.645225711535416,147456.0,5.168662448735062,0.2996148003472222,3.2105196933573947,0.022542806,0.001039502412356,6.941424127286434e-06,83.14464435901566,0.5955998806666667,0.0164666820414237,0.0001078760620542,1,0.022817968,2.8104440689693067,123.16802569664864,22.817968,1.3737355399603055,1.901153161973423,0.1064112677110215,0.5002037256355797,1481712157.8396404,2908044.558819568,0.6669191577444582,,,,,,cpu,0,0,0,0,0,0,0,0,0,0,0,0,1,1,1,1,1
stencil_N96,stencil,96,matrix,cpu_ready,100,2.0,cpu,13.47626123152489,cpu,7.21562712550039e-05,51.39726056728386,7.21562712550039e-05,0.1039502412356,0.0006941424127286434,84.7748458811166,0.6062796108100325,71230383.05204596,1.9822712330395684,44180.0,4.645225711535416,147456.0,5.168662448735062,0.2996148003472222,3.2105196933573947,0.022542806,0.001039502412356,6.941424127286434e-06,83.14464435901566,0.5955998806666667,0.0164666820414237,0.0001078760620542,1,0.022817968,2.8104440689693067,123.16802569664864,22.817968,1.3737355399603055,1.901153161973423,0.1064112677110215,0.5002037256355797,1481712157.8396404,2908044.558819568,0.6669191577444582,,,,,,cpu,0,0,0,0,0,0,0,0,0,0,0,0,1,1,1,1,1
stencil_N96,stencil,96,matrix,cpu_ready,1000,3.0,cpu,9.180741766333654,cpu,0.007215627125500389,70.0518439292852,0.007215627125500389,1.039502412356,0.006941424127286434,99.59485971839794,0.7033680666588125,970735.1430982131,1.9822712330395684,44180.0,4.645225711535416,147456.0,5.168662448735062,0.2996148003472222,3.2105196933573947,0.022542806,0.001039502412356,6.941424127286434e-06,83.14464435901566,0.5955998806666667,0.0164666820414237,0.0001078760620542,1,0.022817968,2.8104440689693067,123.16802569664864,22.817968,1.3737355399603055,1.901153161973423,0.1064112677110215,0.5002037256355797,1481712157.8396404,2908044.558819568,0.6669191577444582,,,,,,cpu,0,0,0,0,0,0,0,0,0,0,0,0,1,1,1,1,1
stencil_N96,stencil,96,matrix,gpu_ready,1,0.0,gpu,-10.615037307103323,gpu,0.07237412260653524,1.776360813727404e-06,1.776360813727404e-06,3.2105196933573947,0.022542806,0.0164666820414237,0.0001078760620542,4074191.7794200787,1.9822712330395684,44180.0,4.645225711535416,147456.0,5.168662448735062,0.2996148003472222,3.2105196933573947,0.022542806,0.001039502412356,6.941424127286434e-06,83.14464435901566,0.5955998806666667,0.0164666820414237,0.0001078760620542,1,0.514085382,75.0938202949201,146.07266209899763,102.8170764,,,,,,,,62632.69774313481,0.0,0.0,1410.0,22.813289944898685,gpu,0,0,0,0,0,1,1,1,1,1,1,1,0,0,0,0,0
stencil_N96,stencil,96,matrix,gpu_ready,2,0.3010299956639812,gpu,-9.229374548208481,gpu,0.07241984870224123,7.105443254909616e-06,7.105443254909616e-06,3.211559195769751,0.022549747424127284,0.0329333640828474,0.0002157521241084,1019116.4810014016,1.9822712330395684,44180.0,4.645225711535416,147456.0,5.168662448735062,0.2996148003472222,3.2105196933573947,0.022542806,0.001039502412356,6.941424127286434e-06,83.14464435901566,0.5955998806666667,0.0164666820414237,0.0001078760620542,1,0.514085382,75.0938202949201,146.07266209899763,102.8170764,,,,,,,,62632.69774313481,0.0,0.0,1410.0,22.813289944898685,gpu,0,0,0,0,0,1,1,1,1,1,1,1,0,0,0,0,0
stencil_N96,stencil,96,matrix,gpu_ready,3,0.47712125471966244,gpu,-8.41907573469394,gpu,0.07246558922920149,1.5987247323546633e-05,1.5987247323546633e-05,3.2125986981821066,0.022556688848254573,0.0494000461242711,0.0003236281861626,453171.2089996342,1.9822712330395684,44180.0,4.645225711535416,147456.0,5.168662448735062,0.2996148003472222,3.2105196933573947,0.022542806,0.001039502412356,6.941424127286434e-06,83.14464435901566,0.5955998806666667,0.0164666820414237,0.0001078760620542,1,0.514085382,75.0938202949201,146.07266209899763,102.8170764,,,,,,,,62632.69774313481,0.0,0.0,1410.0,22.813289944898685,gpu,0,0,0,0,0,1,1,1,1,1,1,1,0,0,0,0,0
stencil_N96,stencil,96,matrix,gpu_ready,5,0.6989700043360189,gpu,-7.3986866945000305,gpu,0.07255711357688473,4.44090203431851e-05,4.44090203431851e-05,3.2146777030068185,0.022570571696509143,0.08233341020711851,0.000539380310271,163283.72928782512,1.9822712330395684,44180.0,4.645225711535416,147456.0,5.168662448735062,0.2996148003472222,3.2105196933573947,0.022542806,0.001039502412356,6.941424127286434e-06,83.14464435901566,0.5955998806666667,0.0164666820414237,0.0001078760620542,1,0.514085382,75.0938202949201,146.07266209899763,102.8170764,,,,,,,,62632.69774313481,0.0,0.0,1410.0,22.813289944898685,gpu,0,0,0,0,0,1,1,1,1,1,1,1,0,0,0,0,0
stencil_N96,stencil,96,matrix,gpu_ready,10,1.0,gpu,-6.015544368880519,gpu,0.07278617699304225,0.0001776360813727404,0.0001776360813727404,3.2198752150685985,0.022605278817145576,0.16466682041423703,0.001078760620542,40874.883272904626,1.9822712330395684,44180.0,4.645225711535416,147456.0,5.168662448735062,0.2996148003472222,3.2105196933573947,0.022542806,0.001039502412356,6.941424127286434e-06,83.14464435901566,0.5955998806666667,0.0164666820414237,0.0001078760620542,1,0.514085382,75.0938202949201,146.07266209899763,102.8170764,,,,,,,,62632.69774313481,0.0,0.0,1410.0,22.813289944898685,gpu,0,0,0,0,0,1,1,1,1,1,1,1,0,0,0,0,0
stencil_N96,stencil,96,matrix,gpu_ready,30,1.4771212547196624,gpu,-3.830878459802584,gpu,0.0737060384712351,0.0015987247323546636,0.0015987247323546636,3.240665263315719,0.022744107299691306,0.494000461242711,0.0032362818616260003,4510.302010070113,1.9822712330395684,44180.0,4.645225711535416,147456.0,5.168662448735062,0.2996148003472222,3.2105196933573947,0.022542806,0.001039502412356,6.941424127286434e-06,83.14464435901566,0.5955998806666667,0.0164666820414237,0.0001078760620542,1,0.514085382,75.0938202949201,146.07266209899763,102.8170764,,,,,,,,62632.69774313481,0.0,0.0,1410.0,22.813289944898685,gpu,0,0,0,0,0,1,1,1,1,1,1,1,0,0,0,0,0
stencil_N96,stencil,96,matrix,gpu_ready,100,2.0,gpu,-1.4662770068719635,gpu,0.07697101209580065,0.01776360813727404,0.01776360813727404,3.3134304321806387,0.023230006988601355,1.6466682041423701,0.01078760620542,333.3073072822943,1.9822712330395684,44180.0,4.645225711535416,147456.0,5.168662448735062,0.2996148003472222,3.2105196933573947,0.022542806,0.001039502412356,6.941424127286434e-06,83.14464435901566,0.5955998806666667,0.0164666820414237,0.0001078760620542,1,0.514085382,75.0938202949201,146.07266209899763,102.8170764,,,,,,,,62632.69774313481,0.0,0.0,1410.0,22.813289944898685,gpu,0,0,0,0,0,1,1,1,1,1,1,1,0,0,0,0,0
stencil_N96,stencil,96,matrix,gpu_ready,1000,3.0,gpu,2.6520224046092378,cpu,0.12524848689220547,1.776360813727404,0.12524848689220547,4.248982603301039,0.029477288703159146,16.466682041423702,0.1078760620542,1318.2692803755951,1.9822712330395684,44180.0,4.645225711535416,147456.0,5.168662448735062,0.2996148003472222,3.2105196933573947,0.022542806,0.001039502412356,6.941424127286434e-06,83.14464435901566,0.5955998806666667,0.0164666820414237,0.0001078760620542,1,0.514085382,75.0938202949201,146.07266209899763,102.8170764,,,,,,,,62632.69774313481,0.0,0.0,1410.0,22.813289944898685,gpu,0,0,0,0,0,1,1,1,1,1,1,1,0,0,0,0,0
stencil_N96,stencil,96,matrix,none_ready,1,0.0,none,6.528302081684404,cpu,0.07237412260653524,49.52094025830217,0.07237412260653524,3.2105196933573947,0.022542806,83.14464435901566,0.5955998806666667,68323.54487324801,1.9822712330395684,44180.0,4.645225711535416,147456.0,5.168662448735062,0.2996148003472222,3.2105196933573947,0.022542806,0.001039502412356,6.941424127286434e-06,83.14464435901566,0.5955998806666667,0.0164666820414237,0.0001078760620542,1,,,,,,,,,,,,,,,,,,1,1,1,1,1,1,1,1,1,1,1,1,1,1,1,1,1
stencil_N96,stencil,96,matrix,none_ready,2,0.3010299956639812,none,6.52804961376792,cpu,0.07241984870224123,49.53971890533618,0.07241984870224123,3.211559195769751,0.022549747424127284,83.16111104105708,0.5957077567287209,68306.27230391194,1.9822712330395684,44180.0,4.645225711535416,147456.0,5.168662448735062,0.2996148003472222,3.2105196933573947,0.022542806,0.001039502412356,6.941424127286434e-06,83.14464435901566,0.5955998806666667,0.0164666820414237,0.0001078760620542,1,,,,,,,,,,,,,,,,,,1,1,1,1,1,1,1,1,1,1,1,1,1,1,1,1,1
stencil_N96,stencil,96,matrix,none_ready,3,0.47712125471966244,none,6.527797273373781,cpu,0.07246558922920149,49.558501105091814,0.07246558922920149,3.2125986981821066,0.022556688848254573,83.17757772309851,0.5958156327907751,68289.01281592174,1.9822712330395684,44180.0,4.645225711535416,147456.0,5.168662448735062,0.2996148003472222,3.2105196933573947,0.022542806,0.001039502412356,6.941424127286434e-06,83.14464435901566,0.5955998806666667,0.0164666820414237,0.0001078760620542,1,,,,,,,,,,,,,,,,,,1,1,1,1,1,1,1,1,1,1,1,1,1,1,1,1,1
stencil_N96,stencil,96,matrix,none_ready,5,0.6989700043360189,none,6.527292974757832,cpu,0.07255711357688473,49.59607616276797,0.07255711357688473,3.2146777030068185,0.022570571696509143,83.21051108718136,0.5960313849148835,68254.53302619843,1.9822712330395684,44180.0,4.645225711535416,147456.0,5.168662448735062,0.2996148003472222,3.2105196933573947,0.022542806,0.001039502412356,6.941424127286434e-06,83.14464435901566,0.5955998806666667,0.0164666820414237,0.0001078760620542,1,,,,,,,,,,,,,,,,,,1,1,1,1,1,1,1,1,1,1,1,1,1,1,1,1,1
stencil_N96,stencil,96,matrix,none_ready,10,1.0,none,6.526034452962559,cpu,0.07278617699304225,49.690075979586844,0.07278617699304225,3.2198752150685985,0.022605278817145576,83.29284449738847,0.5965707652251545,68168.56146646746,1.9822712330395684,44180.0,4.645225711535416,147456.0,5.168662448735062,0.2996148003472222,3.2105196933573947,0.022542806,0.001039502412356,6.941424127286434e-06,83.14464435901566,0.5955998806666667,0.0164666820414237,0.0001078760620542,1,,,,,,,,,,,,,,,,,,1,1,1,1,1,1,1,1,1,1,1,1,1,1,1,1,1
stencil_N96,stencil,96,matrix,none_ready,30,1.4771212547196624,none,6.521031927972562,cpu,0.0737060384712351,50.06696342726918,0.0737060384712351,3.240665263315719,0.022744107299691306,83.62217813821694,0.5987282864662385,67827.89907818554,1.9822712330395684,44180.0,4.645225711535416,147456.0,5.168662448735062,0.2996148003472222,3.2105196933573947,0.022542806,0.001039502412356,6.941424127286434e-06,83.14464435901566,0.5955998806666667,0.0164666820414237,0.0001078760620542,1,,,,,,,,,,,,,,,,,,1,1,1,1,1,1,1,1,1,1,1,1,1,1,1,1,1
stencil_N96,stencil,96,matrix,none_ready,100,2.0,none,6.503911268982453,cpu,0.07697101209580065,51.39726056728386,0.07697101209580065,3.3134304321806387,0.023230006988601355,84.7748458811166,0.6062796108100325,66674.82751988909,1.9822712330395684,44180.0,4.645225711535416,147456.0,5.168662448735062,0.2996148003472222,3.2105196933573947,0.022542806,0.001039502412356,6.941424127286434e-06,83.14464435901566,0.5955998806666667,0.0164666820414237,0.0001078760620542,1,,,,,,,,,,,,,,,,,,1,1,1,1,1,1,1,1,1,1,1,1,1,1,1,1,1
stencil_N96,stencil,96,matrix,none_ready,1000,3.0,none,6.326691215272417,cpu,0.12524848689220547,70.0518439292852,0.12524848689220547,4.248982603301039,0.029477288703159146,99.59485971839794,0.7033680666588125,55830.29158873192,1.9822712330395684,44180.0,4.645225711535416,147456.0,5.168662448735062,0.2996148003472222,3.2105196933573947,0.022542806,0.001039502412356,6.941424127286434e-06,83.14464435901566,0.5955998806666667,0.0164666820414237,0.0001078760620542,1,,,,,,,,,,,,,,,,,,1,1,1,1,1,1,1,1,1,1,1,1,1,1,1,1,1
