fold,regime,resource_state,k,method,name,with_probe,abstention_rate,tuned,n,accuracy,balanced_accuracy,mcc,precision_migrate_gpu,recall_migrate_gpu,tp_gpu,fp_gpu,fn_gpu,tn_cpu,regret_ratio_mean,regret_ratio_median,regret_ratio_p95,regret_ratio_max,oracle_savings_captured_pct,edp_sum_js,edp_sum_ratio_vs_oracle
interpolation_fold0,interpolation,cpu_ready,1,baseline,always_cpu_ref,,,,20,1.0,1.0,,,,0,0,0,20,1.0,1.0,1.0,1.0,100.0,1.2970269240761343,1.0
interpolation_fold0,interpolation,cpu_ready,2,baseline,always_cpu_ref,,,,20,1.0,1.0,,,,0,0,0,20,1.0,1.0,1.0,1.0,100.0,5.188107696304537,1.0
interpolation_fold0,interpolation,cpu_ready,3,baseline,always_cpu_ref,,,,20,1.0,1.0,,,,0,0,0,20,1.0,1.0,1.0,1.0,100.0,11.673242316685208,1.0
interpolation_fold0,interpolation,cpu_ready,5,baseline,always_cpu_ref,,,,20,1.0,1.0,,,,0,0,0,20,1.0,1.0,1.0,1.0,100.0,32.42567310190335,1.0
interpolation_fold0,interpolation,cpu_ready,10,baseline,always_cpu_ref,,,,20,1.0,1.0,,,,0,0,0,20,1.0,1.0,1.0,1.0,100.0,129.7026924076134,1.0
interpolation_fold0,interpolation,cpu_ready,30,baseline,always_cpu_ref,,,,20,0.85,0.5,,,0.0,0,0,3,17,1.2947443010811233,1.0,2.2620818912369813,5.315735105181755,85.0,1167.3242316685205,2.6731734528517173
interpolation_fold0,interpolation,cpu_ready,100,baseline,always_cpu_ref,,,,20,0.85,0.5,,,0.0,0,0,3,17,2.345905845046913,1.0,6.0903822741780465,19.928378383895858,85.0,12970.269240761341,7.713739868863157
interpolation_fold0,interpolation,cpu_ready,1000,baseline,always_cpu_ref,,,,20,0.75,0.5,,,0.0,0,0,5,15,4.5081279690078375,1.0,11.374536120920762,48.903209075121126,75.0,1297026.924076134,14.93990971116328
interpolation_fold0,interpolation,cpu_ready,1,baseline,always_gpu_ref,,,,20,0.0,0.0,,0.0,,0,20,0,0,460657219.88963574,1730778.8780400413,932605149.2726195,6863012652.537528,0.0,1145.4437423361273,883.1302736078676
interpolation_fold0,interpolation,cpu_ready,2,baseline,always_gpu_ref,,,,20,0.0,0.0,,0.0,,0,20,0,0,115226893.21090035,433911.27069061063,233227251.5525388,1716403787.3527417,0.0,1158.310408579861,223.26259907922102
interpolation_fold0,interpolation,cpu_ready,3,baseline,always_gpu_ref,,,,20,0.0,0.0,,0.0,,0,20,0,0,51239785.14009842,193390.9886203296,103690323.69790411,763135348.738813,0.0,1171.3882591191891,100.34814898383968
interpolation_fold0,interpolation,cpu_ready,5,baseline,always_gpu_ref,,,,20,0.0,0.0,,0.0,,0,20,0,0,18466378.979416452,70011.57430073532,37352835.11293751,274937023.76883054,0.0,1198.1775130846295,36.951507816634894
interpolation_fold0,interpolation,cpu_ready,10,baseline,always_gpu_ref,,,,20,0.0,0.0,,0.0,,0,20,0,0,4629154.531548044,17748.486840740738,9353416.665144932,68864528.49535367,0.0,1268.8463731711408,9.7827296382065
interpolation_fold0,interpolation,cpu_ready,30,baseline,always_gpu_ref,,,,20,0.15,0.5,,0.15,1.0,3,17,0,0,519971.7314789515,2083.320572030604,1046041.5051557635,7709649.957802469,15.0,1604.317887415891,3.6738892847665388
interpolation_fold0,interpolation,cpu_ready,100,baseline,always_gpu_ref,,,,20,0.15,0.5,,0.15,1.0,3,17,0,0,48612.48235087073,224.9449731551591,96293.01834346703,712304.8305204596,15.0,3443.6987183962165,2.048052789603201
interpolation_fold0,interpolation,cpu_ready,1000,baseline,always_gpu_ref,,,,20,0.25,0.5,,0.25,1.0,5,15,0,0,780.9924514877973,20.752865568046847,2749.365930532975,9708.351430982133,25.0,119274.82585814148,1.3738767453918774
interpolation_fold0,interpolation,cpu_ready,1,baseline,stay_on_ready_device,,,,20,1.0,1.0,,,,0,0,0,20,1.0,1.0,1.0,1.0,100.0,1.2970269240761343,1.0
interpolation_fold0,interpolation,cpu_ready,2,baseline,stay_on_ready_device,,,,20,1.0,1.0,,,,0,0,0,20,1.0,1.0,1.0,1.0,100.0,5.188107696304537,1.0
interpolation_fold0,interpolation,cpu_ready,3,baseline,stay_on_ready_device,,,,20,1.0,1.0,,,,0,0,0,20,1.0,1.0,1.0,1.0,100.0,11.673242316685208,1.0
interpolation_fold0,interpolation,cpu_ready,5,baseline,stay_on_ready_device,,,,20,1.0,1.0,,,,0,0,0,20,1.0,1.0,1.0,1.0,100.0,32.42567310190335,1.0
interpolation_fold0,interpolation,cpu_ready,10,baseline,stay_on_ready_device,,,,20,1.0,1.0,,,,0,0,0,20,1.0,1.0,1.0,1.0,100.0,129.7026924076134,1.0
interpolation_fold0,interpolation,cpu_ready,30,baseline,stay_on_ready_device,,,,20,0.85,0.5,,,0.0,0,0,3,17,1.2947443010811233,1.0,2.2620818912369813,5.315735105181755,85.0,1167.3242316685205,2.6731734528517173
interpolation_fold0,interpolation,cpu_ready,100,baseline,stay_on_ready_device,,,,20,0.85,0.5,,,0.0,0,0,3,17,2.345905845046913,1.0,6.0903822741780465,19.928378383895858,85.0,12970.269240761341,7.713739868863157
interpolation_fold0,interpolation,cpu_ready,1000,baseline,stay_on_ready_device,,,,20,0.75,0.5,,,0.0,0,0,5,15,4.5081279690078375,1.0,11.374536120920762,48.903209075121126,75.0,1297026.924076134,14.93990971116328
interpolation_fold0,interpolation,cpu_ready,1,baseline,best_constant_device_train,,,,20,0.0,0.0,,0.0,,0,20,0,0,460657219.88963574,1730778.8780400413,932605149.2726195,6863012652.537528,0.0,1145.4437423361273,883.1302736078676
interpolation_fold0,interpolation,cpu_ready,2,baseline,best_constant_device_train,,,,20,0.0,0.0,,0.0,,0,20,0,0,115226893.21090035,433911.27069061063,233227251.5525388,1716403787.3527417,0.0,1158.310408579861,223.26259907922102
interpolation_fold0,interpolation,cpu_ready,3,baseline,best_constant_device_train,,,,20,0.0,0.0,,0.0,,0,20,0,0,51239785.14009842,193390.9886203296,103690323.69790411,763135348.738813,0.0,1171.3882591191891,100.34814898383968
interpolation_fold0,interpolation,cpu_ready,5,baseline,best_constant_device_train,,,,20,0.0,0.0,,0.0,,0,20,0,0,18466378.979416452,70011.57430073532,37352835.11293751,274937023.76883054,0.0,1198.1775130846295,36.951507816634894
interpolation_fold0,interpolation,cpu_ready,10,baseline,best_constant_device_train,,,,20,0.0,0.0,,0.0,,0,20,0,0,4629154.531548044,17748.486840740738,9353416.665144932,68864528.49535367,0.0,1268.8463731711408,9.7827296382065
interpolation_fold0,interpolation,cpu_ready,30,baseline,best_constant_device_train,,,,20,0.15,0.5,,0.15,1.0,3,17,0,0,519971.7314789515,2083.320572030604,1046041.5051557635,7709649.957802469,15.0,1604.317887415891,3.6738892847665388
interpolation_fold0,interpolation,cpu_ready,100,baseline,best_constant_device_train,,,,20,0.15,0.5,,0.15,1.0,3,17,0,0,48612.48235087073,224.9449731551591,96293.01834346703,712304.8305204596,15.0,3443.6987183962165,2.048052789603201
interpolation_fold0,interpolation,cpu_ready,1000,baseline,best_constant_device_train,,,,20,0.25,0.5,,0.25,1.0,5,15,0,0,780.9924514877973,20.752865568046847,2749.365930532975,9708.351430982133,25.0,119274.82585814148,1.3738767453918774
interpolation_fold0,interpolation,cpu_ready,1,baseline,size_threshold_train,,,,20,0.2,0.2,,0.0,,0,16,0,4,417636941.7869881,38179.31277784677,932605149.2726195,6863012652.537528,20.0,938.2148880798699,723.3580665630018
interpolation_fold0,interpolation,cpu_ready,2,baseline,size_threshold_train,,,,20,0.2,0.2,,0.0,,0,16,0,4,104451597.80270343,9657.112695826181,233227251.5525388,1716403787.3527417,20.0,948.2555613089223,182.77484139050543
interpolation_fold0,interpolation,cpu_ready,3,baseline,size_threshold_train,,,,20,0.2,0.2,,0.0,,0,16,0,4,46441764.406471714,4342.399310443412,103690323.69790411,763135348.738813,20.0,958.4670029855724,82.10803622362766
interpolation_fold0,interpolation,cpu_ready,5,baseline,size_threshold_train,,,,20,0.2,0.2,,0.0,,0,16,0,4,16732598.944957111,1599.9957932418688,37352835.11293751,274937023.76883054,20.0,979.4021916816658,30.204529250749033
interpolation_fold0,interpolation,cpu_ready,10,baseline,size_threshold_train,,,,20,0.2,0.2,,0.0,,0,16,0,4,4191633.9145124233,423.65735015177074,9353416.665144932,68864528.49535367,20.0,1034.7286112548593,7.977695698120465
interpolation_fold0,interpolation,cpu_ready,30,baseline,size_threshold_train,,,,20,0.35,0.6176470588235294,0.21004201260420147,0.1875,1.0,3,13,0,4,469518.7703678104,58.70038562078143,1046041.5051557635,7709649.957802469,35.0,1298.726401447054,2.974084529971237
interpolation_fold0,interpolation,cpu_ready,100,baseline,size_threshold_train,,,,20,0.35,0.6176470588235294,0.21004201260420147,0.1875,1.0,3,13,0,4,43460.30118763475,10.20722556793051,96293.01834346703,712304.8305204596,35.0,2760.639277052449,1.6418204479538663
interpolation_fold0,interpolation,cpu_ready,1000,baseline,size_threshold_train,,,,20,0.45,0.6333333333333333,0.28867513459481287,0.3125,1.0,5,11,0,4,606.5817486020273,2.4833672914030838,1282.7402274071142,9708.351430982133,45.0,96097.08933979784,1.1069021094259859
interpolation_fold0,interpolation,cpu_ready,1,baseline,intensity_threshold_train,,,,20,0.55,0.55,,0.0,,0,9,0,11,32189583.812100627,1.0,51482637.95107927,620478438.5744617,55.00000000000001,538.0553430302186,414.8374509754088
interpolation_fold0,interpolation,cpu_ready,2,baseline,intensity_threshold_train,,,,20,0.55,0.55,,0.0,,0,9,0,11,8050109.451420489,1.0,12880192.441509675,155165328.61568487,55.00000000000001,546.2467004211377,105.2882346313332
interpolation_fold0,interpolation,cpu_ready,3,baseline,intensity_threshold_train,,,,20,0.55,0.55,,0.0,,0,9,0,11,3579032.8409995846,1.0,5728769.258132876,68982690.80101363,55.00000000000001,554.5958142717446,47.510006151335546
interpolation_fold0,interpolation,cpu_ready,5,baseline,intensity_threshold_train,,,,20,0.55,0.55,,0.0,,0,9,0,11,1289320.8961929523,1.0,2065411.8265641409,24848404.131048214,55.00000000000001,571.7673113520225,17.633167075827345
interpolation_fold0,interpolation,cpu_ready,10,baseline,intensity_threshold_train,,,,20,0.55,0.55,,0.0,,0,9,0,11,322874.05464719766,1.0,518266.07004833483,6221252.884607582,55.00000000000001,617.4567920972563,4.760554932481974
interpolation_fold0,interpolation,cpu_ready,30,baseline,intensity_threshold_train,,,,20,0.7,0.8235294117647058,0.464420364012824,0.3333333333333333,1.0,3,6,0,11,36117.7275628003,1.0,58441.431019104275,695325.2708059317,70.0,839.6538300001785,1.9228079629029045
interpolation_fold0,interpolation,cpu_ready,100,baseline,intensity_threshold_train,,,,20,0.7,0.8235294117647058,0.464420364012824,0.3333333333333333,1.0,3,6,0,11,3328.368976815371,1.0,5536.31590334057,63871.34401836167,70.0,2114.27631067745,1.257412407462733
interpolation_fold0,interpolation,cpu_ready,1000,baseline,intensity_threshold_train,,,,20,0.8,0.8666666666666667,0.6382847385042254,0.5555555555555556,1.0,5,4,0,11,45.123464745059415,1.0,100.4148284221402,816.5602434014789,80.0,87362.97428746124,1.0062974975504337
interpolation_fold0,interpolation,cpu_ready,1,baseline,operation_crossover_table_train,,,,20,0.7,0.7,,0.0,,0,6,0,14,4276.531243120465,1.0,17217.154409599127,56437.567934518505,70.0,322.0144179011063,248.271189998986
interpolation_fold0,interpolation,cpu_ready,2,baseline,operation_crossover_table_train,,,,20,0.7,0.7,,0.0,,0,6,0,14,1076.9364018138845,1.0,4334.801836912373,14202.54044834899,70.0,329.955122770381,63.598356488514376
interpolation_fold0,interpolation,cpu_ready,3,baseline,operation_crossover_table_train,,,,20,0.7,0.7,,0.0,,0,6,0,14,482.2748823250765,1.0,1940.1876985594824,6353.77444478088,70.0,338.0534838629642,28.959690434915903
interpolation_fold0,interpolation,cpu_ready,5,baseline,operation_crossover_table_train,,,,20,0.7,0.7,,0.0,,0,6,0,14,176.41890067484923,1.0,708.3176067925402,2317.409178982215,70.0,354.7231747180557,10.939577833998266
interpolation_fold0,interpolation,cpu_ready,10,baseline,operation_crossover_table_train,,,,20,0.7,0.7,,0.0,,0,6,0,14,46.11963423598983,1.0,183.31074900129923,598.3462929157794,70.0,399.156385763682,3.0774718577873714
interpolation_fold0,interpolation,cpu_ready,30,baseline,operation_crossover_table_train,,,,20,0.85,0.9117647058823529,0.641688947919748,0.5,1.0,3,3,0,14,6.523431563153241,1.0,23.2565157280747,75.26201805366195,85.0,616.3032857732911,1.4113350324953042
interpolation_fold0,interpolation,cpu_ready,100,baseline,operation_crossover_table_train,,,,20,0.85,0.9117647058823529,0.641688947919748,0.5,1.0,3,3,0,14,1.5984636339454918,1.0,3.138148075503032,9.921517547351495,85.0,1872.934539228436,1.1138804876628134
interpolation_fold0,interpolation,cpu_ready,1000,baseline,operation_crossover_table_train,,,,20,0.95,0.9666666666666667,0.8819171036881969,0.8333333333333334,1.0,5,1,0,14,1.0017006949213574,1.0,1.0017006949213574,1.034013898427149,95.0,86846.56355777559,1.0003491787205256
interpolation_fold0,interpolation,cpu_ready,1,baseline,oracle,,,,20,1.0,1.0,,,,0,0,0,20,1.0,1.0,1.0,1.0,100.0,1.2970269240761343,1.0
interpolation_fold0,interpolation,cpu_ready,2,baseline,oracle,,,,20,1.0,1.0,,,,0,0,0,20,1.0,1.0,1.0,1.0,100.0,5.188107696304537,1.0
interpolation_fold0,interpolation,cpu_ready,3,baseline,oracle,,,,20,1.0,1.0,,,,0,0,0,20,1.0,1.0,1.0,1.0,100.0,11.673242316685208,1.0
interpolation_fold0,interpolation,cpu_ready,5,baseline,oracle,,,,20,1.0,1.0,,,,0,0,0,20,1.0,1.0,1.0,1.0,100.0,32.42567310190335,1.0
interpolation_fold0,interpolation,cpu_ready,10,baseline,oracle,,,,20,1.0,1.0,,,,0,0,0,20,1.0,1.0,1.0,1.0,100.0,129.7026924076134,1.0
interpolation_fold0,interpolation,cpu_ready,30,baseline,oracle,,,,20,1.0,1.0,1.0,1.0,1.0,3,0,0,17,1.0,1.0,1.0,1.0,100.0,436.6810655040845,1.0
interpolation_fold0,interpolation,cpu_ready,100,baseline,oracle,,,,20,1.0,1.0,1.0,1.0,1.0,3,0,0,17,1.0,1.0,1.0,1.0,100.0,1681.4501734906037,1.0
interpolation_fold0,interpolation,cpu_ready,1000,baseline,oracle,,,,20,1.0,1.0,1.0,1.0,1.0,5,0,0,15,1.0,1.0,1.0,1.0,100.0,86816.24917096923,1.0
interpolation_fold0,interpolation,cpu_ready,1,baseline,stay_on_ready_device_k,,,,20,1.0,1.0,,,,0,0,0,20,1.0,1.0,1.0,1.0,100.0,1.2970269240761343,1.0
interpolation_fold0,interpolation,cpu_ready,2,baseline,stay_on_ready_device_k,,,,20,1.0,1.0,,,,0,0,0,20,1.0,1.0,1.0,1.0,100.0,5.188107696304537,1.0
interpolation_fold0,interpolation,cpu_ready,3,baseline,stay_on_ready_device_k,,,,20,1.0,1.0,,,,0,0,0,20,1.0,1.0,1.0,1.0,100.0,11.673242316685208,1.0
interpolation_fold0,interpolation,cpu_ready,5,baseline,stay_on_ready_device_k,,,,20,1.0,1.0,,,,0,0,0,20,1.0,1.0,1.0,1.0,100.0,32.42567310190335,1.0
interpolation_fold0,interpolation,cpu_ready,10,baseline,stay_on_ready_device_k,,,,20,1.0,1.0,,,,0,0,0,20,1.0,1.0,1.0,1.0,100.0,129.7026924076134,1.0
interpolation_fold0,interpolation,cpu_ready,30,baseline,stay_on_ready_device_k,,,,20,0.85,0.5,,,0.0,0,0,3,17,1.2947443010811233,1.0,2.2620818912369813,5.315735105181755,85.0,1167.3242316685205,2.6731734528517173
interpolation_fold0,interpolation,cpu_ready,100,baseline,stay_on_ready_device_k,,,,20,0.85,0.5,,,0.0,0,0,3,17,2.345905845046913,1.0,6.0903822741780465,19.928378383895858,85.0,12970.269240761341,7.713739868863157
interpolation_fold0,interpolation,cpu_ready,1000,baseline,stay_on_ready_device_k,,,,20,0.75,0.5,,,0.0,0,0,5,15,4.5081279690078375,1.0,11.374536120920762,48.903209075121126,75.0,1297026.924076134,14.93990971116328
interpolation_fold0,interpolation,cpu_ready,1,baseline,k_break_even_table_train,,,,20,1.0,1.0,,,,0,0,0,20,1.0,1.0,1.0,1.0,100.0,1.2970269240761343,1.0
interpolation_fold0,interpolation,cpu_ready,2,baseline,k_break_even_table_train,,,,20,1.0,1.0,,,,0,0,0,20,1.0,1.0,1.0,1.0,100.0,5.188107696304537,1.0
interpolation_fold0,interpolation,cpu_ready,3,baseline,k_break_even_table_train,,,,20,1.0,1.0,,,,0,0,0,20,1.0,1.0,1.0,1.0,100.0,11.673242316685208,1.0
interpolation_fold0,interpolation,cpu_ready,5,baseline,k_break_even_table_train,,,,20,1.0,1.0,,,,0,0,0,20,1.0,1.0,1.0,1.0,100.0,32.42567310190335,1.0
interpolation_fold0,interpolation,cpu_ready,10,baseline,k_break_even_table_train,,,,20,1.0,1.0,,,,0,0,0,20,1.0,1.0,1.0,1.0,100.0,129.7026924076134,1.0
interpolation_fold0,interpolation,cpu_ready,30,baseline,k_break_even_table_train,,,,20,1.0,1.0,1.0,1.0,1.0,3,0,0,17,1.0,1.0,1.0,1.0,100.0,436.6810655040845,1.0
interpolation_fold0,interpolation,cpu_ready,100,baseline,k_break_even_table_train,,,,20,1.0,1.0,1.0,1.0,1.0,3,0,0,17,1.0,1.0,1.0,1.0,100.0,1681.4501734906037,1.0
interpolation_fold0,interpolation,cpu_ready,1000,baseline,k_break_even_table_train,,,,20,0.85,0.9,0.7071067811865475,0.625,1.0,5,3,0,12,44.865861088788236,1.0,100.4148284221402,816.5602434014789,85.0,87149.52793454503,1.0038388984407685
interpolation_fold0,interpolation,cpu_ready,1,baseline,oracle_k,,,,20,1.0,1.0,,,,0,0,0,20,1.0,1.0,1.0,1.0,100.0,1.2970269240761343,1.0
interpolation_fold0,interpolation,cpu_ready,2,baseline,oracle_k,,,,20,1.0,1.0,,,,0,0,0,20,1.0,1.0,1.0,1.0,100.0,5.188107696304537,1.0
interpolation_fold0,interpolation,cpu_ready,3,baseline,oracle_k,,,,20,1.0,1.0,,,,0,0,0,20,1.0,1.0,1.0,1.0,100.0,11.673242316685208,1.0
interpolation_fold0,interpolation,cpu_ready,5,baseline,oracle_k,,,,20,1.0,1.0,,,,0,0,0,20,1.0,1.0,1.0,1.0,100.0,32.42567310190335,1.0
interpolation_fold0,interpolation,cpu_ready,10,baseline,oracle_k,,,,20,1.0,1.0,,,,0,0,0,20,1.0,1.0,1.0,1.0,100.0,129.7026924076134,1.0
interpolation_fold0,interpolation,cpu_ready,30,baseline,oracle_k,,,,20,1.0,1.0,1.0,1.0,1.0,3,0,0,17,1.0,1.0,1.0,1.0,100.0,436.6810655040845,1.0
interpolation_fold0,interpolation,cpu_ready,100,baseline,oracle_k,,,,20,1.0,1.0,1.0,1.0,1.0,3,0,0,17,1.0,1.0,1.0,1.0,100.0,1681.4501734906037,1.0
interpolation_fold0,interpolation,cpu_ready,1000,baseline,oracle_k,,,,20,1.0,1.0,1.0,1.0,1.0,5,0,0,15,1.0,1.0,1.0,1.0,100.0,86816.24917096923,1.0
interpolation_fold0,interpolation,gpu_ready,1,baseline,always_cpu_ref,,,,20,0.1,0.5,,,0.0,0,0,18,2,3892.533909429141,22.089795241610872,29447.227310891627,40742.91779420079,10.0,2.466817330099965,23.55510407265753
interpolation_fold0,interpolation,gpu_ready,2,baseline,always_cpu_ref,,,,20,0.1,0.5,,,0.0,0,0,18,2,979.859452984587,12.275323567084808,7375.980833283892,10192.164810014016,10.0,6.875135238713041,16.41313799050989
interpolation_fold0,interpolation,gpu_ready,3,baseline,always_cpu_ref,,,,20,0.2,0.5,,,0.0,0,0,16,4,439.5559620854967,11.483357671381462,3284.519523117294,4532.712089996342,20.0,13.877506995478386,15.948398042052922
interpolation_fold0,interpolation,gpu_ready,5,baseline,always_cpu_ref,,,,20,0.25,0.5,,,0.0,0,0,15,5,162.34563169221627,10.340443339488445,1186.9739806369646,1633.8372928782512,25.0,35.664412053465874,15.777451017891561
interpolation_fold0,interpolation,gpu_ready,10,baseline,always_cpu_ref,,,,20,0.35,0.5,,,0.0,0,0,13,7,44.90483573640931,3.535704800178302,299.5952020742743,409.7488327290463,35.0,135.5276170410993,16.16566167880469
interpolation_fold0,interpolation,gpu_ready,30,baseline,always_cpu_ref,,,,20,0.5,0.5,,,0.0,0,0,10,10,9.705391910956024,1.3495006256780078,46.60374891596956,56.11759640606961,50.0,1183.4938990297003,16.360574562063352
interpolation_fold0,interpolation,gpu_ready,100,baseline,always_cpu_ref,,,,20,0.6,0.5,,,0.0,0,0,8,12,5.574908865053336,1.0,12.636723541038851,55.82845495263006,60.0,13022.645507669447,16.42902789523742
interpolation_fold0,interpolation,gpu_ready,1000,baseline,always_cpu_ref,,,,20,0.7,0.5,,,0.0,0,0,6,14,5.245438151103433,1.0,12.627119178937953,55.717127115052016,70.0,1297544.8137657885,16.451943885149905
interpolation_fold0,interpolation,gpu_ready,1,baseline,always_gpu_ref,,,,20,0.9,0.5,,0.9,1.0,18,2,0,0,1.5366062733563688,1.0,5.761797268075361,7.037468806328494,90.0,0.1055921477974125,1.0082765352239091
interpolation_fold0,interpolation,gpu_ready,2,baseline,always_gpu_ref,,,,20,0.9,0.5,,0.9,1.0,18,2,0,0,1.6575866258178515,1.0,6.035359633022563,9.287540286129575,90.0,0.42236859118965,1.0083283789121016
interpolation_fold0,interpolation,gpu_ready,3,baseline,always_gpu_ref,,,,20,0.8,0.5,,0.8,1.0,16,4,0,0,1.7532351311827221,1.0,6.157013980481488,10.366234883466324,80.0,0.9503293301767124,1.0921435985320704
interpolation_fold0,interpolation,gpu_ready,5,baseline,always_gpu_ref,,,,20,0.75,0.5,,0.75,1.0,15,5,0,0,1.989078350763641,1.0,6.269216598660046,11.41535042975039,75.0,2.6398036949353125,1.1678132652587374
interpolation_fold0,interpolation,gpu_ready,10,baseline,always_gpu_ref,,,,20,0.65,0.5,,0.65,1.0,13,7,0,0,2.6827366028024606,1.0,8.822214018268902,12.344309788405862,65.0,10.55921477974125,1.2594974917279536
interpolation_fold0,interpolation,gpu_ready,30,baseline,always_gpu_ref,,,,20,0.5,0.5,,0.5,1.0,10,10,0,0,4.9271632125369695,1.0291563158193107,21.62866789222002,29.662075500200785,50.0,95.03293301767125,1.3137316447189937
interpolation_fold0,interpolation,gpu_ready,100,baseline,always_gpu_ref,,,,20,0.4,0.5,,0.4,1.0,8,12,0,0,9.109734457587647,1.3198871947088,34.815146472608696,67.7271511170992,40.0,1055.921477974125,1.3321228322310226
interpolation_fold0,interpolation,gpu_ready,1000,baseline,always_gpu_ref,,,,20,0.3,0.5,,0.3,1.0,6,14,0,0,32.64349351698462,5.9099743694198645,120.86150877398025,399.45066252893196,30.0,105592.1477974125,1.3388332116512593
interpolation_fold0,interpolation,gpu_ready,1,baseline,stay_on_ready_device,,,,20,0.9,0.5,,0.9,1.0,18,2,0,0,1.5366062733563688,1.0,5.761797268075361,7.037468806328494,90.0,0.1055921477974125,1.0082765352239091
interpolation_fold0,interpolation,gpu_ready,2,baseline,stay_on_ready_device,,,,20,0.9,0.5,,0.9,1.0,18,2,0,0,1.6575866258178515,1.0,6.035359633022563,9.287540286129575,90.0,0.42236859118965,1.0083283789121016
interpolation_fold0,interpolation,gpu_ready,3,baseline,stay_on_ready_device,,,,20,0.8,0.5,,0.8,1.0,16,4,0,0,1.7532351311827221,1.0,6.157013980481488,10.366234883466324,80.0,0.9503293301767124,1.0921435985320704
interpolation_fold0,interpolation,gpu_ready,5,baseline,stay_on_ready_device,,,,20,0.75,0.5,,0.75,1.0,15,5,0,0,1.989078350763641,1.0,6.269216598660046,11.41535042975039,75.0,2.6398036949353125,1.1678132652587374
interpolation_fold0,interpolation,gpu_ready,10,baseline,stay_on_ready_device,,,,20,0.65,0.5,,0.65,1.0,13,7,0,0,2.6827366028024606,1.0,8.822214018268902,12.344309788405862,65.0,10.55921477974125,1.2594974917279536
interpolation_fold0,interpolation,gpu_ready,30,baseline,stay_on_ready_device,,,,20,0.5,0.5,,0.5,1.0,10,10,0,0,4.9271632125369695,1.0291563158193107,21.62866789222002,29.662075500200785,50.0,95.03293301767125,1.3137316447189937
interpolation_fold0,interpolation,gpu_ready,100,baseline,stay_on_ready_device,,,,20,0.4,0.5,,0.4,1.0,8,12,0,0,9.109734457587647,1.3198871947088,34.815146472608696,67.7271511170992,40.0,1055.921477974125,1.3321228322310226
interpolation_fold0,interpolation,gpu_ready,1000,baseline,stay_on_ready_device,,,,20,0.3,0.5,,0.3,1.0,6,14,0,0,32.64349351698462,5.9099743694198645,120.86150877398025,399.45066252893196,30.0,105592.1477974125,1.3388332116512593
interpolation_fold0,interpolation,gpu_ready,1,baseline,best_constant_device_train,,,,20,0.9,0.5,,0.9,1.0,18,2,0,0,1.5366062733563688,1.0,5.761797268075361,7.037468806328494,90.0,0.1055921477974125,1.0082765352239091
interpolation_fold0,interpolation,gpu_ready,2,baseline,best_constant_device_train,,,,20,0.9,0.5,,0.9,1.0,18,2,0,0,1.6575866258178515,1.0,6.035359633022563,9.287540286129575,90.0,0.42236859118965,1.0083283789121016
interpolation_fold0,interpolation,gpu_ready,3,baseline,best_constant_device_train,,,,20,0.8,0.5,,0.8,1.0,16,4,0,0,1.7532351311827221,1.0,6.157013980481488,10.366234883466324,80.0,0.9503293301767124,1.0921435985320704
interpolation_fold0,interpolation,gpu_ready,5,baseline,best_constant_device_train,,,,20,0.75,0.5,,0.75,1.0,15,5,0,0,1.989078350763641,1.0,6.269216598660046,11.41535042975039,75.0,2.6398036949353125,1.1678132652587374
interpolation_fold0,interpolation,gpu_ready,10,baseline,best_constant_device_train,,,,20,0.65,0.5,,0.65,1.0,13,7,0,0,2.6827366028024606,1.0,8.822214018268902,12.344309788405862,65.0,10.55921477974125,1.2594974917279536
interpolation_fold0,interpolation,gpu_ready,30,baseline,best_constant_device_train,,,,20,0.5,0.5,,0.5,1.0,10,10,0,0,4.9271632125369695,1.0291563158193107,21.62866789222002,29.662075500200785,50.0,95.03293301767125,1.3137316447189937
interpolation_fold0,interpolation,gpu_ready,100,baseline,best_constant_device_train,,,,20,0.4,0.5,,0.4,1.0,8,12,0,0,9.109734457587647,1.3198871947088,34.815146472608696,67.7271511170992,40.0,1055.921477974125,1.3321228322310226
interpolation_fold0,interpolation,gpu_ready,1000,baseline,best_constant_device_train,,,,20,0.3,0.5,,0.3,1.0,6,14,0,0,32.64349351698462,5.9099743694198645,120.86150877398025,399.45066252893196,30.0,105592.1477974125,1.3388332116512593
interpolation_fold0,interpolation,gpu_ready,1,baseline,size_threshold_train,,,,20,0.8,0.6666666666666667,0.25,0.9375,0.8333333333333334,15,1,3,1,14.279440106851808,1.0,19.465624527325005,251.30866394383602,80.0,0.18563807788883757,1.7726177739891564
interpolation_fold0,interpolation,gpu_ready,2,baseline,size_threshold_train,,,,20,0.8,0.6666666666666667,0.25,0.9375,0.8333333333333334,15,1,3,1,4.574894751012314,1.0,11.978166824755931,63.10007105865593,80.0,0.45332322630941246,1.0822269539984077
interpolation_fold0,interpolation,gpu_ready,3,baseline,size_threshold_train,,,,20,0.9,0.84375,0.6875,0.9375,0.9375,15,1,1,3,2.82661304813335,1.0,11.256224443253055,28.166026079200673,90.0,0.8917768223276741,1.0248535080395091
interpolation_fold0,interpolation,gpu_ready,5,baseline,size_threshold_train,,,,20,0.85,0.7666666666666666,0.5773502691896257,0.875,0.9333333333333333,14,2,1,3,1.9879271043286644,1.0,10.286954318279,11.41535042975039,85.0,2.2809893571572584,1.0090786804764742
interpolation_fold0,interpolation,gpu_ready,10,baseline,size_threshold_train,,,,20,0.75,0.6758241758241759,0.4193139346887673,0.75,0.9230769230769231,12,4,1,3,1.789198769255155,1.0,3.09877825583806,12.344309788405862,75.0,8.742468527190741,1.0427969703422528
interpolation_fold0,interpolation,gpu_ready,30,baseline,size_threshold_train,,,,20,0.7,0.7,0.5,0.625,1.0,10,6,0,4,2.1210264919656328,1.0,6.245178127705939,13.047815006844582,70.0,77.28049710674638,1.0683226471592617
interpolation_fold0,interpolation,gpu_ready,100,baseline,size_threshold_train,,,,20,0.6,0.6666666666666666,0.4082482904638631,0.5,1.0,8,8,0,4,2.6154864993056504,1.0,9.016786928366328,13.312463385074329,60.0,855.0842070679047,1.0787518006554158
interpolation_fold0,interpolation,gpu_ready,1000,baseline,size_threshold_train,,,,20,0.5,0.6428571428571428,0.3273268353539886,0.375,1.0,6,10,0,4,5.229904125671106,1.1923174131626113,14.610795004443586,22.744736817508507,50.0,85395.84499724454,1.082758479718467
interpolation_fold0,interpolation,gpu_ready,1,baseline,intensity_threshold_train,,,,20,0.45,0.4722222222222222,-0.0335012605086404,0.8888888888888888,0.4444444444444444,8,1,10,1,3878.017143585206,5.5083894491616325,29447.227310891627,40742.91779420079,45.0,0.6371710953413676,6.0842087007094685
interpolation_fold0,interpolation,gpu_ready,2,baseline,intensity_threshold_train,,,,20,0.45,0.4722222222222222,-0.0335012605086404,0.8888888888888888,0.4444444444444444,8,1,10,1,972.3121304160129,1.555141837730392,7375.980833283892,10192.164810014016,45.0,0.9136658668546936,2.181211485915738
interpolation_fold0,interpolation,gpu_ready,3,baseline,intensity_threshold_train,,,,20,0.55,0.625,0.20100756305184242,0.8888888888888888,0.5,8,1,8,3,433.6644307067078,1.0,3284.519523117294,4532.712089996342,55.00000000000001,1.3479170980559698,1.5490619759362936
interpolation_fold0,interpolation,gpu_ready,5,baseline,intensity_threshold_train,,,,20,0.5,0.5333333333333333,0.058025885318565944,0.7777777777777778,0.4666666666666667,7,2,8,3,157.54247601305082,1.0259388990843044,1186.9739806369646,1633.8372928782512,50.0,2.689688939522373,1.1898818192505423
interpolation_fold0,interpolation,gpu_ready,10,baseline,intensity_threshold_train,,,,20,0.6,0.6263736263736264,0.24232015747572203,0.7777777777777778,0.5384615384615384,7,2,6,5,40.82760701015859,1.0,299.5952020742743,409.7488327290463,60.0,8.804856587727512,1.0502385848371671
interpolation_fold0,interpolation,gpu_ready,30,baseline,intensity_threshold_train,,,,20,0.65,0.6499999999999999,0.30151134457776363,0.6666666666666666,0.6,6,3,4,7,6.173825938115565,1.0,34.57143460274522,46.10302010070113,65.0,72.7046421025356,1.0050662019482142
interpolation_fold0,interpolation,gpu_ready,100,baseline,intensity_threshold_train,,,,20,0.75,0.75,0.4923659639173309,0.6666666666666666,0.75,6,3,2,9,2.3123763930764674,1.0,9.016786928366328,13.312463385074329,75.0,793.2867394214074,1.0007897368626626
interpolation_fold0,interpolation,gpu_ready,1000,baseline,intensity_threshold_train,,,,20,0.85,0.8928571428571428,0.723746864455746,0.6666666666666666,1.0,6,3,0,11,2.115806786918358,1.0,10.659350522192637,13.417305938052449,85.0,78918.60835874005,1.0006317334381278
interpolation_fold0,interpolation,gpu_ready,1,baseline,operation_crossover_table_train,,,,20,0.4,0.6666666666666666,0.21821789023599236,1.0,0.3333333333333333,6,0,12,2,3878.702448784529,7.994473358421649,29447.227310891627,40742.91779420079,40.0,0.6380593785990221,6.0926907250266895
interpolation_fold0,interpolation,gpu_ready,2,baseline,operation_crossover_table_train,,,,20,0.4,0.6666666666666666,0.21821789023599236,1.0,0.3333333333333333,6,0,12,2,972.1728905419328,2.5057220127339908,7375.980833283892,10192.164810014016,40.0,0.9146972921315939,2.183673826627429
interpolation_fold0,interpolation,gpu_ready,3,baseline,operation_crossover_table_train,,,,20,0.5,0.6875,0.3273268353539886,1.0,0.375,6,0,10,4,433.3177929441196,1.4074469001980145,3284.519523117294,4532.712089996342,50.0,1.3489914289725822,1.5502966254372883
interpolation_fold0,interpolation,gpu_ready,5,baseline,operation_crossover_table_train,,,,20,0.55,0.7,0.37796447300922725,1.0,0.4,6,0,9,5,157.05021099608567,1.0,1186.9739806369646,1633.8372928782512,55.00000000000001,2.690548372579809,1.1902620207507526
interpolation_fold0,interpolation,gpu_ready,10,baseline,operation_crossover_table_train,,,,20,0.65,0.7307692307692308,0.48038446141526137,1.0,0.46153846153846156,6,0,7,7,40.190496093344706,1.0,299.5952020742743,409.7488327290463,65.0,8.803424639495168,1.0500677828178369
interpolation_fold0,interpolation,gpu_ready,30,baseline,operation_crossover_table_train,,,,20,0.8,0.8,0.6546536707079772,1.0,0.6,6,0,4,10,5.3184490266645374,1.0,34.57143460274522,46.10302010070113,80.0,72.66898553426073,1.0045732869071087
interpolation_fold0,interpolation,gpu_ready,100,baseline,operation_crossover_table_train,,,,20,0.9,0.875,0.8017837257372732,1.0,0.75,6,0,2,12,1.2912166210542455,1.0,3.533350034490019,4.333073072822943,90.0,792.8155520874528,1.0001952992847631
interpolation_fold0,interpolation,gpu_ready,1000,baseline,operation_crossover_table_train,,,,20,1.0,1.0,1.0,1.0,1.0,6,0,0,14,1.0,1.0,1.0,1.0,100.0,78868.78431046664,1.0
interpolation_fold0,interpolation,gpu_ready,1,baseline,oracle,,,,20,1.0,1.0,1.0,1.0,1.0,18,0,0,2,1.0,1.0,1.0,1.0,100.0,0.10472538446405828,1.0
interpolation_fold0,interpolation,gpu_ready,2,baseline,oracle,,,,20,1.0,1.0,1.0,1.0,1.0,18,0,0,2,1.0,1.0,1.0,1.0,100.0,0.41887999983234514,1.0
interpolation_fold0,interpolation,gpu_ready,3,baseline,oracle,,,,20,1.0,1.0,1.0,1.0,1.0,16,0,0,4,1.0,1.0,1.0,1.0,100.0,0.8701505291557192,1.0
interpolation_fold0,interpolation,gpu_ready,5,baseline,oracle,,,,20,1.0,1.0,1.0,1.0,1.0,15,0,0,5,1.0,1.0,1.0,1.0,100.0,2.260467296841713,1.0
interpolation_fold0,interpolation,gpu_ready,10,baseline,oracle,,,,20,1.0,1.0,1.0,1.0,1.0,13,0,0,7,1.0,1.0,1.0,1.0,100.0,8.383672733841378,1.0
interpolation_fold0,interpolation,gpu_ready,30,baseline,oracle,,,,20,1.0,1.0,1.0,1.0,1.0,10,0,0,10,1.0,1.0,1.0,1.0,100.0,72.33816236343971,1.0
interpolation_fold0,interpolation,gpu_ready,100,baseline,oracle,,,,20,1.0,1.0,1.0,1.0,1.0,8,0,0,12,1.0,1.0,1.0,1.0,100.0,792.6607460106972,1.0
interpolation_fold0,interpolation,gpu_ready,1000,baseline,oracle,,,,20,1.0,1.0,1.0,1.0,1.0,6,0,0,14,1.0,1.0,1.0,1.0,100.0,78868.78431046664,1.0
interpolation_fold0,interpolation,gpu_ready,1,baseline,stay_on_ready_device_k,,,,20,0.9,0.5,,0.9,1.0,18,2,0,0,1.5366062733563688,1.0,5.761797268075361,7.037468806328494,90.0,0.1055921477974125,1.0082765352239091
interpolation_fold0,interpolation,gpu_ready,2,baseline,stay_on_ready_device_k,,,,20,0.9,0.5,,0.9,1.0,18,2,0,0,1.6575866258178515,1.0,6.035359633022563,9.287540286129575,90.0,0.42236859118965,1.0083283789121016
interpolation_fold0,interpolation,gpu_ready,3,baseline,stay_on_ready_device_k,,,,20,0.8,0.5,,0.8,1.0,16,4,0,0,1.7532351311827221,1.0,6.157013980481488,10.366234883466324,80.0,0.9503293301767124,1.0921435985320704
interpolation_fold0,interpolation,gpu_ready,5,baseline,stay_on_ready_device_k,,,,20,0.75,0.5,,0.75,1.0,15,5,0,0,1.989078350763641,1.0,6.269216598660046,11.41535042975039,75.0,2.6398036949353125,1.1678132652587374
interpolation_fold0,interpolation,gpu_ready,10,baseline,stay_on_ready_device_k,,,,20,0.65,0.5,,0.65,1.0,13,7,0,0,2.6827366028024606,1.0,8.822214018268902,12.344309788405862,65.0,10.55921477974125,1.2594974917279536
interpolation_fold0,interpolation,gpu_ready,30,baseline,stay_on_ready_device_k,,,,20,0.5,0.5,,0.5,1.0,10,10,0,0,4.9271632125369695,1.0291563158193107,21.62866789222002,29.662075500200785,50.0,95.03293301767125,1.3137316447189937
interpolation_fold0,interpolation,gpu_ready,100,baseline,stay_on_ready_device_k,,,,20,0.4,0.5,,0.4,1.0,8,12,0,0,9.109734457587647,1.3198871947088,34.815146472608696,67.7271511170992,40.0,1055.921477974125,1.3321228322310226
interpolation_fold0,interpolation,gpu_ready,1000,baseline,stay_on_ready_device_k,,,,20,0.3,0.5,,0.3,1.0,6,14,0,0,32.64349351698462,5.9099743694198645,120.86150877398025,399.45066252893196,30.0,105592.1477974125,1.3388332116512593
interpolation_fold0,interpolation,gpu_ready,1,baseline,k_break_even_table_train,,,,20,0.9,0.5,,0.9,1.0,18,2,0,0,1.5366062733563688,1.0,5.761797268075361,7.037468806328494,90.0,0.1055921477974125,1.0082765352239091
interpolation_fold0,interpolation,gpu_ready,2,baseline,k_break_even_table_train,,,,20,0.9,0.5,,0.9,1.0,18,2,0,0,1.6575866258178515,1.0,6.035359633022563,9.287540286129575,90.0,0.42236859118965,1.0083283789121016
interpolation_fold0,interpolation,gpu_ready,3,baseline,k_break_even_table_train,,,,20,0.8,0.5,,0.8,1.0,16,4,0,0,1.7532351311827221,1.0,6.157013980481488,10.366234883466324,80.0,0.9503293301767124,1.0921435985320704
interpolation_fold0,interpolation,gpu_ready,5,baseline,k_break_even_table_train,,,,20,0.75,0.5,,0.75,1.0,15,5,0,0,1.989078350763641,1.0,6.269216598660046,11.41535042975039,75.0,2.6398036949353125,1.1678132652587374
interpolation_fold0,interpolation,gpu_ready,10,baseline,k_break_even_table_train,,,,20,0.65,0.5,,0.65,1.0,13,7,0,0,2.6827366028024606,1.0,8.822214018268902,12.344309788405862,65.0,10.55921477974125,1.2594974917279536
interpolation_fold0,interpolation,gpu_ready,30,baseline,k_break_even_table_train,,,,20,0.5,0.5,,0.5,1.0,10,10,0,0,4.9271632125369695,1.0291563158193107,21.62866789222002,29.662075500200785,50.0,95.03293301767125,1.3137316447189937
interpolation_fold0,interpolation,gpu_ready,100,baseline,k_break_even_table_train,,,,20,0.4,0.5,,0.4,1.0,8,12,0,0,9.109734457587647,1.3198871947088,34.815146472608696,67.7271511170992,40.0,1055.921477974125,1.3321228322310226
interpolation_fold0,interpolation,gpu_ready,1000,baseline,k_break_even_table_train,,,,20,0.3,0.5,,0.3,1.0,6,14,0,0,32.64349351698462,5.9099743694198645,120.86150877398025,399.45066252893196,30.0,105592.1477974125,1.3388332116512593
interpolation_fold0,interpolation,gpu_ready,1,baseline,oracle_k,,,,20,1.0,1.0,1.0,1.0,1.0,18,0,0,2,1.0,1.0,1.0,1.0,100.0,0.10472538446405828,1.0
interpolation_fold0,interpolation,gpu_ready,2,baseline,oracle_k,,,,20,1.0,1.0,1.0,1.0,1.0,18,0,0,2,1.0,1.0,1.0,1.0,100.0,0.41887999983234514,1.0
interpolation_fold0,interpolation,gpu_ready,3,baseline,oracle_k,,,,20,1.0,1.0,1.0,1.0,1.0,16,0,0,4,1.0,1.0,1.0,1.0,100.0,0.8701505291557192,1.0
interpolation_fold0,interpolation,gpu_ready,5,baseline,oracle_k,,,,20,1.0,1.0,1.0,1.0,1.0,15,0,0,5,1.0,1.0,1.0,1.0,100.0,2.260467296841713,1.0
interpolation_fold0,interpolation,gpu_ready,10,baseline,oracle_k,,,,20,1.0,1.0,1.0,1.0,1.0,13,0,0,7,1.0,1.0,1.0,1.0,100.0,8.383672733841378,1.0
interpolation_fold0,interpolation,gpu_ready,30,baseline,oracle_k,,,,20,1.0,1.0,1.0,1.0,1.0,10,0,0,10,1.0,1.0,1.0,1.0,100.0,72.33816236343971,1.0
interpolation_fold0,interpolation,gpu_ready,100,baseline,oracle_k,,,,20,1.0,1.0,1.0,1.0,1.0,8,0,0,12,1.0,1.0,1.0,1.0,100.0,792.6607460106972,1.0
interpolation_fold0,interpolation,gpu_ready,1000,baseline,oracle_k,,,,20,1.0,1.0,1.0,1.0,1.0,6,0,0,14,1.0,1.0,1.0,1.0,100.0,78868.78431046664,1.0
interpolation_fold0,interpolation,none_ready,1,baseline,always_cpu_ref,,,,20,1.0,1.0,,,,0,0,0,20,1.0,1.0,1.0,1.0,100.0,2.466817330099965,1.0
interpolation_fold0,interpolation,none_ready,2,baseline,always_cpu_ref,,,,20,1.0,1.0,,,,0,0,0,20,1.0,1.0,1.0,1.0,100.0,6.875135238713041,1.0
interpolation_fold0,interpolation,none_ready,3,baseline,always_cpu_ref,,,,20,1.0,1.0,,,,0,0,0,20,1.0,1.0,1.0,1.0,100.0,13.877506995478386,1.0
interpolation_fold0,interpolation,none_ready,5,baseline,always_cpu_ref,,,,20,1.0,1.0,,,,0,0,0,20,1.0,1.0,1.0,1.0,100.0,35.664412053465874,1.0
interpolation_fold0,interpolation,none_ready,10,baseline,always_cpu_ref,,,,20,1.0,1.0,,,,0,0,0,20,1.0,1.0,1.0,1.0,100.0,135.5276170410993,1.0
interpolation_fold0,interpolation,none_ready,30,baseline,always_cpu_ref,,,,20,0.85,0.5,,,0.0,0,0,3,17,1.2996515793298293,1.0,2.3177305318665797,5.355130422102114,85.0,1183.4938990297003,2.691788532228337
interpolation_fold0,interpolation,none_ready,100,baseline,always_cpu_ref,,,,20,0.85,0.5,,,0.0,0,0,3,17,2.3503768234856426,1.0,6.13350117788105,19.972628761082454,85.0,13022.645507669447,7.705572315574277
interpolation_fold0,interpolation,none_ready,1000,baseline,always_cpu_ref,,,,20,0.75,0.5,,,0.0,0,0,5,15,4.510902312340692,1.0,11.37548587546478,48.91406250852371,75.0,1297544.8137657885,14.938731921092339
interpolation_fold0,interpolation,none_ready,1,baseline,always_gpu_ref,,,,20,0.0,0.0,,0.0,,0,20,0,0,16328634.554559205,925.9785197584122,16813644.149225283,325160511.4494399,0.0,1145.4437423361273,464.3407229061868
interpolation_fold0,interpolation,none_ready,2,baseline,always_gpu_ref,,,,20,0.0,0.0,,0.0,,0,20,0,0,5417188.611934211,898.2505808385907,5882835.21424875,107312426.92082284,0.0,1158.310408579861,168.47819982617324
interpolation_fold0,interpolation,none_ready,3,baseline,always_gpu_ref,,,,20,0.0,0.0,,0.0,,0,20,0,0,2706635.9865467073,852.4216082702584,3145285.4206584897,53249532.1676804,0.0,1171.3882591191891,84.40912762651494
interpolation_fold0,interpolation,none_ready,5,baseline,always_gpu_ref,,,,20,0.0,0.0,,0.0,,0,20,0,0,1091799.3360343457,812.4101228814718,1480003.1420640498,21122356.603751708,0.0,1198.1775130846295,33.59588576108856
interpolation_fold0,interpolation,none_ready,10,baseline,always_gpu_ref,,,,20,0.0,0.0,,0.0,,0,20,0,0,310364.0509714526,671.2867123233552,603350.3676131829,5718725.987582049,0.0,1268.8463731711408,9.362271696892288
interpolation_fold0,interpolation,none_ready,30,baseline,always_gpu_ref,,,,20,0.15,0.5,,0.15,1.0,3,17,0,0,43329.42709711314,489.1244675725851,170558.39925177323,675585.6634325664,15.0,1604.317887415891,3.64892839323924
interpolation_fold0,interpolation,none_ready,100,baseline,always_gpu_ref,,,,20,0.15,0.5,,0.15,1.0,3,17,0,0,5272.229217633734,156.33027789614067,33189.262040358706,63316.82101551555,15.0,3443.6987183962165,2.037655827460312
interpolation_fold0,interpolation,none_ready,1000,baseline,always_gpu_ref,,,,20,0.25,0.5,,0.25,1.0,5,15,0,0,209.59846982549226,17.889739963989435,1000.5520106360505,1109.0903069773046,25.0,119274.82585814148,1.3732201227474308
interpolation_fold0,interpolation,none_ready,1,baseline,stay_on_ready_device,,,,20,1.0,1.0,,,,0,0,0,20,1.0,1.0,1.0,1.0,100.0,2.466817330099965,1.0
interpolation_fold0,interpolation,none_ready,2,baseline,stay_on_ready_device,,,,20,1.0,1.0,,,,0,0,0,20,1.0,1.0,1.0,1.0,100.0,6.875135238713041,1.0
interpolation_fold0,interpolation,none_ready,3,baseline,stay_on_ready_device,,,,20,1.0,1.0,,,,0,0,0,20,1.0,1.0,1.0,1.0,100.0,13.877506995478386,1.0
interpolation_fold0,interpolation,none_ready,5,baseline,stay_on_ready_device,,,,20,1.0,1.0,,,,0,0,0,20,1.0,1.0,1.0,1.0,100.0,35.664412053465874,1.0
interpolation_fold0,interpolation,none_ready,10,baseline,stay_on_ready_device,,,,20,1.0,1.0,,,,0,0,0,20,1.0,1.0,1.0,1.0,100.0,135.5276170410993,1.0
interpolation_fold0,interpolation,none_ready,30,baseline,stay_on_ready_device,,,,20,0.85,0.5,,,0.0,0,0,3,17,1.2996515793298293,1.0,2.3177305318665797,5.355130422102114,85.0,1183.4938990297003,2.691788532228337
interpolation_fold0,interpolation,none_ready,100,baseline,stay_on_ready_device,,,,20,0.85,0.5,,,0.0,0,0,3,17,2.3503768234856426,1.0,6.13350117788105,19.972628761082454,85.0,13022.645507669447,7.705572315574277
interpolation_fold0,interpolation,none_ready,1000,baseline,stay_on_ready_device,,,,20,0.75,0.5,,,0.0,0,0,5,15,4.510902312340692,1.0,11.37548587546478,48.91406250852371,75.0,1297544.8137657885,14.938731921092339
interpolation_fold0,interpolation,none_ready,1,baseline,best_constant_device_train,,,,20,0.0,0.0,,0.0,,0,20,0,0,16328634.554559205,925.9785197584122,16813644.149225283,325160511.4494399,0.0,1145.4437423361273,464.3407229061868
interpolation_fold0,interpolation,none_ready,2,baseline,best_constant_device_train,,,,20,0.0,0.0,,0.0,,0,20,0,0,5417188.611934211,898.2505808385907,5882835.21424875,107312426.92082284,0.0,1158.310408579861,168.47819982617324
interpolation_fold0,interpolation,none_ready,3,baseline,best_constant_device_train,,,,20,0.0,0.0,,0.0,,0,20,0,0,2706635.9865467073,852.4216082702584,3145285.4206584897,53249532.1676804,0.0,1171.3882591191891,84.40912762651494
interpolation_fold0,interpolation,none_ready,5,baseline,best_constant_device_train,,,,20,0.0,0.0,,0.0,,0,20,0,0,1091799.3360343457,812.4101228814718,1480003.1420640498,21122356.603751708,0.0,1198.1775130846295,33.59588576108856
interpolation_fold0,interpolation,none_ready,10,baseline,best_constant_device_train,,,,20,0.0,0.0,,0.0,,0,20,0,0,310364.0509714526,671.2867123233552,603350.3676131829,5718725.987582049,0.0,1268.8463731711408,9.362271696892288
interpolation_fold0,interpolation,none_ready,30,baseline,best_constant_device_train,,,,20,0.15,0.5,,0.15,1.0,3,17,0,0,43329.42709711314,489.1244675725851,170558.39925177323,675585.6634325664,15.0,1604.317887415891,3.64892839323924
interpolation_fold0,interpolation,none_ready,100,baseline,best_constant_device_train,,,,20,0.15,0.5,,0.15,1.0,3,17,0,0,5272.229217633734,156.33027789614067,33189.262040358706,63316.82101551555,15.0,3443.6987183962165,2.037655827460312
interpolation_fold0,interpolation,none_ready,1000,baseline,best_constant_device_train,,,,20,0.25,0.5,,0.25,1.0,5,15,0,0,209.59846982549226,17.889739963989435,1000.5520106360505,1109.0903069773046,25.0,119274.82585814148,1.3732201227474308
interpolation_fold0,interpolation,none_ready,1,baseline,size_threshold_train,,,,20,0.2,0.2,,0.0,,0,16,0,4,16284167.879945034,678.0765809532068,16443779.31950429,325160511.4494399,20.0,938.3151419339598,380.3747973085367
interpolation_fold0,interpolation,none_ready,2,baseline,size_threshold_train,,,,20,0.2,0.2,,0.0,,0,16,0,4,5385924.625639746,614.9948855438162,5530583.14689093,107312426.92082284,20.0,948.3673476400363,137.94162801335113
interpolation_fold0,interpolation,none_ready,3,baseline,size_threshold_train,,,,20,0.2,0.2,,0.0,,0,16,0,4,2679327.917480921,614.4956933453166,2810005.9675495108,53249532.1676804,20.0,958.5903217937106,69.0751099679533
interpolation_fold0,interpolation,none_ready,5,baseline,size_threshold_train,,,,20,0.2,0.2,,0.0,,0,16,0,4,1068718.3683946608,462.7833539216596,1176255.2846382463,21122356.603751708,20.0,979.5485754438521,27.465714953477253
interpolation_fold0,interpolation,none_ready,10,baseline,size_threshold_train,,,,20,0.2,0.2,,0.0,,0,16,0,4,293380.14275012916,329.25875573157083,363810.4426351586,5718725.987582049,20.0,1034.9326574021657,7.636322987131975
interpolation_fold0,interpolation,none_ready,30,baseline,size_threshold_train,,,,20,0.35,0.6176470588235294,0.21004201260420147,0.1875,1.0,3,13,0,4,36014.416840714795,52.44688230258369,58764.04335791862,675585.6634325664,35.0,1299.1610971348412,2.954866895090762
interpolation_fold0,interpolation,none_ready,100,baseline,size_threshold_train,,,,20,0.35,0.6176470588235294,0.21004201260420147,0.1875,1.0,3,13,0,4,3605.8501127322124,9.722214861966341,7321.68718510837,63316.82101551555,35.0,2761.8812461319194,1.6342206087514501
interpolation_fold0,interpolation,none_ready,1000,baseline,size_threshold_train,,,,20,0.45,0.6333333333333333,0.28867513459481287,0.3125,1.0,5,11,0,4,101.89163355288535,2.46544589415835,572.1300687627731,815.845973396395,45.0,96108.71053819895,1.1065068788222778
interpolation_fold0,interpolation,none_ready,1,baseline,intensity_threshold_train,,,,20,0.55,0.55,,0.0,,0,9,0,11,16274161.848482843,1.0,16412462.673634121,325160511.4494399,55.00000000000001,538.6136358957161,218.34354304373622
interpolation_fold0,interpolation,none_ready,2,baseline,intensity_threshold_train,,,,20,0.55,0.55,,0.0,,0,9,0,11,5377024.85168279,1.0,5496530.84490557,107312426.92082284,55.00000000000001,546.8448533686166,79.53950495248449
interpolation_fold0,interpolation,none_ready,3,baseline,intensity_threshold_train,,,,20,0.55,0.55,,0.0,,0,9,0,11,2671354.1222582543,1.0,2774876.743941695,53249532.1676804,55.00000000000001,555.233827301205,40.009623304972074
interpolation_fold0,interpolation,none_ready,5,baseline,intensity_threshold_train,,,,20,0.55,0.55,,0.0,,0,9,0,11,1062197.9879441676,1.0,1141634.892324517,21122356.603751708,55.00000000000001,572.4850445454456,16.051997259542972
interpolation_fold0,interpolation,none_ready,10,baseline,intensity_threshold_train,,,,20,0.55,0.55,,0.0,,0,9,0,11,289101.5729511013,1.0,335183.3489148008,5718725.987582049,55.00000000000001,618.3738257005863,4.562714516798904
interpolation_fold0,interpolation,none_ready,30,baseline,intensity_threshold_train,,,,20,0.7,0.8235294117647058,0.464420364012824,0.3333333333333333,1.0,3,6,0,11,34551.90818389137,1.0,46761.12339066878,675585.6634325664,70.0,841.3680652431365,1.913643079412091
interpolation_fold0,interpolation,none_ready,100,baseline,intensity_threshold_train,,,,20,0.7,0.8235294117647058,0.464420364012824,0.3333333333333333,1.0,3,6,0,11,3277.7580380110658,1.0,5084.0132689129305,63316.82101551555,70.0,2118.7807516591065,1.2536944427413712
interpolation_fold0,interpolation,none_ready,1000,baseline,intensity_threshold_train,,,,20,0.8,0.8666666666666667,0.6382847385042254,0.5555555555555556,1.0,5,4,0,11,45.02112344238693,1.0,99.14550225239407,815.845973396395,80.0,87403.35280222616,1.0062814344944808
interpolation_fold0,interpolation,none_ready,1,baseline,operation_crossover_table_train,,,,20,0.7,0.7,,0.0,,0,6,0,14,1545.7531054282376,1.0,4506.351031781103,26664.09411412282,70.0,322.5736491680511,130.76511391095957
interpolation_fold0,interpolation,none_ready,2,baseline,operation_crossover_table_train,,,,20,0.7,0.7,,0.0,,0,6,0,14,568.598527408842,1.0,1891.2383001217718,9376.870237517878,70.0,330.5545076158958,48.079709873135876
interpolation_fold0,interpolation,none_ready,3,baseline,operation_crossover_table_train,,,,20,0.7,0.7,,0.0,,0,6,0,14,298.1328030059171,1.0,1044.2335559168355,4765.143828479178,70.0,338.6930222870488,24.405898148522127
interpolation_fold0,interpolation,none_ready,5,baseline,operation_crossover_table_train,,,,20,0.7,0.7,,0.0,,0,6,0,14,126.67016394069921,1.0,459.93712733899474,1938.6491734268288,70.0,355.4430202992803,9.966322163573654
interpolation_fold0,interpolation,none_ready,10,baseline,operation_crossover_table_train,,,,20,0.7,0.7,,0.0,,0,6,0,14,38.0937000237989,1.0,138.6727537371914,545.9664181515574,70.0,400.07699923775635,2.9519961168979414
interpolation_fold0,interpolation,none_ready,30,baseline,operation_crossover_table_train,,,,20,0.85,0.9117647058823529,0.641688947919748,0.5,1.0,3,3,0,14,6.107821644359523,1.0,19.375078569733734,72.95717498996325,85.0,618.0269708187645,1.405666657024329
interpolation_fold0,interpolation,none_ready,100,baseline,operation_crossover_table_train,,,,20,0.85,0.9117647058823529,0.641688947919748,0.5,1.0,3,3,0,14,1.5801976054320803,1.0,2.9173737690911716,9.828765861292979,85.0,1877.4689747738055,1.1109089122365035
interpolation_fold0,interpolation,none_ready,1000,baseline,operation_crossover_table_train,,,,20,0.95,0.9666666666666667,0.8819171036881969,0.8333333333333334,1.0,5,1,0,14,1.0016520333519008,1.0,1.0016520333519008,1.0330406670380148,95.0,86887.23621403391,1.0003393450427445
interpolation_fold0,interpolation,none_ready,1,baseline,oracle,,,,20,1.0,1.0,,,,0,0,0,20,1.0,1.0,1.0,1.0,100.0,2.466817330099965,1.0
interpolation_fold0,interpolation,none_ready,2,baseline,oracle,,,,20,1.0,1.0,,,,0,0,0,20,1.0,1.0,1.0,1.0,100.0,6.875135238713041,1.0
interpolation_fold0,interpolation,none_ready,3,baseline,oracle,,,,20,1.0,1.0,,,,0,0,0,20,1.0,1.0,1.0,1.0,100.0,13.877506995478386,1.0
interpolation_fold0,interpolation,none_ready,5,baseline,oracle,,,,20,1.0,1.0,,,,0,0,0,20,1.0,1.0,1.0,1.0,100.0,35.664412053465874,1.0
interpolation_fold0,interpolation,none_ready,10,baseline,oracle,,,,20,1.0,1.0,,,,0,0,0,20,1.0,1.0,1.0,1.0,100.0,135.5276170410993,1.0
interpolation_fold0,interpolation,none_ready,30,baseline,oracle,,,,20,1.0,1.0,1.0,1.0,1.0,3,0,0,17,1.0,1.0,1.0,1.0,100.0,439.66822982560643,1.0
interpolation_fold0,interpolation,none_ready,100,baseline,oracle,,,,20,1.0,1.0,1.0,1.0,1.0,3,0,0,17,1.0,1.0,1.0,1.0,100.0,1690.0296271762265,1.0
interpolation_fold0,interpolation,none_ready,1000,baseline,oracle,,,,20,1.0,1.0,1.0,1.0,1.0,5,0,0,15,1.0,1.0,1.0,1.0,100.0,86857.76146325747,1.0
interpolation_fold0,interpolation,none_ready,1,baseline,stay_on_ready_device_k,,,,20,1.0,1.0,,,,0,0,0,20,1.0,1.0,1.0,1.0,100.0,2.466817330099965,1.0
interpolation_fold0,interpolation,none_ready,2,baseline,stay_on_ready_device_k,,,,20,1.0,1.0,,,,0,0,0,20,1.0,1.0,1.0,1.0,100.0,6.875135238713041,1.0
interpolation_fold0,interpolation,none_ready,3,baseline,stay_on_ready_device_k,,,,20,1.0,1.0,,,,0,0,0,20,1.0,1.0,1.0,1.0,100.0,13.877506995478386,1.0
interpolation_fold0,interpolation,none_ready,5,baseline,stay_on_ready_device_k,,,,20,1.0,1.0,,,,0,0,0,20,1.0,1.0,1.0,1.0,100.0,35.664412053465874,1.0
interpolation_fold0,interpolation,none_ready,10,baseline,stay_on_ready_device_k,,,,20,1.0,1.0,,,,0,0,0,20,1.0,1.0,1.0,1.0,100.0,135.5276170410993,1.0
interpolation_fold0,interpolation,none_ready,30,baseline,stay_on_ready_device_k,,,,20,0.85,0.5,,,0.0,0,0,3,17,1.2996515793298293,1.0,2.3177305318665797,5.355130422102114,85.0,1183.4938990297003,2.691788532228337
interpolation_fold0,interpolation,none_ready,100,baseline,stay_on_ready_device_k,,,,20,0.85,0.5,,,0.0,0,0,3,17,2.3503768234856426,1.0,6.13350117788105,19.972628761082454,85.0,13022.645507669447,7.705572315574277
interpolation_fold0,interpolation,none_ready,1000,baseline,stay_on_ready_device_k,,,,20,0.75,0.5,,,0.0,0,0,5,15,4.510902312340692,1.0,11.37548587546478,48.91406250852371,75.0,1297544.8137657885,14.938731921092339
interpolation_fold0,interpolation,none_ready,1,baseline,k_break_even_table_train,,,,20,1.0,1.0,,,,0,0,0,20,1.0,1.0,1.0,1.0,100.0,2.466817330099965,1.0
interpolation_fold0,interpolation,none_ready,2,baseline,k_break_even_table_train,,,,20,1.0,1.0,,,,0,0,0,20,1.0,1.0,1.0,1.0,100.0,6.875135238713041,1.0
interpolation_fold0,interpolation,none_ready,3,baseline,k_break_even_table_train,,,,20,1.0,1.0,,,,0,0,0,20,1.0,1.0,1.0,1.0,100.0,13.877506995478386,1.0
interpolation_fold0,interpolation,none_ready,5,baseline,k_break_even_table_train,,,,20,1.0,1.0,,,,0,0,0,20,1.0,1.0,1.0,1.0,100.0,35.664412053465874,1.0
interpolation_fold0,interpolation,none_ready,10,baseline,k_break_even_table_train,,,,20,1.0,1.0,,,,0,0,0,20,1.0,1.0,1.0,1.0,100.0,135.5276170410993,1.0
interpolation_fold0,interpolation,none_ready,30,baseline,k_break_even_table_train,,,,20,1.0,1.0,1.0,1.0,1.0,3,0,0,17,1.0,1.0,1.0,1.0,100.0,439.66822982560643,1.0
interpolation_fold0,interpolation,none_ready,100,baseline,k_break_even_table_train,,,,20,1.0,1.0,1.0,1.0,1.0,3,0,0,17,1.0,1.0,1.0,1.0,100.0,1690.0296271762265,1.0
interpolation_fold0,interpolation,none_ready,1000,baseline,k_break_even_table_train,,,,20,0.85,0.9,0.7071067811865475,0.625,1.0,5,3,0,12,44.76517194435975,1.0,99.14550225239407,815.845973396395,85.0,87190.13016980818,1.0038265861444209
interpolation_fold0,interpolation,none_ready,1,baseline,oracle_k,,,,20,1.0,1.0,,,,0,0,0,20,1.0,1.0,1.0,1.0,100.0,2.466817330099965,1.0
interpolation_fold0,interpolation,none_ready,2,baseline,oracle_k,,,,20,1.0,1.0,,,,0,0,0,20,1.0,1.0,1.0,1.0,100.0,6.875135238713041,1.0
interpolation_fold0,interpolation,none_ready,3,baseline,oracle_k,,,,20,1.0,1.0,,,,0,0,0,20,1.0,1.0,1.0,1.0,100.0,13.877506995478386,1.0
interpolation_fold0,interpolation,none_ready,5,baseline,oracle_k,,,,20,1.0,1.0,,,,0,0,0,20,1.0,1.0,1.0,1.0,100.0,35.664412053465874,1.0
interpolation_fold0,interpolation,none_ready,10,baseline,oracle_k,,,,20,1.0,1.0,,,,0,0,0,20,1.0,1.0,1.0,1.0,100.0,135.5276170410993,1.0
interpolation_fold0,interpolation,none_ready,30,baseline,oracle_k,,,,20,1.0,1.0,1.0,1.0,1.0,3,0,0,17,1.0,1.0,1.0,1.0,100.0,439.66822982560643,1.0
interpolation_fold0,interpolation,none_ready,100,baseline,oracle_k,,,,20,1.0,1.0,1.0,1.0,1.0,3,0,0,17,1.0,1.0,1.0,1.0,100.0,1690.0296271762265,1.0
interpolation_fold0,interpolation,none_ready,1000,baseline,oracle_k,,,,20,1.0,1.0,1.0,1.0,1.0,5,0,0,15,1.0,1.0,1.0,1.0,100.0,86857.76146325747,1.0
interpolation_fold0,interpolation,cpu_ready,1,model_regression,ridge,False,0.0,True,20,1.0,1.0,,,,0,0,0,20,1.0,1.0,1.0,1.0,100.0,1.2970269240761343,1.0
interpolation_fold0,interpolation,cpu_ready,2,model_regression,ridge,False,0.0,True,20,1.0,1.0,,,,0,0,0,20,1.0,1.0,1.0,1.0,100.0,5.188107696304537,1.0
interpolation_fold0,interpolation,cpu_ready,3,model_regression,ridge,False,0.0,True,20,1.0,1.0,,,,0,0,0,20,1.0,1.0,1.0,1.0,100.0,11.673242316685208,1.0
interpolation_fold0,interpolation,cpu_ready,5,model_regression,ridge,False,0.0,True,20,1.0,1.0,,,,0,0,0,20,1.0,1.0,1.0,1.0,100.0,32.42567310190335,1.0
interpolation_fold0,interpolation,cpu_ready,10,model_regression,ridge,False,0.0,True,20,1.0,1.0,,,,0,0,0,20,1.0,1.0,1.0,1.0,100.0,129.7026924076134,1.0
interpolation_fold0,interpolation,cpu_ready,30,model_regression,ridge,False,0.0,True,20,0.85,0.5,,,0.0,0,0,3,17,1.2947443010811233,1.0,2.2620818912369813,5.315735105181755,85.0,1167.3242316685205,2.6731734528517173
interpolation_fold0,interpolation,cpu_ready,100,model_regression,ridge,False,0.0,True,20,0.85,0.5,,,0.0,0,0,3,17,2.345905845046913,1.0,6.0903822741780465,19.928378383895858,85.0,12970.269240761341,7.713739868863157
interpolation_fold0,interpolation,cpu_ready,1000,model_regression,ridge,False,0.0,True,20,0.75,0.5,,,0.0,0,0,5,15,4.5081279690078375,1.0,11.374536120920762,48.903209075121126,75.0,1297026.924076134,14.93990971116328
interpolation_fold0,interpolation,gpu_ready,1,model_regression,ridge,False,0.0,True,20,0.45,0.6944444444444444,0.24459979523511427,1.0,0.3888888888888889,7,0,11,2,3781.607799300125,3.732654736048307,29447.227310891627,40742.91779420079,45.0,0.4999485300665764,4.773900163987067
interpolation_fold0,interpolation,gpu_ready,2,model_regression,ridge,False,0.0,True,20,0.5,0.7222222222222222,0.2721655269759087,1.0,0.4444444444444444,8,0,10,2,947.3982251499117,1.0788586145756143,7375.980833283892,10192.164810014016,50.0,0.7693570476870849,1.8367003628605247
interpolation_fold0,interpolation,gpu_ready,3,model_regression,ridge,False,0.0,True,20,0.6,0.65625,0.25,0.9,0.5625,9,1,7,3,420.33936850031614,1.0,3284.519523117294,4532.712089996342,60.0,1.2111379531310231,1.391871765344042
interpolation_fold0,interpolation,gpu_ready,5,model_regression,ridge,False,0.0,True,20,0.65,0.7,0.34641016151377546,0.9,0.6,9,1,6,4,152.34877573893675,1.0,1186.9739806369646,1633.8372928782512,65.0,2.8856035737917187,1.2765517898991219
interpolation_fold0,interpolation,gpu_ready,10,model_regression,ridge,False,0.0,True,20,0.75,0.7417582417582418,0.47075654176200415,0.8333333333333334,0.7692307692307693,10,2,3,5,24.67657485718537,1.0,73.59981888170569,409.7488327290463,75.0,10.617284293694288,1.2664239922959726
interpolation_fold0,interpolation,gpu_ready,30,model_regression,ridge,False,0.0,True,20,0.75,0.75,0.5241424183609591,0.6923076923076923,0.9,9,4,1,6,4.355747680323303,1.0,22.45071512224505,46.10302010070113,75.0,94.21371666174996,1.30240682903173
interpolation_fold0,interpolation,gpu_ready,100,model_regression,ridge,False,0.0,True,20,0.65,0.6875,0.3851644432598216,0.5384615384615384,0.875,7,6,1,6,3.0244244109687477,1.0,5.770566204274116,33.08293570184601,65.0,1045.7941921289653,1.3193465141199916
interpolation_fold0,interpolation,gpu_ready,1000,model_regression,ridge,False,0.05,True,20,0.4,0.5714285714285714,0.21821789023599236,0.3333333333333333,1.0,6,12,0,2,26.762682133369708,3.7286493419262454,58.46613072215406,399.45066252893196,40.0,105578.12056656036,1.338655356356864
interpolation_fold0,interpolation,none_ready,1,model_regression,ridge,False,0.0,True,20,1.0,1.0,,,,0,0,0,20,1.0,1.0,1.0,1.0,100.0,2.466817330099965,1.0
interpolation_fold0,interpolation,none_ready,2,model_regression,ridge,False,0.0,True,20,1.0,1.0,,,,0,0,0,20,1.0,1.0,1.0,1.0,100.0,6.875135238713041,1.0
interpolation_fold0,interpolation,none_ready,3,model_regression,ridge,False,0.0,True,20,1.0,1.0,,,,0,0,0,20,1.0,1.0,1.0,1.0,100.0,13.877506995478386,1.0
interpolation_fold0,interpolation,none_ready,5,model_regression,ridge,False,0.0,True,20,1.0,1.0,,,,0,0,0,20,1.0,1.0,1.0,1.0,100.0,35.664412053465874,1.0
interpolation_fold0,interpolation,none_ready,10,model_regression,ridge,False,0.0,True,20,1.0,1.0,,,,0,0,0,20,1.0,1.0,1.0,1.0,100.0,135.5276170410993,1.0
interpolation_fold0,interpolation,none_ready,30,model_regression,ridge,False,0.0,True,20,0.85,0.5,,,0.0,0,0,3,17,1.2996515793298293,1.0,2.3177305318665797,5.355130422102114,85.0,1183.4938990297003,2.691788532228337
interpolation_fold0,interpolation,none_ready,100,model_regression,ridge,False,0.0,True,20,0.9,0.6666666666666666,0.5461186812727502,1.0,0.3333333333333333,1,0,2,17,1.40174538543152,1.0,4.668548885468117,5.4051260419230704,90.0,6651.098200723905,3.9354920729033864
interpolation_fold0,interpolation,none_ready,1000,model_regression,ridge,False,0.0,True,20,0.9,0.8,0.7276068751089989,1.0,0.6,3,0,2,15,1.291966505556766,1.0,3.2544244017947386,4.6588213375375735,90.0,92329.1177999471,1.062992140765729
interpolation_fold0,interpolation,cpu_ready,1,model_regression,elasticnet,False,0.0,True,20,1.0,1.0,,,,0,0,0,20,1.0,1.0,1.0,1.0,100.0,1.2970269240761343,1.0
interpolation_fold0,interpolation,cpu_ready,2,model_regression,elasticnet,False,0.0,True,20,1.0,1.0,,,,0,0,0,20,1.0,1.0,1.0,1.0,100.0,5.188107696304537,1.0
interpolation_fold0,interpolation,cpu_ready,3,model_regression,elasticnet,False,0.0,True,20,1.0,1.0,,,,0,0,0,20,1.0,1.0,1.0,1.0,100.0,11.673242316685208,1.0
interpolation_fold0,interpolation,cpu_ready,5,model_regression,elasticnet,False,0.0,True,20,1.0,1.0,,,,0,0,0,20,1.0,1.0,1.0,1.0,100.0,32.42567310190335,1.0
interpolation_fold0,interpolation,cpu_ready,10,model_regression,elasticnet,False,0.0,True,20,1.0,1.0,,,,0,0,0,20,1.0,1.0,1.0,1.0,100.0,129.7026924076134,1.0
interpolation_fold0,interpolation,cpu_ready,30,model_regression,elasticnet,False,0.0,True,20,0.85,0.5,,,0.0,0,0,3,17,1.2947443010811233,1.0,2.2620818912369813,5.315735105181755,85.0,1167.3242316685205,2.6731734528517173
interpolation_fold0,interpolation,cpu_ready,100,model_regression,elasticnet,False,0.0,True,20,0.85,0.5,,,0.0,0,0,3,17,2.345905845046913,1.0,6.0903822741780465,19.928378383895858,85.0,12970.269240761341,7.713739868863157
interpolation_fold0,interpolation,cpu_ready,1000,model_regression,elasticnet,False,0.0,True,20,0.75,0.5,,,0.0,0,0,5,15,4.5081279690078375,1.0,11.374536120920762,48.903209075121126,75.0,1297026.924076134,14.93990971116328
interpolation_fold0,interpolation,gpu_ready,1,model_regression,elasticnet,False,0.0,True,20,0.45,0.6944444444444444,0.24459979523511427,1.0,0.3888888888888889,7,0,11,2,3781.607799300125,3.732654736048307,29447.227310891627,40742.91779420079,45.0,0.4999485300665764,4.773900163987067
interpolation_fold0,interpolation,gpu_ready,2,model_regression,elasticnet,False,0.0,True,20,0.5,0.7222222222222222,0.2721655269759087,1.0,0.4444444444444444,8,0,10,2,947.3982251499117,1.0788586145756143,7375.980833283892,10192.164810014016,50.0,0.7693570476870849,1.8367003628605247
interpolation_fold0,interpolation,gpu_ready,3,model_regression,elasticnet,False,0.0,True,20,0.65,0.78125,0.45226701686664544,1.0,0.5625,9,0,7,4,420.3049505734298,1.0,3284.519523117294,4532.712089996342,65.0,1.1388359050412304,1.3087803395881499
interpolation_fold0,interpolation,gpu_ready,5,model_regression,elasticnet,False,0.0,True,20,0.65,0.7,0.34641016151377546,0.9,0.6,9,1,6,4,152.34877573893675,1.0,1186.9739806369646,1633.8372928782512,65.0,2.8856035737917187,1.2765517898991219
interpolation_fold0,interpolation,gpu_ready,10,model_regression,elasticnet,False,0.0,True,20,0.7,0.7032967032967032,0.38981938376529196,0.8181818181818182,0.6923076923076923,9,2,4,5,39.31645698549179,1.0,299.5952020742743,409.7488327290463,70.0,10.729641387495045,1.2798258863545535
interpolation_fold0,interpolation,gpu_ready,30,model_regression,elasticnet,False,0.0,True,20,0.7,0.7,0.408248290463863,0.6666666666666666,0.8,8,4,2,6,4.639428219144544,1.0,22.45071512224505,46.10302010070113,70.0,94.2720404734581,1.303213095182301
interpolation_fold0,interpolation,gpu_ready,100,model_regression,elasticnet,False,0.0,True,20,0.65,0.6875,0.3851644432598216,0.5384615384615384,0.875,7,6,1,6,3.0244244109687477,1.0,5.770566204274116,33.08293570184601,65.0,1045.7941921289653,1.3193465141199916
interpolation_fold0,interpolation,gpu_ready,1000,model_regression,elasticnet,False,0.05,True,20,0.4,0.5714285714285714,0.21821789023599236,0.3333333333333333,1.0,6,12,0,2,26.762682133369708,3.7286493419262454,58.46613072215406,399.45066252893196,40.0,105578.12056656036,1.338655356356864
interpolation_fold0,interpolation,none_ready,1,model_regression,elasticnet,False,0.0,True,20,1.0,1.0,,,,0,0,0,20,1.0,1.0,1.0,1.0,100.0,2.466817330099965,1.0
interpolation_fold0,interpolation,none_ready,2,model_regression,elasticnet,False,0.0,True,20,1.0,1.0,,,,0,0,0,20,1.0,1.0,1.0,1.0,100.0,6.875135238713041,1.0
interpolation_fold0,interpolation,none_ready,3,model_regression,elasticnet,False,0.0,True,20,1.0,1.0,,,,0,0,0,20,1.0,1.0,1.0,1.0,100.0,13.877506995478386,1.0
interpolation_fold0,interpolation,none_ready,5,model_regression,elasticnet,False,0.0,True,20,1.0,1.0,,,,0,0,0,20,1.0,1.0,1.0,1.0,100.0,35.664412053465874,1.0
interpolation_fold0,interpolation,none_ready,10,model_regression,elasticnet,False,0.0,True,20,1.0,1.0,,,,0,0,0,20,1.0,1.0,1.0,1.0,100.0,135.5276170410993,1.0
interpolation_fold0,interpolation,none_ready,30,model_regression,elasticnet,False,0.0,True,20,0.85,0.5,,,0.0,0,0,3,17,1.2996515793298293,1.0,2.3177305318665797,5.355130422102114,85.0,1183.4938990297003,2.691788532228337
interpolation_fold0,interpolation,none_ready,100,model_regression,elasticnet,False,0.0,True,20,0.9,0.6666666666666666,0.5461186812727502,1.0,0.3333333333333333,1,0,2,17,1.40174538543152,1.0,4.668548885468117,5.4051260419230704,90.0,6651.098200723905,3.9354920729033864
interpolation_fold0,interpolation,none_ready,1000,model_regression,elasticnet,False,0.0,True,20,0.9,0.8,0.7276068751089989,1.0,0.6,3,0,2,15,1.291966505556766,1.0,3.2544244017947386,4.6588213375375735,90.0,92329.1177999471,1.062992140765729
interpolation_fold0,interpolation,cpu_ready,1,model_regression,huber,False,0.0,True,20,1.0,1.0,,,,0,0,0,20,1.0,1.0,1.0,1.0,100.0,1.2970269240761343,1.0
interpolation_fold0,interpolation,cpu_ready,2,model_regression,huber,False,0.0,True,20,1.0,1.0,,,,0,0,0,20,1.0,1.0,1.0,1.0,100.0,5.188107696304537,1.0
interpolation_fold0,interpolation,cpu_ready,3,model_regression,huber,False,0.0,True,20,1.0,1.0,,,,0,0,0,20,1.0,1.0,1.0,1.0,100.0,11.673242316685208,1.0
interpolation_fold0,interpolation,cpu_ready,5,model_regression,huber,False,0.0,True,20,1.0,1.0,,,,0,0,0,20,1.0,1.0,1.0,1.0,100.0,32.42567310190335,1.0
interpolation_fold0,interpolation,cpu_ready,10,model_regression,huber,False,0.0,True,20,1.0,1.0,,,,0,0,0,20,1.0,1.0,1.0,1.0,100.0,129.7026924076134,1.0
interpolation_fold0,interpolation,cpu_ready,30,model_regression,huber,False,0.0,True,20,0.85,0.5,,,0.0,0,0,3,17,1.2947443010811233,1.0,2.2620818912369813,5.315735105181755,85.0,1167.3242316685205,2.6731734528517173
interpolation_fold0,interpolation,cpu_ready,100,model_regression,huber,False,0.0,True,20,0.85,0.5,,,0.0,0,0,3,17,2.345905845046913,1.0,6.0903822741780465,19.928378383895858,85.0,12970.269240761341,7.713739868863157
interpolation_fold0,interpolation,cpu_ready,1000,model_regression,huber,False,0.0,True,20,0.8,0.6,0.3973597071195132,1.0,0.2,1,0,4,15,2.112967515251781,1.0,9.074707499764143,9.399342807541766,80.0,641460.6349731591,7.388716295608624
interpolation_fold0,interpolation,gpu_ready,1,model_regression,huber,False,0.0,True,20,0.35,0.6388888888888888,0.19245008972987526,1.0,0.2777777777777778,5,0,13,2,3878.826748753534,7.994473358421649,29447.227310891627,40742.91779420079,35.0,0.6394046426742989,6.105536360133796
interpolation_fold0,interpolation,gpu_ready,2,model_regression,huber,False,0.05,True,20,0.4,0.6666666666666666,0.21821789023599236,1.0,0.3333333333333333,6,0,12,2,972.1446746696511,2.2235632899167115,7375.980833283892,10192.164810014016,40.0,0.8448174184368676,2.0168483068539964
interpolation_fold0,interpolation,gpu_ready,3,model_regression,huber,False,0.0,True,20,0.5,0.6875,0.3273268353539886,1.0,0.375,6,0,10,4,433.33685060356254,1.4445107991038284,3284.519523117294,4532.712089996342,50.0,1.2897047536418027,1.482162810259007
interpolation_fold0,interpolation,gpu_ready,5,model_regression,huber,False,0.0,True,20,0.6,0.7333333333333334,0.42365927286816174,1.0,0.4666666666666667,7,0,8,5,152.9451973678707,1.0,1186.9739806369646,1633.8372928782512,60.0,2.6161931355878214,1.1573682748001364
interpolation_fold0,interpolation,gpu_ready,10,model_regression,huber,False,0.05,True,20,0.6,0.6263736263736264,0.24232015747572203,0.7777777777777778,0.5384615384615384,7,2,6,5,39.4971129296432,1.0,299.5952020742743,409.7488327290463,60.0,10.806478092987598,1.2889909274924782
interpolation_fold0,interpolation,gpu_ready,30,model_regression,huber,False,0.0,True,20,0.7,0.7,0.4,0.7,0.7,7,3,3,7,6.2790247409343705,1.0,34.57143460274522,46.10302010070113,70.0,94.37824803107289,1.3046813044116312
interpolation_fold0,interpolation,gpu_ready,100,model_regression,huber,False,0.0,True,20,0.65,0.6875,0.3851644432598216,0.5384615384615384,0.875,7,6,1,6,3.0244244109687477,1.0,5.770566204274116,33.08293570184601,65.0,1045.7941921289653,1.3193465141199916
interpolation_fold0,interpolation,gpu_ready,1000,model_regression,huber,False,0.0,True,20,0.6,0.7142857142857143,0.42857142857142855,0.42857142857142855,1.0,6,8,0,6,5.2255796720010625,1.0,23.63347879745979,40.51957641653391,60.0,105445.28598473873,1.3369711084889278
interpolation_fold0,interpolation,none_ready,1,model_regression,huber,False,0.0,True,20,1.0,1.0,,,,0,0,0,20,1.0,1.0,1.0,1.0,100.0,2.466817330099965,1.0
interpolation_fold0,interpolation,none_ready,2,model_regression,huber,False,0.0,True,20,1.0,1.0,,,,0,0,0,20,1.0,1.0,1.0,1.0,100.0,6.875135238713041,1.0
interpolation_fold0,interpolation,none_ready,3,model_regression,huber,False,0.0,True,20,1.0,1.0,,,,0,0,0,20,1.0,1.0,1.0,1.0,100.0,13.877506995478386,1.0
interpolation_fold0,interpolation,none_ready,5,model_regression,huber,False,0.0,True,20,1.0,1.0,,,,0,0,0,20,1.0,1.0,1.0,1.0,100.0,35.664412053465874,1.0
interpolation_fold0,interpolation,none_ready,10,model_regression,huber,False,0.0,True,20,1.0,1.0,,,,0,0,0,20,1.0,1.0,1.0,1.0,100.0,135.5276170410993,1.0
interpolation_fold0,interpolation,none_ready,30,model_regression,huber,False,0.0,True,20,0.9,0.6666666666666666,0.5461186812727502,1.0,0.3333333333333333,1,0,2,17,1.0818950582247235,1.0,1.5139254644957247,2.1578673797489176,90.0,690.0137270422715,1.569396377163672
interpolation_fold0,interpolation,none_ready,100,model_regression,huber,False,0.0,True,20,1.0,1.0,1.0,1.0,1.0,3,0,0,17,1.0,1.0,1.0,1.0,100.0,1690.0296271762265,1.0
interpolation_fold0,interpolation,none_ready,1000,model_regression,huber,False,0.0,True,20,0.9,0.8,0.7276068751089989,1.0,0.6,3,0,2,15,1.291966505556766,1.0,3.2544244017947386,4.6588213375375735,90.0,92329.1177999471,1.062992140765729
interpolation_fold0,interpolation,cpu_ready,1,model_regression,tree,False,0.0,True,20,1.0,1.0,,,,0,0,0,20,1.0,1.0,1.0,1.0,100.0,1.2970269240761343,1.0
interpolation_fold0,interpolation,cpu_ready,2,model_regression,tree,False,0.0,True,20,1.0,1.0,,,,0,0,0,20,1.0,1.0,1.0,1.0,100.0,5.188107696304537,1.0
interpolation_fold0,interpolation,cpu_ready,3,model_regression,tree,False,0.0,True,20,1.0,1.0,,,,0,0,0,20,1.0,1.0,1.0,1.0,100.0,11.673242316685208,1.0
interpolation_fold0,interpolation,cpu_ready,5,model_regression,tree,False,0.0,True,20,1.0,1.0,,,,0,0,0,20,1.0,1.0,1.0,1.0,100.0,32.42567310190335,1.0
interpolation_fold0,interpolation,cpu_ready,10,model_regression,tree,False,0.0,True,20,1.0,1.0,,,,0,0,0,20,1.0,1.0,1.0,1.0,100.0,129.7026924076134,1.0
interpolation_fold0,interpolation,cpu_ready,30,model_regression,tree,False,0.0,True,20,0.85,0.5,,,0.0,0,0,3,17,1.2947443010811233,1.0,2.2620818912369813,5.315735105181755,85.0,1167.3242316685205,2.6731734528517173
interpolation_fold0,interpolation,cpu_ready,100,model_regression,tree,False,0.0,True,20,0.85,0.5,,,0.0,0,0,3,17,2.345905845046913,1.0,6.0903822741780465,19.928378383895858,85.0,12970.269240761341,7.713739868863157
interpolation_fold0,interpolation,cpu_ready,1000,model_regression,tree,False,0.0,True,20,0.75,0.5,,,0.0,0,0,5,15,4.5081279690078375,1.0,11.374536120920762,48.903209075121126,75.0,1297026.924076134,14.93990971116328
interpolation_fold0,interpolation,gpu_ready,1,model_regression,tree,False,0.0,True,20,0.8,0.6666666666666667,0.25,0.9375,0.8333333333333334,15,1,3,1,14.279440106851808,1.0,19.465624527325005,251.30866394383602,80.0,0.18563807788883757,1.7726177739891564
interpolation_fold0,interpolation,gpu_ready,2,model_regression,tree,False,0.0,True,20,0.8,0.6666666666666667,0.25,0.9375,0.8333333333333334,15,1,3,1,4.574894751012314,1.0,11.978166824755931,63.10007105865593,80.0,0.45332322630941246,1.0822269539984077
interpolation_fold0,interpolation,gpu_ready,3,model_regression,tree,False,0.0,True,20,0.9,0.84375,0.6875,0.9375,0.9375,15,1,1,3,2.82661304813335,1.0,11.256224443253055,28.166026079200673,90.0,0.8917768223276741,1.0248535080395091
interpolation_fold0,interpolation,gpu_ready,5,model_regression,tree,False,0.0,True,20,0.85,0.7666666666666666,0.5773502691896257,0.875,0.9333333333333333,14,2,1,3,1.9879271043286644,1.0,10.286954318279,11.41535042975039,85.0,2.2809893571572584,1.0090786804764742
interpolation_fold0,interpolation,gpu_ready,10,model_regression,tree,False,0.0,True,20,0.75,0.6758241758241759,0.4193139346887673,0.75,0.9230769230769231,12,4,1,3,1.789198769255155,1.0,3.09877825583806,12.344309788405862,75.0,8.742468527190741,1.0427969703422528
interpolation_fold0,interpolation,gpu_ready,30,model_regression,tree,False,0.0,True,20,0.7,0.7,0.5,0.625,1.0,10,6,0,4,2.1210264919656328,1.0,6.245178127705939,13.047815006844582,70.0,77.28049710674638,1.0683226471592617
interpolation_fold0,interpolation,gpu_ready,100,model_regression,tree,False,0.0,True,20,0.6,0.6666666666666666,0.4082482904638631,0.5,1.0,8,8,0,4,2.6154864993056504,1.0,9.016786928366328,13.312463385074329,60.0,855.0842070679047,1.0787518006554158
interpolation_fold0,interpolation,gpu_ready,1000,model_regression,tree,False,0.0,True,20,0.5,0.6428571428571428,0.3273268353539886,0.375,1.0,6,10,0,4,5.229904125671106,1.1923174131626113,14.610795004443586,22.744736817508507,50.0,85395.84499724454,1.082758479718467
interpolation_fold0,interpolation,none_ready,1,model_regression,tree,False,0.0,True,20,1.0,1.0,,,,0,0,0,20,1.0,1.0,1.0,1.0,100.0,2.466817330099965,1.0
interpolation_fold0,interpolation,none_ready,2,model_regression,tree,False,0.0,True,20,1.0,1.0,,,,0,0,0,20,1.0,1.0,1.0,1.0,100.0,6.875135238713041,1.0
interpolation_fold0,interpolation,none_ready,3,model_regression,tree,False,0.0,True,20,1.0,1.0,,,,0,0,0,20,1.0,1.0,1.0,1.0,100.0,13.877506995478386,1.0
interpolation_fold0,interpolation,none_ready,5,model_regression,tree,False,0.0,True,20,1.0,1.0,,,,0,0,0,20,1.0,1.0,1.0,1.0,100.0,35.664412053465874,1.0
interpolation_fold0,interpolation,none_ready,10,model_regression,tree,False,0.0,True,20,1.0,1.0,,,,0,0,0,20,1.0,1.0,1.0,1.0,100.0,135.5276170410993,1.0
interpolation_fold0,interpolation,none_ready,30,model_regression,tree,False,0.0,True,20,0.85,0.5,,,0.0,0,0,3,17,1.2996515793298293,1.0,2.3177305318665797,5.355130422102114,85.0,1183.4938990297003,2.691788532228337
interpolation_fold0,interpolation,none_ready,100,model_regression,tree,False,0.0,True,20,0.85,0.5,,,0.0,0,0,3,17,2.3503768234856426,1.0,6.13350117788105,19.972628761082454,85.0,13022.645507669447,7.705572315574277
interpolation_fold0,interpolation,none_ready,1000,model_regression,tree,False,0.0,True,20,0.75,0.5,,,0.0,0,0,5,15,4.510902312340692,1.0,11.37548587546478,48.91406250852371,75.0,1297544.8137657885,14.938731921092339
interpolation_fold0,interpolation,cpu_ready,1,model_regression,random_forest,False,0.0,True,20,1.0,1.0,,,,0,0,0,20,1.0,1.0,1.0,1.0,100.0,1.2970269240761343,1.0
interpolation_fold0,interpolation,cpu_ready,2,model_regression,random_forest,False,0.0,True,20,1.0,1.0,,,,0,0,0,20,1.0,1.0,1.0,1.0,100.0,5.188107696304537,1.0
interpolation_fold0,interpolation,cpu_ready,3,model_regression,random_forest,False,0.0,True,20,1.0,1.0,,,,0,0,0,20,1.0,1.0,1.0,1.0,100.0,11.673242316685208,1.0
interpolation_fold0,interpolation,cpu_ready,5,model_regression,random_forest,False,0.0,True,20,1.0,1.0,,,,0,0,0,20,1.0,1.0,1.0,1.0,100.0,32.42567310190335,1.0
interpolation_fold0,interpolation,cpu_ready,10,model_regression,random_forest,False,0.0,True,20,1.0,1.0,,,,0,0,0,20,1.0,1.0,1.0,1.0,100.0,129.7026924076134,1.0
interpolation_fold0,interpolation,cpu_ready,30,model_regression,random_forest,False,0.0,True,20,1.0,1.0,1.0,1.0,1.0,3,0,0,17,1.0,1.0,1.0,1.0,100.0,436.6810655040845,1.0
interpolation_fold0,interpolation,cpu_ready,100,model_regression,random_forest,False,0.05,True,20,1.0,1.0,1.0,1.0,1.0,3,0,0,17,1.0,1.0,1.0,1.0,100.0,1681.4501734906037,1.0
interpolation_fold0,interpolation,cpu_ready,1000,model_regression,random_forest,False,0.05,True,20,0.9,0.8,0.7276068751089989,1.0,0.6,3,0,2,15,1.2901193033280056,1.0,3.22777607014837,4.649434103426373,90.0,92248.63748300874,1.0625734049088138
interpolation_fold0,interpolation,gpu_ready,1,model_regression,random_forest,False,0.0,True,20,0.85,0.6944444444444444,0.32673201960653564,0.9411764705882353,0.8888888888888888,16,1,2,1,1.7640069096600068,1.0,7.048763330755913,7.263359294876873,85.0,0.16351086813419402,1.5613298434851857
interpolation_fold0,interpolation,gpu_ready,2,model_regression,random_forest,False,0.0,True,20,0.85,0.6944444444444444,0.32673201960653564,0.9411764705882353,0.8888888888888888,16,1,2,1,1.4698911980795182,1.0,2.3193151383005617,9.287540286129575,85.0,0.43136471674057913,1.0298049964506086
interpolation_fold0,interpolation,gpu_ready,3,model_regression,random_forest,False,0.0,True,20,0.95,0.875,0.8401680504168059,0.9411764705882353,1.0,16,1,0,3,1.4683117441733162,1.0,1.4683117441733229,10.366234883466324,95.0,0.8701636063484414,1.0000150286557141
interpolation_fold0,interpolation,gpu_ready,5,model_regression,random_forest,False,0.0,True,20,0.9,0.8,0.7276068751089989,0.8823529411764706,1.0,15,2,0,3,1.526548851865955,1.0,1.6306127986777992,11.41535042975039,90.0,2.2605965085685975,1.000057161511279
interpolation_fold0,interpolation,gpu_ready,10,model_regression,random_forest,False,0.0,True,20,0.75,0.6758241758241759,0.4193139346887673,0.75,0.9230769230769231,12,4,1,3,1.789198769255155,1.0,3.09877825583806,12.344309788405862,75.0,8.742468527190741,1.0427969703422528
interpolation_fold0,interpolation,gpu_ready,30,model_regression,random_forest,False,0.0,True,20,0.8,0.8,0.6546536707079772,0.7142857142857143,1.0,10,4,0,6,1.2742785112358403,1.0,2.6804007137283663,4.679493684436071,80.0,77.25248009938856,1.067935341117161
interpolation_fold0,interpolation,gpu_ready,100,model_regression,random_forest,False,0.05,True,20,0.85,0.8541666666666667,0.6975184488828855,0.7777777777777778,0.875,7,2,1,10,1.400972303737284,1.0,1.675262990372575,8.430180278296815,85.0,827.0040219565275,1.0433265758632215
interpolation_fold0,interpolation,gpu_ready,1000,model_regression,random_forest,False,0.0,True,20,0.85,0.8452380952380952,0.6633880657639324,0.7142857142857143,0.8333333333333334,5,2,1,12,1.8977139553439273,1.0,8.294591005282038,8.58539795696139,85.0,82254.07981299827,1.042923135333308
interpolation_fold0,interpolation,none_ready,1,model_regression,random_forest,False,0.0,True,20,1.0,1.0,,,,0,0,0,20,1.0,1.0,1.0,1.0,100.0,2.466817330099965,1.0
interpolation_fold0,interpolation,none_ready,2,model_regression,random_forest,False,0.0,True,20,1.0,1.0,,,,0,0,0,20,1.0,1.0,1.0,1.0,100.0,6.875135238713041,1.0
interpolation_fold0,interpolation,none_ready,3,model_regression,random_forest,False,0.0,True,20,1.0,1.0,,,,0,0,0,20,1.0,1.0,1.0,1.0,100.0,13.877506995478386,1.0
interpolation_fold0,interpolation,none_ready,5,model_regression,random_forest,False,0.0,True,20,1.0,1.0,,,,0,0,0,20,1.0,1.0,1.0,1.0,100.0,35.664412053465874,1.0
interpolation_fold0,interpolation,none_ready,10,model_regression,random_forest,False,0.0,True,20,1.0,1.0,,,,0,0,0,20,1.0,1.0,1.0,1.0,100.0,135.5276170410993,1.0
interpolation_fold0,interpolation,none_ready,30,model_regression,random_forest,False,0.0,True,20,1.0,1.0,1.0,1.0,1.0,3,0,0,17,1.0,1.0,1.0,1.0,100.0,439.66822982560643,1.0
interpolation_fold0,interpolation,none_ready,100,model_regression,random_forest,False,0.05,True,20,1.0,1.0,1.0,1.0,1.0,3,0,0,17,1.0,1.0,1.0,1.0,100.0,1690.0296271762265,1.0
interpolation_fold0,interpolation,none_ready,1000,model_regression,random_forest,False,0.05,True,20,0.9,0.8,0.7276068751089989,1.0,0.6,3,0,2,15,1.291966505556766,1.0,3.2544244017947386,4.6588213375375735,90.0,92329.1177999471,1.062992140765729
interpolation_fold0,interpolation,cpu_ready,1,model_classification,logistic,False,0.0,False,20,0.9,0.9,,0.0,,0,2,0,18,17.217523456480688,1.0,91.1102966668981,243.2473877847057,90.0,121.94475783806,94.01867885273133
interpolation_fold0,interpolation,cpu_ready,2,model_classification,logistic,False,0.0,False,20,0.9,0.9,,0.0,,0,2,0,18,5.134127425440566,1.0,23.48806088111752,63.28928911361473,90.0,127.3551102317571,24.547507046253394
interpolation_fold0,interpolation,cpu_ready,3,model_classification,logistic,False,0.0,False,20,0.9,0.9,,0.0,,0,2,0,18,2.8518827553785986,1.0,10.759772494225448,29.251110953297708,90.0,133.55498388251755,11.441121520421113
interpolation_fold0,interpolation,cpu_ready,5,model_classification,logistic,False,0.0,False,20,0.9,0.9,,0.0,,0,2,0,18,1.6544864618315316,1.0,4.1096262597243145,11.361796127860876,90.0,148.32329495522853,4.574254927233018
interpolation_fold0,interpolation,cpu_ready,10,model_classification,logistic,False,0.0,False,20,0.9,0.9,,0.0,,0,2,0,18,1.1230055831310266,1.0,1.1826325276057714,3.3938595020930427,90.0,199.0606946356149,1.5347460483706217
interpolation_fold0,interpolation,cpu_ready,30,model_classification,logistic,False,0.0,False,20,0.95,0.8333333333333333,0.7934920476158722,1.0,0.6666666666666666,2,0,1,17,1.055068165051468,1.0,1.0550681650514688,2.1013633010293593,95.0,599.3906076230011,1.3726049855884916
interpolation_fold0,interpolation,cpu_ready,100,model_classification,logistic,False,0.0,False,20,0.95,0.8333333333333333,0.7934920476158722,1.0,0.6666666666666666,2,0,1,17,1.2181033344728023,1.0,1.2181033344728054,5.362066689456046,95.0,4487.537262828446,2.668849385832558
interpolation_fold0,interpolation,cpu_ready,1000,model_classification,logistic,False,0.0,False,20,0.9,0.8,0.7276068751089989,1.0,0.6,3,0,2,15,1.2901193033280056,1.0,3.22777607014837,4.649434103426373,90.0,92248.63748300874,1.0625734049088138
interpolation_fold0,interpolation,gpu_ready,1,model_classification,logistic,False,0.0,False,20,0.95,0.9722222222222222,0.7934920476158722,1.0,0.9444444444444444,17,0,1,2,1.3131679647438435,1.0,1.3131679647438481,7.263359294876873,95.0,0.10480466684794722,1.0007570503015546
interpolation_fold0,interpolation,gpu_ready,2,model_classification,logistic,False,0.0,False,20,0.95,0.9722222222222222,0.7934920476158722,1.0,0.9444444444444444,17,0,1,2,1.0476283223154776,1.0,1.0476283223154785,1.9525664463095556,95.0,0.4189282306523383,1.0001151423319625
interpolation_fold0,interpolation,gpu_ready,3,model_classification,logistic,False,0.0,False,20,0.95,0.875,0.8401680504168059,0.9411764705882353,1.0,16,1,0,3,1.0344179268863507,1.0,1.0344179268863514,1.6883585377270163,95.0,0.9424525772455118,1.083091425755892
interpolation_fold0,interpolation,gpu_ready,5,model_classification,logistic,False,0.0,False,20,0.9,0.8,0.7276068751089989,0.8823529411764706,1.0,15,2,0,3,1.1376072665057637,1.0,1.2416712133176027,3.63651872254657,90.0,2.6177036187982057,1.1580364920366761
interpolation_fold0,interpolation,gpu_ready,10,model_classification,logistic,False,0.0,False,20,0.75,0.6428571428571428,0.45425676257949793,0.7222222222222222,1.0,13,5,0,2,2.090432230435726,1.0,8.822214018268902,12.344309788405862,75.0,10.47049270952062,1.248914770641705
interpolation_fold0,interpolation,gpu_ready,30,model_classification,logistic,False,0.0,False,20,0.6,0.6,0.3333333333333333,0.5555555555555556,1.0,10,8,0,2,3.2398193198435834,1.0,13.455717104776568,21.205856965484184,60.0,94.23244224344452,1.3026656907595204
interpolation_fold0,interpolation,gpu_ready,100,model_classification,logistic,False,0.0,False,20,0.5,0.5833333333333334,0.2721655269759087,0.4444444444444444,1.0,8,10,0,2,5.5184953953618425,1.1347623842993113,27.28252689340624,33.08293570184601,50.0,1047.0211083385443,1.320894359419199
interpolation_fold0,interpolation,gpu_ready,1000,model_classification,logistic,False,0.0,False,20,0.4,0.5714285714285714,0.21821789023599236,0.3333333333333333,1.0,6,12,0,2,27.12841607294439,3.7286493419262454,58.46613072215406,399.45066252893196,40.0,104701.90216450054,1.3275455312249007
interpolation_fold0,interpolation,none_ready,1,model_classification,logistic,False,0.0,False,20,0.9,0.9,,0.0,,0,2,0,18,15.89564418014491,1.0,75.59836417053393,232.57652805802164,90.0,122.94540037151974,49.83968568379464
interpolation_fold0,interpolation,none_ready,2,model_classification,logistic,False,0.0,False,20,0.9,0.9,,0.0,,0,2,0,18,4.953903169378837,1.0,21.33722044622447,61.87437752441495,90.0,128.7121021832749,18.721392047462995
interpolation_fold0,interpolation,none_ready,3,model_classification,logistic,False,0.0,False,20,0.9,0.9,,0.0,,0,2,0,18,2.79566381670823,1.0,10.086511165528245,28.81233483547571,90.0,135.26832525209343,9.747307300667691
interpolation_fold0,interpolation,none_ready,5,model_classification,logistic,False,0.0,False,20,0.9,0.9,,0.0,,0,2,0,18,1.6413418991755833,1.0,3.9523894027330844,11.259007424003334,90.0,150.74933516092057,4.226884069613331
interpolation_fold0,interpolation,none_ready,10,model_classification,logistic,False,0.0,False,20,0.9,0.9,,0.0,,0,2,0,18,1.1210713026867842,1.0,1.159751852430383,3.378447665131691,90.0,203.26848193159725,1.499830708821179
interpolation_fold0,interpolation,none_ready,30,model_classification,logistic,False,0.0,False,20,0.95,0.8333333333333333,0.7934920476158722,1.0,0.6666666666666666,2,0,1,17,1.057893368987446,1.0,1.0578933689874468,2.1578673797489176,95.0,610.7253832801448,1.3890596177995118
interpolation_fold0,interpolation,none_ready,100,model_classification,logistic,False,0.0,False,20,0.95,0.8333333333333333,0.7934920476158722,1.0,0.6666666666666666,2,0,1,17,1.2202563020961534,1.0,1.2202563020961565,5.4051260419230704,95.0,4523.816497749654,2.6767675696361843
interpolation_fold0,interpolation,none_ready,1000,model_classification,logistic,False,0.0,False,20,0.9,0.8,0.7276068751089989,1.0,0.6,3,0,2,15,1.291966505556766,1.0,3.2544244017947386,4.6588213375375735,90.0,92329.1177999471,1.062992140765729
interpolation_fold0,interpolation,cpu_ready,1,model_regression,ridge,True,0.0,True,20,1.0,1.0,,,,0,0,0,20,1.0,1.0,1.0,1.0,100.0,1.2970269240761343,1.0
interpolation_fold0,interpolation,cpu_ready,2,model_regression,ridge,True,0.0,True,20,1.0,1.0,,,,0,0,0,20,1.0,1.0,1.0,1.0,100.0,5.188107696304537,1.0
interpolation_fold0,interpolation,cpu_ready,3,model_regression,ridge,True,0.0,True,20,1.0,1.0,,,,0,0,0,20,1.0,1.0,1.0,1.0,100.0,11.673242316685208,1.0
interpolation_fold0,interpolation,cpu_ready,5,model_regression,ridge,True,0.0,True,20,1.0,1.0,,,,0,0,0,20,1.0,1.0,1.0,1.0,100.0,32.42567310190335,1.0
interpolation_fold0,interpolation,cpu_ready,10,model_regression,ridge,True,0.05,True,20,1.0,1.0,,,,0,0,0,20,1.0,1.0,1.0,1.0,100.0,129.7026924076134,1.0
interpolation_fold0,interpolation,cpu_ready,30,model_regression,ridge,True,0.0,True,20,0.9,0.6666666666666666,0.5461186812727502,1.0,0.3333333333333333,1,0,2,17,1.2708549203105557,1.0,2.2620818912369813,5.315735105181755,90.0,1088.4068931397292,2.492452682562095
interpolation_fold0,interpolation,cpu_ready,100,model_regression,ridge,True,0.0,True,20,1.0,1.0,1.0,1.0,1.0,3,0,0,17,1.0,1.0,1.0,1.0,100.0,1681.4501734906037,1.0
interpolation_fold0,interpolation,cpu_ready,1000,model_regression,ridge,True,0.0,True,20,0.9,0.8,0.7276068751089989,1.0,0.6,3,0,2,15,1.2901193033280056,1.0,3.22777607014837,4.649434103426373,90.0,92248.63748300874,1.0625734049088138
interpolation_fold0,interpolation,gpu_ready,1,model_regression,ridge,True,0.0,True,20,0.65,0.8055555555555556,0.3685138655950444,1.0,0.6111111111111112,11,0,7,2,2053.27093561096,1.0,2275.8891204567126,40742.91779420079,65.0,0.2591844528103849,2.4748961690308895
interpolation_fold0,interpolation,gpu_ready,2,model_regression,ridge,True,0.0,True,20,0.7,0.8333333333333333,0.408248290463863,1.0,0.6666666666666666,12,0,6,2,511.19399917260824,1.0,516.3552801109627,10192.164810014016,70.0,0.5050970220487475,1.2058274977342207
interpolation_fold0,interpolation,gpu_ready,3,model_regression,ridge,True,0.0,True,20,0.8,0.875,0.6123724356957946,1.0,0.75,12,0,4,4,227.83391203745668,1.0,229.99164206485477,4532.712089996342,80.0,0.9439566167201459,1.084819907695785
interpolation_fold0,interpolation,gpu_ready,5,model_regression,ridge,True,0.0,True,20,0.85,0.9,0.7071067811865475,1.0,0.8,12,0,3,5,82.70437562593797,1.0,83.29325750702863,1633.8372928782512,85.0,2.3341352530981196,1.032589702297102
interpolation_fold0,interpolation,gpu_ready,10,model_regression,ridge,True,0.0,True,20,0.8,0.7802197802197802,0.5604395604395604,0.8461538461538461,0.8461538461538461,11,2,2,5,21.858272045253,1.0,28.692440165301207,409.7488327290463,80.0,10.541204346290701,1.2573492168581761
interpolation_fold0,interpolation,gpu_ready,30,model_regression,ridge,True,0.0,True,20,0.7,0.7,0.5,0.625,1.0,10,6,0,4,2.45345388527955,1.0,6.653080225637925,21.205856965484184,70.0,94.22275195891798,1.3025317326354826
interpolation_fold0,interpolation,gpu_ready,100,model_regression,ridge,True,0.0,True,20,0.6,0.6666666666666666,0.4082482904638631,0.5,1.0,8,8,0,4,4.54616780298163,1.0,27.28252689340624,33.08293570184601,60.0,1046.902700162774,1.3207449787713414
interpolation_fold0,interpolation,gpu_ready,1000,model_regression,ridge,True,0.0,True,20,0.45,0.6071428571428571,0.27500954910846337,0.35294117647058826,1.0,6,11,0,3,26.507550776041768,2.3761688682534223,58.46613072215406,399.45066252893196,45.0,104700.41386589818,1.3275266606588665
interpolation_fold0,interpolation,none_ready,1,model_regression,ridge,True,0.0,True,20,1.0,1.0,,,,0,0,0,20,1.0,1.0,1.0,1.0,100.0,2.466817330099965,1.0
interpolation_fold0,interpolation,none_ready,2,model_regression,ridge,True,0.0,True,20,1.0,1.0,,,,0,0,0,20,1.0,1.0,1.0,1.0,100.0,6.875135238713041,1.0
interpolation_fold0,interpolation,none_ready,3,model_regression,ridge,True,0.0,True,20,1.0,1.0,,,,0,0,0,20,1.0,1.0,1.0,1.0,100.0,13.877506995478386,1.0
interpolation_fold0,interpolation,none_ready,5,model_regression,ridge,True,0.0,True,20,1.0,1.0,,,,0,0,0,20,1.0,1.0,1.0,1.0,100.0,35.664412053465874,1.0
interpolation_fold0,interpolation,none_ready,10,model_regression,ridge,True,0.0,True,20,1.0,1.0,,,,0,0,0,20,1.0,1.0,1.0,1.0,100.0,135.5276170410993,1.0
interpolation_fold0,interpolation,none_ready,30,model_regression,ridge,True,0.0,True,20,0.85,0.5,,,0.0,0,0,3,17,1.2996515793298293,1.0,2.3177305318665797,5.355130422102114,85.0,1183.4938990297003,2.691788532228337
interpolation_fold0,interpolation,none_ready,100,model_regression,ridge,True,0.0,True,20,0.85,0.5,,,0.0,0,0,3,17,2.3503768234856426,1.0,6.13350117788105,19.972628761082454,85.0,13022.645507669447,7.705572315574277
interpolation_fold0,interpolation,none_ready,1000,model_regression,ridge,True,0.0,True,20,0.85,0.7,0.5773502691896257,1.0,0.4,2,0,3,15,1.7119550713482696,1.0,4.895868836452202,9.399771315830069,85.0,334698.0940855117,3.8534045599033258
interpolation_fold0,interpolation,cpu_ready,1,model_regression,elasticnet,True,0.0,True,20,1.0,1.0,,,,0,0,0,20,1.0,1.0,1.0,1.0,100.0,1.2970269240761343,1.0
interpolation_fold0,interpolation,cpu_ready,2,model_regression,elasticnet,True,0.0,True,20,1.0,1.0,,,,0,0,0,20,1.0,1.0,1.0,1.0,100.0,5.188107696304537,1.0
interpolation_fold0,interpolation,cpu_ready,3,model_regression,elasticnet,True,0.0,True,20,1.0,1.0,,,,0,0,0,20,1.0,1.0,1.0,1.0,100.0,11.673242316685208,1.0
interpolation_fold0,interpolation,cpu_ready,5,model_regression,elasticnet,True,0.0,True,20,1.0,1.0,,,,0,0,0,20,1.0,1.0,1.0,1.0,100.0,32.42567310190335,1.0
interpolation_fold0,interpolation,cpu_ready,10,model_regression,elasticnet,True,0.0,True,20,0.95,0.95,,0.0,,0,1,0,19,1.1196929751046523,1.0,1.1196929751046538,3.3938595020930427,95.0,194.6267587479574,1.5005606679027816
interpolation_fold0,interpolation,cpu_ready,30,model_regression,elasticnet,True,0.0,True,20,0.9,0.6666666666666666,0.5461186812727502,1.0,0.3333333333333333,1,0,2,17,1.2708549203105557,1.0,2.2620818912369813,5.315735105181755,90.0,1088.4068931397292,2.492452682562095
interpolation_fold0,interpolation,cpu_ready,100,model_regression,elasticnet,True,0.0,True,20,1.0,1.0,1.0,1.0,1.0,3,0,0,17,1.0,1.0,1.0,1.0,100.0,1681.4501734906037,1.0
interpolation_fold0,interpolation,cpu_ready,1000,model_regression,elasticnet,True,0.0,True,20,0.9,0.8,0.7276068751089989,1.0,0.6,3,0,2,15,1.2901193033280056,1.0,3.22777607014837,4.649434103426373,90.0,92248.63748300874,1.0625734049088138
interpolation_fold0,interpolation,gpu_ready,1,model_regression,elasticnet,True,0.05,True,20,0.65,0.8055555555555556,0.3685138655950444,1.0,0.6111111111111112,11,0,7,2,2053.27093561096,1.0,2275.8891204567126,40742.91779420079,65.0,0.2591844528103849,2.4748961690308895
interpolation_fold0,interpolation,gpu_ready,2,model_regression,elasticnet,True,0.0,True,20,0.65,0.8055555555555556,0.3685138655950444,1.0,0.6111111111111112,11,0,7,2,514.2990027255411,1.0,569.553308006431,10192.164810014016,65.0,0.5270555316175808,1.2582494552820198
interpolation_fold0,interpolation,gpu_ready,3,model_regression,elasticnet,True,0.0,True,20,0.75,0.84375,0.5527707983925666,1.0,0.6875,11,0,5,4,229.19221334141676,1.0,253.39332927506095,4532.712089996342,75.0,0.9655698326993785,1.10965838707958
interpolation_fold0,interpolation,gpu_ready,5,model_regression,elasticnet,True,0.0,True,20,0.85,0.9,0.7071067811865475,1.0,0.8,12,0,3,5,82.70437562593797,1.0,83.29325750702863,1633.8372928782512,85.0,2.3341352530981196,1.032589702297102
interpolation_fold0,interpolation,gpu_ready,10,model_regression,elasticnet,True,0.0,True,20,0.85,0.8516483516483516,0.6847367880174606,0.9166666666666666,0.8461538461538461,11,1,2,6,21.47643001741886,1.0,22.032034289861166,409.7488327290463,85.0,8.798928618414921,1.049531499827913
interpolation_fold0,interpolation,gpu_ready,30,model_regression,elasticnet,True,0.0,True,20,0.65,0.65,0.34641016151377546,0.6,0.9,9,6,1,4,4.708604890314606,1.0,22.45071512224505,46.10302010070113,65.0,94.29485927265685,1.3035285413928932
interpolation_fold0,interpolation,gpu_ready,100,model_regression,elasticnet,True,0.0,True,20,0.55,0.625,0.3429971702850177,0.47058823529411764,1.0,8,9,0,3,4.9028722261081255,1.0,27.28252689340624,33.08293570184601,55.00000000000001,1047.0062347918654,1.3208755953429485
interpolation_fold0,interpolation,gpu_ready,1000,model_regression,elasticnet,True,0.0,True,20,0.45,0.6071428571428571,0.27500954910846337,0.35294117647058826,1.0,6,11,0,3,26.507550776041768,2.3761688682534223,58.46613072215406,399.45066252893196,45.0,104700.41386589818,1.3275266606588665
interpolation_fold0,interpolation,none_ready,1,model_regression,elasticnet,True,0.0,True,20,1.0,1.0,,,,0,0,0,20,1.0,1.0,1.0,1.0,100.0,2.466817330099965,1.0
interpolation_fold0,interpolation,none_ready,2,model_regression,elasticnet,True,0.0,True,20,1.0,1.0,,,,0,0,0,20,1.0,1.0,1.0,1.0,100.0,6.875135238713041,1.0
interpolation_fold0,interpolation,none_ready,3,model_regression,elasticnet,True,0.0,True,20,1.0,1.0,,,,0,0,0,20,1.0,1.0,1.0,1.0,100.0,13.877506995478386,1.0
interpolation_fold0,interpolation,none_ready,5,model_regression,elasticnet,True,0.0,True,20,1.0,1.0,,,,0,0,0,20,1.0,1.0,1.0,1.0,100.0,35.664412053465874,1.0
interpolation_fold0,interpolation,none_ready,10,model_regression,elasticnet,True,0.0,True,20,1.0,1.0,,,,0,0,0,20,1.0,1.0,1.0,1.0,100.0,135.5276170410993,1.0
interpolation_fold0,interpolation,none_ready,30,model_regression,elasticnet,True,0.0,True,20,0.85,0.5,,,0.0,0,0,3,17,1.2996515793298293,1.0,2.3177305318665797,5.355130422102114,85.0,1183.4938990297003,2.691788532228337
interpolation_fold0,interpolation,none_ready,100,model_regression,elasticnet,True,0.0,True,20,0.85,0.5,,,0.0,0,0,3,17,2.3503768234856426,1.0,6.13350117788105,19.972628761082454,85.0,13022.645507669447,7.705572315574277
interpolation_fold0,interpolation,none_ready,1000,model_regression,elasticnet,True,0.0,True,20,0.85,0.7,0.5773502691896257,1.0,0.4,2,0,3,15,1.7119550713482696,1.0,4.895868836452202,9.399771315830069,85.0,334698.0940855117,3.8534045599033258
interpolation_fold0,interpolation,cpu_ready,1,model_regression,huber,True,0.0,True,20,1.0,1.0,,,,0,0,0,20,1.0,1.0,1.0,1.0,100.0,1.2970269240761343,1.0
interpolation_fold0,interpolation,cpu_ready,2,model_regression,huber,True,0.0,True,20,1.0,1.0,,,,0,0,0,20,1.0,1.0,1.0,1.0,100.0,5.188107696304537,1.0
interpolation_fold0,interpolation,cpu_ready,3,model_regression,huber,True,0.0,True,20,1.0,1.0,,,,0,0,0,20,1.0,1.0,1.0,1.0,100.0,11.673242316685208,1.0
interpolation_fold0,interpolation,cpu_ready,5,model_regression,huber,True,0.0,True,20,1.0,1.0,,,,0,0,0,20,1.0,1.0,1.0,1.0,100.0,32.42567310190335,1.0
interpolation_fold0,interpolation,cpu_ready,10,model_regression,huber,True,0.0,True,20,1.0,1.0,,,,0,0,0,20,1.0,1.0,1.0,1.0,100.0,129.7026924076134,1.0
interpolation_fold0,interpolation,cpu_ready,30,model_regression,huber,True,0.05,True,20,0.95,0.8333333333333333,0.7934920476158722,1.0,0.6666666666666666,2,0,1,17,1.055068165051468,1.0,1.0550681650514688,2.1013633010293593,95.0,599.3906076230011,1.3726049855884916
interpolation_fold0,interpolation,cpu_ready,100,model_regression,huber,True,0.0,True,20,1.0,1.0,1.0,1.0,1.0,3,0,0,17,1.0,1.0,1.0,1.0,100.0,1681.4501734906037,1.0
interpolation_fold0,interpolation,cpu_ready,1000,model_regression,huber,True,0.0,True,20,0.9,0.8,0.7276068751089989,1.0,0.6,3,0,2,15,1.2901193033280056,1.0,3.22777607014837,4.649434103426373,90.0,92248.63748300874,1.0625734049088138
interpolation_fold0,interpolation,gpu_ready,1,model_regression,huber,True,0.0,True,20,0.5,0.7222222222222222,0.2721655269759087,1.0,0.4444444444444444,8,0,10,2,3781.4834993311197,2.4896550459973854,29447.227310891627,40742.91779420079,50.0,0.4986032659912996,4.761054528879959
interpolation_fold0,interpolation,gpu_ready,2,model_regression,huber,True,0.0,True,20,0.65,0.8055555555555556,0.3685138655950444,1.0,0.6111111111111112,11,0,7,2,514.2990027255411,1.0,569.553308006431,10192.164810014016,65.0,0.5270555316175808,1.2582494552820198
interpolation_fold0,interpolation,gpu_ready,3,model_regression,huber,True,0.0,True,20,0.75,0.84375,0.5527707983925666,1.0,0.6875,11,0,5,4,229.19221334141676,1.0,253.39332927506095,4532.712089996342,75.0,0.9655698326993785,1.10965838707958
interpolation_fold0,interpolation,gpu_ready,5,model_regression,huber,True,0.0,True,20,0.85,0.9,0.7071067811865475,1.0,0.8,12,0,3,5,82.70437562593797,1.0,83.29325750702863,1633.8372928782512,85.0,2.3341352530981196,1.032589702297102
interpolation_fold0,interpolation,gpu_ready,10,model_regression,huber,True,0.0,True,20,0.8,0.7802197802197802,0.5604395604395604,0.8461538461538461,0.8461538461538461,11,2,2,5,21.858272045253,1.0,28.692440165301207,409.7488327290463,80.0,10.541204346290701,1.2573492168581761
interpolation_fold0,interpolation,gpu_ready,30,model_regression,huber,True,0.0,True,20,0.75,0.75,0.5241424183609591,0.6923076923076923,0.9,9,4,1,6,4.45561872920581,1.0,22.45071512224505,46.10302010070113,75.0,94.26053911840562,1.3030541008883252
interpolation_fold0,interpolation,gpu_ready,100,model_regression,huber,True,0.0,True,20,0.6,0.6666666666666666,0.4082482904638631,0.5,1.0,8,8,0,4,4.54616780298163,1.0,27.28252689340624,33.08293570184601,60.0,1046.902700162774,1.3207449787713414
interpolation_fold0,interpolation,gpu_ready,1000,model_regression,huber,True,0.0,True,20,0.5,0.6428571428571428,0.3273268353539886,0.375,1.0,6,10,0,4,26.027825830006993,1.1923174131626113,58.46613072215406,399.45066252893196,50.0,104689.72336854646,1.3273911127682125
interpolation_fold0,interpolation,none_ready,1,model_regression,huber,True,0.0,True,20,1.0,1.0,,,,0,0,0,20,1.0,1.0,1.0,1.0,100.0,2.466817330099965,1.0
interpolation_fold0,interpolation,none_ready,2,model_regression,huber,True,0.0,True,20,1.0,1.0,,,,0,0,0,20,1.0,1.0,1.0,1.0,100.0,6.875135238713041,1.0
interpolation_fold0,interpolation,none_ready,3,model_regression,huber,True,0.0,True,20,1.0,1.0,,,,0,0,0,20,1.0,1.0,1.0,1.0,100.0,13.877506995478386,1.0
interpolation_fold0,interpolation,none_ready,5,model_regression,huber,True,0.0,True,20,1.0,1.0,,,,0,0,0,20,1.0,1.0,1.0,1.0,100.0,35.664412053465874,1.0
interpolation_fold0,interpolation,none_ready,10,model_regression,huber,True,0.0,True,20,1.0,1.0,,,,0,0,0,20,1.0,1.0,1.0,1.0,100.0,135.5276170410993,1.0
interpolation_fold0,interpolation,none_ready,30,model_regression,huber,True,0.0,True,20,0.85,0.5,,,0.0,0,0,3,17,1.2996515793298293,1.0,2.3177305318665797,5.355130422102114,85.0,1183.4938990297003,2.691788532228337
interpolation_fold0,interpolation,none_ready,100,model_regression,huber,True,0.0,True,20,0.9,0.6666666666666666,0.5461186812727502,1.0,0.3333333333333333,1,0,2,17,1.40174538543152,1.0,4.668548885468117,5.4051260419230704,90.0,6651.098200723905,3.9354920729033864
interpolation_fold0,interpolation,none_ready,1000,model_regression,huber,True,0.0,True,20,0.9,0.8,0.7276068751089989,1.0,0.6,3,0,2,15,1.291966505556766,1.0,3.2544244017947386,4.6588213375375735,90.0,92329.1177999471,1.062992140765729
interpolation_fold0,interpolation,cpu_ready,1,model_regression,tree,True,0.0,True,20,1.0,1.0,,,,0,0,0,20,1.0,1.0,1.0,1.0,100.0,1.2970269240761343,1.0
interpolation_fold0,interpolation,cpu_ready,2,model_regression,tree,True,0.0,True,20,1.0,1.0,,,,0,0,0,20,1.0,1.0,1.0,1.0,100.0,5.188107696304537,1.0
interpolation_fold0,interpolation,cpu_ready,3,model_regression,tree,True,0.0,True,20,1.0,1.0,,,,0,0,0,20,1.0,1.0,1.0,1.0,100.0,11.673242316685208,1.0
interpolation_fold0,interpolation,cpu_ready,5,model_regression,tree,True,0.0,True,20,1.0,1.0,,,,0,0,0,20,1.0,1.0,1.0,1.0,100.0,32.42567310190335,1.0
interpolation_fold0,interpolation,cpu_ready,10,model_regression,tree,True,0.0,True,20,1.0,1.0,,,,0,0,0,20,1.0,1.0,1.0,1.0,100.0,129.7026924076134,1.0
interpolation_fold0,interpolation,cpu_ready,30,model_regression,tree,True,0.0,True,20,0.85,0.5,,,0.0,0,0,3,17,1.2947443010811233,1.0,2.2620818912369813,5.315735105181755,85.0,1167.3242316685205,2.6731734528517173
interpolation_fold0,interpolation,cpu_ready,100,model_regression,tree,True,0.0,True,20,0.85,0.5,,,0.0,0,0,3,17,2.345905845046913,1.0,6.0903822741780465,19.928378383895858,85.0,12970.269240761341,7.713739868863157
interpolation_fold0,interpolation,cpu_ready,1000,model_regression,tree,True,0.0,True,20,0.75,0.5,,,0.0,0,0,5,15,4.5081279690078375,1.0,11.374536120920762,48.903209075121126,75.0,1297026.924076134,14.93990971116328
interpolation_fold0,interpolation,gpu_ready,1,model_regression,tree,True,0.0,True,20,0.75,0.4166666666666667,-0.140028008402801,0.8823529411764706,0.8333333333333334,15,2,3,0,14.514172939891754,1.0,19.465624527325005,251.30866394383602,75.0,0.18650346158011194,1.7808811353098433
interpolation_fold0,interpolation,gpu_ready,2,model_regression,tree,True,0.0,True,20,0.75,0.4166666666666667,-0.140028008402801,0.8823529411764706,0.8333333333333334,15,2,3,0,4.818104362523687,1.0,11.978166824755931,63.10007105865593,75.0,0.456806077652761,1.0905416296686297
interpolation_fold0,interpolation,gpu_ready,3,model_regression,tree,True,0.0,True,20,0.85,0.71875,0.4900980294098034,0.8823529411764706,0.9375,15,2,1,2,3.073386850044306,1.0,11.256224443253055,28.166026079200673,85.0,0.8996325861167764,1.033881559538512
interpolation_fold0,interpolation,gpu_ready,5,model_regression,tree,True,0.0,True,20,0.8,0.6666666666666667,0.40422604172722165,0.8235294117647058,0.9333333333333333,14,3,1,2,2.2378454768114286,1.0,10.286954318279,11.41535042975039,80.0,2.302857280218907,1.0187527523341835
interpolation_fold0,interpolation,gpu_ready,10,model_regression,tree,True,0.0,True,20,0.7,0.6043956043956045,0.2788995520575487,0.7058823529411765,0.9230769230769231,12,5,1,2,2.041656271535862,1.0,6.363908032753732,12.344309788405862,70.0,8.830087132323147,1.0532480707029248
interpolation_fold0,interpolation,gpu_ready,30,model_regression,tree,True,0.0,True,20,0.65,0.65,0.420084025208403,0.5882352941176471,1.0,10,7,0,3,2.37526660964898,1.0,6.432952986325828,13.047815006844582,65.0,78.06997963858171,1.0792364235953955
interpolation_fold0,interpolation,gpu_ready,100,model_regression,tree,True,0.0,True,20,0.55,0.625,0.3429971702850177,0.47058823529411764,1.0,8,9,0,3,2.8703680056764957,1.0,9.016786928366328,13.312463385074329,55.00000000000001,863.8598644432909,1.0898229397518733
interpolation_fold0,interpolation,gpu_ready,1000,model_regression,tree,True,0.0,True,20,0.45,0.6071428571428571,0.27500954910846337,0.35294117647058826,1.0,6,11,0,3,5.485035482999046,2.3761688682534223,14.610795004443586,22.744736817508507,45.0,86273.55169790672,1.0938871754164645
interpolation_fold0,interpolation,none_ready,1,model_regression,tree,True,0.0,True,20,1.0,1.0,,,,0,0,0,20,1.0,1.0,1.0,1.0,100.0,2.466817330099965,1.0
interpolation_fold0,interpolation,none_ready,2,model_regression,tree,True,0.0,True,20,1.0,1.0,,,,0,0,0,20,1.0,1.0,1.0,1.0,100.0,6.875135238713041,1.0
interpolation_fold0,interpolation,none_ready,3,model_regression,tree,True,0.0,True,20,1.0,1.0,,,,0,0,0,20,1.0,1.0,1.0,1.0,100.0,13.877506995478386,1.0
interpolation_fold0,interpolation,none_ready,5,model_regression,tree,True,0.0,True,20,1.0,1.0,,,,0,0,0,20,1.0,1.0,1.0,1.0,100.0,35.664412053465874,1.0
interpolation_fold0,interpolation,none_ready,10,model_regression,tree,True,0.0,True,20,1.0,1.0,,,,0,0,0,20,1.0,1.0,1.0,1.0,100.0,135.5276170410993,1.0
interpolation_fold0,interpolation,none_ready,30,model_regression,tree,True,0.0,True,20,0.85,0.5,,,0.0,0,0,3,17,1.2996515793298293,1.0,2.3177305318665797,5.355130422102114,85.0,1183.4938990297003,2.691788532228337
interpolation_fold0,interpolation,none_ready,100,model_regression,tree,True,0.0,True,20,0.85,0.5,,,0.0,0,0,3,17,2.3503768234856426,1.0,6.13350117788105,19.972628761082454,85.0,13022.645507669447,7.705572315574277
interpolation_fold0,interpolation,none_ready,1000,model_regression,tree,True,0.0,True,20,0.75,0.5,,,0.0,0,0,5,15,4.510902312340692,1.0,11.37548587546478,48.91406250852371,75.0,1297544.8137657885,14.938731921092339
interpolation_fold0,interpolation,cpu_ready,1,model_regression,random_forest,True,0.0,True,20,1.0,1.0,,,,0,0,0,20,1.0,1.0,1.0,1.0,100.0,1.2970269240761343,1.0
interpolation_fold0,interpolation,cpu_ready,2,model_regression,random_forest,True,0.0,True,20,1.0,1.0,,,,0,0,0,20,1.0,1.0,1.0,1.0,100.0,5.188107696304537,1.0
interpolation_fold0,interpolation,cpu_ready,3,model_regression,random_forest,True,0.0,True,20,1.0,1.0,,,,0,0,0,20,1.0,1.0,1.0,1.0,100.0,11.673242316685208,1.0
interpolation_fold0,interpolation,cpu_ready,5,model_regression,random_forest,True,0.0,True,20,1.0,1.0,,,,0,0,0,20,1.0,1.0,1.0,1.0,100.0,32.42567310190335,1.0
interpolation_fold0,interpolation,cpu_ready,10,model_regression,random_forest,True,0.0,True,20,1.0,1.0,,,,0,0,0,20,1.0,1.0,1.0,1.0,100.0,129.7026924076134,1.0
interpolation_fold0,interpolation,cpu_ready,30,model_regression,random_forest,True,0.0,True,20,1.0,1.0,1.0,1.0,1.0,3,0,0,17,1.0,1.0,1.0,1.0,100.0,436.6810655040845,1.0
interpolation_fold0,interpolation,cpu_ready,100,model_regression,random_forest,True,0.0,True,20,1.0,1.0,1.0,1.0,1.0,3,0,0,17,1.0,1.0,1.0,1.0,100.0,1681.4501734906037,1.0
interpolation_fold0,interpolation,cpu_ready,1000,model_regression,random_forest,True,0.0,True,20,0.9,0.8,0.7276068751089989,1.0,0.6,3,0,2,15,1.2901193033280056,1.0,3.22777607014837,4.649434103426373,90.0,92248.63748300874,1.0625734049088138
interpolation_fold0,interpolation,gpu_ready,1,model_regression,random_forest,True,0.0,True,20,0.75,0.4166666666666667,-0.140028008402801,0.8823529411764706,0.8333333333333334,15,2,3,0,14.514172939891754,1.0,19.465624527325005,251.30866394383602,75.0,0.18650346158011194,1.7808811353098433
interpolation_fold0,interpolation,gpu_ready,2,model_regression,random_forest,True,0.0,True,20,0.75,0.4166666666666667,-0.140028008402801,0.8823529411764706,0.8333333333333334,15,2,3,0,4.818104362523687,1.0,11.978166824755931,63.10007105865593,75.0,0.456806077652761,1.0905416296686297
interpolation_fold0,interpolation,gpu_ready,3,model_regression,random_forest,True,0.0,True,20,0.85,0.71875,0.4900980294098034,0.8823529411764706,0.9375,15,2,1,2,3.073386850044306,1.0,11.256224443253055,28.166026079200673,85.0,0.8996325861167764,1.033881559538512
interpolation_fold0,interpolation,gpu_ready,5,model_regression,random_forest,True,0.0,True,20,0.8,0.6666666666666667,0.40422604172722165,0.8235294117647058,0.9333333333333333,14,3,1,2,2.2378454768114286,1.0,10.286954318279,11.41535042975039,80.0,2.302857280218907,1.0187527523341835
interpolation_fold0,interpolation,gpu_ready,10,model_regression,random_forest,True,0.0,True,20,0.7,0.6043956043956045,0.2788995520575487,0.7058823529411765,0.9230769230769231,12,5,1,2,2.041656271535862,1.0,6.363908032753732,12.344309788405862,70.0,8.830087132323147,1.0532480707029248
interpolation_fold0,interpolation,gpu_ready,30,model_regression,random_forest,True,0.0,True,20,0.75,0.75,0.5241424183609591,0.6923076923076923,0.9,9,4,1,6,1.665664303147338,1.0,4.886904792125768,8.827715838229954,75.0,80.49875663346215,1.1128117442218421
interpolation_fold0,interpolation,gpu_ready,100,model_regression,random_forest,True,0.15,True,20,0.65,0.6875,0.3851644432598216,0.5384615384615384,0.875,7,6,1,6,1.9818374092766373,1.0,8.148893053318275,8.430180278296815,65.0,888.9907612618147,1.1215274198147533
interpolation_fold0,interpolation,gpu_ready,1000,model_regression,random_forest,True,0.0,True,20,0.85,0.8452380952380952,0.6633880657639324,0.7142857142857143,0.8333333333333334,5,2,1,12,1.8977139553439273,1.0,8.294591005282038,8.58539795696139,85.0,82254.07981299827,1.042923135333308
interpolation_fold0,interpolation,none_ready,1,model_regression,random_forest,True,0.0,True,20,1.0,1.0,,,,0,0,0,20,1.0,1.0,1.0,1.0,100.0,2.466817330099965,1.0
interpolation_fold0,interpolation,none_ready,2,model_regression,random_forest,True,0.0,True,20,1.0,1.0,,,,0,0,0,20,1.0,1.0,1.0,1.0,100.0,6.875135238713041,1.0
interpolation_fold0,interpolation,none_ready,3,model_regression,random_forest,True,0.0,True,20,1.0,1.0,,,,0,0,0,20,1.0,1.0,1.0,1.0,100.0,13.877506995478386,1.0
interpolation_fold0,interpolation,none_ready,5,model_regression,random_forest,True,0.0,True,20,1.0,1.0,,,,0,0,0,20,1.0,1.0,1.0,1.0,100.0,35.664412053465874,1.0
interpolation_fold0,interpolation,none_ready,10,model_regression,random_forest,True,0.0,True,20,1.0,1.0,,,,0,0,0,20,1.0,1.0,1.0,1.0,100.0,135.5276170410993,1.0
interpolation_fold0,interpolation,none_ready,30,model_regression,random_forest,True,0.05,True,20,1.0,1.0,1.0,1.0,1.0,3,0,0,17,1.0,1.0,1.0,1.0,100.0,439.66822982560643,1.0
interpolation_fold0,interpolation,none_ready,100,model_regression,random_forest,True,0.0,True,20,0.95,0.9705882352941176,0.8401680504168059,0.75,1.0,3,1,0,16,1.441438293064649,1.0,1.4414382930646552,9.828765861292979,95.0,1769.4572367085402,1.0469977616102653
interpolation_fold0,interpolation,none_ready,1000,model_regression,random_forest,True,0.0,True,20,0.85,0.7666666666666666,0.5773502691896257,0.75,0.6,3,1,2,14,1.2936185389086667,1.0,3.2544244017947386,4.6588213375375735,85.0,92358.59255072355,1.0633314858084737
interpolation_fold0,interpolation,cpu_ready,1,model_classification,logistic,True,0.0,False,20,0.95,0.95,,0.0,,0,1,0,19,5.105154067245405,1.0,5.105154067245463,83.1030813449081,95.0,56.2446385889647,43.36427991194359
interpolation_fold0,interpolation,cpu_ready,2,model_classification,logistic,True,0.0,False,20,0.95,0.95,,0.0,,0,1,0,19,2.019662969759829,1.0,2.0196629697598434,21.393259395196583,95.0,59.78098676846606,11.52269580121626
interpolation_fold0,interpolation,cpu_ready,3,model_classification,logistic,True,0.0,False,20,0.9,0.9,,0.0,,0,2,0,18,2.8518827553785986,1.0,10.759772494225448,29.251110953297708,90.0,133.55498388251755,11.441121520421113
interpolation_fold0,interpolation,cpu_ready,5,model_classification,logistic,True,0.0,False,20,0.9,0.9,,0.0,,0,2,0,18,1.6544864618315316,1.0,4.1096262597243145,11.361796127860876,90.0,148.32329495522853,4.574254927233018
interpolation_fold0,interpolation,cpu_ready,10,model_classification,logistic,True,0.0,False,20,0.85,0.85,,0.0,,0,3,0,17,1.1747688338474762,1.0,2.1031947387171916,3.3938595020930427,85.0,234.77092020244007,1.8100697514021635
interpolation_fold0,interpolation,cpu_ready,30,model_classification,logistic,True,0.0,False,20,1.0,1.0,1.0,1.0,1.0,3,0,0,17,1.0,1.0,1.0,1.0,100.0,436.6810655040845,1.0
interpolation_fold0,interpolation,cpu_ready,100,model_classification,logistic,True,0.0,False,20,1.0,1.0,1.0,1.0,1.0,3,0,0,17,1.0,1.0,1.0,1.0,100.0,1681.4501734906037,1.0
interpolation_fold0,interpolation,cpu_ready,1000,model_classification,logistic,True,0.0,False,20,0.9,0.8,0.7276068751089989,1.0,0.6,3,0,2,15,1.2901193033280056,1.0,3.22777607014837,4.649434103426373,90.0,92248.63748300874,1.0625734049088138
interpolation_fold0,interpolation,gpu_ready,1,model_classification,logistic,True,0.0,False,20,0.9,0.9444444444444444,0.6666666666666666,1.0,0.8888888888888888,16,0,2,2,1.4621334693435821,1.0,4.143512552138878,7.263359294876873,90.0,0.16350948849211416,1.5613166695819634
interpolation_fold0,interpolation,gpu_ready,2,model_classification,logistic,True,0.0,False,20,0.9,0.9444444444444444,0.6666666666666666,1.0,0.8888888888888888,16,0,2,2,1.0555141837730393,1.0,1.1974596900091452,1.9525664463095556,90.0,0.4313589767266228,1.0297912932087288
interpolation_fold0,interpolation,gpu_ready,3,model_classification,logistic,True,0.0,False,20,1.0,1.0,1.0,1.0,1.0,16,0,0,4,1.0,1.0,1.0,1.0,100.0,0.8701505291557192,1.0
interpolation_fold0,interpolation,gpu_ready,5,model_classification,logistic,True,0.0,False,20,0.95,0.9,0.8660254037844386,0.9375,1.0,15,1,0,4,1.0057813303784353,1.0,1.0057813303784355,1.1156266075687078,95.0,2.2605598265976754,1.0000409339060519
interpolation_fold0,interpolation,gpu_ready,10,model_classification,logistic,True,0.0,False,20,0.85,0.7857142857142857,0.6813851438692469,0.8125,1.0,13,3,0,4,1.1413747131812955,1.0,1.6949166497826973,2.551789163614836,85.0,8.728069193607851,1.0410794255334288
interpolation_fold0,interpolation,gpu_ready,30,model_classification,logistic,True,0.0,False,20,0.7,0.7,0.5,0.625,1.0,10,6,0,4,1.6271357212271447,1.0,4.739876230601832,5.887144607751269,70.0,77.33362271029546,1.0690570534783241
interpolation_fold0,interpolation,gpu_ready,100,model_classification,logistic,True,0.0,False,20,0.6,0.6666666666666666,0.4082482904638631,0.5,1.0,8,8,0,4,3.2987254410158244,1.0,9.700025870076512,26.977242219277827,60.0,855.9205622316531,1.0798069243864161
interpolation_fold0,interpolation,gpu_ready,1000,model_classification,logistic,True,0.0,False,20,0.45,0.6071428571428571,0.27500954910846337,0.35294117647058826,1.0,6,11,0,3,25.152437252117704,2.3761688682534223,41.58003310307995,399.45066252893196,45.0,85484.02338990328,1.0838765189202837
interpolation_fold0,interpolation,none_ready,1,model_classification,logistic,True,0.0,False,20,1.0,1.0,,,,0,0,0,20,1.0,1.0,1.0,1.0,100.0,2.466817330099965,1.0
interpolation_fold0,interpolation,none_ready,2,model_classification,logistic,True,0.0,False,20,0.95,0.95,,0.0,,0,1,0,19,1.910184293158089,1.0,1.910184293158102,19.20368586316178,95.0,61.16278636321413,8.896230290687813
interpolation_fold0,interpolation,none_ready,3,model_classification,logistic,True,0.0,False,20,0.95,0.95,,0.0,,0,1,0,19,1.4050470749344446,1.0,1.4050470749344504,9.10094149868889,95.0,66.34742749627554,4.780932736542167
interpolation_fold0,interpolation,none_ready,5,model_classification,logistic,True,0.0,False,20,0.95,0.95,,0.0,,0,1,0,19,1.1283915279754164,1.0,1.1283915279754182,3.567830559508329,95.0,80.55544776996454,2.2587067368221523
interpolation_fold0,interpolation,none_ready,10,model_classification,logistic,True,0.0,False,20,0.95,0.95,,0.0,,0,1,0,19,1.0021489194302,1.0,1.0021489194301998,1.0429783886039965,95.0,138.46813683165632,1.0216968309098604
interpolation_fold0,interpolation,none_ready,30,model_classification,logistic,True,0.0,False,20,0.95,0.8333333333333333,0.7934920476158722,1.0,0.6666666666666666,2,0,1,17,1.057893368987446,1.0,1.0578933689874468,2.1578673797489176,95.0,610.7253832801448,1.3890596177995118
interpolation_fold0,interpolation,none_ready,100,model_classification,logistic,True,0.0,False,20,0.95,0.8333333333333333,0.7934920476158722,1.0,0.6666666666666666,2,0,1,17,1.2202563020961534,1.0,1.2202563020961565,5.4051260419230704,95.0,4523.816497749654,2.6767675696361843
interpolation_fold0,interpolation,none_ready,1000,model_classification,logistic,True,0.0,False,20,0.9,0.8,0.7276068751089989,1.0,0.6,3,0,2,15,1.291966505556766,1.0,3.2544244017947386,4.6588213375375735,90.0,92329.1177999471,1.062992140765729
interpolation_fold1,interpolation,cpu_ready,1,baseline,always_cpu_ref,,,,20,1.0,1.0,,,,0,0,0,20,1.0,1.0,1.0,1.0,100.0,8.244127224726086,1.0
interpolation_fold1,interpolation,cpu_ready,2,baseline,always_cpu_ref,,,,20,1.0,1.0,,,,0,0,0,20,1.0,1.0,1.0,1.0,100.0,32.97650889890434,1.0
interpolation_fold1,interpolation,cpu_ready,3,baseline,always_cpu_ref,,,,20,1.0,1.0,,,,0,0,0,20,1.0,1.0,1.0,1.0,100.0,74.19714502253477,1.0
interpolation_fold1,interpolation,cpu_ready,5,baseline,always_cpu_ref,,,,20,0.95,0.5,,,0.0,0,0,1,19,1.017599273521809,1.0,1.0175992735218091,1.351985470436177,95.0,206.10318061815204,1.1414706138377346
interpolation_fold1,interpolation,cpu_ready,10,baseline,always_cpu_ref,,,,20,0.85,0.5,,,0.0,0,0,3,17,1.225788790513779,1.0,2.2618180748703463,4.160557625498627,85.0,824.4127224726082,2.303425505220624
interpolation_fold1,interpolation,cpu_ready,30,baseline,always_cpu_ref,,,,20,0.85,0.5,,,0.0,0,0,3,17,2.208812445870509,1.0,7.236582372430824,16.845718707580417,85.0,7419.714502253472,7.272588582590446
interpolation_fold1,interpolation,cpu_ready,100,baseline,always_cpu_ref,,,,20,0.8,0.5,,,0.0,0,0,4,16,3.8760636993992437,1.0,13.985681630206056,40.45234178777914,80.0,82441.27224726081,13.708456705973717
interpolation_fold1,interpolation,cpu_ready,1000,baseline,always_cpu_ref,,,,20,0.7,0.5,,,0.0,0,0,6,14,6.270094135256621,1.0,19.532774909942958,65.20494639550444,70.0,8244127.224726083,19.3253788943887
interpolation_fold1,interpolation,cpu_ready,1,baseline,always_gpu_ref,,,,20,0.0,0.0,,0.0,,0,20,0,0,197647589.967071,382486.5325152351,466024867.38024276,3313260611.6773925,0.0,1149.8847329765538,139.4792561579809
interpolation_fold1,interpolation,cpu_ready,2,baseline,always_gpu_ref,,,,20,0.0,0.0,,0.0,,0,20,0,0,49438510.74369232,96043.75486932062,116551453.79032478,828690139.5032301,0.0,1180.7736356109624,35.80650817922676
interpolation_fold1,interpolation,cpu_ready,3,baseline,always_gpu_ref,,,,20,0.0,0.0,,0.0,,0,20,0,0,21984505.93285917,42874.18660975304,51820755.39135044,368473426.96002257,0.0,1212.9153608730767,16.347197193432393
interpolation_fold1,interpolation,cpu_ready,5,baseline,always_gpu_ref,,,,20,0.05,0.5,,0.05,1.0,1,19,0,0,7922949.872115512,15570.620746164383,18669954.879330326,132770497.07080129,5.0,1280.9572792804208,7.094383926995831
interpolation_fold1,interpolation,cpu_ready,10,baseline,always_gpu_ref,,,,20,0.15,0.5,,0.15,1.0,3,17,0,0,1986077.4120939313,3978.3314491777173,4676546.782824893,33267723.072003134,15.0,1472.9864712836236,4.115553428898421
interpolation_fold1,interpolation,cpu_ready,30,baseline,always_gpu_ref,,,,20,0.15,0.5,,0.15,1.0,3,17,0,0,223064.61124209635,481.2743467603317,523651.9982544327,3729884.8909556866,15.0,2554.308896222753,2.503659367140996
interpolation_fold1,interpolation,cpu_ready,100,baseline,always_gpu_ref,,,,20,0.2,0.5,,0.2,1.0,4,16,0,0,20846.65625666806,59.392978482112774,48411.129530638864,346339.6352196785,20.0,10285.328660781315,1.7102596649667303
interpolation_fold1,interpolation,cpu_ready,1000,baseline,always_gpu_ref,,,,20,0.3,0.5,,0.3,1.0,6,14,0,0,332.86389041287396,8.34668408056228,689.5017599996238,4980.3457788870855,30.0,656541.2311984573,1.5390238052907055
interpolation_fold1,interpolation,cpu_ready,1,baseline,stay_on_ready_device,,,,20,1.0,1.0,,,,0,0,0,20,1.0,1.0,1.0,1.0,100.0,8.244127224726086,1.0
interpolation_fold1,interpolation,cpu_ready,2,baseline,stay_on_ready_device,,,,20,1.0,1.0,,,,0,0,0,20,1.0,1.0,1.0,1.0,100.0,32.97650889890434,1.0
interpolation_fold1,interpolation,cpu_ready,3,baseline,stay_on_ready_device,,,,20,1.0,1.0,,,,0,0,0,20,1.0,1.0,1.0,1.0,100.0,74.19714502253477,1.0
interpolation_fold1,interpolation,cpu_ready,5,baseline,stay_on_ready_device,,,,20,0.95,0.5,,,0.0,0,0,1,19,1.017599273521809,1.0,1.0175992735218091,1.351985470436177,95.0,206.10318061815204,1.1414706138377346
interpolation_fold1,interpolation,cpu_ready,10,baseline,stay_on_ready_device,,,,20,0.85,0.5,,,0.0,0,0,3,17,1.225788790513779,1.0,2.2618180748703463,4.160557625498627,85.0,824.4127224726082,2.303425505220624
interpolation_fold1,interpolation,cpu_ready,30,baseline,stay_on_ready_device,,,,20,0.85,0.5,,,0.0,0,0,3,17,2.208812445870509,1.0,7.236582372430824,16.845718707580417,85.0,7419.714502253472,7.272588582590446
interpolation_fold1,interpolation,cpu_ready,100,baseline,stay_on_ready_device,,,,20,0.8,0.5,,,0.0,0,0,4,16,3.8760636993992437,1.0,13.985681630206056,40.45234178777914,80.0,82441.27224726081,13.708456705973717
interpolation_fold1,interpolation,cpu_ready,1000,baseline,stay_on_ready_device,,,,20,0.7,0.5,,,0.0,0,0,6,14,6.270094135256621,1.0,19.532774909942958,65.20494639550444,70.0,8244127.224726083,19.3253788943887
interpolation_fold1,interpolation,cpu_ready,1,baseline,best_constant_device_train,,,,20,0.0,0.0,,0.0,,0,20,0,0,197647589.967071,382486.5325152351,466024867.38024276,3313260611.6773925,0.0,1149.8847329765538,139.4792561579809
interpolation_fold1,interpolation,cpu_ready,2,baseline,best_constant_device_train,,,,20,0.0,0.0,,0.0,,0,20,0,0,49438510.74369232,96043.75486932062,116551453.79032478,828690139.5032301,0.0,1180.7736356109624,35.80650817922676
interpolation_fold1,interpolation,cpu_ready,3,baseline,best_constant_device_train,,,,20,0.0,0.0,,0.0,,0,20,0,0,21984505.93285917,42874.18660975304,51820755.39135044,368473426.96002257,0.0,1212.9153608730767,16.347197193432393
interpolation_fold1,interpolation,cpu_ready,5,baseline,best_constant_device_train,,,,20,0.05,0.5,,0.05,1.0,1,19,0,0,7922949.872115512,15570.620746164383,18669954.879330326,132770497.07080129,5.0,1280.9572792804208,7.094383926995831
interpolation_fold1,interpolation,cpu_ready,10,baseline,best_constant_device_train,,,,20,0.15,0.5,,0.15,1.0,3,17,0,0,1986077.4120939313,3978.3314491777173,4676546.782824893,33267723.072003134,15.0,1472.9864712836236,4.115553428898421
interpolation_fold1,interpolation,cpu_ready,30,baseline,best_constant_device_train,,,,20,0.15,0.5,,0.15,1.0,3,17,0,0,223064.61124209635,481.2743467603317,523651.9982544327,3729884.8909556866,15.0,2554.308896222753,2.503659367140996
interpolation_fold1,interpolation,cpu_ready,100,baseline,best_constant_device_train,,,,20,0.2,0.5,,0.2,1.0,4,16,0,0,20846.65625666806,59.392978482112774,48411.129530638864,346339.6352196785,20.0,10285.328660781315,1.7102596649667303
interpolation_fold1,interpolation,cpu_ready,1000,baseline,best_constant_device_train,,,,20,0.3,0.5,,0.3,1.0,6,14,0,0,332.86389041287396,8.34668408056228,689.5017599996238,4980.3457788870855,30.0,656541.2311984573,1.5390238052907055
interpolation_fold1,interpolation,cpu_ready,1,baseline,size_threshold_train,,,,20,0.2,0.2,,0.0,,0,16,0,4,192215834.41400722,9419.7492944778,466024867.38024276,3313260611.6773925,20.0,929.2658133010221,112.71851925258194
interpolation_fold1,interpolation,cpu_ready,2,baseline,size_threshold_train,,,,20,0.2,0.2,,0.0,,0,16,0,4,48076444.01379299,2380.195978797915,116551453.79032478,828690139.5032301,20.0,951.7718659878806,28.862117239448096
interpolation_fold1,interpolation,cpu_ready,3,baseline,size_threshold_train,,,,20,0.2,0.2,,0.0,,0,16,0,4,21377304.657753285,1069.1511112541175,51820755.39135044,368473426.96002257,20.0,975.1579007709179,13.142795460320583
interpolation_fold1,interpolation,cpu_ready,5,baseline,size_threshold_train,,,,20,0.25,0.6052631578947368,0.11470786693528087,0.0625,1.0,1,15,0,4,7703029.865790287,393.0854627848986,18669954.879330326,132770497.07080129,25.0,1024.5699166255297,5.674422142067698
interpolation_fold1,interpolation,cpu_ready,10,baseline,size_threshold_train,,,,20,0.35,0.6176470588235294,0.21004201260420147,0.1875,1.0,3,13,0,4,1930261.8852393106,104.95009011614898,4676546.782824893,33267723.072003134,35.0,1163.4996429451921,3.2508410894448456
interpolation_fold1,interpolation,cpu_ready,30,baseline,size_threshold_train,,,,20,0.35,0.6176470588235294,0.21004201260420147,0.1875,1.0,3,13,0,4,216482.32207507285,17.191173347967975,523651.9982544327,3729884.8909556866,35.0,1939.2140722685947,1.9007612916771923
interpolation_fold1,interpolation,cpu_ready,100,baseline,size_threshold_train,,,,20,0.4,0.625,0.25,0.25,1.0,4,12,0,4,20123.917789963507,4.430118048956194,48411.129530638864,346339.6352196785,40.0,7426.158177864394,1.2348325674504512
interpolation_fold1,interpolation,cpu_ready,1000,baseline,size_threshold_train,,,,20,0.5,0.6428571428571428,0.3273268353539886,0.375,1.0,6,10,0,4,294.39212016993895,1.4104212114312782,664.5282656886232,4980.3457788870855,50.0,462084.76737480663,1.083190854219296
interpolation_fold1,interpolation,cpu_ready,1,baseline,intensity_threshold_train,,,,20,0.55,0.55,,0.0,,0,9,0,11,16046672.6437918,1.0,19990634.1796813,316170354.5224958,55.00000000000001,555.8231161538456,67.42049230958017
interpolation_fold1,interpolation,cpu_ready,2,baseline,intensity_threshold_train,,,,20,0.55,0.55,,0.0,,0,9,0,11,4013195.7318390408,1.0,5001313.567580022,79070470.33175026,55.00000000000001,574.6227829985369,17.42521577284456
interpolation_fold1,interpolation,cpu_ready,3,baseline,intensity_threshold_train,,,,20,0.55,0.55,,0.0,,0,9,0,11,1784321.7712459236,1.0,2224431.6753540696,35154825.3087885,55.00000000000001,594.2404795852719,8.008939958603426
interpolation_fold1,interpolation,cpu_ready,5,baseline,intensity_threshold_train,,,,20,0.6,0.7894736842105263,0.25362863675089403,0.1111111111111111,1.0,1,8,0,11,642845.2194095921,1.0,801967.1538241177,12664663.185042292,60.0,635.9299619848738,3.5219998152748047
interpolation_fold1,interpolation,cpu_ready,10,baseline,intensity_threshold_train,,,,20,0.7,0.8235294117647058,0.464420364012824,0.3333333333333333,1.0,3,6,0,11,161017.70781909596,1.0,201226.00815629357,3171748.0307628578,70.0,754.4691884696466,2.108001883342881
interpolation_fold1,interpolation,cpu_ready,30,baseline,intensity_threshold_train,,,,20,0.7,0.8235294117647058,0.464420364012824,0.3333333333333333,1.0,3,6,0,11,18027.880564456736,1.0,22687.742225191534,354902.8986385747,70.0,1433.133529919713,1.4047158477399853
interpolation_fold1,interpolation,cpu_ready,100,baseline,intensity_threshold_train,,,,20,0.75,0.84375,0.5527707983925666,0.4444444444444444,1.0,4,5,0,11,1666.6448456002558,1.0,2149.001242473351,32730.681862794434,75.0,6385.252412433219,1.0617492169459253
interpolation_fold1,interpolation,cpu_ready,1000,baseline,intensity_threshold_train,,,,20,0.85,0.8928571428571428,0.723746864455746,0.6666666666666666,1.0,6,3,0,11,23.761075355163104,1.0,39.9386534781282,437.3799755202796,85.0,427125.33473262493,1.0012410900627309
interpolation_fold1,interpolation,cpu_ready,1,baseline,operation_crossover_table_train,,,,20,0.75,0.75,,0.0,,0,5,0,15,398.23817507539115,1.0,2747.285445956508,5260.73881838867,75.0,290.6947334128515,35.26082573555989
interpolation_fold1,interpolation,cpu_ready,2,baseline,operation_crossover_table_train,,,,20,0.75,0.75,,0.0,,0,5,0,15,101.33775242490535,1.0,692.7829563231924,1332.2608546826775,75.0,308.51408638227866,9.355571486602367
interpolation_fold1,interpolation,cpu_ready,3,baseline,operation_crossover_table_train,,,,20,0.75,0.75,,0.0,,0,5,0,15,46.00091462735469,1.0,310.56479222659436,599.7539742370744,75.0,327.1581257013564,4.40930881642405
interpolation_fold1,interpolation,cpu_ready,5,baseline,operation_crossover_table_train,,,,20,0.8,0.8947368421052632,0.3973597071195132,0.2,1.0,1,4,0,15,17.451250854291434,1.0,113.73202063053857,221.46334856489395,80.0,366.92026338846364,2.0321311734412193
interpolation_fold1,interpolation,cpu_ready,10,baseline,operation_crossover_table_train,,,,20,0.9,0.9411764705882353,0.7276068751089989,0.6,1.0,3,2,0,15,5.251471286130758,1.0,29.656801747543224,58.912391876601326,90.0,480.7576187251166,1.3432463262808996
interpolation_fold1,interpolation,cpu_ready,30,baseline,operation_crossover_table_train,,,,20,0.9,0.9411764705882353,0.7276068751089989,0.6,1.0,3,2,0,15,1.494081793896744,1.0,3.8682557369970376,8.243664830045669,90.0,1142.2786274843713,1.1196283228764223
interpolation_fold1,interpolation,cpu_ready,100,baseline,operation_crossover_table_train,,,,20,0.95,0.96875,0.8660254037844386,0.8,1.0,4,1,0,15,1.0207320747338522,1.0,1.0207320747338522,1.4146414946770398,95.0,6055.364159541061,1.006894910246022
interpolation_fold1,interpolation,cpu_ready,1000,baseline,operation_crossover_table_train,,,,20,0.95,0.9166666666666667,0.8819171036881969,1.0,0.8333333333333334,5,0,1,14,1.0566477010261448,1.0,1.0566477010261455,2.132954020522895,95.0,429199.1983370297,1.0061025143030313
interpolation_fold1,interpolation,cpu_ready,1,baseline,oracle,,,,20,1.0,1.0,,,,0,0,0,20,1.0,1.0,1.0,1.0,100.0,8.244127224726086,1.0
interpolation_fold1,interpolation,cpu_ready,2,baseline,oracle,,,,20,1.0,1.0,,,,0,0,0,20,1.0,1.0,1.0,1.0,100.0,32.97650889890434,1.0
interpolation_fold1,interpolation,cpu_ready,3,baseline,oracle,,,,20,1.0,1.0,,,,0,0,0,20,1.0,1.0,1.0,1.0,100.0,74.19714502253477,1.0
interpolation_fold1,interpolation,cpu_ready,5,baseline,oracle,,,,20,1.0,1.0,1.0,1.0,1.0,1,0,0,19,1.0,1.0,1.0,1.0,100.0,180.55933995989017,1.0
interpolation_fold1,interpolation,cpu_ready,10,baseline,oracle,,,,20,1.0,1.0,1.0,1.0,1.0,3,0,0,17,1.0,1.0,1.0,1.0,100.0,357.90726489921593,1.0
interpolation_fold1,interpolation,cpu_ready,30,baseline,oracle,,,,20,1.0,1.0,1.0,1.0,1.0,3,0,0,17,1.0,1.0,1.0,1.0,100.0,1020.230199741427,1.0
interpolation_fold1,interpolation,cpu_ready,100,baseline,oracle,,,,20,1.0,1.0,1.0,1.0,1.0,4,0,0,16,1.0,1.0,1.0,1.0,100.0,6013.898866627013,1.0
interpolation_fold1,interpolation,cpu_ready,1000,baseline,oracle,,,,20,1.0,1.0,1.0,1.0,1.0,6,0,0,14,1.0,1.0,1.0,1.0,100.0,426595.8908117367,1.0
interpolation_fold1,interpolation,cpu_ready,1,baseline,stay_on_ready_device_k,,,,20,1.0,1.0,,,,0,0,0,20,1.0,1.0,1.0,1.0,100.0,8.244127224726086,1.0
interpolation_fold1,interpolation,cpu_ready,2,baseline,stay_on_ready_device_k,,,,20,1.0,1.0,,,,0,0,0,20,1.0,1.0,1.0,1.0,100.0,32.97650889890434,1.0
interpolation_fold1,interpolation,cpu_ready,3,baseline,stay_on_ready_device_k,,,,20,1.0,1.0,,,,0,0,0,20,1.0,1.0,1.0,1.0,100.0,74.19714502253477,1.0
interpolation_fold1,interpolation,cpu_ready,5,baseline,stay_on_ready_device_k,,,,20,0.95,0.5,,,0.0,0,0,1,19,1.017599273521809,1.0,1.0175992735218091,1.351985470436177,95.0,206.10318061815204,1.1414706138377346
interpolation_fold1,interpolation,cpu_ready,10,baseline,stay_on_ready_device_k,,,,20,0.85,0.5,,,0.0,0,0,3,17,1.225788790513779,1.0,2.2618180748703463,4.160557625498627,85.0,824.4127224726082,2.303425505220624
interpolation_fold1,interpolation,cpu_ready,30,baseline,stay_on_ready_device_k,,,,20,0.85,0.5,,,0.0,0,0,3,17,2.208812445870509,1.0,7.236582372430824,16.845718707580417,85.0,7419.714502253472,7.272588582590446
interpolation_fold1,interpolation,cpu_ready,100,baseline,stay_on_ready_device_k,,,,20,0.8,0.5,,,0.0,0,0,4,16,3.8760636993992437,1.0,13.985681630206056,40.45234178777914,80.0,82441.27224726081,13.708456705973717
interpolation_fold1,interpolation,cpu_ready,1000,baseline,stay_on_ready_device_k,,,,20,0.7,0.5,,,0.0,0,0,6,14,6.270094135256621,1.0,19.532774909942958,65.20494639550444,70.0,8244127.224726083,19.3253788943887
interpolation_fold1,interpolation,cpu_ready,1,baseline,k_break_even_table_train,,,,20,1.0,1.0,,,,0,0,0,20,1.0,1.0,1.0,1.0,100.0,8.244127224726086,1.0
interpolation_fold1,interpolation,cpu_ready,2,baseline,k_break_even_table_train,,,,20,1.0,1.0,,,,0,0,0,20,1.0,1.0,1.0,1.0,100.0,32.97650889890434,1.0
interpolation_fold1,interpolation,cpu_ready,3,baseline,k_break_even_table_train,,,,20,1.0,1.0,,,,0,0,0,20,1.0,1.0,1.0,1.0,100.0,74.19714502253477,1.0
interpolation_fold1,interpolation,cpu_ready,5,baseline,k_break_even_table_train,,,,20,1.0,1.0,1.0,1.0,1.0,1,0,0,19,1.0,1.0,1.0,1.0,100.0,180.55933995989017,1.0
interpolation_fold1,interpolation,cpu_ready,10,baseline,k_break_even_table_train,,,,20,1.0,1.0,1.0,1.0,1.0,3,0,0,17,1.0,1.0,1.0,1.0,100.0,357.90726489921593,1.0
interpolation_fold1,interpolation,cpu_ready,30,baseline,k_break_even_table_train,,,,20,1.0,1.0,1.0,1.0,1.0,3,0,0,17,1.0,1.0,1.0,1.0,100.0,1020.230199741427,1.0
interpolation_fold1,interpolation,cpu_ready,100,baseline,k_break_even_table_train,,,,20,1.0,1.0,1.0,1.0,1.0,4,0,0,16,1.0,1.0,1.0,1.0,100.0,6013.898866627013,1.0
interpolation_fold1,interpolation,cpu_ready,1000,baseline,k_break_even_table_train,,,,20,0.9,0.9285714285714286,0.8017837257372732,0.75,1.0,6,2,0,12,2.7966273065596323,1.0,3.535385487135958,36.11170370833009,90.0,426863.830196023,1.0006280871195838
interpolation_fold1,interpolation,cpu_ready,1,baseline,oracle_k,,,,20,1.0,1.0,,,,0,0,0,20,1.0,1.0,1.0,1.0,100.0,8.244127224726086,1.0
interpolation_fold1,interpolation,cpu_ready,2,baseline,oracle_k,,,,20,1.0,1.0,,,,0,0,0,20,1.0,1.0,1.0,1.0,100.0,32.97650889890434,1.0
interpolation_fold1,interpolation,cpu_ready,3,baseline,oracle_k,,,,20,1.0,1.0,,,,0,0,0,20,1.0,1.0,1.0,1.0,100.0,74.19714502253477,1.0
interpolation_fold1,interpolation,cpu_ready,5,baseline,oracle_k,,,,20,1.0,1.0,1.0,1.0,1.0,1,0,0,19,1.0,1.0,1.0,1.0,100.0,180.55933995989017,1.0
interpolation_fold1,interpolation,cpu_ready,10,baseline,oracle_k,,,,20,1.0,1.0,1.0,1.0,1.0,3,0,0,17,1.0,1.0,1.0,1.0,100.0,357.90726489921593,1.0
interpolation_fold1,interpolation,cpu_ready,30,baseline,oracle_k,,,,20,1.0,1.0,1.0,1.0,1.0,3,0,0,17,1.0,1.0,1.0,1.0,100.0,1020.230199741427,1.0
interpolation_fold1,interpolation,cpu_ready,100,baseline,oracle_k,,,,20,1.0,1.0,1.0,1.0,1.0,4,0,0,16,1.0,1.0,1.0,1.0,100.0,6013.898866627013,1.0
interpolation_fold1,interpolation,cpu_ready,1000,baseline,oracle_k,,,,20,1.0,1.0,1.0,1.0,1.0,6,0,0,14,1.0,1.0,1.0,1.0,100.0,426595.8908117367,1.0
interpolation_fold1,interpolation,gpu_ready,1,baseline,always_cpu_ref,,,,20,0.1,0.5,,,0.0,0,0,18,2,1899.9291306069058,43.185339437217024,12145.751352564272,23380.731973290898,10.0,10.262041577135918,19.677323227722862
interpolation_fold1,interpolation,gpu_ready,2,baseline,always_cpu_ref,,,,20,0.2,0.5,,,0.0,0,0,16,4,482.7210077435302,20.996069952658207,3049.8709946622394,5851.082347120962,20.0,36.39565571757142,19.957025497495263
interpolation_fold1,interpolation,gpu_ready,3,baseline,always_cpu_ref,,,,20,0.2,0.5,,,0.0,0,0,16,4,219.47743215730839,12.996738928485193,1361.4824870732455,2603.1042919766664,20.0,79.01752430745908,20.09312080553896
interpolation_fold1,interpolation,gpu_ready,5,baseline,always_cpu_ref,,,,20,0.25,0.5,,,0.0,0,0,15,5,84.17801415033946,7.537317821698386,494.4574612182557,939.007703149675,25.0,213.7260248355909,20.146142526314836
interpolation_fold1,interpolation,gpu_ready,10,baseline,always_cpu_ref,,,,20,0.25,0.5,,,0.0,0,0,15,5,26.631654156897582,2.7575720119216443,126.3387302864669,235.93534378102422,25.0,839.0417290213335,20.150123393204385
interpolation_fold1,interpolation,gpu_ready,30,baseline,always_cpu_ref,,,,20,0.45,0.5,,,0.0,0,0,11,9,9.280104303943245,1.8980457958017045,28.889714764429815,69.65285698524598,45.0,7462.368158127345,20.151303028661065
interpolation_fold1,interpolation,gpu_ready,100,baseline,always_cpu_ref,,,,20,0.55,0.5,,,0.0,0,0,9,11,7.216715308601185,1.0,25.362129135438046,69.40493206493419,55.00000000000001,82582.0121757727,20.157121249366487
interpolation_fold1,interpolation,gpu_ready,1000,baseline,always_cpu_ref,,,,20,0.65,0.5,,,0.0,0,0,7,13,7.07145952458948,1.0,25.217977262223407,69.30942177603137,65.0,8245529.073874226,20.15930485982435
interpolation_fold1,interpolation,gpu_ready,1,baseline,always_gpu_ref,,,,20,0.9,0.5,,0.9,1.0,18,2,0,0,2.1322198422052536,1.0,3.108417170871823,22.559733145586684,90.0,0.6264113138526365,1.2011350571453279
interpolation_fold1,interpolation,gpu_ready,2,baseline,always_gpu_ref,,,,20,0.8,0.5,,0.8,1.0,16,4,0,0,1.804146561069364,1.0,5.717577139644206,11.942853043650135,80.0,2.505645255410546,1.373933928761842
interpolation_fold1,interpolation,gpu_ready,3,baseline,always_gpu_ref,,,,20,0.8,0.5,,0.8,1.0,16,4,0,0,1.9480131056291987,1.0,8.564805594742682,10.041253270173474,80.0,5.637701824673728,1.4335936847123334
interpolation_fold1,interpolation,gpu_ready,5,baseline,always_gpu_ref,,,,20,0.75,0.5,,0.75,1.0,15,5,0,0,2.319747919011067,1.0,9.058525424176036,13.407098524310372,75.0,15.660282846315914,1.4761622524303173
interpolation_fold1,interpolation,gpu_ready,10,baseline,always_gpu_ref,,,,20,0.75,0.5,,0.75,1.0,15,5,0,0,3.1061239613771097,1.0,13.911182168410303,20.605080501003133,75.0,62.641131385263655,1.5043668070898737
interpolation_fold1,interpolation,gpu_ready,30,baseline,always_gpu_ref,,,,20,0.55,0.5,,0.55,1.0,11,9,0,0,4.858116692127825,1.0,29.450661596739057,33.39583822042014,55.00000000000001,563.7701824673729,1.5223992631682892
interpolation_fold1,interpolation,gpu_ready,100,baseline,always_gpu_ref,,,,20,0.45,0.5,,0.45,1.0,9,11,0,0,7.408967221390877,1.8760920922397613,34.54004952431325,52.19607446009673,45.0,6264.113138526366,1.5289829434559206
interpolation_fold1,interpolation,gpu_ready,1000,baseline,always_gpu_ref,,,,20,0.35,0.5,,0.35,1.0,7,13,0,0,16.871563035512633,3.633478898697392,68.39402411605161,152.16491315968233,35.0,626411.3138526366,1.531498649808901
interpolation_fold1,interpolation,gpu_ready,1,baseline,stay_on_ready_device,,,,20,0.9,0.5,,0.9,1.0,18,2,0,0,2.1322198422052536,1.0,3.108417170871823,22.559733145586684,90.0,0.6264113138526365,1.2011350571453279
interpolation_fold1,interpolation,gpu_ready,2,baseline,stay_on_ready_device,,,,20,0.8,0.5,,0.8,1.0,16,4,0,0,1.804146561069364,1.0,5.717577139644206,11.942853043650135,80.0,2.505645255410546,1.373933928761842
interpolation_fold1,interpolation,gpu_ready,3,baseline,stay_on_ready_device,,,,20,0.8,0.5,,0.8,1.0,16,4,0,0,1.9480131056291987,1.0,8.564805594742682,10.041253270173474,80.0,5.637701824673728,1.4335936847123334
interpolation_fold1,interpolation,gpu_ready,5,baseline,stay_on_ready_device,,,,20,0.75,0.5,,0.75,1.0,15,5,0,0,2.319747919011067,1.0,9.058525424176036,13.407098524310372,75.0,15.660282846315914,1.4761622524303173
interpolation_fold1,interpolation,gpu_ready,10,baseline,stay_on_ready_device,,,,20,0.75,0.5,,0.75,1.0,15,5,0,0,3.1061239613771097,1.0,13.911182168410303,20.605080501003133,75.0,62.641131385263655,1.5043668070898737
interpolation_fold1,interpolation,gpu_ready,30,baseline,stay_on_ready_device,,,,20,0.55,0.5,,0.55,1.0,11,9,0,0,4.858116692127825,1.0,29.450661596739057,33.39583822042014,55.00000000000001,563.7701824673729,1.5223992631682892
interpolation_fold1,interpolation,gpu_ready,100,baseline,stay_on_ready_device,,,,20,0.45,0.5,,0.45,1.0,9,11,0,0,7.408967221390877,1.8760920922397613,34.54004952431325,52.19607446009673,45.0,6264.113138526366,1.5289829434559206
interpolation_fold1,interpolation,gpu_ready,1000,baseline,stay_on_ready_device,,,,20,0.35,0.5,,0.35,1.0,7,13,0,0,16.871563035512633,3.633478898697392,68.39402411605161,152.16491315968233,35.0,626411.3138526366,1.531498649808901
interpolation_fold1,interpolation,gpu_ready,1,baseline,best_constant_device_train,,,,20,0.9,0.5,,0.9,1.0,18,2,0,0,2.1322198422052536,1.0,3.108417170871823,22.559733145586684,90.0,0.6264113138526365,1.2011350571453279
interpolation_fold1,interpolation,gpu_ready,2,baseline,best_constant_device_train,,,,20,0.8,0.5,,0.8,1.0,16,4,0,0,1.804146561069364,1.0,5.717577139644206,11.942853043650135,80.0,2.505645255410546,1.373933928761842
interpolation_fold1,interpolation,gpu_ready,3,baseline,best_constant_device_train,,,,20,0.8,0.5,,0.8,1.0,16,4,0,0,1.9480131056291987,1.0,8.564805594742682,10.041253270173474,80.0,5.637701824673728,1.4335936847123334
interpolation_fold1,interpolation,gpu_ready,5,baseline,best_constant_device_train,,,,20,0.75,0.5,,0.75,1.0,15,5,0,0,2.319747919011067,1.0,9.058525424176036,13.407098524310372,75.0,15.660282846315914,1.4761622524303173
interpolation_fold1,interpolation,gpu_ready,10,baseline,best_constant_device_train,,,,20,0.75,0.5,,0.75,1.0,15,5,0,0,3.1061239613771097,1.0,13.911182168410303,20.605080501003133,75.0,62.641131385263655,1.5043668070898737
interpolation_fold1,interpolation,gpu_ready,30,baseline,best_constant_device_train,,,,20,0.55,0.5,,0.55,1.0,11,9,0,0,4.858116692127825,1.0,29.450661596739057,33.39583822042014,55.00000000000001,563.7701824673729,1.5223992631682892
interpolation_fold1,interpolation,gpu_ready,100,baseline,best_constant_device_train,,,,20,0.45,0.5,,0.45,1.0,9,11,0,0,7.408967221390877,1.8760920922397613,34.54004952431325,52.19607446009673,45.0,6264.113138526366,1.5289829434559206
interpolation_fold1,interpolation,gpu_ready,1000,baseline,best_constant_device_train,,,,20,0.35,0.5,,0.35,1.0,7,13,0,0,16.871563035512633,3.633478898697392,68.39402411605161,152.16491315968233,35.0,626411.3138526366,1.531498649808901
interpolation_fold1,interpolation,gpu_ready,1,baseline,size_threshold_train,,,,20,0.9,0.9444444444444444,0.6666666666666666,1.0,0.8888888888888888,16,0,2,2,11.67187910508672,1.0,13.06616852562444,212.88837163447042,90.0,0.5833718452501997,1.1186074695426331
interpolation_fold1,interpolation,gpu_ready,2,baseline,size_threshold_train,,,,20,0.9,0.84375,0.6875,0.9375,0.9375,15,1,1,3,3.6557752329399498,1.0,4.016075239351526,53.715171318341724,90.0,1.93517934179703,1.0611272885468008
interpolation_fold1,interpolation,gpu_ready,3,baseline,size_threshold_train,,,,20,0.9,0.84375,0.6875,0.9375,0.9375,15,1,1,3,2.194231881278923,1.0,2.9062254962543532,24.093533608939104,90.0,4.166968934522873,1.059605586584954
interpolation_fold1,interpolation,gpu_ready,5,baseline,size_threshold_train,,,,20,0.85,0.7666666666666666,0.5773502691896257,0.875,0.9333333333333333,14,2,1,3,1.4647652386553873,1.0,2.565979536213363,8.833217903967512,85.0,11.2704944085116,1.0623740691877515
interpolation_fold1,interpolation,gpu_ready,10,baseline,size_threshold_train,,,,20,0.85,0.7666666666666666,0.5773502691896257,0.875,0.9333333333333333,14,2,1,3,1.2104240411193814,1.0,2.3285788808048826,2.6899142766254958,85.0,44.42899477661614,1.0669907062060864
interpolation_fold1,interpolation,gpu_ready,30,baseline,size_threshold_train,,,,20,0.75,0.7222222222222222,0.5527707983925666,0.6875,1.0,11,5,0,4,1.3816857872310297,1.0,3.106757229979879,3.713404834602604,75.0,397.05852029378747,1.0722127872822298
interpolation_fold1,interpolation,gpu_ready,100,baseline,size_threshold_train,,,,20,0.65,0.6818181818181819,0.45226701686664544,0.5625,1.0,9,7,0,4,1.8371303859047738,1.0,4.686720789960184,5.844859430310296,65.0,4403.205462567777,1.0747612471095744
interpolation_fold1,interpolation,gpu_ready,1000,baseline,size_threshold_train,,,,20,0.55,0.6538461538461539,0.36689969285267143,0.4375,1.0,7,9,0,4,4.116202921220576,1.0,17.409289700476165,18.921876151794734,55.00000000000001,440022.99398822954,1.075802122782823
interpolation_fold1,interpolation,gpu_ready,1,baseline,intensity_threshold_train,,,,20,0.65,0.8055555555555556,0.3685138655950444,1.0,0.6111111111111112,11,0,7,2,1827.4981568006638,1.0,12145.751352564272,23380.731973290898,65.0,0.8301463484612613,1.5917941768410886
interpolation_fold1,interpolation,gpu_ready,2,baseline,intensity_threshold_train,,,,20,0.75,0.84375,0.5527707983925666,1.0,0.6875,11,0,5,4,458.7503132695767,1.0,3049.8709946622394,5851.082347120962,75.0,2.1243810176285693,1.1648732602649556
interpolation_fold1,interpolation,gpu_ready,3,baseline,intensity_threshold_train,,,,20,0.75,0.84375,0.5527707983925666,1.0,0.6875,11,0,5,4,204.90402577525015,1.0,1361.4824870732455,2603.1042919766664,75.0,4.236786429913316,1.0773592606150564
interpolation_fold1,interpolation,gpu_ready,5,baseline,intensity_threshold_train,,,,20,0.7,0.7333333333333334,0.4061811972299616,0.9090909090909091,0.6666666666666666,10,1,5,4,74.6923108331064,1.0,494.4574612182557,939.007703149675,70.0,10.91610948383513,1.0289692032749476
interpolation_fold1,interpolation,gpu_ready,10,baseline,intensity_threshold_train,,,,20,0.7,0.7333333333333334,0.4061811972299616,0.9090909090909091,0.6666666666666666,10,1,5,4,19.57237977535174,1.0,126.3387302864669,235.93534378102422,70.0,41.93240512319484,1.0070335099921213
interpolation_fold1,interpolation,gpu_ready,30,baseline,intensity_threshold_train,,,,20,0.7,0.696969696969697,0.3939393939393939,0.7272727272727273,0.7272727272727273,8,3,3,6,3.2777715375160157,1.0,15.283404169776016,26.74428622649209,70.0,370.5402734599935,1.000603183412094
interpolation_fold1,interpolation,gpu_ready,100,baseline,intensity_threshold_train,,,,20,0.7,0.7070707070707071,0.41414141414141414,0.6363636363636364,0.7777777777777778,7,4,2,7,1.6565185379336973,1.0,4.686720789960184,5.844859430310296,70.0,4097.905653458722,1.0002418074945505
interpolation_fold1,interpolation,gpu_ready,1000,baseline,intensity_threshold_train,,,,20,0.8,0.8461538461538461,0.6637465183030647,0.6363636363636364,1.0,7,4,0,9,1.8390224587300736,1.0,5.27986551561549,9.26218650966248,80.0,409152.7041956332,1.0003280595099286
interpolation_fold1,interpolation,gpu_ready,1,baseline,operation_crossover_table_train,,,,20,0.5,0.7222222222222222,0.2721655269759087,1.0,0.4444444444444444,8,0,10,2,1834.4588284459355,1.1471257370716592,12145.751352564272,23380.731973290898,50.0,0.8314233813755918,1.5942428698461637
interpolation_fold1,interpolation,gpu_ready,2,baseline,operation_crossover_table_train,,,,20,0.6,0.75,0.4082482904638631,1.0,0.5,8,0,8,4,460.5784883132261,1.0,3049.8709946622394,5851.082347120962,60.0,2.125687113381337,1.1655894387683028
interpolation_fold1,interpolation,gpu_ready,3,baseline,operation_crossover_table_train,,,,20,0.6,0.75,0.4082482904638631,1.0,0.5,8,0,8,4,205.7284720773709,1.0,1361.4824870732455,2603.1042919766664,60.0,4.237967189129436,1.077659512208354
interpolation_fold1,interpolation,gpu_ready,5,baseline,operation_crossover_table_train,,,,20,0.65,0.7666666666666666,0.4714045207910317,1.0,0.5333333333333333,8,0,7,5,74.96624898914726,1.0,494.4574612182557,939.007703149675,65.0,10.916576371852699,1.0290132128547496
interpolation_fold1,interpolation,gpu_ready,10,baseline,operation_crossover_table_train,,,,20,0.65,0.7666666666666666,0.4714045207910317,1.0,0.5333333333333333,8,0,7,5,19.552487857194702,1.0,126.3387302864669,235.93534378102422,65.0,41.92838534415205,1.0069369724291801
interpolation_fold1,interpolation,gpu_ready,30,baseline,operation_crossover_table_train,,,,20,0.85,0.8636363636363636,0.7385489458759964,1.0,0.7272727272727273,8,0,3,9,3.017767089247704,1.0,15.283404169776016,26.74428622649209,85.0,370.4797071689379,1.000439630816119
interpolation_fold1,interpolation,gpu_ready,100,baseline,operation_crossover_table_train,,,,20,0.85,0.8434343434343434,0.6975184488828855,0.875,0.7777777777777778,7,1,2,10,1.127783139859677,1.0,1.8075434902850058,2.577423485049234,85.0,4097.160816344103,1.0000600031084035
interpolation_fold1,interpolation,gpu_ready,1000,baseline,operation_crossover_table_train,,,,20,0.95,0.9615384615384616,0.898717034272917,0.875,1.0,7,1,0,12,1.0817021227118218,1.0,1.081702122711823,2.6340424542364373,95.0,409075.7662635624,1.0001399557249557
interpolation_fold1,interpolation,gpu_ready,1,baseline,oracle,,,,20,1.0,1.0,1.0,1.0,1.0,18,0,0,2,1.0,1.0,1.0,1.0,100.0,0.5215161360300266,1.0
interpolation_fold1,interpolation,gpu_ready,2,baseline,oracle,,,,20,1.0,1.0,1.0,1.0,1.0,16,0,0,4,1.0,1.0,1.0,1.0,100.0,1.823701418938374,1.0
interpolation_fold1,interpolation,gpu_ready,3,baseline,oracle,,,,20,1.0,1.0,1.0,1.0,1.0,16,0,0,4,1.0,1.0,1.0,1.0,100.0,3.9325660295476235,1.0
interpolation_fold1,interpolation,gpu_ready,5,baseline,oracle,,,,20,1.0,1.0,1.0,1.0,1.0,15,0,0,5,1.0,1.0,1.0,1.0,100.0,10.608781535046848,1.0
interpolation_fold1,interpolation,gpu_ready,10,baseline,oracle,,,,20,1.0,1.0,1.0,1.0,1.0,15,0,0,5,1.0,1.0,1.0,1.0,100.0,41.63953305141048,1.0
interpolation_fold1,interpolation,gpu_ready,30,baseline,oracle,,,,20,1.0,1.0,1.0,1.0,1.0,11,0,0,9,1.0,1.0,1.0,1.0,100.0,370.31690444601367,1.0
interpolation_fold1,interpolation,gpu_ready,100,baseline,oracle,,,,20,1.0,1.0,1.0,1.0,1.0,9,0,0,11,1.0,1.0,1.0,1.0,100.0,4096.914988709916,1.0
interpolation_fold1,interpolation,gpu_ready,1000,baseline,oracle,,,,20,1.0,1.0,1.0,1.0,1.0,7,0,0,13,1.0,1.0,1.0,1.0,100.0,409018.5217798264,1.0
interpolation_fold1,interpolation,gpu_ready,1,baseline,stay_on_ready_device_k,,,,20,0.9,0.5,,0.9,1.0,18,2,0,0,2.1322198422052536,1.0,3.108417170871823,22.559733145586684,90.0,0.6264113138526365,1.2011350571453279
interpolation_fold1,interpolation,gpu_ready,2,baseline,stay_on_ready_device_k,,,,20,0.8,0.5,,0.8,1.0,16,4,0,0,1.804146561069364,1.0,5.717577139644206,11.942853043650135,80.0,2.505645255410546,1.373933928761842
interpolation_fold1,interpolation,gpu_ready,3,baseline,stay_on_ready_device_k,,,,20,0.8,0.5,,0.8,1.0,16,4,0,0,1.9480131056291987,1.0,8.564805594742682,10.041253270173474,80.0,5.637701824673728,1.4335936847123334
interpolation_fold1,interpolation,gpu_ready,5,baseline,stay_on_ready_device_k,,,,20,0.75,0.5,,0.75,1.0,15,5,0,0,2.319747919011067,1.0,9.058525424176036,13.407098524310372,75.0,15.660282846315914,1.4761622524303173
interpolation_fold1,interpolation,gpu_ready,10,baseline,stay_on_ready_device_k,,,,20,0.75,0.5,,0.75,1.0,15,5,0,0,3.1061239613771097,1.0,13.911182168410303,20.605080501003133,75.0,62.641131385263655,1.5043668070898737
interpolation_fold1,interpolation,gpu_ready,30,baseline,stay_on_ready_device_k,,,,20,0.55,0.5,,0.55,1.0,11,9,0,0,4.858116692127825,1.0,29.450661596739057,33.39583822042014,55.00000000000001,563.7701824673729,1.5223992631682892
interpolation_fold1,interpolation,gpu_ready,100,baseline,stay_on_ready_device_k,,,,20,0.45,0.5,,0.45,1.0,9,11,0,0,7.408967221390877,1.8760920922397613,34.54004952431325,52.19607446009673,45.0,6264.113138526366,1.5289829434559206
interpolation_fold1,interpolation,gpu_ready,1000,baseline,stay_on_ready_device_k,,,,20,0.35,0.5,,0.35,1.0,7,13,0,0,16.871563035512633,3.633478898697392,68.39402411605161,152.16491315968233,35.0,626411.3138526366,1.531498649808901
interpolation_fold1,interpolation,gpu_ready,1,baseline,k_break_even_table_train,,,,20,0.9,0.5,,0.9,1.0,18,2,0,0,2.1322198422052536,1.0,3.108417170871823,22.559733145586684,90.0,0.6264113138526365,1.2011350571453279
interpolation_fold1,interpolation,gpu_ready,2,baseline,k_break_even_table_train,,,,20,0.8,0.5,,0.8,1.0,16,4,0,0,1.804146561069364,1.0,5.717577139644206,11.942853043650135,80.0,2.505645255410546,1.373933928761842
interpolation_fold1,interpolation,gpu_ready,3,baseline,k_break_even_table_train,,,,20,0.8,0.5,,0.8,1.0,16,4,0,0,1.9480131056291987,1.0,8.564805594742682,10.041253270173474,80.0,5.637701824673728,1.4335936847123334
interpolation_fold1,interpolation,gpu_ready,5,baseline,k_break_even_table_train,,,,20,0.75,0.5,,0.75,1.0,15,5,0,0,2.319747919011067,1.0,9.058525424176036,13.407098524310372,75.0,15.660282846315914,1.4761622524303173
interpolation_fold1,interpolation,gpu_ready,10,baseline,k_break_even_table_train,,,,20,0.75,0.5,,0.75,1.0,15,5,0,0,3.1061239613771097,1.0,13.911182168410303,20.605080501003133,75.0,62.641131385263655,1.5043668070898737
interpolation_fold1,interpolation,gpu_ready,30,baseline,k_break_even_table_train,,,,20,0.55,0.5,,0.55,1.0,11,9,0,0,4.858116692127825,1.0,29.450661596739057,33.39583822042014,55.00000000000001,563.7701824673729,1.5223992631682892
interpolation_fold1,interpolation,gpu_ready,100,baseline,k_break_even_table_train,,,,20,0.45,0.5,,0.45,1.0,9,11,0,0,7.408967221390877,1.8760920922397613,34.54004952431325,52.19607446009673,45.0,6264.113138526366,1.5289829434559206
interpolation_fold1,interpolation,gpu_ready,1000,baseline,k_break_even_table_train,,,,20,0.35,0.5,,0.35,1.0,7,13,0,0,16.871563035512633,3.633478898697392,68.39402411605161,152.16491315968233,35.0,626411.3138526366,1.531498649808901
interpolation_fold1,interpolation,gpu_ready,1,baseline,oracle_k,,,,20,1.0,1.0,1.0,1.0,1.0,18,0,0,2,1.0,1.0,1.0,1.0,100.0,0.5215161360300266,1.0
interpolation_fold1,interpolation,gpu_ready,2,baseline,oracle_k,,,,20,1.0,1.0,1.0,1.0,1.0,16,0,0,4,1.0,1.0,1.0,1.0,100.0,1.823701418938374,1.0
interpolation_fold1,interpolation,gpu_ready,3,baseline,oracle_k,,,,20,1.0,1.0,1.0,1.0,1.0,16,0,0,4,1.0,1.0,1.0,1.0,100.0,3.9325660295476235,1.0
interpolation_fold1,interpolation,gpu_ready,5,baseline,oracle_k,,,,20,1.0,1.0,1.0,1.0,1.0,15,0,0,5,1.0,1.0,1.0,1.0,100.0,10.608781535046848,1.0
interpolation_fold1,interpolation,gpu_ready,10,baseline,oracle_k,,,,20,1.0,1.0,1.0,1.0,1.0,15,0,0,5,1.0,1.0,1.0,1.0,100.0,41.63953305141048,1.0
interpolation_fold1,interpolation,gpu_ready,30,baseline,oracle_k,,,,20,1.0,1.0,1.0,1.0,1.0,11,0,0,9,1.0,1.0,1.0,1.0,100.0,370.31690444601367,1.0
interpolation_fold1,interpolation,gpu_ready,100,baseline,oracle_k,,,,20,1.0,1.0,1.0,1.0,1.0,9,0,0,11,1.0,1.0,1.0,1.0,100.0,4096.914988709916,1.0
interpolation_fold1,interpolation,gpu_ready,1000,baseline,oracle_k,,,,20,1.0,1.0,1.0,1.0,1.0,7,0,0,13,1.0,1.0,1.0,1.0,100.0,409018.5217798264,1.0
interpolation_fold1,interpolation,none_ready,1,baseline,always_cpu_ref,,,,20,1.0,1.0,,,,0,0,0,20,1.0,1.0,1.0,1.0,100.0,10.262041577135918,1.0
interpolation_fold1,interpolation,none_ready,2,baseline,always_cpu_ref,,,,20,1.0,1.0,,,,0,0,0,20,1.0,1.0,1.0,1.0,100.0,36.39565571757142,1.0
interpolation_fold1,interpolation,none_ready,3,baseline,always_cpu_ref,,,,20,1.0,1.0,,,,0,0,0,20,1.0,1.0,1.0,1.0,100.0,79.01752430745908,1.0
interpolation_fold1,interpolation,none_ready,5,baseline,always_cpu_ref,,,,20,0.95,0.5,,,0.0,0,0,1,19,1.0196846102611086,1.0,1.0196846102611088,1.393692205222169,95.0,213.7260248355909,1.1543055929175463
interpolation_fold1,interpolation,none_ready,10,baseline,always_cpu_ref,,,,20,0.85,0.5,,,0.0,0,0,3,17,1.2314330364526822,1.0,2.2655671151586327,4.224487887950698,85.0,839.0417290213335,2.331375570468698
interpolation_fold1,interpolation,none_ready,30,baseline,always_cpu_ref,,,,20,0.85,0.5,,,0.0,0,0,3,17,2.215562105402205,1.0,7.241459503452521,16.931782457077063,85.0,7462.368158127345,7.27949832785219
interpolation_fold1,interpolation,none_ready,100,baseline,always_cpu_ref,,,,20,0.8,0.5,,,0.0,0,0,4,16,3.881181308753122,1.0,13.989101139778056,40.51428717012421,80.0,82582.0121757727,13.701421677281383
interpolation_fold1,interpolation,none_ready,1000,baseline,always_cpu_ref,,,,20,0.7,0.5,,,0.0,0,0,6,14,6.272282848355347,1.0,19.533317823390117,65.21492791278739,70.0,8245529.073874226,19.32541523458625
interpolation_fold1,interpolation,none_ready,1,baseline,always_gpu_ref,,,,20,0.0,0.0,,0.0,,0,20,0,0,58987.80792102004,983.5168420970916,358346.3859602063,399084.4287297992,0.0,1149.8847329765538,112.05223876100106
interpolation_fold1,interpolation,none_ready,2,baseline,always_gpu_ref,,,,20,0.0,0.0,,0.0,,0,20,0,0,45032.44718889775,885.3799702796659,333340.81742205634,343989.8986450389,0.0,1180.7736356109624,32.44270812906107
interpolation_fold1,interpolation,none_ready,3,baseline,always_gpu_ref,,,,20,0.0,0.0,,0.0,,0,20,0,0,38987.68348235211,881.5483592818819,300297.16377225996,311647.0059105502,0.0,1212.9153608730767,15.349953969116951
interpolation_fold1,interpolation,none_ready,5,baseline,always_gpu_ref,,,,20,0.05,0.5,,0.05,1.0,1,19,0,0,31156.961329927133,807.4423786987564,235715.16907960383,275116.46791603183,5.0,1280.9572792804208,6.918278449708037
interpolation_fold1,interpolation,none_ready,10,baseline,always_gpu_ref,,,,20,0.15,0.5,,0.15,1.0,3,17,0,0,20457.544715646087,573.7178261614465,143794.82001087928,207999.25344603288,15.0,1472.9864712836236,4.09286517702413
interpolation_fold1,interpolation,none_ready,30,baseline,always_gpu_ref,,,,20,0.15,0.5,,0.15,1.0,3,17,0,0,7402.169926726681,201.7639119098398,42491.9055717002,90715.43605732814,15.0,2554.308896222753,2.4917140168996466
interpolation_fold1,interpolation,none_ready,100,baseline,always_gpu_ref,,,,20,0.2,0.5,,0.2,1.0,4,16,0,0,1529.2221016934677,47.650055170908345,7057.948362040911,19473.760789403674,20.0,10285.328660781315,1.7064687739848479
interpolation_fold1,interpolation,none_ready,1000,baseline,always_gpu_ref,,,,20,0.3,0.5,,0.3,1.0,6,14,0,0,93.95971636197807,7.931949658321534,419.61383619926033,557.1373508678712,30.0,656541.2311984573,1.5387650444091099
interpolation_fold1,interpolation,none_ready,1,baseline,stay_on_ready_device,,,,20,1.0,1.0,,,,0,0,0,20,1.0,1.0,1.0,1.0,100.0,10.262041577135918,1.0
interpolation_fold1,interpolation,none_ready,2,baseline,stay_on_ready_device,,,,20,1.0,1.0,,,,0,0,0,20,1.0,1.0,1.0,1.0,100.0,36.39565571757142,1.0
interpolation_fold1,interpolation,none_ready,3,baseline,stay_on_ready_device,,,,20,1.0,1.0,,,,0,0,0,20,1.0,1.0,1.0,1.0,100.0,79.01752430745908,1.0
interpolation_fold1,interpolation,none_ready,5,baseline,stay_on_ready_device,,,,20,0.95,0.5,,,0.0,0,0,1,19,1.0196846102611086,1.0,1.0196846102611088,1.393692205222169,95.0,213.7260248355909,1.1543055929175463
interpolation_fold1,interpolation,none_ready,10,baseline,stay_on_ready_device,,,,20,0.85,0.5,,,0.0,0,0,3,17,1.2314330364526822,1.0,2.2655671151586327,4.224487887950698,85.0,839.0417290213335,2.331375570468698
interpolation_fold1,interpolation,none_ready,30,baseline,stay_on_ready_device,,,,20,0.85,0.5,,,0.0,0,0,3,17,2.215562105402205,1.0,7.241459503452521,16.931782457077063,85.0,7462.368158127345,7.27949832785219
interpolation_fold1,interpolation,none_ready,100,baseline,stay_on_ready_device,,,,20,0.8,0.5,,,0.0,0,0,4,16,3.881181308753122,1.0,13.989101139778056,40.51428717012421,80.0,82582.0121757727,13.701421677281383
interpolation_fold1,interpolation,none_ready,1000,baseline,stay_on_ready_device,,,,20,0.7,0.5,,,0.0,0,0,6,14,6.272282848355347,1.0,19.533317823390117,65.21492791278739,70.0,8245529.073874226,19.32541523458625
interpolation_fold1,interpolation,none_ready,1,baseline,best_constant_device_train,,,,20,0.0,0.0,,0.0,,0,20,0,0,58987.80792102004,983.5168420970916,358346.3859602063,399084.4287297992,0.0,1149.8847329765538,112.05223876100106
interpolation_fold1,interpolation,none_ready,2,baseline,best_constant_device_train,,,,20,0.0,0.0,,0.0,,0,20,0,0,45032.44718889775,885.3799702796659,333340.81742205634,343989.8986450389,0.0,1180.7736356109624,32.44270812906107
interpolation_fold1,interpolation,none_ready,3,baseline,best_constant_device_train,,,,20,0.0,0.0,,0.0,,0,20,0,0,38987.68348235211,881.5483592818819,300297.16377225996,311647.0059105502,0.0,1212.9153608730767,15.349953969116951
interpolation_fold1,interpolation,none_ready,5,baseline,best_constant_device_train,,,,20,0.05,0.5,,0.05,1.0,1,19,0,0,31156.961329927133,807.4423786987564,235715.16907960383,275116.46791603183,5.0,1280.9572792804208,6.918278449708037
interpolation_fold1,interpolation,none_ready,10,baseline,best_constant_device_train,,,,20,0.15,0.5,,0.15,1.0,3,17,0,0,20457.544715646087,573.7178261614465,143794.82001087928,207999.25344603288,15.0,1472.9864712836236,4.09286517702413
interpolation_fold1,interpolation,none_ready,30,baseline,best_constant_device_train,,,,20,0.15,0.5,,0.15,1.0,3,17,0,0,7402.169926726681,201.7639119098398,42491.9055717002,90715.43605732814,15.0,2554.308896222753,2.4917140168996466
interpolation_fold1,interpolation,none_ready,100,baseline,best_constant_device_train,,,,20,0.2,0.5,,0.2,1.0,4,16,0,0,1529.2221016934677,47.650055170908345,7057.948362040911,19473.760789403674,20.0,10285.328660781315,1.7064687739848479
interpolation_fold1,interpolation,none_ready,1000,baseline,best_constant_device_train,,,,20,0.3,0.5,,0.3,1.0,6,14,0,0,93.95971636197807,7.931949658321534,419.61383619926033,557.1373508678712,30.0,656541.2311984573,1.5387650444091099
interpolation_fold1,interpolation,none_ready,1,baseline,size_threshold_train,,,,20,0.2,0.2,,0.0,,0,16,0,4,32200.712607788504,872.8737158423783,126399.86247723065,356202.2784460171,20.0,929.4091940981828,90.56766990390386
interpolation_fold1,interpolation,none_ready,2,baseline,size_threshold_train,,,,20,0.2,0.2,,0.0,,0,16,0,4,26850.258593574497,455.5090435599642,97230.38984777653,332780.339462952,20.0,951.9470811373195,26.155513958159844
interpolation_fold1,interpolation,none_ready,3,baseline,size_threshold_train,,,,20,0.2,0.2,,0.0,,0,16,0,4,23591.10116320168,321.5150557602672,82870.67119225033,311647.0059105502,20.0,975.3649502726353,12.343653623941277
interpolation_fold1,interpolation,none_ready,5,baseline,size_threshold_train,,,,20,0.25,0.6052631578947368,0.11470786693528087,0.0625,1.0,1,15,0,4,19303.642878300754,244.6934535034673,66358.41607393882,275116.46791603183,25.0,1024.8406348318038,5.535026806143653
interpolation_fold1,interpolation,none_ready,10,baseline,size_threshold_train,,,,20,0.35,0.6176470588235294,0.21004201260420147,0.1875,1.0,3,13,0,4,13358.263327816643,96.79717745770202,42088.334870783074,207999.25344603288,35.0,1163.9295329128577,3.23411432938526
interpolation_fold1,interpolation,none_ready,30,baseline,size_threshold_train,,,,20,0.35,0.6176470588235294,0.21004201260420147,0.1875,1.0,3,13,0,4,5358.042772575483,16.58021169785146,13465.064554586734,90715.43605732814,35.0,1940.2806492818265,1.892732902306371
interpolation_fold1,interpolation,none_ready,100,baseline,size_threshold_train,,,,20,0.4,0.625,0.25,0.25,1.0,4,12,0,4,1174.796395389582,4.362857776883164,2323.2969408637805,19473.760789403674,40.0,7429.453159537107,1.2326421685362128
interpolation_fold1,interpolation,none_ready,1000,baseline,size_threshold_train,,,,20,0.5,0.6428571428571428,0.3273268353539886,0.375,1.0,6,10,0,4,63.46783161751623,1.4077769700020413,419.61383619926033,557.1373508678712,50.0,462116.71327352984,1.0830836069876457
interpolation_fold1,interpolation,none_ready,1,baseline,intensity_threshold_train,,,,20,0.55,0.55,,0.0,,0,9,0,11,27246.341836483363,1.0,126399.86247723065,356202.2784460171,55.00000000000001,556.3449813479176,54.21386935202718
interpolation_fold1,interpolation,none_ready,2,baseline,intensity_threshold_train,,,,20,0.55,0.55,,0.0,,0,9,0,11,22562.857403042028,1.0,97230.38984777653,332780.339462952,55.00000000000001,575.2152163438122,15.804502075947067
interpolation_fold1,interpolation,none_ready,3,baseline,intensity_threshold_train,,,,20,0.55,0.55,,0.0,,0,9,0,11,19833.003167691182,1.0,77810.36544013764,311647.0059105502,55.00000000000001,594.9034810817509,7.5287537327411975
interpolation_fold1,interpolation,none_ready,5,baseline,intensity_threshold_train,,,,20,0.6,0.7894736842105263,0.25362863675089403,0.1111111111111111,1.0,1,8,0,11,16334.610191076474,1.0,54130.03049775491,275116.46791603183,60.0,636.7340997837597,3.438915467347048
interpolation_fold1,interpolation,none_ready,10,baseline,intensity_threshold_train,,,,20,0.7,0.8235294117647058,0.464420364012824,0.3333333333333333,1.0,3,6,0,11,11511.453774867083,1.0,28783.29255004984,207999.25344603288,70.0,755.6261670245498,2.0995956759656513
interpolation_fold1,interpolation,none_ready,30,baseline,intensity_threshold_train,,,,20,0.7,0.8235294117647058,0.464420364012824,0.3333333333333333,1.0,3,6,0,11,4745.000330238867,1.0,8117.9892159328265,90715.43605732814,70.0,1435.7018714986853,1.4005191316494399
interpolation_fold1,interpolation,none_ready,100,baseline,intensity_threshold_train,,,,20,0.75,0.84375,0.5527707983925666,0.4444444444444444,1.0,4,5,0,11,1001.1121227628712,1.0,1436.3609982125417,19473.760789403674,75.0,6392.760524596434,1.0606414801681323
interpolation_fold1,interpolation,none_ready,1000,baseline,intensity_threshold_train,,,,20,0.85,0.8928571428571428,0.723746864455746,0.6666666666666666,1.0,6,3,0,11,22.500700091743305,1.0,38.50034466824552,412.37575647985966,85.0,427196.3541808714,1.0012391997264147
interpolation_fold1,interpolation,none_ready,1,baseline,operation_crossover_table_train,,,,20,0.75,0.75,,0.0,,0,5,0,15,93.64640628477216,1.0,426.34760460482613,1423.6859096334026,75.0,291.2198361426321,28.37835278230378
interpolation_fold1,interpolation,none_ready,2,baseline,operation_crossover_table_train,,,,20,0.75,0.75,,0.0,,0,5,0,15,37.20992966888328,1.0,247.6934480223154,475.23141664715655,75.0,309.11214862996405,8.493105634053135
interpolation_fold1,interpolation,none_ready,3,baseline,operation_crossover_table_train,,,,20,0.75,0.75,,0.0,,0,5,0,15,21.157394549893347,1.0,166.52060144780035,236.08894544392604,75.0,327.8291474669466,4.148815725880699
interpolation_fold1,interpolation,none_ready,5,baseline,operation_crossover_table_train,,,,20,0.8,0.8947368421052632,0.3973597071195132,0.2,1.0,1,4,0,15,10.273368451158003,1.0,92.05742914747522,94.1929973577256,80.0,367.7372041898635,1.9860993149840036
interpolation_fold1,interpolation,none_ready,10,baseline,operation_crossover_table_train,,,,20,0.9,0.9411764705882353,0.7276068751089989,0.6,1.0,3,2,0,15,4.019255704509921,1.0,26.71699248595535,36.16540655525905,90.0,481.9393571160406,1.339124866814769
interpolation_fold1,interpolation,none_ready,30,baseline,operation_crossover_table_train,,,,20,0.9,0.9411764705882353,0.7276068751089989,0.6,1.0,3,2,0,15,1.423189864631858,1.0,3.7211204280781804,6.91054111103014,90.0,1144.9195562333919,1.116862612312838
interpolation_fold1,interpolation,none_ready,100,baseline,operation_crossover_table_train,,,,20,0.95,0.96875,0.8660254037844386,0.8,1.0,4,1,0,15,1.016973823255845,1.0,1.0169738232558452,1.3394764651168993,95.0,6063.112254543418,1.005948577510721
interpolation_fold1,interpolation,none_ready,1000,baseline,operation_crossover_table_train,,,,20,0.95,0.9166666666666667,0.8819171036881969,1.0,0.8333333333333334,5,0,1,14,1.0566841423150393,1.0,1.0566841423150402,2.133682846300787,95.0,429272.60999814654,1.0061054133365517
interpolation_fold1,interpolation,none_ready,1,baseline,oracle,,,,20,1.0,1.0,,,,0,0,0,20,1.0,1.0,1.0,1.0,100.0,10.262041577135918,1.0
interpolation_fold1,interpolation,none_ready,2,baseline,oracle,,,,20,1.0,1.0,,,,0,0,0,20,1.0,1.0,1.0,1.0,100.0,36.39565571757142,1.0
interpolation_fold1,interpolation,none_ready,3,baseline,oracle,,,,20,1.0,1.0,,,,0,0,0,20,1.0,1.0,1.0,1.0,100.0,79.01752430745908,1.0
interpolation_fold1,interpolation,none_ready,5,baseline,oracle,,,,20,1.0,1.0,1.0,1.0,1.0,1,0,0,19,1.0,1.0,1.0,1.0,100.0,185.15549621083542,1.0
interpolation_fold1,interpolation,none_ready,10,baseline,oracle,,,,20,1.0,1.0,1.0,1.0,1.0,3,0,0,17,1.0,1.0,1.0,1.0,100.0,359.891276055815,1.0
interpolation_fold1,interpolation,none_ready,30,baseline,oracle,,,,20,1.0,1.0,1.0,1.0,1.0,3,0,0,17,1.0,1.0,1.0,1.0,100.0,1025.1212133088175,1.0
interpolation_fold1,interpolation,none_ready,100,baseline,oracle,,,,20,1.0,1.0,1.0,1.0,1.0,4,0,0,16,1.0,1.0,1.0,1.0,100.0,6027.2586393500815,1.0
interpolation_fold1,interpolation,none_ready,1000,baseline,oracle,,,,20,1.0,1.0,1.0,1.0,1.0,6,0,0,14,1.0,1.0,1.0,1.0,100.0,426667.6277732648,1.0
interpolation_fold1,interpolation,none_ready,1,baseline,stay_on_ready_device_k,,,,20,1.0,1.0,,,,0,0,0,20,1.0,1.0,1.0,1.0,100.0,10.262041577135918,1.0
interpolation_fold1,interpolation,none_ready,2,baseline,stay_on_ready_device_k,,,,20,1.0,1.0,,,,0,0,0,20,1.0,1.0,1.0,1.0,100.0,36.39565571757142,1.0
interpolation_fold1,interpolation,none_ready,3,baseline,stay_on_ready_device_k,,,,20,1.0,1.0,,,,0,0,0,20,1.0,1.0,1.0,1.0,100.0,79.01752430745908,1.0
interpolation_fold1,interpolation,none_ready,5,baseline,stay_on_ready_device_k,,,,20,0.95,0.5,,,0.0,0,0,1,19,1.0196846102611086,1.0,1.0196846102611088,1.393692205222169,95.0,213.7260248355909,1.1543055929175463
interpolation_fold1,interpolation,none_ready,10,baseline,stay_on_ready_device_k,,,,20,0.85,0.5,,,0.0,0,0,3,17,1.2314330364526822,1.0,2.2655671151586327,4.224487887950698,85.0,839.0417290213335,2.331375570468698
interpolation_fold1,interpolation,none_ready,30,baseline,stay_on_ready_device_k,,,,20,0.85,0.5,,,0.0,0,0,3,17,2.215562105402205,1.0,7.241459503452521,16.931782457077063,85.0,7462.368158127345,7.27949832785219
interpolation_fold1,interpolation,none_ready,100,baseline,stay_on_ready_device_k,,,,20,0.8,0.5,,,0.0,0,0,4,16,3.881181308753122,1.0,13.989101139778056,40.51428717012421,80.0,82582.0121757727,13.701421677281383
interpolation_fold1,interpolation,none_ready,1000,baseline,stay_on_ready_device_k,,,,20,0.7,0.5,,,0.0,0,0,6,14,6.272282848355347,1.0,19.533317823390117,65.21492791278739,70.0,8245529.073874226,19.32541523458625
interpolation_fold1,interpolation,none_ready,1,baseline,k_break_even_table_train,,,,20,1.0,1.0,,,,0,0,0,20,1.0,1.0,1.0,1.0,100.0,10.262041577135918,1.0
interpolation_fold1,interpolation,none_ready,2,baseline,k_break_even_table_train,,,,20,1.0,1.0,,,,0,0,0,20,1.0,1.0,1.0,1.0,100.0,36.39565571757142,1.0
interpolation_fold1,interpolation,none_ready,3,baseline,k_break_even_table_train,,,,20,1.0,1.0,,,,0,0,0,20,1.0,1.0,1.0,1.0,100.0,79.01752430745908,1.0
interpolation_fold1,interpolation,none_ready,5,baseline,k_break_even_table_train,,,,20,1.0,1.0,1.0,1.0,1.0,1,0,0,19,1.0,1.0,1.0,1.0,100.0,185.15549621083542,1.0
interpolation_fold1,interpolation,none_ready,10,baseline,k_break_even_table_train,,,,20,1.0,1.0,1.0,1.0,1.0,3,0,0,17,1.0,1.0,1.0,1.0,100.0,359.891276055815,1.0
interpolation_fold1,interpolation,none_ready,30,baseline,k_break_even_table_train,,,,20,1.0,1.0,1.0,1.0,1.0,3,0,0,17,1.0,1.0,1.0,1.0,100.0,1025.1212133088175,1.0
interpolation_fold1,interpolation,none_ready,100,baseline,k_break_even_table_train,,,,20,0.95,0.96875,0.8660254037844386,0.8,1.0,4,1,0,15,1.016973823255845,1.0,1.0169738232558452,1.3394764651168993,95.0,6063.112254543418,1.005948577510721
interpolation_fold1,interpolation,none_ready,1000,baseline,k_break_even_table_train,,,,20,0.9,0.9285714285714286,0.8017837257372732,0.75,1.0,6,2,0,12,2.7530891475610595,1.0,3.487087693564758,35.24622901121711,90.0,426934.9483960429,1.0006265312983158
interpolation_fold1,interpolation,none_ready,1,baseline,oracle_k,,,,20,1.0,1.0,,,,0,0,0,20,1.0,1.0,1.0,1.0,100.0,10.262041577135918,1.0
interpolation_fold1,interpolation,none_ready,2,baseline,oracle_k,,,,20,1.0,1.0,,,,0,0,0,20,1.0,1.0,1.0,1.0,100.0,36.39565571757142,1.0
interpolation_fold1,interpolation,none_ready,3,baseline,oracle_k,,,,20,1.0,1.0,,,,0,0,0,20,1.0,1.0,1.0,1.0,100.0,79.01752430745908,1.0
interpolation_fold1,interpolation,none_ready,5,baseline,oracle_k,,,,20,1.0,1.0,1.0,1.0,1.0,1,0,0,19,1.0,1.0,1.0,1.0,100.0,185.15549621083542,1.0
interpolation_fold1,interpolation,none_ready,10,baseline,oracle_k,,,,20,1.0,1.0,1.0,1.0,1.0,3,0,0,17,1.0,1.0,1.0,1.0,100.0,359.891276055815,1.0
interpolation_fold1,interpolation,none_ready,30,baseline,oracle_k,,,,20,1.0,1.0,1.0,1.0,1.0,3,0,0,17,1.0,1.0,1.0,1.0,100.0,1025.1212133088175,1.0
interpolation_fold1,interpolation,none_ready,100,baseline,oracle_k,,,,20,1.0,1.0,1.0,1.0,1.0,4,0,0,16,1.0,1.0,1.0,1.0,100.0,6027.2586393500815,1.0
interpolation_fold1,interpolation,none_ready,1000,baseline,oracle_k,,,,20,1.0,1.0,1.0,1.0,1.0,6,0,0,14,1.0,1.0,1.0,1.0,100.0,426667.6277732648,1.0
interpolation_fold1,interpolation,cpu_ready,1,model_regression,ridge,False,0.0,True,20,1.0,1.0,,,,0,0,0,20,1.0,1.0,1.0,1.0,100.0,8.244127224726086,1.0
interpolation_fold1,interpolation,cpu_ready,2,model_regression,ridge,False,0.0,True,20,1.0,1.0,,,,0,0,0,20,1.0,1.0,1.0,1.0,100.0,32.97650889890434,1.0
interpolation_fold1,interpolation,cpu_ready,3,model_regression,ridge,False,0.0,True,20,1.0,1.0,,,,0,0,0,20,1.0,1.0,1.0,1.0,100.0,74.19714502253477,1.0
interpolation_fold1,interpolation,cpu_ready,5,model_regression,ridge,False,0.0,True,20,0.95,0.5,,,0.0,0,0,1,19,1.017599273521809,1.0,1.0175992735218091,1.351985470436177,95.0,206.10318061815204,1.1414706138377346
interpolation_fold1,interpolation,cpu_ready,10,model_regression,ridge,False,0.0,True,20,0.85,0.5,,,0.0,0,0,3,17,1.225788790513779,1.0,2.2618180748703463,4.160557625498627,85.0,824.4127224726082,2.303425505220624
interpolation_fold1,interpolation,cpu_ready,30,model_regression,ridge,False,0.0,True,20,0.85,0.5,,,0.0,0,0,3,17,2.208812445870509,1.0,7.236582372430824,16.845718707580417,85.0,7419.714502253472,7.272588582590446
interpolation_fold1,interpolation,cpu_ready,100,model_regression,ridge,False,0.0,True,20,0.8,0.5,,,0.0,0,0,4,16,3.8760636993992437,1.0,13.985681630206056,40.45234178777914,80.0,82441.27224726081,13.708456705973717
interpolation_fold1,interpolation,cpu_ready,1000,model_regression,ridge,False,0.0,True,20,0.75,0.5833333333333334,0.35043832202523123,1.0,0.16666666666666666,1,0,5,14,5.463645314721479,1.0,17.29831576493133,65.20494639550444,75.0,5752310.562374186,13.484214654361892
interpolation_fold1,interpolation,gpu_ready,1,model_regression,ridge,False,0.05,True,20,0.55,0.5277777777777778,0.0335012605086404,0.9090909090909091,0.5555555555555556,10,1,8,1,1829.178781971375,1.0,12145.751352564272,23380.731973290898,55.00000000000001,0.855665599899427,1.6407269896058627
interpolation_fold1,interpolation,gpu_ready,2,model_regression,ridge,False,0.0,True,20,0.55,0.53125,0.050251890762960605,0.8181818181818182,0.5625,9,2,7,2,459.38406015893236,1.0,3049.8709946622394,5851.082347120962,55.00000000000001,2.7061956831590255,1.483902822609183
interpolation_fold1,interpolation,gpu_ready,3,model_regression,ridge,False,0.0,True,20,0.55,0.53125,0.050251890762960605,0.8181818181818182,0.5625,9,2,7,2,205.46684152372467,1.0,1361.4824870732455,2603.1042919766664,55.00000000000001,5.790056705056025,1.4723355339877344
interpolation_fold1,interpolation,gpu_ready,5,model_regression,ridge,False,0.0,True,20,0.65,0.6333333333333333,0.23570226039551584,0.8333333333333334,0.6666666666666666,10,2,5,3,51.883335269456765,1.0,97.75432918764803,939.007703149675,65.0,15.595222173379614,1.470029533727291
interpolation_fold1,interpolation,gpu_ready,10,model_regression,ridge,False,0.0,True,20,0.7,0.6666666666666666,0.30261376633440124,0.8461538461538461,0.7333333333333333,11,2,4,3,13.917553337063708,1.0,31.37159366500434,235.93534378102422,70.0,61.795752326214924,1.4840644886655778
interpolation_fold1,interpolation,gpu_ready,30,model_regression,ridge,False,0.0,True,20,0.75,0.7323232323232323,0.5044296328024895,0.7142857142857143,0.9090909090909091,10,4,1,5,4.151096850092043,1.0,26.86922295125791,29.24302072180847,75.0,563.5488267594764,1.5218015164674525
interpolation_fold1,interpolation,gpu_ready,100,model_regression,ridge,False,0.0,True,20,0.5,0.5353535353535354,0.09851341054817479,0.47058823529411764,0.8888888888888888,8,9,1,2,4.685791701122986,1.1056079107918662,22.751683966572845,33.610785054008836,50.0,6263.6580201936595,1.5288718553972322
interpolation_fold1,interpolation,gpu_ready,1000,model_regression,ridge,False,0.0,True,20,0.45,0.5769230769230769,0.24459979523511427,0.3888888888888889,1.0,7,11,0,2,13.30920221223649,2.9632027354190296,41.39468897482591,152.16491315968233,45.0,626361.0907293069,1.5313758604469152
interpolation_fold1,interpolation,none_ready,1,model_regression,ridge,False,0.0,True,20,1.0,1.0,,,,0,0,0,20,1.0,1.0,1.0,1.0,100.0,10.262041577135918,1.0
interpolation_fold1,interpolation,none_ready,2,model_regression,ridge,False,0.0,True,20,1.0,1.0,,,,0,0,0,20,1.0,1.0,1.0,1.0,100.0,36.39565571757142,1.0
interpolation_fold1,interpolation,none_ready,3,model_regression,ridge,False,0.0,True,20,1.0,1.0,,,,0,0,0,20,1.0,1.0,1.0,1.0,100.0,79.01752430745908,1.0
interpolation_fold1,interpolation,none_ready,5,model_regression,ridge,False,0.0,True,20,0.95,0.5,,,0.0,0,0,1,19,1.0196846102611086,1.0,1.0196846102611088,1.393692205222169,95.0,213.7260248355909,1.1543055929175463
interpolation_fold1,interpolation,none_ready,10,model_regression,ridge,False,0.0,True,20,0.9,0.6666666666666666,0.5461186812727502,1.0,0.3333333333333333,1,0,2,17,1.1733097353599928,1.0,1.3908458726842394,4.224487887950698,90.0,696.7471067592595,1.9359933210806755
interpolation_fold1,interpolation,none_ready,30,model_regression,ridge,False,0.0,True,20,0.95,0.8333333333333333,0.7934920476158722,1.0,0.6666666666666666,2,0,1,17,1.1324008572536857,1.0,1.1324008572536874,3.6480171450737116,95.0,2093.8264680142574,2.042515988188309
interpolation_fold1,interpolation,none_ready,100,model_regression,ridge,False,0.0,True,20,0.9,0.75,0.6666666666666666,1.0,0.5,2,0,2,16,1.3258150143904999,1.0,2.179652496206883,6.567591974680686,90.0,19883.914989977184,3.298998131615149
interpolation_fold1,interpolation,none_ready,1000,model_regression,ridge,False,0.0,True,20,0.85,0.75,0.641688947919748,1.0,0.5,3,0,3,14,1.8684054373695052,1.0,4.014023739854063,14.787423184645325,85.0,458754.2784158436,1.0752029180419331
interpolation_fold1,interpolation,cpu_ready,1,model_regression,elasticnet,False,0.0,True,20,1.0,1.0,,,,0,0,0,20,1.0,1.0,1.0,1.0,100.0,8.244127224726086,1.0
interpolation_fold1,interpolation,cpu_ready,2,model_regression,elasticnet,False,0.0,True,20,1.0,1.0,,,,0,0,0,20,1.0,1.0,1.0,1.0,100.0,32.97650889890434,1.0
interpolation_fold1,interpolation,cpu_ready,3,model_regression,elasticnet,False,0.0,True,20,1.0,1.0,,,,0,0,0,20,1.0,1.0,1.0,1.0,100.0,74.19714502253477,1.0
interpolation_fold1,interpolation,cpu_ready,5,model_regression,elasticnet,False,0.0,True,20,0.95,0.5,,,0.0,0,0,1,19,1.017599273521809,1.0,1.0175992735218091,1.351985470436177,95.0,206.10318061815204,1.1414706138377346
interpolation_fold1,interpolation,cpu_ready,10,model_regression,elasticnet,False,0.0,True,20,0.85,0.5,,,0.0,0,0,3,17,1.225788790513779,1.0,2.2618180748703463,4.160557625498627,85.0,824.4127224726082,2.303425505220624
interpolation_fold1,interpolation,cpu_ready,30,model_regression,elasticnet,False,0.0,True,20,0.85,0.5,,,0.0,0,0,3,17,2.208812445870509,1.0,7.236582372430824,16.845718707580417,85.0,7419.714502253472,7.272588582590446
interpolation_fold1,interpolation,cpu_ready,100,model_regression,elasticnet,False,0.0,True,20,0.8,0.5,,,0.0,0,0,4,16,3.8760636993992437,1.0,13.985681630206056,40.45234178777914,80.0,82441.27224726081,13.708456705973717
interpolation_fold1,interpolation,cpu_ready,1000,model_regression,elasticnet,False,0.0,True,20,0.8,0.6666666666666666,0.5091750772173156,1.0,0.3333333333333333,2,0,4,14,2.253397994946257,1.0,9.032433888492166,14.776914152795866,80.0,1887916.368430592,4.425538100796564
interpolation_fold1,interpolation,gpu_ready,1,model_regression,elasticnet,False,0.0,True,20,0.55,0.5277777777777778,0.0335012605086404,0.9090909090909091,0.5555555555555556,10,1,8,1,1829.178781971375,1.0,12145.751352564272,23380.731973290898,55.00000000000001,0.855665599899427,1.6407269896058627
interpolation_fold1,interpolation,gpu_ready,2,model_regression,elasticnet,False,0.0,True,20,0.55,0.53125,0.050251890762960605,0.8181818181818182,0.5625,9,2,7,2,459.38406015893236,1.0,3049.8709946622394,5851.082347120962,55.00000000000001,2.7061956831590255,1.483902822609183
interpolation_fold1,interpolation,gpu_ready,3,model_regression,elasticnet,False,0.0,True,20,0.55,0.53125,0.050251890762960605,0.8181818181818182,0.5625,9,2,7,2,205.46684152372467,1.0,1361.4824870732455,2603.1042919766664,55.00000000000001,5.790056705056025,1.4723355339877344
interpolation_fold1,interpolation,gpu_ready,5,model_regression,elasticnet,False,0.0,True,20,0.65,0.6333333333333333,0.23570226039551584,0.8333333333333334,0.6666666666666666,10,2,5,3,51.883335269456765,1.0,97.75432918764803,939.007703149675,65.0,15.595222173379614,1.470029533727291
interpolation_fold1,interpolation,gpu_ready,10,model_regression,elasticnet,False,0.0,True,20,0.7,0.6666666666666666,0.30261376633440124,0.8461538461538461,0.7333333333333333,11,2,4,3,13.917553337063708,1.0,31.37159366500434,235.93534378102422,70.0,61.795752326214924,1.4840644886655778
interpolation_fold1,interpolation,gpu_ready,30,model_regression,elasticnet,False,0.0,True,20,0.75,0.7323232323232323,0.5044296328024895,0.7142857142857143,0.9090909090909091,10,4,1,5,4.151096850092043,1.0,26.86922295125791,29.24302072180847,75.0,563.5488267594764,1.5218015164674525
interpolation_fold1,interpolation,gpu_ready,100,model_regression,elasticnet,False,0.0,True,20,0.5,0.5353535353535354,0.09851341054817479,0.47058823529411764,0.8888888888888888,8,9,1,2,4.685791701122986,1.1056079107918662,22.751683966572845,33.610785054008836,50.0,6263.6580201936595,1.5288718553972322
interpolation_fold1,interpolation,gpu_ready,1000,model_regression,elasticnet,False,0.0,True,20,0.45,0.5769230769230769,0.24459979523511427,0.3888888888888889,1.0,7,11,0,2,13.30920221223649,2.9632027354190296,41.39468897482591,152.16491315968233,45.0,626361.0907293069,1.5313758604469152
interpolation_fold1,interpolation,none_ready,1,model_regression,elasticnet,False,0.0,True,20,1.0,1.0,,,,0,0,0,20,1.0,1.0,1.0,1.0,100.0,10.262041577135918,1.0
interpolation_fold1,interpolation,none_ready,2,model_regression,elasticnet,False,0.0,True,20,1.0,1.0,,,,0,0,0,20,1.0,1.0,1.0,1.0,100.0,36.39565571757142,1.0
interpolation_fold1,interpolation,none_ready,3,model_regression,elasticnet,False,0.0,True,20,1.0,1.0,,,,0,0,0,20,1.0,1.0,1.0,1.0,100.0,79.01752430745908,1.0
interpolation_fold1,interpolation,none_ready,5,model_regression,elasticnet,False,0.0,True,20,0.95,0.5,,,0.0,0,0,1,19,1.0196846102611086,1.0,1.0196846102611088,1.393692205222169,95.0,213.7260248355909,1.1543055929175463
interpolation_fold1,interpolation,none_ready,10,model_regression,elasticnet,False,0.0,True,20,0.95,0.8333333333333333,0.7934920476158722,1.0,0.6666666666666666,2,0,1,17,1.012085340962458,1.0,1.0120853409624582,1.2417068192491605,95.0,392.5866975377185,1.0908480523346524
interpolation_fold1,interpolation,none_ready,30,model_regression,elasticnet,False,0.0,True,20,0.95,0.8333333333333333,0.7934920476158722,1.0,0.6666666666666666,2,0,1,17,1.1324008572536857,1.0,1.1324008572536874,3.6480171450737116,95.0,2093.8264680142574,2.042515988188309
interpolation_fold1,interpolation,none_ready,100,model_regression,elasticnet,False,0.0,True,20,0.9,0.75,0.6666666666666666,1.0,0.5,2,0,2,16,1.3258150143904999,1.0,2.179652496206883,6.567591974680686,90.0,19883.914989977184,3.298998131615149
interpolation_fold1,interpolation,none_ready,1000,model_regression,elasticnet,False,0.0,True,20,0.85,0.75,0.641688947919748,1.0,0.5,3,0,3,14,1.8684054373695052,1.0,4.014023739854063,14.787423184645325,85.0,458754.2784158436,1.0752029180419331
interpolation_fold1,interpolation,cpu_ready,1,model_regression,huber,False,0.0,True,20,1.0,1.0,,,,0,0,0,20,1.0,1.0,1.0,1.0,100.0,8.244127224726086,1.0
interpolation_fold1,interpolation,cpu_ready,2,model_regression,huber,False,0.0,True,20,1.0,1.0,,,,0,0,0,20,1.0,1.0,1.0,1.0,100.0,32.97650889890434,1.0
interpolation_fold1,interpolation,cpu_ready,3,model_regression,huber,False,0.0,True,20,1.0,1.0,,,,0,0,0,20,1.0,1.0,1.0,1.0,100.0,74.19714502253477,1.0
interpolation_fold1,interpolation,cpu_ready,5,model_regression,huber,False,0.0,True,20,0.95,0.5,,,0.0,0,0,1,19,1.017599273521809,1.0,1.0175992735218091,1.351985470436177,95.0,206.10318061815204,1.1414706138377346
interpolation_fold1,interpolation,cpu_ready,10,model_regression,huber,False,0.0,True,20,0.85,0.5,,,0.0,0,0,3,17,1.225788790513779,1.0,2.2618180748703463,4.160557625498627,85.0,824.4127224726082,2.303425505220624
interpolation_fold1,interpolation,cpu_ready,30,model_regression,huber,False,0.0,True,20,0.85,0.5,,,0.0,0,0,3,17,2.208812445870509,1.0,7.236582372430824,16.845718707580417,85.0,7419.714502253472,7.272588582590446
interpolation_fold1,interpolation,cpu_ready,100,model_regression,huber,False,0.0,True,20,0.85,0.625,0.4588314677411235,1.0,0.25,1,0,3,16,1.903446610010287,1.0,6.843876674092184,12.592699516649557,85.0,44165.620513857146,7.343924713956506
interpolation_fold1,interpolation,cpu_ready,1000,model_regression,huber,False,0.0,True,20,0.8,0.6666666666666666,0.5091750772173156,1.0,0.3333333333333333,2,0,4,14,2.253397994946257,1.0,9.032433888492166,14.776914152795866,80.0,1887916.368430592,4.425538100796564
interpolation_fold1,interpolation,gpu_ready,1,model_regression,huber,False,0.0,True,20,0.5,0.7222222222222222,0.2721655269759087,1.0,0.4444444444444444,8,0,10,2,1834.8559151507302,1.7746052336319844,12145.751352564272,23380.731973290898,50.0,0.8194528751776713,1.5712895892649636
interpolation_fold1,interpolation,gpu_ready,2,model_regression,huber,False,0.0,True,20,0.45,0.46875,-0.050251890762960605,0.7777777777777778,0.4375,7,2,9,2,461.00889066067464,1.968928591337277,3049.8709946622394,5851.082347120962,45.0,2.769880292286975,1.5188233465867442
interpolation_fold1,interpolation,gpu_ready,3,model_regression,huber,False,0.0,True,20,0.45,0.46875,-0.050251890762960605,0.7777777777777778,0.4375,7,2,9,2,206.27405711125556,1.6274277412731246,1361.4824870732455,2603.1042919766664,45.0,5.858378294740676,1.4897088188026142
interpolation_fold1,interpolation,gpu_ready,5,model_regression,huber,False,0.05,True,20,0.6,0.6,0.17407765595569785,0.8181818181818182,0.6,9,2,6,3,75.38633927265526,1.0,494.4574612182557,939.007703149675,60.0,15.657771564762228,1.4759255351838183
interpolation_fold1,interpolation,gpu_ready,10,model_regression,huber,False,0.0,True,20,0.65,0.6333333333333333,0.23570226039551584,0.8333333333333334,0.6666666666666666,10,2,5,3,14.574015007465775,1.0,31.37159366500434,235.93534378102422,65.0,61.84670669088008,1.4852881903003259
interpolation_fold1,interpolation,gpu_ready,30,model_regression,huber,False,0.0,True,20,0.75,0.7323232323232323,0.5044296328024895,0.7142857142857143,0.9090909090909091,10,4,1,5,4.151096850092043,1.0,26.86922295125791,29.24302072180847,75.0,563.5488267594764,1.5218015164674525
interpolation_fold1,interpolation,gpu_ready,100,model_regression,huber,False,0.0,True,20,0.55,0.5808080808080808,0.20100756305184242,0.5,0.8888888888888888,8,8,1,3,4.5805875807984116,1.0,22.751683966572845,33.610785054008836,55.00000000000001,6263.570104658496,1.5288503964371598
interpolation_fold1,interpolation,gpu_ready,1000,model_regression,huber,False,0.0,True,20,0.45,0.5769230769230769,0.24459979523511427,0.3888888888888889,1.0,7,11,0,2,13.30920221223649,2.9632027354190296,41.39468897482591,152.16491315968233,45.0,626361.0907293069,1.5313758604469152
interpolation_fold1,interpolation,none_ready,1,model_regression,huber,False,0.0,True,20,1.0,1.0,,,,0,0,0,20,1.0,1.0,1.0,1.0,100.0,10.262041577135918,1.0
interpolation_fold1,interpolation,none_ready,2,model_regression,huber,False,0.0,True,20,1.0,1.0,,,,0,0,0,20,1.0,1.0,1.0,1.0,100.0,36.39565571757142,1.0
interpolation_fold1,interpolation,none_ready,3,model_regression,huber,False,0.0,True,20,1.0,1.0,,,,0,0,0,20,1.0,1.0,1.0,1.0,100.0,79.01752430745908,1.0
interpolation_fold1,interpolation,none_ready,5,model_regression,huber,False,0.0,True,20,1.0,1.0,1.0,1.0,1.0,1,0,0,19,1.0,1.0,1.0,1.0,100.0,185.15549621083542,1.0
interpolation_fold1,interpolation,none_ready,10,model_regression,huber,False,0.0,True,20,0.95,0.8333333333333333,0.7934920476158722,1.0,0.6666666666666666,2,0,1,17,1.012085340962458,1.0,1.0120853409624582,1.2417068192491605,95.0,392.5866975377185,1.0908480523346524
interpolation_fold1,interpolation,none_ready,30,model_regression,huber,False,0.0,True,20,0.95,0.8333333333333333,0.7934920476158722,1.0,0.6666666666666666,2,0,1,17,1.1324008572536857,1.0,1.1324008572536874,3.6480171450737116,95.0,2093.8264680142574,2.042515988188309
interpolation_fold1,interpolation,none_ready,100,model_regression,huber,False,0.0,True,20,0.95,0.875,0.8401680504168059,1.0,0.75,3,0,1,16,1.0474354156564654,1.0,1.0474354156564663,1.948708313129311,95.0,6144.671107771505,1.0194802439130246
interpolation_fold1,interpolation,none_ready,1000,model_regression,huber,False,0.0,True,20,0.95,0.9166666666666667,0.8819171036881969,1.0,0.8333333333333334,5,0,1,14,1.0566841423150393,1.0,1.0566841423150402,2.133682846300787,95.0,429272.60999814654,1.0061054133365517
interpolation_fold1,interpolation,cpu_ready,1,model_regression,tree,False,0.0,True,20,1.0,1.0,,,,0,0,0,20,1.0,1.0,1.0,1.0,100.0,8.244127224726086,1.0
interpolation_fold1,interpolation,cpu_ready,2,model_regression,tree,False,0.0,True,20,1.0,1.0,,,,0,0,0,20,1.0,1.0,1.0,1.0,100.0,32.97650889890434,1.0
interpolation_fold1,interpolation,cpu_ready,3,model_regression,tree,False,0.0,True,20,1.0,1.0,,,,0,0,0,20,1.0,1.0,1.0,1.0,100.0,74.19714502253477,1.0
interpolation_fold1,interpolation,cpu_ready,5,model_regression,tree,False,0.0,True,20,0.95,0.5,,,0.0,0,0,1,19,1.017599273521809,1.0,1.0175992735218091,1.351985470436177,95.0,206.10318061815204,1.1414706138377346
interpolation_fold1,interpolation,cpu_ready,10,model_regression,tree,False,0.0,True,20,0.85,0.5,,,0.0,0,0,3,17,1.225788790513779,1.0,2.2618180748703463,4.160557625498627,85.0,824.4127224726082,2.303425505220624
interpolation_fold1,interpolation,cpu_ready,30,model_regression,tree,False,0.0,True,20,0.85,0.5,,,0.0,0,0,3,17,2.208812445870509,1.0,7.236582372430824,16.845718707580417,85.0,7419.714502253472,7.272588582590446
interpolation_fold1,interpolation,cpu_ready,100,model_regression,tree,False,0.0,True,20,0.8,0.5,,,0.0,0,0,4,16,3.8760636993992437,1.0,13.985681630206056,40.45234178777914,80.0,82441.27224726081,13.708456705973717
interpolation_fold1,interpolation,cpu_ready,1000,model_regression,tree,False,0.0,True,20,0.7,0.5,,,0.0,0,0,6,14,6.270094135256621,1.0,19.532774909942958,65.20494639550444,70.0,8244127.224726083,19.3253788943887
interpolation_fold1,interpolation,gpu_ready,1,model_regression,tree,False,0.0,True,20,0.9,0.9444444444444444,0.6666666666666666,1.0,0.8888888888888888,16,0,2,2,11.67187910508672,1.0,13.06616852562444,212.88837163447042,90.0,0.5833718452501997,1.1186074695426331
interpolation_fold1,interpolation,gpu_ready,2,model_regression,tree,False,0.0,True,20,0.9,0.84375,0.6875,0.9375,0.9375,15,1,1,3,3.6557752329399498,1.0,4.016075239351526,53.715171318341724,90.0,1.93517934179703,1.0611272885468008
interpolation_fold1,interpolation,gpu_ready,3,model_regression,tree,False,0.0,True,20,0.9,0.84375,0.6875,0.9375,0.9375,15,1,1,3,2.194231881278923,1.0,2.9062254962543532,24.093533608939104,90.0,4.166968934522873,1.059605586584954
interpolation_fold1,interpolation,gpu_ready,5,model_regression,tree,False,0.0,True,20,0.85,0.7666666666666666,0.5773502691896257,0.875,0.9333333333333333,14,2,1,3,1.4647652386553873,1.0,2.565979536213363,8.833217903967512,85.0,11.2704944085116,1.0623740691877515
interpolation_fold1,interpolation,gpu_ready,10,model_regression,tree,False,0.0,True,20,0.85,0.7666666666666666,0.5773502691896257,0.875,0.9333333333333333,14,2,1,3,1.2104240411193814,1.0,2.3285788808048826,2.6899142766254958,85.0,44.42899477661614,1.0669907062060864
interpolation_fold1,interpolation,gpu_ready,30,model_regression,tree,False,0.0,True,20,0.75,0.7222222222222222,0.5527707983925666,0.6875,1.0,11,5,0,4,1.3816857872310297,1.0,3.106757229979879,3.713404834602604,75.0,397.05852029378747,1.0722127872822298
interpolation_fold1,interpolation,gpu_ready,100,model_regression,tree,False,0.0,True,20,0.65,0.6818181818181819,0.45226701686664544,0.5625,1.0,9,7,0,4,1.8371303859047738,1.0,4.686720789960184,5.844859430310296,65.0,4403.205462567777,1.0747612471095744
interpolation_fold1,interpolation,gpu_ready,1000,model_regression,tree,False,0.0,True,20,0.55,0.6538461538461539,0.36689969285267143,0.4375,1.0,7,9,0,4,4.116202921220576,1.0,17.409289700476165,18.921876151794734,55.00000000000001,440022.99398822954,1.075802122782823
interpolation_fold1,interpolation,none_ready,1,model_regression,tree,False,0.0,True,20,1.0,1.0,,,,0,0,0,20,1.0,1.0,1.0,1.0,100.0,10.262041577135918,1.0
interpolation_fold1,interpolation,none_ready,2,model_regression,tree,False,0.0,True,20,1.0,1.0,,,,0,0,0,20,1.0,1.0,1.0,1.0,100.0,36.39565571757142,1.0
interpolation_fold1,interpolation,none_ready,3,model_regression,tree,False,0.0,True,20,1.0,1.0,,,,0,0,0,20,1.0,1.0,1.0,1.0,100.0,79.01752430745908,1.0
interpolation_fold1,interpolation,none_ready,5,model_regression,tree,False,0.0,True,20,0.95,0.5,,,0.0,0,0,1,19,1.0196846102611086,1.0,1.0196846102611088,1.393692205222169,95.0,213.7260248355909,1.1543055929175463
interpolation_fold1,interpolation,none_ready,10,model_regression,tree,False,0.0,True,20,0.85,0.5,,,0.0,0,0,3,17,1.2314330364526822,1.0,2.2655671151586327,4.224487887950698,85.0,839.0417290213335,2.331375570468698
interpolation_fold1,interpolation,none_ready,30,model_regression,tree,False,0.0,True,20,0.85,0.5,,,0.0,0,0,3,17,2.215562105402205,1.0,7.241459503452521,16.931782457077063,85.0,7462.368158127345,7.27949832785219
interpolation_fold1,interpolation,none_ready,100,model_regression,tree,False,0.0,True,20,0.8,0.5,,,0.0,0,0,4,16,3.881181308753122,1.0,13.989101139778056,40.51428717012421,80.0,82582.0121757727,13.701421677281383
interpolation_fold1,interpolation,none_ready,1000,model_regression,tree,False,0.0,True,20,0.7,0.5,,,0.0,0,0,6,14,6.272282848355347,1.0,19.533317823390117,65.21492791278739,70.0,8245529.073874226,19.32541523458625
interpolation_fold1,interpolation,cpu_ready,1,model_regression,random_forest,False,0.0,True,20,1.0,1.0,,,,0,0,0,20,1.0,1.0,1.0,1.0,100.0,8.244127224726086,1.0
interpolation_fold1,interpolation,cpu_ready,2,model_regression,random_forest,False,0.0,True,20,1.0,1.0,,,,0,0,0,20,1.0,1.0,1.0,1.0,100.0,32.97650889890434,1.0
interpolation_fold1,interpolation,cpu_ready,3,model_regression,random_forest,False,0.0,True,20,1.0,1.0,,,,0,0,0,20,1.0,1.0,1.0,1.0,100.0,74.19714502253477,1.0
interpolation_fold1,interpolation,cpu_ready,5,model_regression,random_forest,False,0.0,True,20,0.95,0.5,,,0.0,0,0,1,19,1.017599273521809,1.0,1.0175992735218091,1.351985470436177,95.0,206.10318061815204,1.1414706138377346
interpolation_fold1,interpolation,cpu_ready,10,model_regression,random_forest,False,0.0,True,20,0.9,0.6666666666666666,0.5461186812727502,1.0,0.3333333333333333,1,0,2,17,1.1676945697982308,1.0,1.341694963217623,4.160557625498627,90.0,682.1892933671987,1.906050422193297
interpolation_fold1,interpolation,cpu_ready,30,model_regression,random_forest,False,0.0,True,20,0.95,0.9705882352941176,0.8401680504168059,0.75,1.0,3,1,0,16,1.9344376740626061,1.0,1.9344376740626195,19.688753481252125,95.0,1102.6663167988088,1.0808014868392202
interpolation_fold1,interpolation,cpu_ready,100,model_regression,random_forest,False,0.0,True,20,0.9,0.84375,0.6875,0.75,0.75,3,1,1,15,1.146502460013862,1.0,1.9879355294947094,2.9951235675207455,90.0,6227.3888388044,1.0354994283928032
interpolation_fold1,interpolation,cpu_ready,1000,model_regression,random_forest,False,0.0,True,20,0.9,0.8333333333333333,0.7637626158259734,1.0,0.6666666666666666,4,0,2,14,1.8102456528226192,1.0,3.9954446661134893,14.776914152795866,90.0,456005.0902600598,1.0689392469120191
interpolation_fold1,interpolation,gpu_ready,1,model_regression,random_forest,False,0.0,True,20,1.0,1.0,1.0,1.0,1.0,18,0,0,2,1.0,1.0,1.0,1.0,100.0,0.5215161360300266,1.0
interpolation_fold1,interpolation,gpu_ready,2,model_regression,random_forest,False,0.0,True,20,0.9,0.75,0.6666666666666666,0.8888888888888888,1.0,16,2,0,2,1.0375073569151894,1.0,1.3523397749770603,1.4003333404572658,90.0,1.8737504082449385,1.027443631280223
interpolation_fold1,interpolation,gpu_ready,3,model_regression,random_forest,False,0.0,True,20,0.9,0.75,0.6666666666666666,0.8888888888888888,1.0,16,2,0,2,1.1215955510029454,1.0,1.8335891659783605,2.6408070034195616,90.0,4.106644175459501,1.0442657909883595
interpolation_fold1,interpolation,gpu_ready,5,model_regression,random_forest,False,0.0,True,20,0.9,0.8,0.7276068751089989,0.8823529411764706,1.0,15,2,0,3,1.0731043434570116,1.0,1.2764701289321858,2.236124885278929,90.0,11.213396820517577,1.0569919630707203
interpolation_fold1,interpolation,gpu_ready,10,model_regression,random_forest,False,0.0,True,20,0.8,0.7333333333333334,0.4666666666666667,0.8666666666666667,0.8666666666666667,13,2,2,3,1.2380358158308842,1.0,2.3285788808048826,2.6899142766254958,80.0,44.42910775565924,1.0669934194700164
interpolation_fold1,interpolation,gpu_ready,30,model_regression,random_forest,False,0.0,True,20,0.85,0.8333333333333333,0.723746864455746,0.7857142857142857,1.0,11,3,0,6,1.1704643237847279,1.0,2.0306181320523855,3.074828408683946,85.0,397.003718545367,1.07206480119852
interpolation_fold1,interpolation,gpu_ready,100,model_regression,random_forest,False,0.0,True,20,0.85,0.8535353535353536,0.7035264706814485,0.8,0.8888888888888888,8,2,1,9,1.1594013484769108,1.0,1.821401662673221,3.2295210309817106,85.0,4399.7272448289605,1.073912262508136
interpolation_fold1,interpolation,gpu_ready,1000,model_regression,random_forest,False,0.0,True,20,0.8,0.8131868131868132,0.6005325641789633,0.6666666666666666,0.8571428571428571,6,3,1,10,1.55878203031264,1.0,3.5050790124539963,7.546682933649046,80.0,439599.0653358138,1.0747656693465066
interpolation_fold1,interpolation,none_ready,1,model_regression,random_forest,False,0.0,True,20,1.0,1.0,,,,0,0,0,20,1.0,1.0,1.0,1.0,100.0,10.262041577135918,1.0
interpolation_fold1,interpolation,none_ready,2,model_regression,random_forest,False,0.0,True,20,1.0,1.0,,,,0,0,0,20,1.0,1.0,1.0,1.0,100.0,36.39565571757142,1.0
interpolation_fold1,interpolation,none_ready,3,model_regression,random_forest,False,0.0,True,20,1.0,1.0,,,,0,0,0,20,1.0,1.0,1.0,1.0,100.0,79.01752430745908,1.0
interpolation_fold1,interpolation,none_ready,5,model_regression,random_forest,False,0.0,True,20,0.95,0.5,,,0.0,0,0,1,19,1.0196846102611086,1.0,1.0196846102611088,1.393692205222169,95.0,213.7260248355909,1.1543055929175463
interpolation_fold1,interpolation,none_ready,10,model_regression,random_forest,False,0.0,True,20,0.9,0.6666666666666666,0.5461186812727502,1.0,0.3333333333333333,1,0,2,17,1.1733097353599928,1.0,1.3908458726842394,4.224487887950698,90.0,696.7471067592595,1.9359933210806755
interpolation_fold1,interpolation,none_ready,30,model_regression,random_forest,False,0.0,True,20,0.95,0.9705882352941176,0.8401680504168059,0.75,1.0,3,1,0,16,1.923359456128546,1.0,1.9233594561285592,19.46718912257092,95.0,1107.5071268837278,1.0803669970978267
interpolation_fold1,interpolation,none_ready,100,model_regression,random_forest,False,0.0,True,20,0.9,0.84375,0.6875,0.75,0.75,3,1,1,15,1.146681728574705,1.0,2.0005192103910856,2.9849262583647906,90.0,6242.286925649319,1.035675967992378
interpolation_fold1,interpolation,none_ready,1000,model_regression,random_forest,False,0.0,True,20,0.9,0.8333333333333333,0.7637626158259734,1.0,0.6666666666666666,4,0,2,14,1.8117212950544659,1.0,4.014023739854063,14.787423184645325,90.0,456149.29619096196,1.0690975047053817
interpolation_fold1,interpolation,cpu_ready,1,model_classification,logistic,False,0.0,False,20,0.9,0.9,,0.0,,0,2,0,18,2.7077034424515007,1.0,14.92581452812653,21.578389864946658,90.0,115.97979631250543,14.068171578509197
interpolation_fold1,interpolation,cpu_ready,2,model_classification,logistic,False,0.0,False,20,0.9,0.9,,0.0,,0,2,0,18,1.3922717039937191,1.0,3.9823140237638324,5.967609280129816,90.0,130.73688666923624,3.9645460066750737
interpolation_fold1,interpolation,cpu_ready,3,model_classification,logistic,False,0.0,False,20,0.9,0.9,,0.0,,0,2,0,18,1.1375041114295539,1.0,1.885082105112547,2.919440013387752,90.0,149.25135776415593,2.0115512223391625
interpolation_fold1,interpolation,cpu_ready,5,model_classification,logistic,False,0.0,False,20,0.95,0.9736842105263157,0.6882472016116853,0.5,1.0,1,1,0,18,1.0128428667072489,1.0,1.012842866707249,1.2568573341449794,95.0,197.55244216856212,1.094113670400251
interpolation_fold1,interpolation,cpu_ready,10,model_classification,logistic,False,0.0,False,20,0.95,0.8333333333333333,0.7934920476158722,1.0,0.6666666666666666,2,0,1,17,1.0096666885232994,1.0,1.0096666885232997,1.193333770465989,95.0,384.05931609788337,1.0730693499782176
interpolation_fold1,interpolation,cpu_ready,30,model_classification,logistic,False,0.0,False,20,0.95,0.8333333333333333,0.7934920476158722,1.0,0.6666666666666666,2,0,1,17,1.1299845927519194,1.0,1.1299845927519214,3.5996918550383903,95.0,2069.4319963623934,2.0283971175200284
interpolation_fold1,interpolation,cpu_ready,100,model_classification,logistic,False,0.0,False,20,0.9,0.75,0.6666666666666666,1.0,0.5,2,0,2,16,1.3238116341778092,1.0,2.165244703658659,6.541307050799686,90.0,19803.985702583213,3.293036038979914
interpolation_fold1,interpolation,cpu_ready,1000,model_classification,logistic,False,0.0,False,20,0.85,0.75,0.641688947919748,1.0,0.5,3,0,3,14,1.866893353848764,1.0,3.9954446661134893,14.776914152795866,85.0,458608.39778535283,1.0750417612150507
interpolation_fold1,interpolation,gpu_ready,1,model_classification,logistic,False,0.0,False,20,0.85,0.6944444444444444,0.32673201960653564,0.9411764705882353,0.8888888888888888,16,1,2,1,5.599370581152726,1.0,6.93942681676444,90.35353745727215,85.0,0.6164073966545172,1.1819526838552645
interpolation_fold1,interpolation,gpu_ready,2,model_classification,logistic,False,0.0,False,20,0.85,0.71875,0.4900980294098034,0.8823529411764706,0.9375,15,2,1,2,2.3988503105775236,1.0,6.3297715790447,24.186741831659848,85.0,2.466425153682366,1.352428159604185
interpolation_fold1,interpolation,gpu_ready,3,model_classification,logistic,False,0.0,False,20,0.85,0.71875,0.4900980294098034,0.8823529411764706,0.9375,15,2,1,2,1.9380433392022733,1.0,8.636876178486736,11.482664945054529,85.0,5.550595009573953,1.4114435632788236
interpolation_fold1,interpolation,gpu_ready,5,model_classification,logistic,False,0.0,False,20,0.8,0.6666666666666667,0.40422604172722165,0.8235294117647058,0.9333333333333333,14,3,1,2,1.8777568312558217,1.0,5.122008596298066,13.407098524310372,80.0,15.421391017948341,1.453643942709415
interpolation_fold1,interpolation,gpu_ready,10,model_classification,logistic,False,0.0,False,20,0.8,0.6666666666666667,0.40422604172722165,0.8235294117647058,0.9333333333333333,14,3,1,2,2.152811779461377,1.0,3.5856725878443902,20.605080501003133,80.0,61.696042768999725,1.4816698999200197
interpolation_fold1,interpolation,gpu_ready,30,model_classification,logistic,False,0.0,False,20,0.7,0.6666666666666666,0.464420364012824,0.6470588235294118,1.0,11,6,0,3,2.8327233956763496,1.0,4.989885628962916,29.24302072180847,70.0,555.3326744891397,1.499614702493546
interpolation_fold1,interpolation,gpu_ready,100,model_classification,logistic,False,0.0,False,20,0.6,0.6363636363636364,0.3799802978286742,0.5294117647058824,1.0,9,8,0,3,4.2844342836093015,1.0,22.751683966572845,33.610785054008836,60.0,6170.639996930404,1.5061674489061065
interpolation_fold1,interpolation,gpu_ready,1000,model_classification,logistic,False,0.0,False,20,0.45,0.5769230769230769,0.24459979523511427,0.3888888888888889,1.0,7,11,0,2,13.402682437985836,2.9632027354190296,41.39468897482591,152.16491315968233,45.0,617076.6645494737,1.5086765798876083
interpolation_fold1,interpolation,none_ready,1,model_classification,logistic,False,0.0,False,20,0.9,0.9,,0.0,,0,2,0,18,2.604908374998923,1.0,13.02416815079232,21.52121219354136,90.0,117.36698715692768,11.4370017188806
interpolation_fold1,interpolation,none_ready,2,model_classification,logistic,False,0.0,False,20,0.9,0.9,,0.0,,0,2,0,18,1.377844156709152,1.0,3.715365618277626,5.959637065773626,90.0,132.91743202425997,3.6520136649190493
interpolation_fold1,interpolation,none_ready,3,model_classification,logistic,False,0.0,False,20,0.9,0.9,,0.0,,0,2,0,18,1.1328763172587872,1.0,1.7995005509987463,2.9168327521313437,90.0,152.22525762978108,1.9264746518439246
interpolation_fold1,interpolation,none_ready,5,model_classification,logistic,False,0.0,False,20,0.95,0.9736842105263157,0.6882472016116853,0.5,1.0,1,1,0,18,1.0128091186013666,1.0,1.0128091186013668,1.2561823720273328,95.0,202.11305105539012,1.0915854791868842
interpolation_fold1,interpolation,none_ready,10,model_classification,logistic,False,0.0,False,20,0.95,0.8333333333333333,0.7934920476158722,1.0,0.6666666666666666,2,0,1,17,1.012085340962458,1.0,1.0120853409624582,1.2417068192491605,95.0,392.5866975377185,1.0908480523346524
interpolation_fold1,interpolation,none_ready,30,model_classification,logistic,False,0.0,False,20,0.95,0.8333333333333333,0.7934920476158722,1.0,0.6666666666666666,2,0,1,17,1.1324008572536857,1.0,1.1324008572536874,3.6480171450737116,95.0,2093.8264680142574,2.042515988188309
interpolation_fold1,interpolation,none_ready,100,model_classification,logistic,False,0.0,False,20,0.9,0.75,0.6666666666666666,1.0,0.5,2,0,2,16,1.3258150143904999,1.0,2.179652496206883,6.567591974680686,90.0,19883.914989977184,3.298998131615149
interpolation_fold1,interpolation,none_ready,1000,model_classification,logistic,False,0.0,False,20,0.85,0.75,0.641688947919748,1.0,0.5,3,0,3,14,1.8684054373695052,1.0,4.014023739854063,14.787423184645325,85.0,458754.2784158436,1.0752029180419331
interpolation_fold1,interpolation,cpu_ready,1,model_regression,ridge,True,0.0,True,20,0.95,0.95,,0.0,,0,1,0,19,2.028919493247333,1.0,2.0289194932473475,21.578389864946658,95.0,62.70092261723136,7.605525837735313
interpolation_fold1,interpolation,cpu_ready,2,model_regression,ridge,True,0.0,True,20,0.95,0.95,,0.0,,0,1,0,19,1.2483804640064906,1.0,1.2483804640064944,5.967609280129816,95.0,85.55984198440395,2.594569432643815
interpolation_fold1,interpolation,cpu_ready,3,model_regression,ridge,True,0.0,True,20,0.95,0.95,,0.0,,0,1,0,19,1.0959720006693876,1.0,1.095972000669389,2.919440013387752,95.0,119.9120418083936,1.6161274368707117
interpolation_fold1,interpolation,cpu_ready,5,model_regression,ridge,True,0.0,True,20,0.9,0.47368421052631576,-0.05263157894736842,0.0,0.0,0,1,1,18,1.030442140229058,1.0,1.2616137409595394,1.351985470436177,90.0,223.096282826824,1.2355842842379856
interpolation_fold1,interpolation,cpu_ready,10,model_regression,ridge,True,0.0,True,20,0.95,0.8333333333333333,0.7934920476158722,1.0,0.6666666666666666,2,0,1,17,1.0096666885232994,1.0,1.0096666885232997,1.193333770465989,95.0,384.05931609788337,1.0730693499782176
interpolation_fold1,interpolation,cpu_ready,30,model_regression,ridge,True,0.05,True,20,0.95,0.8333333333333333,0.7934920476158722,1.0,0.6666666666666666,2,0,1,17,1.1299845927519194,1.0,1.1299845927519214,3.5996918550383903,95.0,2069.4319963623934,2.0283971175200284
interpolation_fold1,interpolation,cpu_ready,100,model_regression,ridge,True,0.0,True,20,0.95,0.875,0.8401680504168059,1.0,0.75,3,0,1,16,1.0467462816378248,1.0,1.0467462816378255,1.934925632756496,95.0,6129.605585766345,1.0192398844252974
interpolation_fold1,interpolation,cpu_ready,1000,model_regression,ridge,True,0.0,True,20,0.85,0.75,0.641688947919748,1.0,0.5,3,0,3,14,1.866893353848764,1.0,3.9954446661134893,14.776914152795866,85.0,458608.39778535283,1.0750417612150507
interpolation_fold1,interpolation,gpu_ready,1,model_regression,ridge,True,0.0,True,20,0.7,0.8333333333333333,0.408248290463863,1.0,0.6666666666666666,12,0,6,2,1187.6191494149032,1.0,1371.280551717308,23380.731973290898,70.0,0.6499907260975801,1.246348255004245
interpolation_fold1,interpolation,gpu_ready,2,model_regression,ridge,True,0.0,True,20,0.75,0.75,0.4193139346887673,0.9230769230769231,0.75,12,1,4,3,5.483950276589331,1.0,25.66316330599396,53.715171318341724,75.0,1.936485437549798,1.0618434670501482
interpolation_fold1,interpolation,gpu_ready,3,model_regression,ridge,True,0.0,True,20,0.75,0.75,0.4193139346887673,0.9230769230769231,0.75,12,1,4,3,3.0186781833996768,1.0,12.113208378248766,24.093533608939104,75.0,4.168149693738994,1.0599058381782518
interpolation_fold1,interpolation,gpu_ready,5,model_regression,ridge,True,0.0,True,20,0.8,0.8,0.5447047794019222,0.9230769230769231,0.8,12,1,3,4,1.7387033946962505,1.0,4.893314565280919,8.833217903967512,80.0,11.270961296529169,1.0624180787675535
interpolation_fold1,interpolation,gpu_ready,10,model_regression,ridge,True,0.0,True,20,0.85,0.8333333333333334,0.629940788348712,0.9285714285714286,0.8666666666666667,13,1,2,4,1.12505406154268,1.0,1.6091194333498289,2.6899142766254958,85.0,44.38679258600842,1.0659771936252507
interpolation_fold1,interpolation,gpu_ready,30,model_regression,ridge,True,0.05,True,20,0.8,0.7777777777777778,0.6382847385042254,0.7333333333333333,1.0,11,4,0,5,1.371789374763916,1.0,3.309988329080418,3.713404834602604,80.0,397.23426757094813,1.0726873734408702
interpolation_fold1,interpolation,gpu_ready,100,model_regression,ridge,True,0.05,True,20,0.55,0.5909090909090909,0.30151134457776363,0.5,1.0,9,9,0,2,4.526677255124816,1.0,22.751683966572845,33.610785054008836,55.00000000000001,6170.656955166809,1.5061715881758868
interpolation_fold1,interpolation,gpu_ready,1000,model_regression,ridge,True,0.0,True,20,0.4,0.5384615384615384,0.16834512458535864,0.3684210526315789,1.0,7,12,0,1,13.72231153771961,3.3726851385586953,41.39468897482591,152.16491315968233,40.0,626362.915696441,1.5313803222671918
interpolation_fold1,interpolation,none_ready,1,model_regression,ridge,True,0.0,True,20,1.0,1.0,,,,0,0,0,20,1.0,1.0,1.0,1.0,100.0,10.262041577135918,1.0
interpolation_fold1,interpolation,none_ready,2,model_regression,ridge,True,0.0,True,20,1.0,1.0,,,,0,0,0,20,1.0,1.0,1.0,1.0,100.0,36.39565571757142,1.0
interpolation_fold1,interpolation,none_ready,3,model_regression,ridge,True,0.0,True,20,1.0,1.0,,,,0,0,0,20,1.0,1.0,1.0,1.0,100.0,79.01752430745908,1.0
interpolation_fold1,interpolation,none_ready,5,model_regression,ridge,True,0.0,True,20,0.95,0.5,,,0.0,0,0,1,19,1.0196846102611086,1.0,1.0196846102611088,1.393692205222169,95.0,213.7260248355909,1.1543055929175463
interpolation_fold1,interpolation,none_ready,10,model_regression,ridge,True,0.0,True,20,0.85,0.5,,,0.0,0,0,3,17,1.2314330364526822,1.0,2.2655671151586327,4.224487887950698,85.0,839.0417290213335,2.331375570468698
interpolation_fold1,interpolation,none_ready,30,model_regression,ridge,True,0.0,True,20,0.85,0.5,,,0.0,0,0,3,17,2.215562105402205,1.0,7.241459503452521,16.931782457077063,85.0,7462.368158127345,7.27949832785219
interpolation_fold1,interpolation,none_ready,100,model_regression,ridge,True,0.0,True,20,0.8,0.5,,,0.0,0,0,4,16,3.881181308753122,1.0,13.989101139778056,40.51428717012421,80.0,82582.0121757727,13.701421677281383
interpolation_fold1,interpolation,none_ready,1000,model_regression,ridge,True,0.0,True,20,0.85,0.75,0.641688947919748,1.0,0.5,3,0,3,14,1.8684054373695052,1.0,4.014023739854063,14.787423184645325,85.0,458754.2784158436,1.0752029180419331
interpolation_fold1,interpolation,cpu_ready,1,model_regression,elasticnet,True,0.0,True,20,1.0,1.0,,,,0,0,0,20,1.0,1.0,1.0,1.0,100.0,8.244127224726086,1.0
interpolation_fold1,interpolation,cpu_ready,2,model_regression,elasticnet,True,0.0,True,20,1.0,1.0,,,,0,0,0,20,1.0,1.0,1.0,1.0,100.0,32.97650889890434,1.0
interpolation_fold1,interpolation,cpu_ready,3,model_regression,elasticnet,True,0.0,True,20,1.0,1.0,,,,0,0,0,20,1.0,1.0,1.0,1.0,100.0,74.19714502253477,1.0
interpolation_fold1,interpolation,cpu_ready,5,model_regression,elasticnet,True,0.0,True,20,0.95,0.5,,,0.0,0,0,1,19,1.017599273521809,1.0,1.0175992735218091,1.351985470436177,95.0,206.10318061815204,1.1414706138377346
interpolation_fold1,interpolation,cpu_ready,10,model_regression,elasticnet,True,0.0,True,20,0.85,0.5,,,0.0,0,0,3,17,1.225788790513779,1.0,2.2618180748703463,4.160557625498627,85.0,824.4127224726082,2.303425505220624
interpolation_fold1,interpolation,cpu_ready,30,model_regression,elasticnet,True,0.0,True,20,0.85,0.5,,,0.0,0,0,3,17,2.208812445870509,1.0,7.236582372430824,16.845718707580417,85.0,7419.714502253472,7.272588582590446
interpolation_fold1,interpolation,cpu_ready,100,model_regression,elasticnet,True,0.0,True,20,0.8,0.5,,,0.0,0,0,4,16,3.8760636993992437,1.0,13.985681630206056,40.45234178777914,80.0,82441.27224726081,13.708456705973717
interpolation_fold1,interpolation,cpu_ready,1000,model_regression,elasticnet,True,0.0,True,20,0.75,0.5833333333333334,0.35043832202523123,1.0,0.16666666666666666,1,0,5,14,5.463645314721479,1.0,17.29831576493133,65.20494639550444,75.0,5752310.562374186,13.484214654361892
interpolation_fold1,interpolation,gpu_ready,1,model_regression,elasticnet,True,0.0,True,20,0.45,0.4722222222222222,-0.0335012605086404,0.8888888888888888,0.4444444444444444,8,1,10,1,1888.8620011534335,2.3169370828911813,12145.751352564272,23380.731973290898,45.0,1.0137246501657278,1.9438030391208492
interpolation_fold1,interpolation,gpu_ready,2,model_regression,elasticnet,True,0.0,True,20,0.55,0.53125,0.050251890762960605,0.8181818181818182,0.5625,9,2,7,2,460.7411253401098,1.0,3049.8709946622394,5851.082347120962,55.00000000000001,2.7677189664430766,1.5176382151713415
interpolation_fold1,interpolation,gpu_ready,3,model_regression,elasticnet,True,0.1,True,20,0.55,0.4375,-0.10482848367219183,0.7692307692307693,0.625,10,3,6,1,205.89571661393802,1.0,1361.4824870732455,2603.1042919766664,55.00000000000001,5.876740822430757,1.4943781689297608
interpolation_fold1,interpolation,gpu_ready,5,model_regression,elasticnet,True,0.0,True,20,0.5,0.4,-0.18156825980064073,0.6923076923076923,0.6,9,4,6,1,75.78912002963574,1.112980991930652,494.4574612182557,939.007703149675,50.0,15.896214757341834,1.4984015558080428
interpolation_fold1,interpolation,gpu_ready,10,model_regression,elasticnet,True,0.05,True,20,0.55,0.43333333333333335,-0.12598815766974242,0.7142857142857143,0.6666666666666666,10,4,5,1,20.900491955597342,1.0,126.3387302864669,235.93534378102422,55.00000000000001,62.81728387223267,1.5085972216517165
interpolation_fold1,interpolation,gpu_ready,30,model_regression,elasticnet,True,0.0,True,20,0.55,0.5303030303030303,0.0657951694959769,0.5714285714285714,0.7272727272727273,8,6,3,3,5.13175766381634,1.0,26.86922295125791,29.24302072180847,55.00000000000001,563.8831877611244,1.5227044215134653
interpolation_fold1,interpolation,gpu_ready,100,model_regression,elasticnet,True,0.0,True,20,0.45,0.4797979797979798,-0.050251890762960605,0.4375,0.7777777777777778,7,9,2,2,4.861181726841955,1.4891196560721522,22.751683966572845,33.610785054008836,45.0,6263.627889039938,1.5288645008014439
interpolation_fold1,interpolation,gpu_ready,1000,model_regression,elasticnet,True,0.0,True,20,0.35,0.5,,0.35,1.0,7,13,0,0,16.871563035512633,3.633478898697392,68.39402411605161,152.16491315968233,35.0,626411.3138526366,1.531498649808901
interpolation_fold1,interpolation,none_ready,1,model_regression,elasticnet,True,0.0,True,20,1.0,1.0,,,,0,0,0,20,1.0,1.0,1.0,1.0,100.0,10.262041577135918,1.0
interpolation_fold1,interpolation,none_ready,2,model_regression,elasticnet,True,0.0,True,20,1.0,1.0,,,,0,0,0,20,1.0,1.0,1.0,1.0,100.0,36.39565571757142,1.0
interpolation_fold1,interpolation,none_ready,3,model_regression,elasticnet,True,0.0,True,20,1.0,1.0,,,,0,0,0,20,1.0,1.0,1.0,1.0,100.0,79.01752430745908,1.0
interpolation_fold1,interpolation,none_ready,5,model_regression,elasticnet,True,0.0,True,20,0.95,0.5,,,0.0,0,0,1,19,1.0196846102611086,1.0,1.0196846102611088,1.393692205222169,95.0,213.7260248355909,1.1543055929175463
interpolation_fold1,interpolation,none_ready,10,model_regression,elasticnet,True,0.0,True,20,0.85,0.5,,,0.0,0,0,3,17,1.2314330364526822,1.0,2.2655671151586327,4.224487887950698,85.0,839.0417290213335,2.331375570468698
interpolation_fold1,interpolation,none_ready,30,model_regression,elasticnet,True,0.0,True,20,0.85,0.5,,,0.0,0,0,3,17,2.215562105402205,1.0,7.241459503452521,16.931782457077063,85.0,7462.368158127345,7.27949832785219
interpolation_fold1,interpolation,none_ready,100,model_regression,elasticnet,True,0.0,True,20,0.8,0.5,,,0.0,0,0,4,16,3.881181308753122,1.0,13.989101139778056,40.51428717012421,80.0,82582.0121757727,13.701421677281383
interpolation_fold1,interpolation,none_ready,1000,model_regression,elasticnet,True,0.0,True,20,0.7,0.5,,,0.0,0,0,6,14,6.272282848355347,1.0,19.533317823390117,65.21492791278739,70.0,8245529.073874226,19.32541523458625
interpolation_fold1,interpolation,cpu_ready,1,model_regression,huber,True,0.0,True,20,1.0,1.0,,,,0,0,0,20,1.0,1.0,1.0,1.0,100.0,8.244127224726086,1.0
interpolation_fold1,interpolation,cpu_ready,2,model_regression,huber,True,0.0,True,20,1.0,1.0,,,,0,0,0,20,1.0,1.0,1.0,1.0,100.0,32.97650889890434,1.0
interpolation_fold1,interpolation,cpu_ready,3,model_regression,huber,True,0.0,True,20,0.9,0.9,,0.0,,0,2,0,18,1.1375041114295539,1.0,1.885082105112547,2.919440013387752,90.0,149.25135776415593,2.0115512223391625
interpolation_fold1,interpolation,cpu_ready,5,model_regression,huber,True,0.0,True,20,0.95,0.9736842105263157,0.6882472016116853,0.5,1.0,1,1,0,18,1.0128428667072489,1.0,1.012842866707249,1.2568573341449794,95.0,197.55244216856212,1.094113670400251
interpolation_fold1,interpolation,cpu_ready,10,model_regression,huber,True,0.0,True,20,0.95,0.8333333333333333,0.7934920476158722,1.0,0.6666666666666666,2,0,1,17,1.0096666885232994,1.0,1.0096666885232997,1.193333770465989,95.0,384.05931609788337,1.0730693499782176
interpolation_fold1,interpolation,cpu_ready,30,model_regression,huber,True,0.0,True,20,1.0,1.0,1.0,1.0,1.0,3,0,0,17,1.0,1.0,1.0,1.0,100.0,1020.230199741427,1.0
interpolation_fold1,interpolation,cpu_ready,100,model_regression,huber,True,0.0,True,20,0.95,0.875,0.8401680504168059,1.0,0.75,3,0,1,16,1.0467462816378248,1.0,1.0467462816378255,1.934925632756496,95.0,6129.605585766345,1.0192398844252974
interpolation_fold1,interpolation,cpu_ready,1000,model_regression,huber,True,0.0,True,20,0.85,0.75,0.641688947919748,1.0,0.5,3,0,3,14,1.866893353848764,1.0,3.9954446661134893,14.776914152795866,85.0,458608.39778535283,1.0750417612150507
interpolation_fold1,interpolation,gpu_ready,1,model_regression,huber,True,0.0,True,20,0.55,0.75,0.30151134457776363,1.0,0.5,9,0,9,2,1189.4735327467915,1.0,1371.280551717308,23380.731973290898,55.00000000000001,5.302369644459907,10.167220682419346
interpolation_fold1,interpolation,gpu_ready,2,model_regression,huber,True,0.0,True,20,0.6,0.65625,0.25,0.9,0.5625,9,1,7,3,7.01223310930896,1.0,25.66316330599396,53.715171318341724,60.0,19.044130020930467,10.4425701615216
interpolation_fold1,interpolation,gpu_ready,3,model_regression,huber,True,0.0,True,20,0.65,0.6875,0.30151134457776363,0.9090909090909091,0.625,10,1,6,3,3.614774530037019,1.0,12.113208378248766,24.093533608939104,65.0,19.09878468741264,4.856570631977319
interpolation_fold1,interpolation,gpu_ready,5,model_regression,huber,True,0.0,True,20,0.75,0.7666666666666666,0.4714045207910317,0.9166666666666666,0.7333333333333333,11,1,4,4,1.8281990982750798,1.0,4.893314565280919,8.833217903967512,75.0,11.275823098312893,1.0628763596519004
interpolation_fold1,interpolation,gpu_ready,10,model_regression,huber,True,0.0,True,20,0.75,0.7666666666666666,0.4714045207910317,0.9166666666666666,0.7333333333333333,11,1,4,4,1.251422129108344,1.0,2.3285788808048826,2.6899142766254958,75.0,44.43820625353999,1.0672119257118977
interpolation_fold1,interpolation,gpu_ready,30,model_regression,huber,True,0.0,True,20,0.85,0.8333333333333333,0.723746864455746,0.7857142857142857,1.0,11,3,0,6,1.2361191330337857,1.0,3.0855247823208165,3.2887558814213556,85.0,397.18057381454895,1.0725423793675386
interpolation_fold1,interpolation,gpu_ready,100,model_regression,huber,True,0.0,True,20,0.75,0.7727272727272727,0.5921565254637922,0.6428571428571429,1.0,9,5,0,6,2.367402604350353,1.0,4.177052595952238,22.180152330391994,75.0,4405.2448361694005,1.0752590298576283
interpolation_fold1,interpolation,gpu_ready,1000,model_regression,huber,True,0.0,True,20,0.4,0.5384615384615384,0.16834512458535864,0.3684210526315789,1.0,7,12,0,1,13.72231153771961,3.3726851385586953,41.39468897482591,152.16491315968233,40.0,626362.915696441,1.5313803222671918
interpolation_fold1,interpolation,none_ready,1,model_regression,huber,True,0.0,True,20,1.0,1.0,,,,0,0,0,20,1.0,1.0,1.0,1.0,100.0,10.262041577135918,1.0
interpolation_fold1,interpolation,none_ready,2,model_regression,huber,True,0.0,True,20,1.0,1.0,,,,0,0,0,20,1.0,1.0,1.0,1.0,100.0,36.39565571757142,1.0
interpolation_fold1,interpolation,none_ready,3,model_regression,huber,True,0.0,True,20,1.0,1.0,,,,0,0,0,20,1.0,1.0,1.0,1.0,100.0,79.01752430745908,1.0
interpolation_fold1,interpolation,none_ready,5,model_regression,huber,True,0.0,True,20,0.95,0.5,,,0.0,0,0,1,19,1.0196846102611086,1.0,1.0196846102611088,1.393692205222169,95.0,213.7260248355909,1.1543055929175463
interpolation_fold1,interpolation,none_ready,10,model_regression,huber,True,0.0,True,20,0.85,0.5,,,0.0,0,0,3,17,1.2314330364526822,1.0,2.2655671151586327,4.224487887950698,85.0,839.0417290213335,2.331375570468698
interpolation_fold1,interpolation,none_ready,30,model_regression,huber,True,0.0,True,20,0.9,0.6666666666666666,0.5461186812727502,1.0,0.3333333333333333,1,0,2,17,1.418972982548352,1.0,3.8021884131146946,6.731442505893328,90.0,4121.8732968616205,4.020864306921632
interpolation_fold1,interpolation,none_ready,100,model_regression,huber,True,0.0,True,20,0.9,0.75,0.6666666666666666,1.0,0.5,2,0,2,16,1.3258150143904999,1.0,2.179652496206883,6.567591974680686,90.0,19883.914989977184,3.298998131615149
interpolation_fold1,interpolation,none_ready,1000,model_regression,huber,True,0.0,True,20,0.85,0.75,0.641688947919748,1.0,0.5,3,0,3,14,1.8684054373695052,1.0,4.014023739854063,14.787423184645325,85.0,458754.2784158436,1.0752029180419331
interpolation_fold1,interpolation,cpu_ready,1,model_regression,tree,True,0.0,True,20,0.85,0.85,,0.0,,0,3,0,17,4.551312838217005,1.0,22.39307976746484,37.87218791531008,85.0,175.49924180341836,21.287789115754382
interpolation_fold1,interpolation,cpu_ready,2,model_regression,tree,True,0.0,True,20,0.85,0.85,,0.0,,0,3,0,17,1.8683984492420975,1.0,6.195355561371707,10.52253490496757,85.0,192.22236168507564,5.829069483199973
interpolation_fold1,interpolation,cpu_ready,3,model_regression,tree,True,0.0,True,20,0.85,0.85,,0.0,,0,3,0,17,1.3460004673567392,1.0,3.0319643686455513,5.169927118543708,85.0,209.8315911267574,2.828027831300361
interpolation_fold1,interpolation,cpu_ready,5,model_regression,tree,True,0.0,True,20,0.9,0.9473684210526316,0.5461186812727502,0.3333333333333333,1.0,1,2,0,17,1.0749858890839055,1.0,1.3061574898143875,2.2428604475331273,90.0,247.70837869019445,1.3718945735248087
interpolation_fold1,interpolation,cpu_ready,10,model_regression,tree,True,0.0,True,20,1.0,1.0,1.0,1.0,1.0,3,0,0,17,1.0,1.0,1.0,1.0,100.0,357.90726489921593,1.0
interpolation_fold1,interpolation,cpu_ready,30,model_regression,tree,True,0.0,True,20,1.0,1.0,1.0,1.0,1.0,3,0,0,17,1.0,1.0,1.0,1.0,100.0,1020.230199741427,1.0
interpolation_fold1,interpolation,cpu_ready,100,model_regression,tree,True,0.0,True,20,0.95,0.875,0.8401680504168059,1.0,0.75,3,0,1,16,1.0467462816378248,1.0,1.0467462816378255,1.934925632756496,95.0,6129.605585766345,1.0192398844252974
interpolation_fold1,interpolation,cpu_ready,1000,model_regression,tree,True,0.0,True,20,0.85,0.75,0.641688947919748,1.0,0.5,3,0,3,14,1.866893353848764,1.0,3.9954446661134893,14.776914152795866,85.0,458608.39778535283,1.0750417612150507
interpolation_fold1,interpolation,gpu_ready,1,model_regression,tree,True,0.0,True,20,0.85,0.9166666666666667,0.5773502691896257,1.0,0.8333333333333334,15,0,3,2,591.3176257930893,1.0,779.9657822053717,11554.436583052335,85.0,0.6877291005587916,1.3187110676843856
interpolation_fold1,interpolation,gpu_ready,2,model_regression,tree,True,0.0,True,20,0.75,0.65625,0.28867513459481287,0.8666666666666667,0.8125,13,2,3,2,150.2819637366694,1.0,196.1513536632787,2902.438818217041,75.0,2.1256699997075805,1.1655800547355994
interpolation_fold1,interpolation,gpu_ready,3,model_regression,tree,True,0.0,True,20,0.75,0.65625,0.28867513459481287,0.8666666666666667,0.8125,13,2,3,2,68.41416938284519,1.0,91.9994719533851,1296.133971025696,75.0,4.489480154009723,1.1416159627779126
interpolation_fold1,interpolation,gpu_ready,5,model_regression,tree,True,0.0,True,20,0.7,0.6000000000000001,0.2,0.8,0.8,12,3,3,2,26.465080740872686,1.0,48.49060864508418,471.0600800639701,70.0,11.994708228074067,1.1306395733052579
interpolation_fold1,interpolation,gpu_ready,10,model_regression,tree,True,0.0,True,20,0.7,0.6000000000000001,0.2,0.8,0.8,12,3,3,2,8.993733926445545,1.0,29.3385209539696,120.5704874709638,70.0,46.96049037841861,1.127786191080447
interpolation_fold1,interpolation,gpu_ready,30,model_regression,tree,True,0.0,True,20,0.6,0.5757575757575758,0.17407765595569785,0.6,0.8181818181818182,9,6,2,3,4.80681876953724,1.0,23.92508240698848,33.39583822042014,60.0,418.29093276813506,1.1295485778427792
interpolation_fold1,interpolation,gpu_ready,100,model_regression,tree,True,0.0,True,20,0.5,0.5252525252525253,0.058025885318565944,0.4666666666666667,0.7777777777777778,7,8,2,3,5.537489627237182,1.1056079107918662,24.501686255196162,52.19607446009673,50.0,4634.435634865205,1.1312013179762246
interpolation_fold1,interpolation,gpu_ready,1000,model_regression,tree,True,0.0,True,20,0.5,0.5824175824175823,0.18156825980064073,0.4,0.8571428571428571,6,9,1,4,8.032989018300716,1.8170212271182187,24.951757671214857,63.98502995586046,50.0,462983.9402505518,1.1319388135185107
interpolation_fold1,interpolation,none_ready,1,model_regression,tree,True,0.0,True,20,1.0,1.0,,,,0,0,0,20,1.0,1.0,1.0,1.0,100.0,10.262041577135918,1.0
interpolation_fold1,interpolation,none_ready,2,model_regression,tree,True,0.0,True,20,1.0,1.0,,,,0,0,0,20,1.0,1.0,1.0,1.0,100.0,36.39565571757142,1.0
interpolation_fold1,interpolation,none_ready,3,model_regression,tree,True,0.0,True,20,1.0,1.0,,,,0,0,0,20,1.0,1.0,1.0,1.0,100.0,79.01752430745908,1.0
interpolation_fold1,interpolation,none_ready,5,model_regression,tree,True,0.0,True,20,0.95,0.5,,,0.0,0,0,1,19,1.0196846102611086,1.0,1.0196846102611088,1.393692205222169,95.0,213.7260248355909,1.1543055929175463
interpolation_fold1,interpolation,none_ready,10,model_regression,tree,True,0.0,True,20,0.85,0.5,,,0.0,0,0,3,17,1.2314330364526822,1.0,2.2655671151586327,4.224487887950698,85.0,839.0417290213335,2.331375570468698
interpolation_fold1,interpolation,none_ready,30,model_regression,tree,True,0.0,True,20,0.85,0.5,,,0.0,0,0,3,17,2.215562105402205,1.0,7.241459503452521,16.931782457077063,85.0,7462.368158127345,7.27949832785219
interpolation_fold1,interpolation,none_ready,100,model_regression,tree,True,0.0,True,20,0.8,0.5,,,0.0,0,0,4,16,3.881181308753122,1.0,13.989101139778056,40.51428717012421,80.0,82582.0121757727,13.701421677281383
interpolation_fold1,interpolation,none_ready,1000,model_regression,tree,True,0.0,True,20,0.7,0.5,,,0.0,0,0,6,14,6.272282848355347,1.0,19.533317823390117,65.21492791278739,70.0,8245529.073874226,19.32541523458625
interpolation_fold1,interpolation,cpu_ready,1,model_regression,random_forest,True,0.0,True,20,0.85,0.85,,0.0,,0,3,0,17,4.551312838217005,1.0,22.39307976746484,37.87218791531008,85.0,175.49924180341836,21.287789115754382
interpolation_fold1,interpolation,cpu_ready,2,model_regression,random_forest,True,0.0,True,20,0.85,0.85,,0.0,,0,3,0,17,1.8683984492420975,1.0,6.195355561371707,10.52253490496757,85.0,192.22236168507564,5.829069483199973
interpolation_fold1,interpolation,cpu_ready,3,model_regression,random_forest,True,0.0,True,20,0.85,0.85,,0.0,,0,3,0,17,1.3460004673567392,1.0,3.0319643686455513,5.169927118543708,85.0,209.8315911267574,2.828027831300361
interpolation_fold1,interpolation,cpu_ready,5,model_regression,random_forest,True,0.0,True,20,0.9,0.9473684210526316,0.5461186812727502,0.3333333333333333,1.0,1,2,0,17,1.0749858890839055,1.0,1.3061574898143875,2.2428604475331273,90.0,247.70837869019445,1.3718945735248087
interpolation_fold1,interpolation,cpu_ready,10,model_regression,random_forest,True,0.0,True,20,1.0,1.0,1.0,1.0,1.0,3,0,0,17,1.0,1.0,1.0,1.0,100.0,357.90726489921593,1.0
interpolation_fold1,interpolation,cpu_ready,30,model_regression,random_forest,True,0.0,True,20,1.0,1.0,1.0,1.0,1.0,3,0,0,17,1.0,1.0,1.0,1.0,100.0,1020.230199741427,1.0
interpolation_fold1,interpolation,cpu_ready,100,model_regression,random_forest,True,0.0,True,20,0.9,0.84375,0.6875,0.75,0.75,3,1,1,15,1.146502460013862,1.0,1.9879355294947094,2.9951235675207455,90.0,6227.3888388044,1.0354994283928032
interpolation_fold1,interpolation,cpu_ready,1000,model_regression,random_forest,True,0.0,True,20,0.9,0.8333333333333333,0.7637626158259734,1.0,0.6666666666666666,4,0,2,14,1.8102456528226192,1.0,3.9954446661134893,14.776914152795866,90.0,456005.0902600598,1.0689392469120191
interpolation_fold1,interpolation,gpu_ready,1,model_regression,random_forest,True,0.0,True,20,0.85,0.9166666666666667,0.5773502691896257,1.0,0.8333333333333334,15,0,3,2,591.3176257930893,1.0,779.9657822053717,11554.436583052335,85.0,0.6877291005587916,1.3187110676843856
interpolation_fold1,interpolation,gpu_ready,2,model_regression,random_forest,True,0.0,True,20,0.75,0.65625,0.28867513459481287,0.8666666666666667,0.8125,13,2,3,2,150.2819637366694,1.0,196.1513536632787,2902.438818217041,75.0,2.1256699997075805,1.1655800547355994
interpolation_fold1,interpolation,gpu_ready,3,model_regression,random_forest,True,0.0,True,20,0.75,0.65625,0.28867513459481287,0.8666666666666667,0.8125,13,2,3,2,68.41416938284519,1.0,91.9994719533851,1296.133971025696,75.0,4.489480154009723,1.1416159627779126
interpolation_fold1,interpolation,gpu_ready,5,model_regression,random_forest,True,0.0,True,20,0.7,0.6000000000000001,0.2,0.8,0.8,12,3,3,2,26.465080740872686,1.0,48.49060864508418,471.0600800639701,70.0,11.994708228074067,1.1306395733052579
interpolation_fold1,interpolation,gpu_ready,10,model_regression,random_forest,True,0.0,True,20,0.65,0.5666666666666667,0.12598815766974242,0.7857142857142857,0.7333333333333333,11,3,4,2,9.021345701157047,1.0,29.3385209539696,120.5704874709638,65.0,46.960603357461714,1.1277889043443774
interpolation_fold1,interpolation,gpu_ready,30,model_regression,random_forest,True,0.0,True,20,0.75,0.7323232323232323,0.5044296328024895,0.7142857142857143,0.9090909090909091,10,4,1,5,1.990144558064932,1.0,4.261744585422555,14.680199851001477,75.0,397.12294599755245,1.0723867617970075
interpolation_fold1,interpolation,gpu_ready,100,model_regression,random_forest,True,0.0,True,20,0.65,0.6717171717171717,0.37283929381053577,0.5714285714285714,0.8888888888888888,8,6,1,5,1.6332385889172876,1.0,3.299333285666556,4.625766124678598,65.0,4403.229330476408,1.074767072934298
interpolation_fold1,interpolation,gpu_ready,1000,model_regression,random_forest,True,0.0,True,20,0.8,0.8131868131868132,0.6005325641789633,0.6666666666666666,0.8571428571428571,6,3,1,10,1.4349613673213648,1.0,3.3812583494627195,5.07026967382354,80.0,439659.99168653484,1.074914626783583
interpolation_fold1,interpolation,none_ready,1,model_regression,random_forest,True,0.0,True,20,1.0,1.0,,,,0,0,0,20,1.0,1.0,1.0,1.0,100.0,10.262041577135918,1.0
interpolation_fold1,interpolation,none_ready,2,model_regression,random_forest,True,0.0,True,20,1.0,1.0,,,,0,0,0,20,1.0,1.0,1.0,1.0,100.0,36.39565571757142,1.0
interpolation_fold1,interpolation,none_ready,3,model_regression,random_forest,True,0.0,True,20,1.0,1.0,,,,0,0,0,20,1.0,1.0,1.0,1.0,100.0,79.01752430745908,1.0
interpolation_fold1,interpolation,none_ready,5,model_regression,random_forest,True,0.0,True,20,0.95,0.5,,,0.0,0,0,1,19,1.0196846102611086,1.0,1.0196846102611088,1.393692205222169,95.0,213.7260248355909,1.1543055929175463
interpolation_fold1,interpolation,none_ready,10,model_regression,random_forest,True,0.0,True,20,0.85,0.5,,,0.0,0,0,3,17,1.2314330364526822,1.0,2.2655671151586327,4.224487887950698,85.0,839.0417290213335,2.331375570468698
interpolation_fold1,interpolation,none_ready,30,model_regression,random_forest,True,0.0,True,20,0.95,0.9705882352941176,0.8401680504168059,0.75,1.0,3,1,0,16,1.923359456128546,1.0,1.9233594561285592,19.46718912257092,95.0,1107.5071268837278,1.0803669970978267
interpolation_fold1,interpolation,none_ready,100,model_regression,random_forest,True,0.0,True,20,0.9,0.84375,0.6875,0.75,0.75,3,1,1,15,1.146681728574705,1.0,2.0005192103910856,2.9849262583647906,90.0,6242.286925649319,1.035675967992378
interpolation_fold1,interpolation,none_ready,1000,model_regression,random_forest,True,0.0,True,20,0.9,0.8333333333333333,0.7637626158259734,1.0,0.6666666666666666,4,0,2,14,1.8117212950544659,1.0,4.014023739854063,14.787423184645325,90.0,456149.29619096196,1.0690975047053817
interpolation_fold1,interpolation,cpu_ready,1,model_classification,logistic,True,0.0,False,20,0.85,0.85,,0.0,,0,3,0,17,4.551312838217005,1.0,22.39307976746484,37.87218791531008,85.0,175.49924180341836,21.287789115754382
interpolation_fold1,interpolation,cpu_ready,2,model_classification,logistic,True,0.0,False,20,0.85,0.85,,0.0,,0,3,0,17,1.8683984492420975,1.0,6.195355561371707,10.52253490496757,85.0,192.22236168507564,5.829069483199973
interpolation_fold1,interpolation,cpu_ready,3,model_classification,logistic,True,0.0,False,20,0.85,0.85,,0.0,,0,3,0,17,1.3460004673567392,1.0,3.0319643686455513,5.169927118543708,85.0,209.8315911267574,2.828027831300361
interpolation_fold1,interpolation,cpu_ready,5,model_classification,logistic,True,0.0,False,20,0.9,0.9473684210526316,0.5461186812727502,0.3333333333333333,1.0,1,2,0,17,1.0749858890839055,1.0,1.3061574898143875,2.2428604475331273,90.0,247.70837869019445,1.3718945735248087
interpolation_fold1,interpolation,cpu_ready,10,model_classification,logistic,True,0.0,False,20,1.0,1.0,1.0,1.0,1.0,3,0,0,17,1.0,1.0,1.0,1.0,100.0,357.90726489921593,1.0
interpolation_fold1,interpolation,cpu_ready,30,model_classification,logistic,True,0.0,False,20,1.0,1.0,1.0,1.0,1.0,3,0,0,17,1.0,1.0,1.0,1.0,100.0,1020.230199741427,1.0
interpolation_fold1,interpolation,cpu_ready,100,model_classification,logistic,True,0.0,False,20,0.95,0.875,0.8401680504168059,1.0,0.75,3,0,1,16,1.0467462816378248,1.0,1.0467462816378255,1.934925632756496,95.0,6129.605585766345,1.0192398844252974
interpolation_fold1,interpolation,cpu_ready,1000,model_classification,logistic,True,0.0,False,20,0.85,0.75,0.641688947919748,1.0,0.5,3,0,3,14,1.866893353848764,1.0,3.9954446661134893,14.776914152795866,85.0,458608.39778535283,1.0750417612150507
interpolation_fold1,interpolation,gpu_ready,1,model_classification,logistic,True,0.0,False,20,0.95,0.9722222222222222,0.7934920476158722,1.0,0.9444444444444444,17,0,1,2,1.0774605233631984,1.0,1.0774605233631995,2.549210467263969,95.0,0.5215923053848183,1.0001460536875648
interpolation_fold1,interpolation,gpu_ready,2,model_classification,logistic,True,0.0,False,20,0.95,0.875,0.8401680504168059,0.9411764705882353,1.0,16,1,0,3,1.0200166670228632,1.0,1.0200166670228636,1.4003333404572658,95.0,1.8736994407934944,1.027415684023663
interpolation_fold1,interpolation,gpu_ready,3,model_classification,logistic,True,0.0,False,20,0.95,0.875,0.8401680504168059,0.9411764705882353,1.0,16,1,0,3,1.0395552008319675,1.0,1.039555200831968,1.7911040166393493,95.0,4.106369238451846,1.0441958781107143
interpolation_fold1,interpolation,gpu_ready,5,model_classification,logistic,True,0.0,False,20,0.9,0.8,0.7276068751089989,0.8823529411764706,1.0,15,2,0,3,1.0731043434570116,1.0,1.2764701289321858,2.236124885278929,90.0,11.213396820517577,1.0569919630707203
interpolation_fold1,interpolation,gpu_ready,10,model_classification,logistic,True,0.0,False,20,0.9,0.8,0.7276068751089989,0.8823529411764706,1.0,15,2,0,3,1.144945979699718,1.0,2.2330507653316927,2.6899142766254958,90.0,44.390812365051225,1.0660737311881923
interpolation_fold1,interpolation,gpu_ready,30,model_classification,logistic,True,0.0,False,20,0.7,0.6666666666666666,0.464420364012824,0.6470588235294118,1.0,11,6,0,3,1.4961235813020974,1.0,3.309988329080418,3.713404834602604,70.0,397.24114010560453,1.0727059319635137
interpolation_fold1,interpolation,gpu_ready,100,model_classification,logistic,True,0.0,False,20,0.6,0.6363636363636364,0.3799802978286742,0.5294117647058824,1.0,9,8,0,3,2.8961380024243732,1.0,6.661624075314393,22.180152330391994,60.0,4405.989673284018,1.0754408342437751
interpolation_fold1,interpolation,gpu_ready,1000,model_classification,logistic,True,0.0,False,20,0.5,0.6153846153846154,0.3082573996425538,0.4117647058823529,1.0,7,10,0,3,11.674448579204693,1.8170212271182187,25.58402800218921,152.16491315968233,50.0,440312.644314704,1.0765102822207233
interpolation_fold1,interpolation,none_ready,1,model_classification,logistic,True,0.0,False,20,0.9,0.9,,0.0,,0,2,0,18,2.604908374998923,1.0,13.02416815079232,21.52121219354136,90.0,117.36698715692768,11.4370017188806
interpolation_fold1,interpolation,none_ready,2,model_classification,logistic,True,0.0,False,20,0.9,0.9,,0.0,,0,2,0,18,1.377844156709152,1.0,3.715365618277626,5.959637065773626,90.0,132.91743202425997,3.6520136649190493
interpolation_fold1,interpolation,none_ready,3,model_classification,logistic,True,0.0,False,20,0.9,0.9,,0.0,,0,2,0,18,1.1328763172587872,1.0,1.7995005509987463,2.9168327521313437,90.0,152.22525762978108,1.9264746518439246
interpolation_fold1,interpolation,none_ready,5,model_classification,logistic,True,0.0,False,20,0.95,0.9736842105263157,0.6882472016116853,0.5,1.0,1,1,0,18,1.0128091186013666,1.0,1.0128091186013668,1.2561823720273328,95.0,202.11305105539012,1.0915854791868842
interpolation_fold1,interpolation,none_ready,10,model_classification,logistic,True,0.0,False,20,0.95,0.8333333333333333,0.7934920476158722,1.0,0.6666666666666666,2,0,1,17,1.012085340962458,1.0,1.0120853409624582,1.2417068192491605,95.0,392.5866975377185,1.0908480523346524
interpolation_fold1,interpolation,none_ready,30,model_classification,logistic,True,0.0,False,20,0.95,0.8333333333333333,0.7934920476158722,1.0,0.6666666666666666,2,0,1,17,1.1324008572536857,1.0,1.1324008572536874,3.6480171450737116,95.0,2093.8264680142574,2.042515988188309
interpolation_fold1,interpolation,none_ready,100,model_classification,logistic,True,0.0,False,20,0.9,0.75,0.6666666666666666,1.0,0.5,2,0,2,16,1.3258150143904999,1.0,2.179652496206883,6.567591974680686,90.0,19883.914989977184,3.298998131615149
interpolation_fold1,interpolation,none_ready,1000,model_classification,logistic,True,0.0,False,20,0.85,0.75,0.641688947919748,1.0,0.5,3,0,3,14,1.8684054373695052,1.0,4.014023739854063,14.787423184645325,85.0,458754.2784158436,1.0752029180419331
interpolation_fold2,interpolation,cpu_ready,1,baseline,always_cpu_ref,,,,16,1.0,1.0,,,,0,0,0,16,1.0,1.0,1.0,1.0,100.0,0.3119994340531757,1.0
interpolation_fold2,interpolation,cpu_ready,2,baseline,always_cpu_ref,,,,16,1.0,1.0,,,,0,0,0,16,1.0,1.0,1.0,1.0,100.0,1.2479977362127028,1.0
interpolation_fold2,interpolation,cpu_ready,3,baseline,always_cpu_ref,,,,16,1.0,1.0,,,,0,0,0,16,1.0,1.0,1.0,1.0,100.0,2.8079949064785814,1.0
interpolation_fold2,interpolation,cpu_ready,5,baseline,always_cpu_ref,,,,16,1.0,1.0,,,,0,0,0,16,1.0,1.0,1.0,1.0,100.0,7.799985851329392,1.0
interpolation_fold2,interpolation,cpu_ready,10,baseline,always_cpu_ref,,,,16,1.0,1.0,,,,0,0,0,16,1.0,1.0,1.0,1.0,100.0,31.19994340531757,1.0
interpolation_fold2,interpolation,cpu_ready,30,baseline,always_cpu_ref,,,,16,1.0,1.0,,,,0,0,0,16,1.0,1.0,1.0,1.0,100.0,280.7994906478582,1.0
interpolation_fold2,interpolation,cpu_ready,100,baseline,always_cpu_ref,,,,16,0.8125,0.5,,,0.0,0,0,3,13,1.4160750699972542,1.0,3.632035857949654,4.289033317529915,81.25,3119.994340531757,2.1632975288181098
interpolation_fold2,interpolation,cpu_ready,1000,baseline,always_cpu_ref,,,,16,0.75,0.5,,,0.0,0,0,4,12,2.733719010155718,1.0,10.480857482512505,16.739378924378094,75.0,311999.4340531757,3.2836257760641674
interpolation_fold2,interpolation,cpu_ready,1,baseline,always_gpu_ref,,,,16,0.0,0.0,,0.0,,0,16,0,0,66179639.04922227,425035.4911415438,305737091.7658952,939029776.1045095,0.0,885.2902779083897,2837.473986435197
interpolation_fold2,interpolation,cpu_ready,2,baseline,always_gpu_ref,,,,16,0.0,0.0,,0.0,,0,16,0,0,16556296.258559303,106612.44624133651,76486492.9907605,234894650.65544552,0.0,917.7082547844661,735.3444867371588
interpolation_fold2,interpolation,cpu_ready,3,baseline,always_gpu_ref,,,,16,0.0,0.0,,0.0,,0,16,0,0,7363418.127055812,47540.71866568641,34017214.246078394,104458620.99465548,0.0,953.9803047364554,339.737192021054
interpolation_fold2,interpolation,cpu_ready,5,baseline,always_gpu_ref,,,,16,0.0,0.0,,0.0,,0,16,0,0,2654480.629391309,17228.28006595715,12262922.755263295,37649041.642026596,0.0,1038.0866238681722,133.0882701141369
interpolation_fold2,interpolation,cpu_ready,10,baseline,always_gpu_ref,,,,16,0.0,0.0,,0.0,,0,16,0,0,665907.0938736068,4378.50146828819,3076197.515028161,9439749.680223525,0.0,1315.7987005259383,42.173111772429685
interpolation_fold2,interpolation,cpu_ready,30,baseline,always_gpu_ref,,,,16,0.0,0.0,,0.0,,0,16,0,0,75015.01673355454,518.9111422841147,346472.77290768287,1061122.9212445966,0.0,3390.165276135202,12.07326006294898
interpolation_fold2,interpolation,cpu_ready,100,baseline,always_gpu_ref,,,,16,0.1875,0.5,,0.1875,1.0,3,13,0,0,7084.575278944555,63.42787029999071,32678.51717437185,99413.88534214109,18.75,22790.778479892935,15.802347499447814
interpolation_fold2,interpolation,cpu_ready,1000,baseline,always_gpu_ref,,,,16,0.25,0.5,,0.25,1.0,4,12,0,0,127.87869654626476,7.073048050221672,552.3216613219971,1566.9743294746233,25.0,1954530.1315927142,20.570375519008415
interpolation_fold2,interpolation,cpu_ready,1,baseline,stay_on_ready_device,,,,16,1.0,1.0,,,,0,0,0,16,1.0,1.0,1.0,1.0,100.0,0.3119994340531757,1.0
interpolation_fold2,interpolation,cpu_ready,2,baseline,stay_on_ready_device,,,,16,1.0,1.0,,,,0,0,0,16,1.0,1.0,1.0,1.0,100.0,1.2479977362127028,1.0
interpolation_fold2,interpolation,cpu_ready,3,baseline,stay_on_ready_device,,,,16,1.0,1.0,,,,0,0,0,16,1.0,1.0,1.0,1.0,100.0,2.8079949064785814,1.0
interpolation_fold2,interpolation,cpu_ready,5,baseline,stay_on_ready_device,,,,16,1.0,1.0,,,,0,0,0,16,1.0,1.0,1.0,1.0,100.0,7.799985851329392,1.0
interpolation_fold2,interpolation,cpu_ready,10,baseline,stay_on_ready_device,,,,16,1.0,1.0,,,,0,0,0,16,1.0,1.0,1.0,1.0,100.0,31.19994340531757,1.0
interpolation_fold2,interpolation,cpu_ready,30,baseline,stay_on_ready_device,,,,16,1.0,1.0,,,,0,0,0,16,1.0,1.0,1.0,1.0,100.0,280.7994906478582,1.0
interpolation_fold2,interpolation,cpu_ready,100,baseline,stay_on_ready_device,,,,16,0.8125,0.5,,,0.0,0,0,3,13,1.4160750699972542,1.0,3.632035857949654,4.289033317529915,81.25,3119.994340531757,2.1632975288181098
interpolation_fold2,interpolation,cpu_ready,1000,baseline,stay_on_ready_device,,,,16,0.75,0.5,,,0.0,0,0,4,12,2.733719010155718,1.0,10.480857482512505,16.739378924378094,75.0,311999.4340531757,3.2836257760641674
interpolation_fold2,interpolation,cpu_ready,1,baseline,best_constant_device_train,,,,16,0.0,0.0,,0.0,,0,16,0,0,66179639.04922227,425035.4911415438,305737091.7658952,939029776.1045095,0.0,885.2902779083897,2837.473986435197
interpolation_fold2,interpolation,cpu_ready,2,baseline,best_constant_device_train,,,,16,0.0,0.0,,0.0,,0,16,0,0,16556296.258559303,106612.44624133651,76486492.9907605,234894650.65544552,0.0,917.7082547844661,735.3444867371588
interpolation_fold2,interpolation,cpu_ready,3,baseline,best_constant_device_train,,,,16,0.0,0.0,,0.0,,0,16,0,0,7363418.127055812,47540.71866568641,34017214.246078394,104458620.99465548,0.0,953.9803047364554,339.737192021054
interpolation_fold2,interpolation,cpu_ready,5,baseline,best_constant_device_train,,,,16,0.0,0.0,,0.0,,0,16,0,0,2654480.629391309,17228.28006595715,12262922.755263295,37649041.642026596,0.0,1038.0866238681722,133.0882701141369
interpolation_fold2,interpolation,cpu_ready,10,baseline,best_constant_device_train,,,,16,0.0,0.0,,0.0,,0,16,0,0,665907.0938736068,4378.50146828819,3076197.515028161,9439749.680223525,0.0,1315.7987005259383,42.173111772429685
interpolation_fold2,interpolation,cpu_ready,30,baseline,best_constant_device_train,,,,16,0.0,0.0,,0.0,,0,16,0,0,75015.01673355454,518.9111422841147,346472.77290768287,1061122.9212445966,0.0,3390.165276135202,12.07326006294898
interpolation_fold2,interpolation,cpu_ready,100,baseline,best_constant_device_train,,,,16,0.1875,0.5,,0.1875,1.0,3,13,0,0,7084.575278944555,63.42787029999071,32678.51717437185,99413.88534214109,18.75,22790.778479892935,15.802347499447814
interpolation_fold2,interpolation,cpu_ready,1000,baseline,best_constant_device_train,,,,16,0.25,0.5,,0.25,1.0,4,12,0,0,127.87869654626476,7.073048050221672,552.3216613219971,1566.9743294746233,25.0,1954530.1315927142,20.570375519008415
interpolation_fold2,interpolation,cpu_ready,1,baseline,size_threshold_train,,,,16,0.25,0.25,,0.0,,0,12,0,4,65673788.40588781,83743.0976857499,305737091.7658952,939029776.1045095,25.0,674.6064175295978,2162.2039782758743
interpolation_fold2,interpolation,cpu_ready,2,baseline,size_threshold_train,,,,16,0.25,0.25,,0.0,,0,12,0,4,16429108.571547048,21104.349736733788,76486492.9907605,234894650.65544552,25.0,680.4207548903399,545.2099271872174
interpolation_fold2,interpolation,cpu_ready,3,baseline,size_threshold_train,,,,16,0.25,0.25,,0.0,,0,12,0,4,7306566.312150953,9455.038800036556,34017214.246078394,104458620.99465548,25.0,686.4209455763905,244.45234711526226
interpolation_fold2,interpolation,cpu_ready,5,baseline,size_threshold_train,,,,16,0.25,0.25,,0.0,,0,12,0,4,2633778.8713723687,3458.4878673497014,12262922.755263295,37649041.642026596,25.0,698.9788869244168,89.61284036243299
interpolation_fold2,interpolation,cpu_ready,10,baseline,size_threshold_train,,,,16,0.25,0.25,,0.0,,0,12,0,4,660582.0047191054,899.431727559269,3076197.515028161,9439749.680223525,25.0,733.6261734873797,23.513702058906425
interpolation_fold2,interpolation,cpu_ready,30,baseline,size_threshold_train,,,,16,0.25,0.25,,0.0,,0,12,0,4,74352.52882201222,116.42147232979491,346472.77290768287,1061122.9212445966,25.0,918.6786510663298,3.2716535523150783
interpolation_fold2,interpolation,cpu_ready,100,baseline,size_threshold_train,,,,16,0.4375,0.6538461538461539,0.2773500981126145,0.25,1.0,3,9,0,4,6997.769160437855,16.820018374702848,32678.51717437185,99413.88534214109,43.75,2151.8002973141047,1.4919848427982414
interpolation_fold2,interpolation,cpu_ready,1000,baseline,size_threshold_train,,,,16,0.5,0.6666666666666666,0.3333333333333333,0.3333333333333333,1.0,4,8,0,4,116.7581578190139,1.3836401436124803,552.3216613219971,1566.9743294746233,50.0,99131.19796047203,1.0433023951564195
interpolation_fold2,interpolation,cpu_ready,1,baseline,intensity_threshold_train,,,,16,0.5625,0.5625,,0.0,,0,7,0,9,6209162.516965734,1.0,26618310.155069865,94639530.31969042,56.25,398.2537136062038,1276.4565256817975
interpolation_fold2,interpolation,cpu_ready,2,baseline,intensity_threshold_train,,,,16,0.5625,0.5625,,0.0,,0,7,0,9,1553936.0658081053,1.0,6661917.813995531,23683773.769198827,56.25,402.82454073576963,322.7766598024615
interpolation_fold2,interpolation,cpu_ready,3,baseline,intensity_threshold_train,,,,16,0.5625,0.5625,,0.0,,0,7,0,9,691370.0926277653,1.0,2964116.6044076085,10536745.329886034,56.25,407.577301882576,145.14887507175217
interpolation_fold2,interpolation,cpu_ready,5,baseline,intensity_threshold_train,,,,16,0.5625,0.5625,,0.0,,0,7,0,9,249420.73787748674,1.0,1069434.2822145405,3800883.126342194,56.25,417.62862622791033,53.542228689649704
interpolation_fold2,interpolation,cpu_ready,10,baseline,intensity_threshold_train,,,,16,0.5625,0.5625,,0.0,,0,7,0,9,62685.71902794047,1.0,268831.75043147936,955013.45996304,56.25,445.94078239295493,14.292999721177408
interpolation_fold2,interpolation,cpu_ready,30,baseline,intensity_threshold_train,,,,16,0.5625,0.5625,,0.0,,0,7,0,9,7113.32418212996,1.0,30529.686319790875,108256.05679537827,56.25,604.6729113632597,2.153397465102816
interpolation_fold2,interpolation,cpu_ready,100,baseline,intensity_threshold_train,,,,16,0.75,0.8461538461538461,0.5447047794019222,0.42857142857142855,1.0,3,4,0,9,688.5383839287082,1.0,2960.7927682565232,10433.394451782104,75.0,1733.327517066918,1.2018301076995583
interpolation_fold2,interpolation,cpu_ready,1000,baseline,intensity_threshold_train,,,,16,0.8125,0.875,0.6546536707079771,0.5714285714285714,1.0,4,3,0,9,15.373818691119022,1.0,64.46582994040004,214.10410527112165,81.25,95658.79954445171,1.0067572745596132
interpolation_fold2,interpolation,cpu_ready,1,baseline,operation_crossover_table_train,,,,16,0.8125,0.8125,,0.0,,0,3,0,13,134.58244669673715,1.0,768.9161658920505,941.4498734381322,81.25,160.18653311846006,513.4193066874558
interpolation_fold2,interpolation,cpu_ready,2,baseline,operation_crossover_table_train,,,,16,0.8125,0.8125,,0.0,,0,3,0,13,35.06250200762321,1.0,196.02153353886342,241.74775716481471,81.25,164.183015450822,131.55714204183414
interpolation_fold2,interpolation,cpu_ready,3,baseline,operation_crossover_table_train,,,,16,0.8125,0.8125,,0.0,,0,3,0,13,16.398084506961197,1.0,88.82356311917738,110.31902577463292,81.25,168.36222335894433,59.95816551180363
interpolation_fold2,interpolation,cpu_ready,5,baseline,operation_crossover_table_train,,,,16,0.8125,0.8125,,0.0,,0,3,0,13,6.689753568886943,1.0,33.22127331472404,41.82595131482012,81.25,177.26881590247012,22.72681249444283
interpolation_fold2,interpolation,cpu_ready,10,baseline,operation_crossover_table_train,,,,16,0.8125,0.8125,,0.0,,0,3,0,13,2.455373818430205,1.0,9.110606437973052,11.83526001715455,81.25,202.73299483709127,6.497864185309337
interpolation_fold2,interpolation,cpu_ready,30,baseline,operation_crossover_table_train,,,,16,0.8125,0.8125,,0.0,,0,3,0,13,1.083343724363311,1.0,1.4135192232766938,2.021996555469911,81.25,350.2711045156709,1.2474064810713452
interpolation_fold2,interpolation,cpu_ready,100,baseline,operation_crossover_table_train,,,,16,1.0,1.0,1.0,1.0,1.0,3,0,0,13,1.0,1.0,1.0,1.0,100.0,1442.2400520358965,1.0
interpolation_fold2,interpolation,cpu_ready,1000,baseline,operation_crossover_table_train,,,,16,0.9375,0.875,0.8320502943378436,1.0,0.75,3,0,1,12,1.030602643381118,1.0,1.1224105735244716,1.4896422940978864,93.75,95241.5546252732,1.0023659968135359
interpolation_fold2,interpolation,cpu_ready,1,baseline,oracle,,,,16,1.0,1.0,,,,0,0,0,16,1.0,1.0,1.0,1.0,100.0,0.3119994340531757,1.0
interpolation_fold2,interpolation,cpu_ready,2,baseline,oracle,,,,16,1.0,1.0,,,,0,0,0,16,1.0,1.0,1.0,1.0,100.0,1.2479977362127028,1.0
interpolation_fold2,interpolation,cpu_ready,3,baseline,oracle,,,,16,1.0,1.0,,,,0,0,0,16,1.0,1.0,1.0,1.0,100.0,2.8079949064785814,1.0
interpolation_fold2,interpolation,cpu_ready,5,baseline,oracle,,,,16,1.0,1.0,,,,0,0,0,16,1.0,1.0,1.0,1.0,100.0,7.799985851329392,1.0
interpolation_fold2,interpolation,cpu_ready,10,baseline,oracle,,,,16,1.0,1.0,,,,0,0,0,16,1.0,1.0,1.0,1.0,100.0,31.19994340531757,1.0
interpolation_fold2,interpolation,cpu_ready,30,baseline,oracle,,,,16,1.0,1.0,,,,0,0,0,16,1.0,1.0,1.0,1.0,100.0,280.7994906478582,1.0
interpolation_fold2,interpolation,cpu_ready,100,baseline,oracle,,,,16,1.0,1.0,1.0,1.0,1.0,3,0,0,13,1.0,1.0,1.0,1.0,100.0,1442.2400520358965,1.0
interpolation_fold2,interpolation,cpu_ready,1000,baseline,oracle,,,,16,1.0,1.0,1.0,1.0,1.0,4,0,0,12,1.0,1.0,1.0,1.0,100.0,95016.7453086404,1.0
interpolation_fold2,interpolation,cpu_ready,1,baseline,stay_on_ready_device_k,,,,16,1.0,1.0,,,,0,0,0,16,1.0,1.0,1.0,1.0,100.0,0.3119994340531757,1.0
interpolation_fold2,interpolation,cpu_ready,2,baseline,stay_on_ready_device_k,,,,16,1.0,1.0,,,,0,0,0,16,1.0,1.0,1.0,1.0,100.0,1.2479977362127028,1.0
interpolation_fold2,interpolation,cpu_ready,3,baseline,stay_on_ready_device_k,,,,16,1.0,1.0,,,,0,0,0,16,1.0,1.0,1.0,1.0,100.0,2.8079949064785814,1.0
interpolation_fold2,interpolation,cpu_ready,5,baseline,stay_on_ready_device_k,,,,16,1.0,1.0,,,,0,0,0,16,1.0,1.0,1.0,1.0,100.0,7.799985851329392,1.0
interpolation_fold2,interpolation,cpu_ready,10,baseline,stay_on_ready_device_k,,,,16,1.0,1.0,,,,0,0,0,16,1.0,1.0,1.0,1.0,100.0,31.19994340531757,1.0
interpolation_fold2,interpolation,cpu_ready,30,baseline,stay_on_ready_device_k,,,,16,1.0,1.0,,,,0,0,0,16,1.0,1.0,1.0,1.0,100.0,280.7994906478582,1.0
interpolation_fold2,interpolation,cpu_ready,100,baseline,stay_on_ready_device_k,,,,16,0.8125,0.5,,,0.0,0,0,3,13,1.4160750699972542,1.0,3.632035857949654,4.289033317529915,81.25,3119.994340531757,2.1632975288181098
interpolation_fold2,interpolation,cpu_ready,1000,baseline,stay_on_ready_device_k,,,,16,0.75,0.5,,,0.0,0,0,4,12,2.733719010155718,1.0,10.480857482512505,16.739378924378094,75.0,311999.4340531757,3.2836257760641674
interpolation_fold2,interpolation,cpu_ready,1,baseline,k_break_even_table_train,,,,16,1.0,1.0,,,,0,0,0,16,1.0,1.0,1.0,1.0,100.0,0.3119994340531757,1.0
interpolation_fold2,interpolation,cpu_ready,2,baseline,k_break_even_table_train,,,,16,1.0,1.0,,,,0,0,0,16,1.0,1.0,1.0,1.0,100.0,1.2479977362127028,1.0
interpolation_fold2,interpolation,cpu_ready,3,baseline,k_break_even_table_train,,,,16,1.0,1.0,,,,0,0,0,16,1.0,1.0,1.0,1.0,100.0,2.8079949064785814,1.0
interpolation_fold2,interpolation,cpu_ready,5,baseline,k_break_even_table_train,,,,16,1.0,1.0,,,,0,0,0,16,1.0,1.0,1.0,1.0,100.0,7.799985851329392,1.0
interpolation_fold2,interpolation,cpu_ready,10,baseline,k_break_even_table_train,,,,16,1.0,1.0,,,,0,0,0,16,1.0,1.0,1.0,1.0,100.0,31.19994340531757,1.0
interpolation_fold2,interpolation,cpu_ready,30,baseline,k_break_even_table_train,,,,16,0.9375,0.9375,,0.0,,0,1,0,15,1.0131683403674345,1.0,1.0526733614697386,1.2106934458789547,93.75,297.82096449257125,1.0606178943040148
interpolation_fold2,interpolation,cpu_ready,100,baseline,k_break_even_table_train,,,,16,1.0,1.0,1.0,1.0,1.0,3,0,0,13,1.0,1.0,1.0,1.0,100.0,1442.2400520358965,1.0
interpolation_fold2,interpolation,cpu_ready,1000,baseline,k_break_even_table_train,,,,16,0.875,0.9166666666666667,0.7453559924999299,0.6666666666666666,1.0,4,2,0,10,1.3889320562362957,1.0,2.9393683685576626,6.455632612555768,87.5,95304.25293815661,1.0030258627422177
interpolation_fold2,interpolation,cpu_ready,1,baseline,oracle_k,,,,16,1.0,1.0,,,,0,0,0,16,1.0,1.0,1.0,1.0,100.0,0.3119994340531757,1.0
interpolation_fold2,interpolation,cpu_ready,2,baseline,oracle_k,,,,16,1.0,1.0,,,,0,0,0,16,1.0,1.0,1.0,1.0,100.0,1.2479977362127028,1.0
interpolation_fold2,interpolation,cpu_ready,3,baseline,oracle_k,,,,16,1.0,1.0,,,,0,0,0,16,1.0,1.0,1.0,1.0,100.0,2.8079949064785814,1.0
interpolation_fold2,interpolation,cpu_ready,5,baseline,oracle_k,,,,16,1.0,1.0,,,,0,0,0,16,1.0,1.0,1.0,1.0,100.0,7.799985851329392,1.0
interpolation_fold2,interpolation,cpu_ready,10,baseline,oracle_k,,,,16,1.0,1.0,,,,0,0,0,16,1.0,1.0,1.0,1.0,100.0,31.19994340531757,1.0
interpolation_fold2,interpolation,cpu_ready,30,baseline,oracle_k,,,,16,1.0,1.0,,,,0,0,0,16,1.0,1.0,1.0,1.0,100.0,280.7994906478582,1.0
interpolation_fold2,interpolation,cpu_ready,100,baseline,oracle_k,,,,16,1.0,1.0,1.0,1.0,1.0,3,0,0,13,1.0,1.0,1.0,1.0,100.0,1442.2400520358965,1.0
interpolation_fold2,interpolation,cpu_ready,1000,baseline,oracle_k,,,,16,1.0,1.0,1.0,1.0,1.0,4,0,0,12,1.0,1.0,1.0,1.0,100.0,95016.7453086404,1.0
interpolation_fold2,interpolation,gpu_ready,1,baseline,always_cpu_ref,,,,16,0.1875,0.5,,,0.0,0,0,13,3,1437.0183263396543,21.596661474461502,9837.305233432598,13472.332665009122,18.75,1.2163202822412733,4.3727673990645295
interpolation_fold2,interpolation,gpu_ready,2,baseline,always_cpu_ref,,,,16,0.1875,0.5,,,0.0,0,0,13,3,366.76547414870157,6.811074826974073,2501.2054017439286,3374.579701833833,18.75,2.5371061999596387,3.7882840230256822
interpolation_fold2,interpolation,gpu_ready,3,baseline,always_cpu_ref,,,,16,0.1875,0.5,,,0.0,0,0,13,3,166.9994384799263,4.780527011808301,1130.4803708655131,1502.7033309932103,18.75,4.481890985784355,3.5815609483477275
interpolation_fold2,interpolation,gpu_ready,5,baseline,always_cpu_ref,,,,16,0.1875,0.5,,,0.0,0,0,13,3,63.701179367061314,3.6932871086697627,420.77131484919136,543.0570963991225,18.75,10.243457161752843,3.4316964636552543
interpolation_fold2,interpolation,gpu_ready,10,baseline,always_cpu_ref,,,,16,0.5,0.5,,,0.0,0,0,8,8,19.31554306361848,2.908432907696175,114.16425457068993,137.07108999929625,50.0,35.567352793535214,3.4130112309541256
interpolation_fold2,interpolation,gpu_ready,30,baseline,always_cpu_ref,,,,16,0.5625,0.5,,,0.0,0,0,7,9,5.433357844969785,1.0,18.68830173076665,21.67626493038035,56.25,292.86265234725255,3.42594340803906
interpolation_fold2,interpolation,gpu_ready,100,baseline,always_cpu_ref,,,,16,0.5625,0.5,,,0.0,0,0,7,9,3.5715524495472586,1.0,12.601220190709212,21.24840539380634,56.25,3158.99263532027,3.4326688331930137
interpolation_fold2,interpolation,gpu_ready,1000,baseline,always_cpu_ref,,,,16,0.625,0.5,,,0.0,0,0,6,10,3.3153410802000884,1.0,12.457077206266263,21.084512609214627,62.5,312384.7412019672,3.4352036147270026
interpolation_fold2,interpolation,gpu_ready,1,baseline,always_gpu_ref,,,,16,0.8125,0.5,,0.8125,1.0,13,3,0,0,4.280724379178195,1.0,17.02536771271794,46.32470439387124,81.25,1.9270365379563985,6.9278484236526205
interpolation_fold2,interpolation,gpu_ready,2,baseline,always_gpu_ref,,,,16,0.8125,0.5,,0.8125,1.0,13,3,0,0,2.8941883007984606,1.0,13.987929027893284,15.023983841120364,81.25,7.708146151825594,11.509430277129246
interpolation_fold2,interpolation,gpu_ready,3,baseline,always_gpu_ref,,,,16,0.8125,0.5,,0.8125,1.0,13,3,0,0,3.082588183728364,1.0,13.068434289820948,17.77976154177474,81.25,17.343328841607587,13.859370852721419
interpolation_fold2,interpolation,gpu_ready,5,baseline,always_gpu_ref,,,,16,0.8125,0.5,,0.8125,1.0,13,3,0,0,3.487428719574938,1.0,13.659626354360299,22.627551842027575,81.25,48.17591344890996,16.139581510945252
interpolation_fold2,interpolation,gpu_ready,10,baseline,always_gpu_ref,,,,16,0.5,0.5,,0.5,1.0,8,8,0,0,4.289132113118635,1.0595661434423238,18.703291678708627,27.710766740306276,50.0,192.70365379563984,18.491669550677358
interpolation_fold2,interpolation,gpu_ready,30,baseline,always_gpu_ref,,,,16,0.4375,0.5,,0.4375,1.0,7,9,0,0,5.9155962421786,1.2698814358525512,24.12361561814383,32.12791023007479,43.75,1734.332884160759,20.288439868360925
interpolation_fold2,interpolation,gpu_ready,100,baseline,always_gpu_ref,,,,16,0.4375,0.5,,0.4375,1.0,7,9,0,0,8.214657306105074,2.278938981217684,31.240923979391265,33.92957142030312,43.75,19270.365379563988,20.93983439627885
interpolation_fold2,interpolation,gpu_ready,1000,baseline,always_gpu_ref,,,,16,0.375,0.5,,0.375,1.0,6,10,0,0,12.011416885692524,3.3383774684789342,39.86012830092484,55.443288000070574,37.5,1927036.5379563984,21.191057077333145
interpolation_fold2,interpolation,gpu_ready,1,baseline,stay_on_ready_device,,,,16,0.8125,0.5,,0.8125,1.0,13,3,0,0,4.280724379178195,1.0,17.02536771271794,46.32470439387124,81.25,1.9270365379563985,6.9278484236526205
interpolation_fold2,interpolation,gpu_ready,2,baseline,stay_on_ready_device,,,,16,0.8125,0.5,,0.8125,1.0,13,3,0,0,2.8941883007984606,1.0,13.987929027893284,15.023983841120364,81.25,7.708146151825594,11.509430277129246
interpolation_fold2,interpolation,gpu_ready,3,baseline,stay_on_ready_device,,,,16,0.8125,0.5,,0.8125,1.0,13,3,0,0,3.082588183728364,1.0,13.068434289820948,17.77976154177474,81.25,17.343328841607587,13.859370852721419
interpolation_fold2,interpolation,gpu_ready,5,baseline,stay_on_ready_device,,,,16,0.8125,0.5,,0.8125,1.0,13,3,0,0,3.487428719574938,1.0,13.659626354360299,22.627551842027575,81.25,48.17591344890996,16.139581510945252
interpolation_fold2,interpolation,gpu_ready,10,baseline,stay_on_ready_device,,,,16,0.5,0.5,,0.5,1.0,8,8,0,0,4.289132113118635,1.0595661434423238,18.703291678708627,27.710766740306276,50.0,192.70365379563984,18.491669550677358
interpolation_fold2,interpolation,gpu_ready,30,baseline,stay_on_ready_device,,,,16,0.4375,0.5,,0.4375,1.0,7,9,0,0,5.9155962421786,1.2698814358525512,24.12361561814383,32.12791023007479,43.75,1734.332884160759,20.288439868360925
interpolation_fold2,interpolation,gpu_ready,100,baseline,stay_on_ready_device,,,,16,0.4375,0.5,,0.4375,1.0,7,9,0,0,8.214657306105074,2.278938981217684,31.240923979391265,33.92957142030312,43.75,19270.365379563988,20.93983439627885
interpolation_fold2,interpolation,gpu_ready,1000,baseline,stay_on_ready_device,,,,16,0.375,0.5,,0.375,1.0,6,10,0,0,12.011416885692524,3.3383774684789342,39.86012830092484,55.443288000070574,37.5,1927036.5379563984,21.191057077333145
interpolation_fold2,interpolation,gpu_ready,1,baseline,best_constant_device_train,,,,16,0.8125,0.5,,0.8125,1.0,13,3,0,0,4.280724379178195,1.0,17.02536771271794,46.32470439387124,81.25,1.9270365379563985,6.9278484236526205
interpolation_fold2,interpolation,gpu_ready,2,baseline,best_constant_device_train,,,,16,0.8125,0.5,,0.8125,1.0,13,3,0,0,2.8941883007984606,1.0,13.987929027893284,15.023983841120364,81.25,7.708146151825594,11.509430277129246
interpolation_fold2,interpolation,gpu_ready,3,baseline,best_constant_device_train,,,,16,0.8125,0.5,,0.8125,1.0,13,3,0,0,3.082588183728364,1.0,13.068434289820948,17.77976154177474,81.25,17.343328841607587,13.859370852721419
interpolation_fold2,interpolation,gpu_ready,5,baseline,best_constant_device_train,,,,16,0.8125,0.5,,0.8125,1.0,13,3,0,0,3.487428719574938,1.0,13.659626354360299,22.627551842027575,81.25,48.17591344890996,16.139581510945252
interpolation_fold2,interpolation,gpu_ready,10,baseline,best_constant_device_train,,,,16,0.5,0.5,,0.5,1.0,8,8,0,0,4.289132113118635,1.0595661434423238,18.703291678708627,27.710766740306276,50.0,192.70365379563984,18.491669550677358
interpolation_fold2,interpolation,gpu_ready,30,baseline,best_constant_device_train,,,,16,0.4375,0.5,,0.4375,1.0,7,9,0,0,5.9155962421786,1.2698814358525512,24.12361561814383,32.12791023007479,43.75,1734.332884160759,20.288439868360925
interpolation_fold2,interpolation,gpu_ready,100,baseline,best_constant_device_train,,,,16,0.4375,0.5,,0.4375,1.0,7,9,0,0,8.214657306105074,2.278938981217684,31.240923979391265,33.92957142030312,43.75,19270.365379563988,20.93983439627885
interpolation_fold2,interpolation,gpu_ready,1000,baseline,best_constant_device_train,,,,16,0.375,0.5,,0.375,1.0,6,10,0,0,12.011416885692524,3.3383774684789342,39.86012830092484,55.443288000070574,37.5,1927036.5379563984,21.191057077333145
interpolation_fold2,interpolation,gpu_ready,1,baseline,size_threshold_train,,,,16,0.9375,0.9615384615384616,0.8320502943378436,1.0,0.9230769230769231,12,0,1,3,2.7025203775960436,1.0,7.810081510384174,28.240326041536697,93.75,0.3368178502416984,1.210886751181991
interpolation_fold2,interpolation,gpu_ready,2,baseline,size_threshold_train,,,,16,0.9375,0.9615384615384616,0.8320502943378436,1.0,0.9230769230769231,12,0,1,3,1.4008183112652284,1.0,2.6032732450609135,7.413092980243653,93.75,0.7249646967512429,1.0824821515173793
interpolation_fold2,interpolation,gpu_ready,3,baseline,size_threshold_train,,,,16,0.9375,0.9615384615384616,0.8320502943378436,1.0,0.9230769230769231,12,0,1,3,1.1534563386603485,1.0,1.6138253546413939,3.455301418565575,93.75,1.298964868569184,1.0380265520288745
interpolation_fold2,interpolation,gpu_ready,5,baseline,size_threshold_train,,,,16,0.9375,0.9615384615384616,0.8320502943378436,1.0,0.9230769230769231,12,0,1,3,1.0227206983983854,1.0,1.0908827935935421,1.363531174374169,93.75,3.0045251881302555,1.0065565072666736
interpolation_fold2,interpolation,gpu_ready,10,baseline,size_threshold_train,,,,16,0.75,0.75,0.5773502691896258,0.6666666666666666,1.0,8,4,0,4,1.1572238197661813,1.0,1.747251713381726,2.375039524830344,75.0,10.520859179929875,1.009572198100561
interpolation_fold2,interpolation,gpu_ready,30,baseline,size_threshold_train,,,,16,0.6875,0.7222222222222222,0.5091750772173156,0.5833333333333334,1.0,7,5,0,4,1.6577503264609046,1.0,3.8838332674907403,8.016999345178032,68.75,87.0495264742275,1.0183160912019895
interpolation_fold2,interpolation,gpu_ready,100,baseline,size_threshold_train,,,,16,0.6875,0.7222222222222222,0.5091750772173156,0.5833333333333334,1.0,7,5,0,4,2.464544921235461,1.0,7.531158721913552,16.140123160519554,68.75,940.3378367257185,1.021803073774264
interpolation_fold2,interpolation,gpu_ready,1000,baseline,size_threshold_train,,,,16,0.625,0.7,0.4472135954999579,0.5,1.0,6,6,0,4,4.573562270458444,1.0,20.206558697746324,23.033466192675014,62.5,93036.1640370743,1.023091479342972
interpolation_fold2,interpolation,gpu_ready,1,baseline,intensity_threshold_train,,,,16,0.625,0.7692307692307692,0.4236592728681617,1.0,0.5384615384615384,7,0,6,3,1428.745010731758,1.0,9837.305233432598,13472.332665009122,62.5,0.6522524881916769,2.3448991667455603
interpolation_fold2,interpolation,gpu_ready,2,baseline,intensity_threshold_train,,,,16,0.625,0.7692307692307692,0.4236592728681617,1.0,0.5384615384615384,7,0,6,3,362.2843601335456,1.0,2501.2054017439286,3374.579701833833,62.5,1.0534876924249499,1.5730167675799778
interpolation_fold2,interpolation,gpu_ready,3,baseline,intensity_threshold_train,,,,16,0.625,0.7692307692307692,0.4236592728681617,1.0,0.5384615384615384,7,0,6,3,163.4606530311094,1.0,1130.4803708655131,1502.7033309932103,62.5,1.6366569138987281,1.3078824333870203
interpolation_fold2,interpolation,gpu_ready,5,baseline,intensity_threshold_train,,,,16,0.625,0.7692307692307692,0.4236592728681617,1.0,0.5384615384615384,7,0,6,3,60.800430864068865,1.0,420.77131484919136,543.0570963991225,62.5,3.348797408567801,1.1218923497224351
interpolation_fold2,interpolation,gpu_ready,10,baseline,intensity_threshold_train,,,,16,0.5625,0.5625,0.1259881576697424,0.5714285714285714,0.5,4,3,4,5,16.886151212064476,1.0,114.16425457068993,137.07108999929625,56.25,10.812993946949328,1.037605187976906
interpolation_fold2,interpolation,gpu_ready,30,baseline,intensity_threshold_train,,,,16,0.625,0.6190476190476191,0.23809523809523808,0.5714285714285714,0.5714285714285714,4,3,3,6,3.63031225770894,1.0,16.286489065285018,17.692313997562085,62.5,86.1532844106018,1.0078317410628497
interpolation_fold2,interpolation,gpu_ready,100,baseline,intensity_threshold_train,,,,16,0.625,0.6190476190476191,0.23809523809523808,0.5714285714285714,0.5714285714285714,4,3,3,6,2.3865052200085923,1.0,7.236110779115878,16.140123160519554,62.5,922.9364553409775,1.0028941409499084
interpolation_fold2,interpolation,gpu_ready,1000,baseline,intensity_threshold_train,,,,16,0.6875,0.6833333333333333,0.3578300267477955,0.5714285714285714,0.6666666666666666,4,3,2,7,2.6072565293965635,1.0,8.25731898757672,23.033466192675014,68.75,91095.77574992643,1.0017535969856683
interpolation_fold2,interpolation,gpu_ready,1,baseline,operation_crossover_table_train,,,,16,0.4375,0.6538461538461539,0.2773500981126145,1.0,0.3076923076923077,4,0,9,3,1430.8771977280385,7.482257061845077,9837.305233432598,13472.332665009122,43.75,0.6536119316120168,2.3497864731204743
interpolation_fold2,interpolation,gpu_ready,2,baseline,operation_crossover_table_train,,,,16,0.4375,0.6538461538461539,0.2773500981126145,1.0,0.3076923076923077,4,0,9,3,362.83547605443056,2.8722937769490646,2501.2054017439286,3374.579701833833,43.75,1.0550765580263077,1.5753891846953727
interpolation_fold2,interpolation,gpu_ready,3,baseline,operation_crossover_table_train,,,,16,0.4375,0.6538461538461539,0.2773500981126145,1.0,0.3076923076923077,4,0,9,3,163.68552781996246,1.8256243454451107,1130.4803708655131,1502.7033309932103,43.75,1.6382706419244557,1.3091719929270742
interpolation_fold2,interpolation,gpu_ready,5,baseline,operation_crossover_table_train,,,,16,0.4375,0.6538461538461539,0.2773500981126145,1.0,0.3076923076923077,4,0,9,3,60.8365944688124,1.164683399088046,420.77131484919136,543.0570963991225,43.75,3.349847182172322,1.1222440380547418
interpolation_fold2,interpolation,gpu_ready,10,baseline,operation_crossover_table_train,,,,16,0.75,0.75,0.5773502691896258,1.0,0.5,4,0,4,8,16.76255171164614,1.0,114.16425457068993,137.07108999929625,75.0,10.809054038759486,1.0372271179254484
interpolation_fold2,interpolation,gpu_ready,30,baseline,operation_crossover_table_train,,,,16,0.8125,0.7857142857142857,0.6546536707079771,1.0,0.5714285714285714,4,0,3,9,3.075999916701043,1.0,16.286489065285018,17.692313997562085,81.25,86.07824583607238,1.006953930568076
interpolation_fold2,interpolation,gpu_ready,100,baseline,operation_crossover_table_train,,,,16,0.8125,0.7857142857142857,0.6546536707079771,1.0,0.5714285714285714,4,0,3,9,1.2803801498239096,1.0,2.2795049964750507,4.268106651981319,81.25,921.9682082008168,1.001842010677841
interpolation_fold2,interpolation,gpu_ready,1000,baseline,operation_crossover_table_train,,,,16,0.875,0.8333333333333333,0.7453559924999299,1.0,0.6666666666666666,4,0,2,10,1.0493807389644847,1.0,1.3232946375147123,1.538548460118207,87.5,90994.03305887965,1.0006347623757859
interpolation_fold2,interpolation,gpu_ready,1,baseline,oracle,,,,16,1.0,1.0,1.0,1.0,1.0,13,0,0,3,1.0,1.0,1.0,1.0,100.0,0.2781580109889865,1.0
interpolation_fold2,interpolation,gpu_ready,2,baseline,oracle,,,,16,1.0,1.0,1.0,1.0,1.0,13,0,0,3,1.0,1.0,1.0,1.0,100.0,0.6697243882820765,1.0
interpolation_fold2,interpolation,gpu_ready,3,baseline,oracle,,,,16,1.0,1.0,1.0,1.0,1.0,13,0,0,3,1.0,1.0,1.0,1.0,100.0,1.2513792311288112,1.0
interpolation_fold2,interpolation,gpu_ready,5,baseline,oracle,,,,16,1.0,1.0,1.0,1.0,1.0,13,0,0,3,1.0,1.0,1.0,1.0,100.0,2.984954313483214,1.0
interpolation_fold2,interpolation,gpu_ready,10,baseline,oracle,,,,16,1.0,1.0,1.0,1.0,1.0,8,0,0,8,1.0,1.0,1.0,1.0,100.0,10.421106286132018,1.0
interpolation_fold2,interpolation,gpu_ready,30,baseline,oracle,,,,16,1.0,1.0,1.0,1.0,1.0,7,0,0,9,1.0,1.0,1.0,1.0,100.0,85.48379744395169,1.0
interpolation_fold2,interpolation,gpu_ready,100,baseline,oracle,,,,16,1.0,1.0,1.0,1.0,1.0,7,0,0,9,1.0,1.0,1.0,1.0,100.0,920.2730554062291,1.0
interpolation_fold2,interpolation,gpu_ready,1000,baseline,oracle,,,,16,1.0,1.0,1.0,1.0,1.0,6,0,0,10,1.0,1.0,1.0,1.0,100.0,90936.31011062863,1.0
interpolation_fold2,interpolation,gpu_ready,1,baseline,stay_on_ready_device_k,,,,16,0.8125,0.5,,0.8125,1.0,13,3,0,0,4.280724379178195,1.0,17.02536771271794,46.32470439387124,81.25,1.9270365379563985,6.9278484236526205
interpolation_fold2,interpolation,gpu_ready,2,baseline,stay_on_ready_device_k,,,,16,0.8125,0.5,,0.8125,1.0,13,3,0,0,2.8941883007984606,1.0,13.987929027893284,15.023983841120364,81.25,7.708146151825594,11.509430277129246
interpolation_fold2,interpolation,gpu_ready,3,baseline,stay_on_ready_device_k,,,,16,0.8125,0.5,,0.8125,1.0,13,3,0,0,3.082588183728364,1.0,13.068434289820948,17.77976154177474,81.25,17.343328841607587,13.859370852721419
interpolation_fold2,interpolation,gpu_ready,5,baseline,stay_on_ready_device_k,,,,16,0.8125,0.5,,0.8125,1.0,13,3,0,0,3.487428719574938,1.0,13.659626354360299,22.627551842027575,81.25,48.17591344890996,16.139581510945252
interpolation_fold2,interpolation,gpu_ready,10,baseline,stay_on_ready_device_k,,,,16,0.5,0.5,,0.5,1.0,8,8,0,0,4.289132113118635,1.0595661434423238,18.703291678708627,27.710766740306276,50.0,192.70365379563984,18.491669550677358
interpolation_fold2,interpolation,gpu_ready,30,baseline,stay_on_ready_device_k,,,,16,0.4375,0.5,,0.4375,1.0,7,9,0,0,5.9155962421786,1.2698814358525512,24.12361561814383,32.12791023007479,43.75,1734.332884160759,20.288439868360925
interpolation_fold2,interpolation,gpu_ready,100,baseline,stay_on_ready_device_k,,,,16,0.4375,0.5,,0.4375,1.0,7,9,0,0,8.214657306105074,2.278938981217684,31.240923979391265,33.92957142030312,43.75,19270.365379563988,20.93983439627885
interpolation_fold2,interpolation,gpu_ready,1000,baseline,stay_on_ready_device_k,,,,16,0.375,0.5,,0.375,1.0,6,10,0,0,12.011416885692524,3.3383774684789342,39.86012830092484,55.443288000070574,37.5,1927036.5379563984,21.191057077333145
interpolation_fold2,interpolation,gpu_ready,1,baseline,k_break_even_table_train,,,,16,0.8125,0.5,,0.8125,1.0,13,3,0,0,4.280724379178195,1.0,17.02536771271794,46.32470439387124,81.25,1.9270365379563985,6.9278484236526205
interpolation_fold2,interpolation,gpu_ready,2,baseline,k_break_even_table_train,,,,16,0.8125,0.5,,0.8125,1.0,13,3,0,0,2.8941883007984606,1.0,13.987929027893284,15.023983841120364,81.25,7.708146151825594,11.509430277129246
interpolation_fold2,interpolation,gpu_ready,3,baseline,k_break_even_table_train,,,,16,0.8125,0.5,,0.8125,1.0,13,3,0,0,3.082588183728364,1.0,13.068434289820948,17.77976154177474,81.25,17.343328841607587,13.859370852721419
interpolation_fold2,interpolation,gpu_ready,5,baseline,k_break_even_table_train,,,,16,0.8125,0.5,,0.8125,1.0,13,3,0,0,3.487428719574938,1.0,13.659626354360299,22.627551842027575,81.25,48.17591344890996,16.139581510945252
interpolation_fold2,interpolation,gpu_ready,10,baseline,k_break_even_table_train,,,,16,0.5,0.5,,0.5,1.0,8,8,0,0,4.289132113118635,1.0595661434423238,18.703291678708627,27.710766740306276,50.0,192.70365379563984,18.491669550677358
interpolation_fold2,interpolation,gpu_ready,30,baseline,k_break_even_table_train,,,,16,0.4375,0.5,,0.4375,1.0,7,9,0,0,5.9155962421786,1.2698814358525512,24.12361561814383,32.12791023007479,43.75,1734.332884160759,20.288439868360925
interpolation_fold2,interpolation,gpu_ready,100,baseline,k_break_even_table_train,,,,16,0.4375,0.5,,0.4375,1.0,7,9,0,0,8.214657306105074,2.278938981217684,31.240923979391265,33.92957142030312,43.75,19270.365379563988,20.93983439627885
interpolation_fold2,interpolation,gpu_ready,1000,baseline,k_break_even_table_train,,,,16,0.375,0.5,,0.375,1.0,6,10,0,0,12.011416885692524,3.3383774684789342,39.86012830092484,55.443288000070574,37.5,1927036.5379563984,21.191057077333145
interpolation_fold2,interpolation,gpu_ready,1,baseline,oracle_k,,,,16,1.0,1.0,1.0,1.0,1.0,13,0,0,3,1.0,1.0,1.0,1.0,100.0,0.2781580109889865,1.0
interpolation_fold2,interpolation,gpu_ready,2,baseline,oracle_k,,,,16,1.0,1.0,1.0,1.0,1.0,13,0,0,3,1.0,1.0,1.0,1.0,100.0,0.6697243882820765,1.0
interpolation_fold2,interpolation,gpu_ready,3,baseline,oracle_k,,,,16,1.0,1.0,1.0,1.0,1.0,13,0,0,3,1.0,1.0,1.0,1.0,100.0,1.2513792311288112,1.0
interpolation_fold2,interpolation,gpu_ready,5,baseline,oracle_k,,,,16,1.0,1.0,1.0,1.0,1.0,13,0,0,3,1.0,1.0,1.0,1.0,100.0,2.984954313483214,1.0
interpolation_fold2,interpolation,gpu_ready,10,baseline,oracle_k,,,,16,1.0,1.0,1.0,1.0,1.0,8,0,0,8,1.0,1.0,1.0,1.0,100.0,10.421106286132018,1.0
interpolation_fold2,interpolation,gpu_ready,30,baseline,oracle_k,,,,16,1.0,1.0,1.0,1.0,1.0,7,0,0,9,1.0,1.0,1.0,1.0,100.0,85.48379744395169,1.0
interpolation_fold2,interpolation,gpu_ready,100,baseline,oracle_k,,,,16,1.0,1.0,1.0,1.0,1.0,7,0,0,9,1.0,1.0,1.0,1.0,100.0,920.2730554062291,1.0
interpolation_fold2,interpolation,gpu_ready,1000,baseline,oracle_k,,,,16,1.0,1.0,1.0,1.0,1.0,6,0,0,10,1.0,1.0,1.0,1.0,100.0,90936.31011062863,1.0
interpolation_fold2,interpolation,none_ready,1,baseline,always_cpu_ref,,,,16,1.0,1.0,,,,0,0,0,16,1.0,1.0,1.0,1.0,100.0,1.2163202822412733,1.0
interpolation_fold2,interpolation,none_ready,2,baseline,always_cpu_ref,,,,16,1.0,1.0,,,,0,0,0,16,1.0,1.0,1.0,1.0,100.0,2.5371061999596387,1.0
interpolation_fold2,interpolation,none_ready,3,baseline,always_cpu_ref,,,,16,1.0,1.0,,,,0,0,0,16,1.0,1.0,1.0,1.0,100.0,4.481890985784355,1.0
interpolation_fold2,interpolation,none_ready,5,baseline,always_cpu_ref,,,,16,1.0,1.0,,,,0,0,0,16,1.0,1.0,1.0,1.0,100.0,10.243457161752843,1.0
interpolation_fold2,interpolation,none_ready,10,baseline,always_cpu_ref,,,,16,1.0,1.0,,,,0,0,0,16,1.0,1.0,1.0,1.0,100.0,35.567352793535214,1.0
interpolation_fold2,interpolation,none_ready,30,baseline,always_cpu_ref,,,,16,1.0,1.0,,,,0,0,0,16,1.0,1.0,1.0,1.0,100.0,292.86265234725255,1.0
interpolation_fold2,interpolation,none_ready,100,baseline,always_cpu_ref,,,,16,0.8125,0.5,,,0.0,0,0,3,13,1.4219274351873104,1.0,3.6821862875554516,4.326100902330005,81.25,3158.99263532027,2.169995752792908
interpolation_fold2,interpolation,none_ready,1000,baseline,always_cpu_ref,,,,16,0.75,0.5,,,0.0,0,0,4,12,2.735759106085475,1.0,10.494487387186503,16.75381779689708,75.0,312384.7412019672,3.283212938752893
interpolation_fold2,interpolation,none_ready,1,baseline,always_gpu_ref,,,,16,0.0,0.0,,0.0,,0,16,0,0,56784.21062314812,1244.220109686709,258215.1267150999,481054.94029601954,0.0,885.2902779083897,727.8430614320552
interpolation_fold2,interpolation,none_ready,2,baseline,always_gpu_ref,,,,16,0.0,0.0,,0.0,,0,16,0,0,37822.94856022538,1209.482657271244,199853.4289724472,293666.8837278857,0.0,917.7082547844661,361.7145607854592
interpolation_fold2,interpolation,none_ready,3,baseline,always_gpu_ref,,,,16,0.0,0.0,,0.0,,0,16,0,0,28481.430367181947,877.8767425188671,166057.8184022051,198901.06564196164,0.0,953.9803047364554,212.852188454
interpolation_fold2,interpolation,none_ready,5,baseline,always_gpu_ref,,,,16,0.0,0.0,,0.0,,0,16,0,0,18963.56511347231,843.33758504104,115169.30903392895,132670.29661884057,0.0,1038.0866238681722,101.34143263118177
interpolation_fold2,interpolation,none_ready,10,baseline,always_gpu_ref,,,,16,0.0,0.0,,0.0,,0,16,0,0,10163.961842152085,551.20005575573,54325.64111406217,94242.90930283384,0.0,1315.7987005259383,36.99456375525086
interpolation_fold2,interpolation,none_ready,30,baseline,always_gpu_ref,,,,16,0.0,0.0,,0.0,,0,16,0,0,3103.185570850767,169.48110530594218,14059.478526005907,36060.55466171366,0.0,3390.165276135202,11.575956336403802
interpolation_fold2,interpolation,none_ready,100,baseline,always_gpu_ref,,,,16,0.1875,0.5,,0.1875,1.0,3,13,0,0,621.1691776385994,61.38875915179915,2407.477099800798,6996.821938010274,18.75,22790.778479892935,15.655589681106573
interpolation_fold2,interpolation,none_ready,1000,baseline,always_gpu_ref,,,,16,0.25,0.5,,0.25,1.0,4,12,0,0,52.07592418432873,6.617901575547176,248.12236282820612,377.7743285168368,25.0,1954530.1315927142,20.542420198042578
interpolation_fold2,interpolation,none_ready,1,baseline,stay_on_ready_device,,,,16,1.0,1.0,,,,0,0,0,16,1.0,1.0,1.0,1.0,100.0,1.2163202822412733,1.0
interpolation_fold2,interpolation,none_ready,2,baseline,stay_on_ready_device,,,,16,1.0,1.0,,,,0,0,0,16,1.0,1.0,1.0,1.0,100.0,2.5371061999596387,1.0
interpolation_fold2,interpolation,none_ready,3,baseline,stay_on_ready_device,,,,16,1.0,1.0,,,,0,0,0,16,1.0,1.0,1.0,1.0,100.0,4.481890985784355,1.0
interpolation_fold2,interpolation,none_ready,5,baseline,stay_on_ready_device,,,,16,1.0,1.0,,,,0,0,0,16,1.0,1.0,1.0,1.0,100.0,10.243457161752843,1.0
interpolation_fold2,interpolation,none_ready,10,baseline,stay_on_ready_device,,,,16,1.0,1.0,,,,0,0,0,16,1.0,1.0,1.0,1.0,100.0,35.567352793535214,1.0
interpolation_fold2,interpolation,none_ready,30,baseline,stay_on_ready_device,,,,16,1.0,1.0,,,,0,0,0,16,1.0,1.0,1.0,1.0,100.0,292.86265234725255,1.0
interpolation_fold2,interpolation,none_ready,100,baseline,stay_on_ready_device,,,,16,0.8125,0.5,,,0.0,0,0,3,13,1.4219274351873104,1.0,3.6821862875554516,4.326100902330005,81.25,3158.99263532027,2.169995752792908
interpolation_fold2,interpolation,none_ready,1000,baseline,stay_on_ready_device,,,,16,0.75,0.5,,,0.0,0,0,4,12,2.735759106085475,1.0,10.494487387186503,16.75381779689708,75.0,312384.7412019672,3.283212938752893
interpolation_fold2,interpolation,none_ready,1,baseline,best_constant_device_train,,,,16,0.0,0.0,,0.0,,0,16,0,0,56784.21062314812,1244.220109686709,258215.1267150999,481054.94029601954,0.0,885.2902779083897,727.8430614320552
interpolation_fold2,interpolation,none_ready,2,baseline,best_constant_device_train,,,,16,0.0,0.0,,0.0,,0,16,0,0,37822.94856022538,1209.482657271244,199853.4289724472,293666.8837278857,0.0,917.7082547844661,361.7145607854592
interpolation_fold2,interpolation,none_ready,3,baseline,best_constant_device_train,,,,16,0.0,0.0,,0.0,,0,16,0,0,28481.430367181947,877.8767425188671,166057.8184022051,198901.06564196164,0.0,953.9803047364554,212.852188454
interpolation_fold2,interpolation,none_ready,5,baseline,best_constant_device_train,,,,16,0.0,0.0,,0.0,,0,16,0,0,18963.56511347231,843.33758504104,115169.30903392895,132670.29661884057,0.0,1038.0866238681722,101.34143263118177
interpolation_fold2,interpolation,none_ready,10,baseline,best_constant_device_train,,,,16,0.0,0.0,,0.0,,0,16,0,0,10163.961842152085,551.20005575573,54325.64111406217,94242.90930283384,0.0,1315.7987005259383,36.99456375525086
interpolation_fold2,interpolation,none_ready,30,baseline,best_constant_device_train,,,,16,0.0,0.0,,0.0,,0,16,0,0,3103.185570850767,169.48110530594218,14059.478526005907,36060.55466171366,0.0,3390.165276135202,11.575956336403802
interpolation_fold2,interpolation,none_ready,100,baseline,best_constant_device_train,,,,16,0.1875,0.5,,0.1875,1.0,3,13,0,0,621.1691776385994,61.38875915179915,2407.477099800798,6996.821938010274,18.75,22790.778479892935,15.655589681106573
interpolation_fold2,interpolation,none_ready,1000,baseline,best_constant_device_train,,,,16,0.25,0.5,,0.25,1.0,4,12,0,0,52.07592418432873,6.617901575547176,248.12236282820612,377.7743285168368,25.0,1954530.1315927142,20.542420198042578
interpolation_fold2,interpolation,none_ready,1,baseline,size_threshold_train,,,,16,0.25,0.25,,0.0,,0,12,0,4,25063.298963233825,789.0297205310246,127905.79597969164,183935.18885479338,25.0,674.8503087171853,554.8294462981912
interpolation_fold2,interpolation,none_ready,2,baseline,size_threshold_train,,,,16,0.25,0.25,,0.0,,0,12,0,4,19263.61561891394,530.4476891330512,102250.26518459775,168582.27738730103,25.0,680.7740129364743,268.3269675298985
interpolation_fold2,interpolation,none_ready,3,baseline,size_threshold_train,,,,16,0.25,0.25,,0.0,,0,12,0,4,15936.962130887272,491.3252013619818,84805.91212192274,155110.06932228626,25.0,686.883570481072,153.25753630771624
interpolation_fold2,interpolation,none_ready,5,baseline,size_threshold_train,,,,16,0.25,0.25,,0.0,,0,12,0,4,12055.889826893723,428.5500912911631,62701.9590652341,132670.29661884057,25.0,699.6602455461922,68.3031357966325
interpolation_fold2,interpolation,none_ready,10,baseline,size_threshold_train,,,,16,0.25,0.25,,0.0,,0,12,0,4,7547.087005096248,326.26764870357204,36816.47159720198,94242.90930283384,25.0,734.8543664018896,20.660923815939938
interpolation_fold2,interpolation,none_ready,30,baseline,size_threshold_train,,,,16,0.25,0.25,,0.0,,0,12,0,4,2650.8273341875565,95.57587389789487,11549.145303190939,36060.55466171366,25.0,922.0941811517788,3.1485550436743126
interpolation_fold2,interpolation,none_ready,100,baseline,size_threshold_train,,,,16,0.4375,0.6538461538461539,0.2773500981126145,0.25,1.0,3,9,0,4,550.4254222522327,15.68417467313429,2326.388978214415,6996.821938010274,43.75,2162.87150749784,1.4857337534220845
interpolation_fold2,interpolation,none_ready,1000,baseline,size_threshold_train,,,,16,0.5,0.6666666666666666,0.3333333333333333,0.3333333333333333,1.0,4,8,0,4,41.37180708394257,1.3580482699939727,248.12236282820612,377.7743285168368,50.0,99240.69934334804,1.0430354148582024
interpolation_fold2,interpolation,none_ready,1,baseline,intensity_threshold_train,,,,16,0.5625,0.5625,,0.0,,0,7,0,9,24695.086769033787,1.0,127905.79597969164,183935.18885479338,56.25,398.8149990857751,327.88649906494356
interpolation_fold2,interpolation,none_ready,2,baseline,intensity_threshold_train,,,,16,0.5625,0.5625,,0.0,,0,7,0,9,18941.95455596478,1.0,102250.26518459775,168582.27738730103,56.25,403.51416039371355,159.04504131523262
interpolation_fold2,interpolation,none_ready,3,baseline,intensity_threshold_train,,,,16,0.5625,0.5625,,0.0,,0,7,0,9,15647.153796360779,1.0,84805.91212192274,155110.06932228626,56.25,408.3952557188925,91.12119349047957
interpolation_fold2,interpolation,none_ready,5,baseline,intensity_threshold_train,,,,16,0.5625,0.5625,,0.0,,0,7,0,9,11807.044831815534,1.0,62701.9590652341,132670.29661884057,56.25,418.7032484209719,40.87518908990332
interpolation_fold2,interpolation,none_ready,10,baseline,intensity_threshold_train,,,,16,0.5625,0.5625,,0.0,,0,7,0,9,7348.886028773829,1.0,36816.47159720198,94242.90930283384,56.25,447.65707547787895,12.586179187314888
interpolation_fold2,interpolation,none_ready,30,baseline,intensity_threshold_train,,,,16,0.5625,0.5625,,0.0,,0,7,0,9,2517.1505495578376,1.0,11549.145303190939,36060.55466171366,56.25,608.955888015634,2.079322450762974
interpolation_fold2,interpolation,none_ready,100,baseline,intensity_threshold_train,,,,16,0.75,0.8461538461538461,0.5447047794019222,0.42857142857142855,1.0,3,4,0,9,470.75332506765346,1.0,2068.307787249343,6996.821938010274,75.0,1746.5938862053686,1.1997816242251085
interpolation_fold2,interpolation,none_ready,1000,baseline,intensity_threshold_train,,,,16,0.8125,0.875,0.6546536707079771,0.5714285714285714,1.0,4,3,0,9,14.788666421230355,1.0,62.05534275168302,204.9050409319959,81.25,95787.56667412544,1.0067424454410696
interpolation_fold2,interpolation,none_ready,1,baseline,operation_crossover_table_train,,,,16,0.8125,0.8125,,0.0,,0,3,0,13,85.23867783955588,1.0,473.4985771237361,851.9690115386104,81.25,160.75265132912682,132.16309361619227
interpolation_fold2,interpolation,none_ready,2,baseline,operation_crossover_table_train,,,,16,0.8125,0.8125,,0.0,,0,3,0,13,26.830711967846575,1.0,149.17574511897323,229.67066161188197,81.25,164.87997864961278,64.98741702347176
interpolation_fold2,interpolation,none_ready,3,baseline,operation_crossover_table_train,,,,16,0.8125,0.8125,,0.0,,0,3,0,13,13.617385052684758,1.0,73.46412834363633,106.58102837701178,81.25,169.19003154585909,37.74969808112142
interpolation_fold2,interpolation,none_ready,5,baseline,operation_crossover_table_train,,,,16,0.8125,0.8125,,0.0,,0,3,0,13,5.997531419213216,1.0,29.5346221166564,40.96364111622216,81.25,178.35831406563287,17.411925607654172
interpolation_fold2,interpolation,none_ready,10,baseline,operation_crossover_table_train,,,,16,0.8125,0.8125,,0.0,,0,3,0,13,2.3507498256817567,1.0,8.581710409504199,11.711955123996228,81.25,204.47671794087398,5.749000189242086
interpolation_fold2,interpolation,none_ready,30,baseline,operation_crossover_table_train,,,,16,0.8125,0.8125,,0.0,,0,3,0,13,1.0772646603178748,1.0,1.3862013948400085,2.0149241746342965,81.25,354.63172738193344,1.2109148248833046
interpolation_fold2,interpolation,none_ready,100,baseline,operation_crossover_table_train,,,,16,1.0,1.0,1.0,1.0,1.0,3,0,0,13,1.0,1.0,1.0,1.0,100.0,1455.7598240708382,1.0
interpolation_fold2,interpolation,none_ready,1000,baseline,operation_crossover_table_train,,,,16,0.9375,0.875,0.8320502943378436,1.0,0.75,3,0,1,12,1.0308716229882688,1.0,1.1234864919530754,1.4939459678123015,93.75,95372.83488661973,1.00238354889058
interpolation_fold2,interpolation,none_ready,1,baseline,oracle,,,,16,1.0,1.0,,,,0,0,0,16,1.0,1.0,1.0,1.0,100.0,1.2163202822412733,1.0
interpolation_fold2,interpolation,none_ready,2,baseline,oracle,,,,16,1.0,1.0,,,,0,0,0,16,1.0,1.0,1.0,1.0,100.0,2.5371061999596387,1.0
interpolation_fold2,interpolation,none_ready,3,baseline,oracle,,,,16,1.0,1.0,,,,0,0,0,16,1.0,1.0,1.0,1.0,100.0,4.481890985784355,1.0
interpolation_fold2,interpolation,none_ready,5,baseline,oracle,,,,16,1.0,1.0,,,,0,0,0,16,1.0,1.0,1.0,1.0,100.0,10.243457161752843,1.0
interpolation_fold2,interpolation,none_ready,10,baseline,oracle,,,,16,1.0,1.0,,,,0,0,0,16,1.0,1.0,1.0,1.0,100.0,35.567352793535214,1.0
interpolation_fold2,interpolation,none_ready,30,baseline,oracle,,,,16,1.0,1.0,,,,0,0,0,16,1.0,1.0,1.0,1.0,100.0,292.86265234725255,1.0
interpolation_fold2,interpolation,none_ready,100,baseline,oracle,,,,16,1.0,1.0,1.0,1.0,1.0,3,0,0,13,1.0,1.0,1.0,1.0,100.0,1455.7598240708382,1.0
interpolation_fold2,interpolation,none_ready,1000,baseline,oracle,,,,16,1.0,1.0,1.0,1.0,1.0,4,0,0,12,1.0,1.0,1.0,1.0,100.0,95146.0496255916,1.0
interpolation_fold2,interpolation,none_ready,1,baseline,stay_on_ready_device_k,,,,16,1.0,1.0,,,,0,0,0,16,1.0,1.0,1.0,1.0,100.0,1.2163202822412733,1.0
interpolation_fold2,interpolation,none_ready,2,baseline,stay_on_ready_device_k,,,,16,1.0,1.0,,,,0,0,0,16,1.0,1.0,1.0,1.0,100.0,2.5371061999596387,1.0
interpolation_fold2,interpolation,none_ready,3,baseline,stay_on_ready_device_k,,,,16,1.0,1.0,,,,0,0,0,16,1.0,1.0,1.0,1.0,100.0,4.481890985784355,1.0
interpolation_fold2,interpolation,none_ready,5,baseline,stay_on_ready_device_k,,,,16,1.0,1.0,,,,0,0,0,16,1.0,1.0,1.0,1.0,100.0,10.243457161752843,1.0
interpolation_fold2,interpolation,none_ready,10,baseline,stay_on_ready_device_k,,,,16,1.0,1.0,,,,0,0,0,16,1.0,1.0,1.0,1.0,100.0,35.567352793535214,1.0
interpolation_fold2,interpolation,none_ready,30,baseline,stay_on_ready_device_k,,,,16,1.0,1.0,,,,0,0,0,16,1.0,1.0,1.0,1.0,100.0,292.86265234725255,1.0
interpolation_fold2,interpolation,none_ready,100,baseline,stay_on_ready_device_k,,,,16,0.8125,0.5,,,0.0,0,0,3,13,1.4219274351873104,1.0,3.6821862875554516,4.326100902330005,81.25,3158.99263532027,2.169995752792908
interpolation_fold2,interpolation,none_ready,1000,baseline,stay_on_ready_device_k,,,,16,0.75,0.5,,,0.0,0,0,4,12,2.735759106085475,1.0,10.494487387186503,16.75381779689708,75.0,312384.7412019672,3.283212938752893
interpolation_fold2,interpolation,none_ready,1,baseline,k_break_even_table_train,,,,16,1.0,1.0,,,,0,0,0,16,1.0,1.0,1.0,1.0,100.0,1.2163202822412733,1.0
interpolation_fold2,interpolation,none_ready,2,baseline,k_break_even_table_train,,,,16,1.0,1.0,,,,0,0,0,16,1.0,1.0,1.0,1.0,100.0,2.5371061999596387,1.0
interpolation_fold2,interpolation,none_ready,3,baseline,k_break_even_table_train,,,,16,1.0,1.0,,,,0,0,0,16,1.0,1.0,1.0,1.0,100.0,4.481890985784355,1.0
interpolation_fold2,interpolation,none_ready,5,baseline,k_break_even_table_train,,,,16,1.0,1.0,,,,0,0,0,16,1.0,1.0,1.0,1.0,100.0,10.243457161752843,1.0
interpolation_fold2,interpolation,none_ready,10,baseline,k_break_even_table_train,,,,16,1.0,1.0,,,,0,0,0,16,1.0,1.0,1.0,1.0,100.0,35.567352793535214,1.0
interpolation_fold2,interpolation,none_ready,30,baseline,k_break_even_table_train,,,,16,0.9375,0.9375,,0.0,,0,1,0,15,1.0110391959317861,1.0,1.0441567837271448,1.1766271349085793,93.75,307.5451145547148,1.050134293634864
interpolation_fold2,interpolation,none_ready,100,baseline,k_break_even_table_train,,,,16,1.0,1.0,1.0,1.0,1.0,3,0,0,13,1.0,1.0,1.0,1.0,100.0,1455.7598240708382,1.0
interpolation_fold2,interpolation,none_ready,1000,baseline,k_break_even_table_train,,,,16,0.875,0.9166666666666667,0.7453559924999299,0.6666666666666666,1.0,4,2,0,10,1.3282624190228216,1.0,2.6710979460852586,5.5361021643771995,87.5,95423.23869151427,1.0029133008360667
interpolation_fold2,interpolation,none_ready,1,baseline,oracle_k,,,,16,1.0,1.0,,,,0,0,0,16,1.0,1.0,1.0,1.0,100.0,1.2163202822412733,1.0
interpolation_fold2,interpolation,none_ready,2,baseline,oracle_k,,,,16,1.0,1.0,,,,0,0,0,16,1.0,1.0,1.0,1.0,100.0,2.5371061999596387,1.0
interpolation_fold2,interpolation,none_ready,3,baseline,oracle_k,,,,16,1.0,1.0,,,,0,0,0,16,1.0,1.0,1.0,1.0,100.0,4.481890985784355,1.0
interpolation_fold2,interpolation,none_ready,5,baseline,oracle_k,,,,16,1.0,1.0,,,,0,0,0,16,1.0,1.0,1.0,1.0,100.0,10.243457161752843,1.0
interpolation_fold2,interpolation,none_ready,10,baseline,oracle_k,,,,16,1.0,1.0,,,,0,0,0,16,1.0,1.0,1.0,1.0,100.0,35.567352793535214,1.0
interpolation_fold2,interpolation,none_ready,30,baseline,oracle_k,,,,16,1.0,1.0,,,,0,0,0,16,1.0,1.0,1.0,1.0,100.0,292.86265234725255,1.0
interpolation_fold2,interpolation,none_ready,100,baseline,oracle_k,,,,16,1.0,1.0,1.0,1.0,1.0,3,0,0,13,1.0,1.0,1.0,1.0,100.0,1455.7598240708382,1.0
interpolation_fold2,interpolation,none_ready,1000,baseline,oracle_k,,,,16,1.0,1.0,1.0,1.0,1.0,4,0,0,12,1.0,1.0,1.0,1.0,100.0,95146.0496255916,1.0
interpolation_fold2,interpolation,cpu_ready,1,model_regression,ridge,False,0.0,True,16,1.0,1.0,,,,0,0,0,16,1.0,1.0,1.0,1.0,100.0,0.3119994340531757,1.0
interpolation_fold2,interpolation,cpu_ready,2,model_regression,ridge,False,0.0,True,16,1.0,1.0,,,,0,0,0,16,1.0,1.0,1.0,1.0,100.0,1.2479977362127028,1.0
interpolation_fold2,interpolation,cpu_ready,3,model_regression,ridge,False,0.0,True,16,1.0,1.0,,,,0,0,0,16,1.0,1.0,1.0,1.0,100.0,2.8079949064785814,1.0
interpolation_fold2,interpolation,cpu_ready,5,model_regression,ridge,False,0.0,True,16,1.0,1.0,,,,0,0,0,16,1.0,1.0,1.0,1.0,100.0,7.799985851329392,1.0
interpolation_fold2,interpolation,cpu_ready,10,model_regression,ridge,False,0.0,True,16,1.0,1.0,,,,0,0,0,16,1.0,1.0,1.0,1.0,100.0,31.19994340531757,1.0
interpolation_fold2,interpolation,cpu_ready,30,model_regression,ridge,False,0.0,True,16,1.0,1.0,,,,0,0,0,16,1.0,1.0,1.0,1.0,100.0,280.7994906478582,1.0
interpolation_fold2,interpolation,cpu_ready,100,model_regression,ridge,False,0.0,True,16,0.8125,0.5,,,0.0,0,0,3,13,1.4160750699972542,1.0,3.632035857949654,4.289033317529915,81.25,3119.994340531757,2.1632975288181098
interpolation_fold2,interpolation,cpu_ready,1000,model_regression,ridge,False,0.0,True,16,0.75,0.5,,,0.0,0,0,4,12,2.733719010155718,1.0,10.480857482512505,16.739378924378094,75.0,311999.4340531757,3.2836257760641674
interpolation_fold2,interpolation,gpu_ready,1,model_regression,ridge,False,0.0,True,16,0.5625,0.6025641025641025,0.16012815380508713,0.875,0.5384615384615384,7,1,6,2,873.0378049204805,1.0,3679.076646440436,13472.332665009122,56.25,1.9922720916882204,7.162375387301368
interpolation_fold2,interpolation,gpu_ready,2,model_regression,ridge,False,0.0,True,16,0.5625,0.6025641025641025,0.16012815380508713,0.875,0.5384615384615384,7,1,6,2,220.17622023872343,1.0,923.4196480943489,3374.579701833833,56.25,7.476734054939424,11.163896948889894
interpolation_fold2,interpolation,gpu_ready,3,model_regression,ridge,False,0.0,True,16,0.5625,0.47435897435897434,-0.041344911529736156,0.8,0.6153846153846154,8,2,5,1,96.93964890298143,1.0,389.01065390463367,1502.7033309932103,56.25,17.468456133062933,13.959362356769697
interpolation_fold2,interpolation,gpu_ready,5,model_regression,ridge,False,0.0,True,16,0.5625,0.47435897435897434,-0.041344911529736156,0.8,0.6153846153846154,8,2,5,1,36.820486681507575,1.0,152.7349379813013,543.0570963991225,56.25,48.27004730859268,16.171117625001507
interpolation_fold2,interpolation,gpu_ready,10,model_regression,ridge,False,0.0,True,16,0.625,0.625,0.2886751345948129,0.5833333333333334,0.875,7,5,1,3,11.758621506117265,1.0,55.05084755505377,137.07108999929625,62.5,192.76283895700783,18.497348905607915
interpolation_fold2,interpolation,gpu_ready,30,model_regression,ridge,False,0.0,True,16,0.5625,0.6111111111111112,0.3333333333333333,0.5,1.0,7,7,0,2,4.198563944719545,1.0,16.19327743841911,32.12791023007479,56.25,1734.1703720062874,20.286538781145207
interpolation_fold2,interpolation,gpu_ready,100,model_regression,ridge,False,0.0,True,16,0.5625,0.6111111111111112,0.3333333333333333,0.5,1.0,7,7,0,2,5.813309998455392,1.0,31.240923979391265,33.92957142030312,56.25,19268.540669638307,20.937851604416196
interpolation_fold2,interpolation,gpu_ready,1000,model_regression,ridge,False,0.0,True,16,0.4375,0.55,0.2,0.4,1.0,6,9,0,1,10.634325248650336,2.4462732271191223,39.86012830092484,55.443288000070574,43.75,1927022.0631086985,21.190897901667423
interpolation_fold2,interpolation,none_ready,1,model_regression,ridge,False,0.0,True,16,1.0,1.0,,,,0,0,0,16,1.0,1.0,1.0,1.0,100.0,1.2163202822412733,1.0
interpolation_fold2,interpolation,none_ready,2,model_regression,ridge,False,0.0,True,16,1.0,1.0,,,,0,0,0,16,1.0,1.0,1.0,1.0,100.0,2.5371061999596387,1.0
interpolation_fold2,interpolation,none_ready,3,model_regression,ridge,False,0.0,True,16,1.0,1.0,,,,0,0,0,16,1.0,1.0,1.0,1.0,100.0,4.481890985784355,1.0
interpolation_fold2,interpolation,none_ready,5,model_regression,ridge,False,0.0,True,16,1.0,1.0,,,,0,0,0,16,1.0,1.0,1.0,1.0,100.0,10.243457161752843,1.0
interpolation_fold2,interpolation,none_ready,10,model_regression,ridge,False,0.0,True,16,1.0,1.0,,,,0,0,0,16,1.0,1.0,1.0,1.0,100.0,35.567352793535214,1.0
interpolation_fold2,interpolation,none_ready,30,model_regression,ridge,False,0.0,True,16,1.0,1.0,,,,0,0,0,16,1.0,1.0,1.0,1.0,100.0,292.86265234725255,1.0
interpolation_fold2,interpolation,none_ready,100,model_regression,ridge,False,0.0,True,16,0.8125,0.5,,,0.0,0,0,3,13,1.4219274351873104,1.0,3.6821862875554516,4.326100902330005,81.25,3158.99263532027,2.169995752792908
interpolation_fold2,interpolation,none_ready,1000,model_regression,ridge,False,0.0,True,16,0.8125,0.625,0.4472135954999579,1.0,0.25,1,0,3,12,1.7511454937794073,1.0,5.939264490852175,8.408043917282976,81.25,227905.4805968713,2.3953225750695926
interpolation_fold2,interpolation,cpu_ready,1,model_regression,elasticnet,False,0.0,True,16,1.0,1.0,,,,0,0,0,16,1.0,1.0,1.0,1.0,100.0,0.3119994340531757,1.0
interpolation_fold2,interpolation,cpu_ready,2,model_regression,elasticnet,False,0.0,True,16,1.0,1.0,,,,0,0,0,16,1.0,1.0,1.0,1.0,100.0,1.2479977362127028,1.0
interpolation_fold2,interpolation,cpu_ready,3,model_regression,elasticnet,False,0.0,True,16,1.0,1.0,,,,0,0,0,16,1.0,1.0,1.0,1.0,100.0,2.8079949064785814,1.0
interpolation_fold2,interpolation,cpu_ready,5,model_regression,elasticnet,False,0.0,True,16,1.0,1.0,,,,0,0,0,16,1.0,1.0,1.0,1.0,100.0,7.799985851329392,1.0
interpolation_fold2,interpolation,cpu_ready,10,model_regression,elasticnet,False,0.0,True,16,1.0,1.0,,,,0,0,0,16,1.0,1.0,1.0,1.0,100.0,31.19994340531757,1.0
interpolation_fold2,interpolation,cpu_ready,30,model_regression,elasticnet,False,0.0,True,16,1.0,1.0,,,,0,0,0,16,1.0,1.0,1.0,1.0,100.0,280.7994906478582,1.0
interpolation_fold2,interpolation,cpu_ready,100,model_regression,elasticnet,False,0.0,True,16,0.8125,0.5,,,0.0,0,0,3,13,1.4160750699972542,1.0,3.632035857949654,4.289033317529915,81.25,3119.994340531757,2.1632975288181098
interpolation_fold2,interpolation,cpu_ready,1000,model_regression,elasticnet,False,0.0,True,16,0.75,0.5,,,0.0,0,0,4,12,2.733719010155718,1.0,10.480857482512505,16.739378924378094,75.0,311999.4340531757,3.2836257760641674
interpolation_fold2,interpolation,gpu_ready,1,model_regression,elasticnet,False,0.0,True,16,0.5,0.5641025641025641,0.10087125544480041,0.8571428571428571,0.46153846153846156,6,1,7,2,1412.0771438521738,3.0039396163047494,9837.305233432598,13472.332665009122,50.0,2.1141835796249544,7.600656806927859
interpolation_fold2,interpolation,gpu_ready,2,model_regression,elasticnet,False,0.0,True,16,0.5625,0.6025641025641025,0.16012815380508713,0.875,0.5384615384615384,7,1,6,2,220.17622023872343,1.0,923.4196480943489,3374.579701833833,56.25,7.476734054939424,11.163896948889894
interpolation_fold2,interpolation,gpu_ready,3,model_regression,elasticnet,False,0.0,True,16,0.5625,0.6025641025641025,0.16012815380508713,0.875,0.5384615384615384,7,1,6,2,99.25163962845451,1.0,412.0432153583568,1502.7033309932103,56.25,16.626102773610366,13.286222401671738
interpolation_fold2,interpolation,gpu_ready,5,model_regression,elasticnet,False,0.0,True,16,0.5625,0.47435897435897434,-0.041344911529736156,0.8,0.6153846153846154,8,2,5,1,36.820486681507575,1.0,152.7349379813013,543.0570963991225,56.25,48.27004730859268,16.171117625001507
interpolation_fold2,interpolation,gpu_ready,10,model_regression,elasticnet,False,0.0625,True,16,0.625,0.625,0.2886751345948129,0.5833333333333334,0.875,7,5,1,3,11.758621506117265,1.0,55.05084755505377,137.07108999929625,62.5,192.76283895700783,18.497348905607915
interpolation_fold2,interpolation,gpu_ready,30,model_regression,elasticnet,False,0.0,True,16,0.5,0.5396825396825397,0.10087125544480041,0.46153846153846156,0.8571428571428571,6,7,1,2,5.1246814918774195,1.0744482628265741,19.895388123413195,32.12791023007479,50.0,1734.246630311125,20.28743086019548
interpolation_fold2,interpolation,gpu_ready,100,model_regression,elasticnet,False,0.0,True,16,0.5625,0.6111111111111112,0.3333333333333333,0.5,1.0,7,7,0,2,5.813309998455392,1.0,31.240923979391265,33.92957142030312,56.25,19268.540669638307,20.937851604416196
interpolation_fold2,interpolation,gpu_ready,1000,model_regression,elasticnet,False,0.0,True,16,0.4375,0.55,0.2,0.4,1.0,6,9,0,1,10.634325248650336,2.4462732271191223,39.86012830092484,55.443288000070574,43.75,1927022.0631086985,21.190897901667423
interpolation_fold2,interpolation,none_ready,1,model_regression,elasticnet,False,0.0,True,16,1.0,1.0,,,,0,0,0,16,1.0,1.0,1.0,1.0,100.0,1.2163202822412733,1.0
interpolation_fold2,interpolation,none_ready,2,model_regression,elasticnet,False,0.0,True,16,1.0,1.0,,,,0,0,0,16,1.0,1.0,1.0,1.0,100.0,2.5371061999596387,1.0
interpolation_fold2,interpolation,none_ready,3,model_regression,elasticnet,False,0.0,True,16,1.0,1.0,,,,0,0,0,16,1.0,1.0,1.0,1.0,100.0,4.481890985784355,1.0
interpolation_fold2,interpolation,none_ready,5,model_regression,elasticnet,False,0.0,True,16,1.0,1.0,,,,0,0,0,16,1.0,1.0,1.0,1.0,100.0,10.243457161752843,1.0
interpolation_fold2,interpolation,none_ready,10,model_regression,elasticnet,False,0.0,True,16,1.0,1.0,,,,0,0,0,16,1.0,1.0,1.0,1.0,100.0,35.567352793535214,1.0
interpolation_fold2,interpolation,none_ready,30,model_regression,elasticnet,False,0.0,True,16,1.0,1.0,,,,0,0,0,16,1.0,1.0,1.0,1.0,100.0,292.86265234725255,1.0
interpolation_fold2,interpolation,none_ready,100,model_regression,elasticnet,False,0.0,True,16,0.8125,0.5,,,0.0,0,0,3,13,1.4219274351873104,1.0,3.6821862875554516,4.326100902330005,81.25,3158.99263532027,2.169995752792908
interpolation_fold2,interpolation,none_ready,1000,model_regression,elasticnet,False,0.0,True,16,0.875,0.75,0.6546536707079772,1.0,0.5,2,0,2,12,1.2881427489492214,1.0,2.3995439797030365,5.116338015375241,87.5,132692.46501551138,1.3946187523041509
interpolation_fold2,interpolation,cpu_ready,1,model_regression,huber,False,0.0,True,16,1.0,1.0,,,,0,0,0,16,1.0,1.0,1.0,1.0,100.0,0.3119994340531757,1.0
interpolation_fold2,interpolation,cpu_ready,2,model_regression,huber,False,0.0,True,16,1.0,1.0,,,,0,0,0,16,1.0,1.0,1.0,1.0,100.0,1.2479977362127028,1.0
interpolation_fold2,interpolation,cpu_ready,3,model_regression,huber,False,0.0,True,16,1.0,1.0,,,,0,0,0,16,1.0,1.0,1.0,1.0,100.0,2.8079949064785814,1.0
interpolation_fold2,interpolation,cpu_ready,5,model_regression,huber,False,0.0,True,16,1.0,1.0,,,,0,0,0,16,1.0,1.0,1.0,1.0,100.0,7.799985851329392,1.0
interpolation_fold2,interpolation,cpu_ready,10,model_regression,huber,False,0.0,True,16,1.0,1.0,,,,0,0,0,16,1.0,1.0,1.0,1.0,100.0,31.19994340531757,1.0
interpolation_fold2,interpolation,cpu_ready,30,model_regression,huber,False,0.0,True,16,1.0,1.0,,,,0,0,0,16,1.0,1.0,1.0,1.0,100.0,280.7994906478582,1.0
interpolation_fold2,interpolation,cpu_ready,100,model_regression,huber,False,0.0,True,16,0.8125,0.5,,,0.0,0,0,3,13,1.4160750699972542,1.0,3.632035857949654,4.289033317529915,81.25,3119.994340531757,2.1632975288181098
interpolation_fold2,interpolation,cpu_ready,1000,model_regression,huber,False,0.0,True,16,0.75,0.5,,,0.0,0,0,4,12,2.733719010155718,1.0,10.480857482512505,16.739378924378094,75.0,311999.4340531757,3.2836257760641674
interpolation_fold2,interpolation,gpu_ready,1,model_regression,huber,False,0.0,True,16,0.375,0.48717948717948717,-0.021591675854376522,0.8,0.3076923076923077,4,1,9,2,1413.9378634313978,8.607778521707083,9837.305233432598,13472.332665009122,37.5,2.1425855539921663,7.702764146084581
interpolation_fold2,interpolation,gpu_ready,2,model_regression,huber,False,0.0,True,16,0.5,0.5641025641025641,0.10087125544480041,0.8571428571428571,0.46153846153846156,6,1,7,2,358.24375992917925,1.659047997431328,2501.2054017439286,3374.579701833833,50.0,7.601637882795746,11.350397291481142
interpolation_fold2,interpolation,gpu_ready,3,model_regression,huber,False,0.0,True,16,0.5,0.5641025641025641,0.10087125544480041,0.8571428571428571,0.46153846153846156,6,1,7,2,162.08951780488874,1.3229853606013608,1130.4803708655131,1502.7033309932103,50.0,16.7540079709975,13.388433781088475
interpolation_fold2,interpolation,gpu_ready,5,model_regression,huber,False,0.0625,True,16,0.5,0.4358974358974359,-0.10087125544480041,0.7777777777777778,0.5384615384615384,7,2,6,1,37.90474660537055,1.0945396961434093,152.7349379813013,543.0570963991225,50.0,48.30419873283475,16.1825588132595
interpolation_fold2,interpolation,gpu_ready,10,model_regression,huber,False,0.0,True,16,0.6875,0.6875,0.3779644730092272,0.6666666666666666,0.75,6,3,2,5,11.92590257877867,1.0,55.05084755505377,137.07108999929625,68.75,192.66933064086336,18.488375931570705
interpolation_fold2,interpolation,gpu_ready,30,model_regression,huber,False,0.0,True,16,0.5625,0.5952380952380952,0.21821789023599236,0.5,0.8571428571428571,6,6,1,3,5.033360756571398,1.0,19.895388123413195,32.12791023007479,56.25,1734.2250836577996,20.287178804788844
interpolation_fold2,interpolation,gpu_ready,100,model_regression,huber,False,0.0,True,16,0.5625,0.6111111111111112,0.3333333333333333,0.5,1.0,7,7,0,2,5.813309998455392,1.0,31.240923979391265,33.92957142030312,56.25,19268.540669638307,20.937851604416196
interpolation_fold2,interpolation,gpu_ready,1000,model_regression,huber,False,0.0,True,16,0.5,0.6,0.29277002188455997,0.42857142857142855,1.0,6,8,0,2,9.101149364878797,1.2803049341804784,39.86012830092484,55.443288000070574,50.0,1926853.4326778764,21.18904352215041
interpolation_fold2,interpolation,none_ready,1,model_regression,huber,False,0.0,True,16,1.0,1.0,,,,0,0,0,16,1.0,1.0,1.0,1.0,100.0,1.2163202822412733,1.0
interpolation_fold2,interpolation,none_ready,2,model_regression,huber,False,0.0,True,16,1.0,1.0,,,,0,0,0,16,1.0,1.0,1.0,1.0,100.0,2.5371061999596387,1.0
interpolation_fold2,interpolation,none_ready,3,model_regression,huber,False,0.0,True,16,1.0,1.0,,,,0,0,0,16,1.0,1.0,1.0,1.0,100.0,4.481890985784355,1.0
interpolation_fold2,interpolation,none_ready,5,model_regression,huber,False,0.0,True,16,1.0,1.0,,,,0,0,0,16,1.0,1.0,1.0,1.0,100.0,10.243457161752843,1.0
interpolation_fold2,interpolation,none_ready,10,model_regression,huber,False,0.0,True,16,1.0,1.0,,,,0,0,0,16,1.0,1.0,1.0,1.0,100.0,35.567352793535214,1.0
interpolation_fold2,interpolation,none_ready,30,model_regression,huber,False,0.0,True,16,1.0,1.0,,,,0,0,0,16,1.0,1.0,1.0,1.0,100.0,292.86265234725255,1.0
interpolation_fold2,interpolation,none_ready,100,model_regression,huber,False,0.0,True,16,0.875,0.6666666666666666,0.53748384988657,1.0,0.3333333333333333,1,0,2,13,1.214046128791685,1.0,2.33477950418492,3.4675480826306004,87.5,2462.8798242298594,1.691817416242979
interpolation_fold2,interpolation,none_ready,1000,model_regression,huber,False,0.0,True,16,0.9375,0.875,0.8320502943378436,1.0,0.75,3,0,1,12,1.0308716229882688,1.0,1.1234864919530754,1.4939459678123015,93.75,95372.83488661973,1.00238354889058
interpolation_fold2,interpolation,cpu_ready,1,model_regression,tree,False,0.0,True,16,1.0,1.0,,,,0,0,0,16,1.0,1.0,1.0,1.0,100.0,0.3119994340531757,1.0
interpolation_fold2,interpolation,cpu_ready,2,model_regression,tree,False,0.0,True,16,1.0,1.0,,,,0,0,0,16,1.0,1.0,1.0,1.0,100.0,1.2479977362127028,1.0
interpolation_fold2,interpolation,cpu_ready,3,model_regression,tree,False,0.0,True,16,1.0,1.0,,,,0,0,0,16,1.0,1.0,1.0,1.0,100.0,2.8079949064785814,1.0
interpolation_fold2,interpolation,cpu_ready,5,model_regression,tree,False,0.0,True,16,1.0,1.0,,,,0,0,0,16,1.0,1.0,1.0,1.0,100.0,7.799985851329392,1.0
interpolation_fold2,interpolation,cpu_ready,10,model_regression,tree,False,0.0,True,16,1.0,1.0,,,,0,0,0,16,1.0,1.0,1.0,1.0,100.0,31.19994340531757,1.0
interpolation_fold2,interpolation,cpu_ready,30,model_regression,tree,False,0.0,True,16,1.0,1.0,,,,0,0,0,16,1.0,1.0,1.0,1.0,100.0,280.7994906478582,1.0
interpolation_fold2,interpolation,cpu_ready,100,model_regression,tree,False,0.0,True,16,0.8125,0.5,,,0.0,0,0,3,13,1.4160750699972542,1.0,3.632035857949654,4.289033317529915,81.25,3119.994340531757,2.1632975288181098
interpolation_fold2,interpolation,cpu_ready,1000,model_regression,tree,False,0.0,True,16,0.75,0.5,,,0.0,0,0,4,12,2.733719010155718,1.0,10.480857482512505,16.739378924378094,75.0,311999.4340531757,3.2836257760641674
interpolation_fold2,interpolation,gpu_ready,1,model_regression,tree,False,0.0,True,16,0.9375,0.9615384615384616,0.8320502943378436,1.0,0.9230769230769231,12,0,1,3,2.7025203775960436,1.0,7.810081510384174,28.240326041536697,93.75,0.3368178502416984,1.210886751181991
interpolation_fold2,interpolation,gpu_ready,2,model_regression,tree,False,0.0,True,16,0.9375,0.9615384615384616,0.8320502943378436,1.0,0.9230769230769231,12,0,1,3,1.4008183112652284,1.0,2.6032732450609135,7.413092980243653,93.75,0.7249646967512429,1.0824821515173793
interpolation_fold2,interpolation,gpu_ready,3,model_regression,tree,False,0.0,True,16,0.9375,0.9615384615384616,0.8320502943378436,1.0,0.9230769230769231,12,0,1,3,1.1534563386603485,1.0,1.6138253546413939,3.455301418565575,93.75,1.298964868569184,1.0380265520288745
interpolation_fold2,interpolation,gpu_ready,5,model_regression,tree,False,0.0,True,16,0.9375,0.9615384615384616,0.8320502943378436,1.0,0.9230769230769231,12,0,1,3,1.0227206983983854,1.0,1.0908827935935421,1.363531174374169,93.75,3.0045251881302555,1.0065565072666736
interpolation_fold2,interpolation,gpu_ready,10,model_regression,tree,False,0.0,True,16,0.75,0.75,0.5773502691896258,0.6666666666666666,1.0,8,4,0,4,1.1572238197661813,1.0,1.747251713381726,2.375039524830344,75.0,10.520859179929875,1.009572198100561
interpolation_fold2,interpolation,gpu_ready,30,model_regression,tree,False,0.0,True,16,0.6875,0.7222222222222222,0.5091750772173156,0.5833333333333334,1.0,7,5,0,4,1.6577503264609046,1.0,3.8838332674907403,8.016999345178032,68.75,87.0495264742275,1.0183160912019895
interpolation_fold2,interpolation,gpu_ready,100,model_regression,tree,False,0.0,True,16,0.6875,0.7222222222222222,0.5091750772173156,0.5833333333333334,1.0,7,5,0,4,2.464544921235461,1.0,7.531158721913552,16.140123160519554,68.75,940.3378367257185,1.021803073774264
interpolation_fold2,interpolation,gpu_ready,1000,model_regression,tree,False,0.0,True,16,0.625,0.7,0.4472135954999579,0.5,1.0,6,6,0,4,4.573562270458444,1.0,20.206558697746324,23.033466192675014,62.5,93036.1640370743,1.023091479342972
interpolation_fold2,interpolation,none_ready,1,model_regression,tree,False,0.0,True,16,1.0,1.0,,,,0,0,0,16,1.0,1.0,1.0,1.0,100.0,1.2163202822412733,1.0
interpolation_fold2,interpolation,none_ready,2,model_regression,tree,False,0.0,True,16,1.0,1.0,,,,0,0,0,16,1.0,1.0,1.0,1.0,100.0,2.5371061999596387,1.0
interpolation_fold2,interpolation,none_ready,3,model_regression,tree,False,0.0,True,16,1.0,1.0,,,,0,0,0,16,1.0,1.0,1.0,1.0,100.0,4.481890985784355,1.0
interpolation_fold2,interpolation,none_ready,5,model_regression,tree,False,0.0,True,16,1.0,1.0,,,,0,0,0,16,1.0,1.0,1.0,1.0,100.0,10.243457161752843,1.0
interpolation_fold2,interpolation,none_ready,10,model_regression,tree,False,0.0,True,16,1.0,1.0,,,,0,0,0,16,1.0,1.0,1.0,1.0,100.0,35.567352793535214,1.0
interpolation_fold2,interpolation,none_ready,30,model_regression,tree,False,0.0,True,16,1.0,1.0,,,,0,0,0,16,1.0,1.0,1.0,1.0,100.0,292.86265234725255,1.0
interpolation_fold2,interpolation,none_ready,100,model_regression,tree,False,0.0,True,16,0.8125,0.5,,,0.0,0,0,3,13,1.4219274351873104,1.0,3.6821862875554516,4.326100902330005,81.25,3158.99263532027,2.169995752792908
interpolation_fold2,interpolation,none_ready,1000,model_regression,tree,False,0.0,True,16,0.75,0.5,,,0.0,0,0,4,12,2.735759106085475,1.0,10.494487387186503,16.75381779689708,75.0,312384.7412019672,3.283212938752893
interpolation_fold2,interpolation,cpu_ready,1,model_regression,random_forest,False,0.0,True,16,1.0,1.0,,,,0,0,0,16,1.0,1.0,1.0,1.0,100.0,0.3119994340531757,1.0
interpolation_fold2,interpolation,cpu_ready,2,model_regression,random_forest,False,0.0,True,16,1.0,1.0,,,,0,0,0,16,1.0,1.0,1.0,1.0,100.0,1.2479977362127028,1.0
interpolation_fold2,interpolation,cpu_ready,3,model_regression,random_forest,False,0.0,True,16,1.0,1.0,,,,0,0,0,16,1.0,1.0,1.0,1.0,100.0,2.8079949064785814,1.0
interpolation_fold2,interpolation,cpu_ready,5,model_regression,random_forest,False,0.0,True,16,1.0,1.0,,,,0,0,0,16,1.0,1.0,1.0,1.0,100.0,7.799985851329392,1.0
interpolation_fold2,interpolation,cpu_ready,10,model_regression,random_forest,False,0.0,True,16,1.0,1.0,,,,0,0,0,16,1.0,1.0,1.0,1.0,100.0,31.19994340531757,1.0
interpolation_fold2,interpolation,cpu_ready,30,model_regression,random_forest,False,0.0,True,16,0.875,0.875,,0.0,,0,2,0,14,1.077043125084304,1.0,1.4135192232766938,2.021996555469911,87.5,340.4820339583615,1.2125450554515047
interpolation_fold2,interpolation,cpu_ready,100,model_regression,random_forest,False,0.0,True,16,0.9375,0.8333333333333333,0.7867957924694432,1.0,0.6666666666666666,2,0,1,13,1.1508147940472646,1.0,1.6032591761890584,3.4130367047562338,93.75,2205.056549083569,1.5289109090895545
interpolation_fold2,interpolation,cpu_ready,1000,model_regression,random_forest,False,0.0,True,16,0.875,0.75,0.6546536707079772,1.0,0.5,2,0,2,12,1.4927703726659498,1.0,3.215902637712742,8.39468366855731,87.5,190282.85556990968,2.002624431639064
interpolation_fold2,interpolation,gpu_ready,1,model_regression,random_forest,False,0.0,True,16,1.0,1.0,1.0,1.0,1.0,13,0,0,3,1.0,1.0,1.0,1.0,100.0,0.2781580109889865,1.0
interpolation_fold2,interpolation,gpu_ready,2,model_regression,random_forest,False,0.0,True,16,1.0,1.0,1.0,1.0,1.0,13,0,0,3,1.0,1.0,1.0,1.0,100.0,0.6697243882820765,1.0
interpolation_fold2,interpolation,gpu_ready,3,model_regression,random_forest,False,0.0,True,16,1.0,1.0,1.0,1.0,1.0,13,0,0,3,1.0,1.0,1.0,1.0,100.0,1.2513792311288112,1.0
interpolation_fold2,interpolation,gpu_ready,5,model_regression,random_forest,False,0.0,True,16,1.0,1.0,1.0,1.0,1.0,13,0,0,3,1.0,1.0,1.0,1.0,100.0,2.984954313483214,1.0
interpolation_fold2,interpolation,gpu_ready,10,model_regression,random_forest,False,0.0,True,16,0.75,0.75,0.5773502691896258,0.6666666666666666,1.0,8,4,0,4,1.1572238197661813,1.0,1.747251713381726,2.375039524830344,75.0,10.520859179929875,1.009572198100561
interpolation_fold2,interpolation,gpu_ready,30,model_regression,random_forest,False,0.0,True,16,0.75,0.7777777777777778,0.5945883900105632,0.6363636363636364,1.0,7,4,0,5,1.2191878673872776,1.0,2.4723766340710163,2.5061112415949762,75.0,87.03760657525848,1.018176650754496
interpolation_fold2,interpolation,gpu_ready,100,model_regression,random_forest,False,0.0,True,16,0.8125,0.8015873015873016,0.6180700462007377,0.8333333333333334,0.7142857142857143,5,1,2,8,1.2445867655651854,1.0,2.1590898831084258,3.786446198514819,81.25,926.0431261273973,1.006269955082648
interpolation_fold2,interpolation,gpu_ready,1000,model_regression,random_forest,False,0.0,True,16,0.75,0.7,0.4472135954999579,0.75,0.5,3,1,3,9,1.252549984063257,1.0,2.092981914575568,3.690098053219401,75.0,91553.11300885002,1.0067828010337236
interpolation_fold2,interpolation,none_ready,1,model_regression,random_forest,False,0.0,True,16,1.0,1.0,,,,0,0,0,16,1.0,1.0,1.0,1.0,100.0,1.2163202822412733,1.0
interpolation_fold2,interpolation,none_ready,2,model_regression,random_forest,False,0.0,True,16,1.0,1.0,,,,0,0,0,16,1.0,1.0,1.0,1.0,100.0,2.5371061999596387,1.0
interpolation_fold2,interpolation,none_ready,3,model_regression,random_forest,False,0.0,True,16,1.0,1.0,,,,0,0,0,16,1.0,1.0,1.0,1.0,100.0,4.481890985784355,1.0
interpolation_fold2,interpolation,none_ready,5,model_regression,random_forest,False,0.0,True,16,1.0,1.0,,,,0,0,0,16,1.0,1.0,1.0,1.0,100.0,10.243457161752843,1.0
interpolation_fold2,interpolation,none_ready,10,model_regression,random_forest,False,0.0,True,16,1.0,1.0,,,,0,0,0,16,1.0,1.0,1.0,1.0,100.0,35.567352793535214,1.0
interpolation_fold2,interpolation,none_ready,30,model_regression,random_forest,False,0.0,True,16,0.875,0.875,,0.0,,0,2,0,14,1.0744719568464298,1.0,1.3862013948400085,2.0149241746342965,87.5,350.0596666089361,1.1953032037484383
interpolation_fold2,interpolation,none_ready,100,model_regression,random_forest,False,0.0,True,16,0.9375,0.8333333333333333,0.7867957924694432,1.0,0.6666666666666666,2,0,1,13,1.1542217551644125,1.0,1.61688702065765,3.4675480826306004,93.75,2235.808623568533,1.5358361912450589
interpolation_fold2,interpolation,none_ready,1000,model_regression,random_forest,False,0.0,True,16,0.875,0.75,0.6546536707079772,1.0,0.5,2,0,2,12,1.4938743678184547,1.0,3.22247045517997,8.408043917282976,87.5,190585.85046797968,2.003087371656022
interpolation_fold2,interpolation,cpu_ready,1,model_classification,logistic,False,0.0,False,16,1.0,1.0,,,,0,0,0,16,1.0,1.0,1.0,1.0,100.0,0.3119994340531757,1.0
interpolation_fold2,interpolation,cpu_ready,2,model_classification,logistic,False,0.0,False,16,1.0,1.0,,,,0,0,0,16,1.0,1.0,1.0,1.0,100.0,1.2479977362127028,1.0
interpolation_fold2,interpolation,cpu_ready,3,model_classification,logistic,False,0.0,False,16,1.0,1.0,,,,0,0,0,16,1.0,1.0,1.0,1.0,100.0,2.8079949064785814,1.0
interpolation_fold2,interpolation,cpu_ready,5,model_classification,logistic,False,0.0,False,16,1.0,1.0,,,,0,0,0,16,1.0,1.0,1.0,1.0,100.0,7.799985851329392,1.0
interpolation_fold2,interpolation,cpu_ready,10,model_classification,logistic,False,0.0,False,16,1.0,1.0,,,,0,0,0,16,1.0,1.0,1.0,1.0,100.0,31.19994340531757,1.0
interpolation_fold2,interpolation,cpu_ready,30,model_classification,logistic,False,0.0,False,16,1.0,1.0,,,,0,0,0,16,1.0,1.0,1.0,1.0,100.0,280.7994906478582,1.0
interpolation_fold2,interpolation,cpu_ready,100,model_classification,logistic,False,0.0,False,16,0.8125,0.5,,,0.0,0,0,3,13,1.4160750699972542,1.0,3.632035857949654,4.289033317529915,81.25,3119.994340531757,2.1632975288181098
interpolation_fold2,interpolation,cpu_ready,1000,model_classification,logistic,False,0.0,False,16,0.8125,0.625,0.4472135954999579,1.0,0.25,1,0,3,12,1.750007827382087,1.0,5.935520373732972,8.39468366855731,81.25,227597.60136365565,2.395342006552175
interpolation_fold2,interpolation,gpu_ready,1,model_classification,logistic,False,0.0,False,16,1.0,1.0,1.0,1.0,1.0,13,0,0,3,1.0,1.0,1.0,1.0,100.0,0.2781580109889865,1.0
interpolation_fold2,interpolation,gpu_ready,2,model_classification,logistic,False,0.0,False,16,1.0,1.0,1.0,1.0,1.0,13,0,0,3,1.0,1.0,1.0,1.0,100.0,0.6697243882820765,1.0
interpolation_fold2,interpolation,gpu_ready,3,model_classification,logistic,False,0.0,False,16,1.0,1.0,1.0,1.0,1.0,13,0,0,3,1.0,1.0,1.0,1.0,100.0,1.2513792311288112,1.0
interpolation_fold2,interpolation,gpu_ready,5,model_classification,logistic,False,0.0,False,16,1.0,1.0,1.0,1.0,1.0,13,0,0,3,1.0,1.0,1.0,1.0,100.0,2.984954313483214,1.0
interpolation_fold2,interpolation,gpu_ready,10,model_classification,logistic,False,0.0,False,16,0.6875,0.6875,0.48038446141526137,0.6153846153846154,1.0,8,5,0,3,1.2430130680757219,1.0,2.3732308609220722,2.375039524830344,68.75,10.645440166558002,1.021526877690953
interpolation_fold2,interpolation,gpu_ready,30,model_classification,logistic,False,0.0,False,16,0.625,0.6666666666666666,0.4236592728681617,0.5384615384615384,1.0,7,6,0,3,2.2753586498692724,1.0,8.733182802516996,10.881733174533885,62.5,88.8094999672683,1.0389044780737209
interpolation_fold2,interpolation,gpu_ready,100,model_classification,logistic,False,0.0,False,16,0.625,0.6666666666666666,0.4236592728681617,0.5384615384615384,1.0,7,6,0,3,4.2985891815950845,1.0,19.69126941182816,30.344708165753982,62.5,961.1623757637349,1.044431726124434
interpolation_fold2,interpolation,gpu_ready,1000,model_classification,logistic,False,0.0,False,16,0.5625,0.65,0.3721042037676254,0.46153846153846156,1.0,6,7,0,3,7.976267770462854,1.0,31.135921644523904,55.443288000070574,56.25,95150.74313588417,1.0463448870987668
interpolation_fold2,interpolation,none_ready,1,model_classification,logistic,False,0.0,False,16,1.0,1.0,,,,0,0,0,16,1.0,1.0,1.0,1.0,100.0,1.2163202822412733,1.0
interpolation_fold2,interpolation,none_ready,2,model_classification,logistic,False,0.0,False,16,1.0,1.0,,,,0,0,0,16,1.0,1.0,1.0,1.0,100.0,2.5371061999596387,1.0
interpolation_fold2,interpolation,none_ready,3,model_classification,logistic,False,0.0,False,16,1.0,1.0,,,,0,0,0,16,1.0,1.0,1.0,1.0,100.0,4.481890985784355,1.0
interpolation_fold2,interpolation,none_ready,5,model_classification,logistic,False,0.0,False,16,1.0,1.0,,,,0,0,0,16,1.0,1.0,1.0,1.0,100.0,10.243457161752843,1.0
interpolation_fold2,interpolation,none_ready,10,model_classification,logistic,False,0.0,False,16,1.0,1.0,,,,0,0,0,16,1.0,1.0,1.0,1.0,100.0,35.567352793535214,1.0
interpolation_fold2,interpolation,none_ready,30,model_classification,logistic,False,0.0,False,16,1.0,1.0,,,,0,0,0,16,1.0,1.0,1.0,1.0,100.0,292.86265234725255,1.0
interpolation_fold2,interpolation,none_ready,100,model_classification,logistic,False,0.0,False,16,0.8125,0.5,,,0.0,0,0,3,13,1.4219274351873104,1.0,3.6821862875554516,4.326100902330005,81.25,3158.99263532027,2.169995752792908
interpolation_fold2,interpolation,none_ready,1000,model_classification,logistic,False,0.0,False,16,0.8125,0.625,0.4472135954999579,1.0,0.25,1,0,3,12,1.7511454937794073,1.0,5.939264490852175,8.408043917282976,81.25,227905.4805968713,2.3953225750695926
interpolation_fold2,interpolation,cpu_ready,1,model_regression,ridge,True,0.0,True,16,1.0,1.0,,,,0,0,0,16,1.0,1.0,1.0,1.0,100.0,0.3119994340531757,1.0
interpolation_fold2,interpolation,cpu_ready,2,model_regression,ridge,True,0.0,True,16,1.0,1.0,,,,0,0,0,16,1.0,1.0,1.0,1.0,100.0,1.2479977362127028,1.0
interpolation_fold2,interpolation,cpu_ready,3,model_regression,ridge,True,0.0,True,16,1.0,1.0,,,,0,0,0,16,1.0,1.0,1.0,1.0,100.0,2.8079949064785814,1.0
interpolation_fold2,interpolation,cpu_ready,5,model_regression,ridge,True,0.0,True,16,1.0,1.0,,,,0,0,0,16,1.0,1.0,1.0,1.0,100.0,7.799985851329392,1.0
interpolation_fold2,interpolation,cpu_ready,10,model_regression,ridge,True,0.0,True,16,1.0,1.0,,,,0,0,0,16,1.0,1.0,1.0,1.0,100.0,31.19994340531757,1.0
interpolation_fold2,interpolation,cpu_ready,30,model_regression,ridge,True,0.0,True,16,1.0,1.0,,,,0,0,0,16,1.0,1.0,1.0,1.0,100.0,280.7994906478582,1.0
interpolation_fold2,interpolation,cpu_ready,100,model_regression,ridge,True,0.0,True,16,0.8125,0.5,,,0.0,0,0,3,13,1.4160750699972542,1.0,3.632035857949654,4.289033317529915,81.25,3119.994340531757,2.1632975288181098
interpolation_fold2,interpolation,cpu_ready,1000,model_regression,ridge,True,0.0625,True,16,0.75,0.5,,,0.0,0,0,4,12,2.733719010155718,1.0,10.480857482512505,16.739378924378094,75.0,311999.4340531757,3.2836257760641674
interpolation_fold2,interpolation,gpu_ready,1,model_regression,ridge,True,0.0,True,16,0.75,0.8461538461538461,0.5447047794019222,1.0,0.6923076923076923,9,0,4,3,863.1138836305774,1.0,3592.4105282085966,13472.332665009122,75.0,0.4155424510560103,1.4939079035637173
interpolation_fold2,interpolation,gpu_ready,2,model_regression,ridge,True,0.0,True,16,0.75,0.8461538461538461,0.5447047794019222,1.0,0.6923076923076923,9,0,4,3,217.46366117808117,1.0,907.1575833598104,3374.579701833833,75.0,0.8147298672628829,1.2165151538721217
interpolation_fold2,interpolation,gpu_ready,3,model_regression,ridge,True,0.0,True,16,0.75,0.8461538461538461,0.5447047794019222,1.0,0.6923076923076923,9,0,4,3,97.59265320750977,1.0,407.4088156082531,1502.7033309932103,75.0,1.4039323661036716,1.1219079965369485
interpolation_fold2,interpolation,gpu_ready,5,model_regression,ridge,True,0.0625,True,16,0.6875,0.6794871794871795,0.28941438070815306,0.9,0.6923076923076923,9,1,4,2,37.37203264607323,1.0,152.7349379813013,543.0570963991225,68.75,45.954727073291394,15.39545408306961
interpolation_fold2,interpolation,gpu_ready,10,model_regression,ridge,True,0.0,True,16,0.625,0.625,0.2581988897471611,0.6,0.75,6,4,2,4,11.72554570128543,1.0,55.05084755505377,137.07108999929625,62.5,183.5102954571643,17.609483141091488
interpolation_fold2,interpolation,gpu_ready,30,model_regression,ridge,True,0.0,True,16,0.4375,0.46825396825396826,-0.07273929674533079,0.4166666666666667,0.7142857142857143,5,7,2,2,5.231294236572959,1.2698814358525512,19.895388123413195,32.12791023007479,43.75,1734.5524650306481,20.291008552444396
interpolation_fold2,interpolation,gpu_ready,100,model_regression,ridge,True,0.0,True,16,0.5,0.5396825396825397,0.10087125544480041,0.46153846153846156,0.8571428571428571,6,7,1,2,5.851849859578703,1.255152136277593,31.240923979391265,33.92957142030312,50.0,19268.575930154842,20.93788991969265
interpolation_fold2,interpolation,gpu_ready,1000,model_regression,ridge,True,0.0,True,16,0.5,0.6,0.29277002188455997,0.42857142857142855,1.0,6,8,0,2,9.101149364878797,1.2803049341804784,39.86012830092484,55.443288000070574,50.0,1926853.4326778764,21.18904352215041
interpolation_fold2,interpolation,none_ready,1,model_regression,ridge,True,0.0,True,16,1.0,1.0,,,,0,0,0,16,1.0,1.0,1.0,1.0,100.0,1.2163202822412733,1.0
interpolation_fold2,interpolation,none_ready,2,model_regression,ridge,True,0.0,True,16,1.0,1.0,,,,0,0,0,16,1.0,1.0,1.0,1.0,100.0,2.5371061999596387,1.0
interpolation_fold2,interpolation,none_ready,3,model_regression,ridge,True,0.0,True,16,1.0,1.0,,,,0,0,0,16,1.0,1.0,1.0,1.0,100.0,4.481890985784355,1.0
interpolation_fold2,interpolation,none_ready,5,model_regression,ridge,True,0.0,True,16,1.0,1.0,,,,0,0,0,16,1.0,1.0,1.0,1.0,100.0,10.243457161752843,1.0
interpolation_fold2,interpolation,none_ready,10,model_regression,ridge,True,0.0,True,16,1.0,1.0,,,,0,0,0,16,1.0,1.0,1.0,1.0,100.0,35.567352793535214,1.0
interpolation_fold2,interpolation,none_ready,30,model_regression,ridge,True,0.0,True,16,1.0,1.0,,,,0,0,0,16,1.0,1.0,1.0,1.0,100.0,292.86265234725255,1.0
interpolation_fold2,interpolation,none_ready,100,model_regression,ridge,True,0.0,True,16,0.8125,0.5,,,0.0,0,0,3,13,1.4219274351873104,1.0,3.6821862875554516,4.326100902330005,81.25,3158.99263532027,2.169995752792908
interpolation_fold2,interpolation,none_ready,1000,model_regression,ridge,True,0.0,True,16,0.75,0.5,,,0.0,0,0,4,12,2.735759106085475,1.0,10.494487387186503,16.75381779689708,75.0,312384.7412019672,3.283212938752893
interpolation_fold2,interpolation,cpu_ready,1,model_regression,elasticnet,True,0.0,True,16,1.0,1.0,,,,0,0,0,16,1.0,1.0,1.0,1.0,100.0,0.3119994340531757,1.0
interpolation_fold2,interpolation,cpu_ready,2,model_regression,elasticnet,True,0.0,True,16,1.0,1.0,,,,0,0,0,16,1.0,1.0,1.0,1.0,100.0,1.2479977362127028,1.0
interpolation_fold2,interpolation,cpu_ready,3,model_regression,elasticnet,True,0.0,True,16,1.0,1.0,,,,0,0,0,16,1.0,1.0,1.0,1.0,100.0,2.8079949064785814,1.0
interpolation_fold2,interpolation,cpu_ready,5,model_regression,elasticnet,True,0.0,True,16,1.0,1.0,,,,0,0,0,16,1.0,1.0,1.0,1.0,100.0,7.799985851329392,1.0
interpolation_fold2,interpolation,cpu_ready,10,model_regression,elasticnet,True,0.0,True,16,1.0,1.0,,,,0,0,0,16,1.0,1.0,1.0,1.0,100.0,31.19994340531757,1.0
interpolation_fold2,interpolation,cpu_ready,30,model_regression,elasticnet,True,0.0,True,16,1.0,1.0,,,,0,0,0,16,1.0,1.0,1.0,1.0,100.0,280.7994906478582,1.0
interpolation_fold2,interpolation,cpu_ready,100,model_regression,elasticnet,True,0.0,True,16,0.8125,0.5,,,0.0,0,0,3,13,1.4160750699972542,1.0,3.632035857949654,4.289033317529915,81.25,3119.994340531757,2.1632975288181098
interpolation_fold2,interpolation,cpu_ready,1000,model_regression,elasticnet,True,0.0625,True,16,0.75,0.5,,,0.0,0,0,4,12,2.733719010155718,1.0,10.480857482512505,16.739378924378094,75.0,311999.4340531757,3.2836257760641674
interpolation_fold2,interpolation,gpu_ready,1,model_regression,elasticnet,True,0.0,True,16,0.75,0.8461538461538461,0.5447047794019222,1.0,0.6923076923076923,9,0,4,3,863.1138836305774,1.0,3592.4105282085966,13472.332665009122,75.0,0.4155424510560103,1.4939079035637173
interpolation_fold2,interpolation,gpu_ready,2,model_regression,elasticnet,True,0.0,True,16,0.75,0.8461538461538461,0.5447047794019222,1.0,0.6923076923076923,9,0,4,3,217.46366117808117,1.0,907.1575833598104,3374.579701833833,75.0,0.8147298672628829,1.2165151538721217
interpolation_fold2,interpolation,gpu_ready,3,model_regression,elasticnet,True,0.0,True,16,0.75,0.8461538461538461,0.5447047794019222,1.0,0.6923076923076923,9,0,4,3,97.59265320750977,1.0,407.4088156082531,1502.7033309932103,75.0,1.4039323661036716,1.1219079965369485
interpolation_fold2,interpolation,gpu_ready,5,model_regression,elasticnet,True,0.0,True,16,0.6875,0.6794871794871795,0.28941438070815306,0.9,0.6923076923076923,9,1,4,2,37.37203264607323,1.0,152.7349379813013,543.0570963991225,68.75,45.954727073291394,15.39545408306961
interpolation_fold2,interpolation,gpu_ready,10,model_regression,elasticnet,True,0.0,True,16,0.625,0.625,0.2581988897471611,0.6,0.75,6,4,2,4,11.72554570128543,1.0,55.05084755505377,137.07108999929625,62.5,183.5102954571643,17.609483141091488
interpolation_fold2,interpolation,gpu_ready,30,model_regression,elasticnet,True,0.0,True,16,0.4375,0.46825396825396826,-0.07273929674533079,0.4166666666666667,0.7142857142857143,5,7,2,2,5.231294236572959,1.2698814358525512,19.895388123413195,32.12791023007479,43.75,1734.5524650306481,20.291008552444396
interpolation_fold2,interpolation,gpu_ready,100,model_regression,elasticnet,True,0.0,True,16,0.5,0.5396825396825397,0.10087125544480041,0.46153846153846156,0.8571428571428571,6,7,1,2,5.851849859578703,1.255152136277593,31.240923979391265,33.92957142030312,50.0,19268.575930154842,20.93788991969265
interpolation_fold2,interpolation,gpu_ready,1000,model_regression,elasticnet,True,0.0,True,16,0.5,0.6,0.29277002188455997,0.42857142857142855,1.0,6,8,0,2,9.101149364878797,1.2803049341804784,39.86012830092484,55.443288000070574,50.0,1926853.4326778764,21.18904352215041
interpolation_fold2,interpolation,none_ready,1,model_regression,elasticnet,True,0.0,True,16,1.0,1.0,,,,0,0,0,16,1.0,1.0,1.0,1.0,100.0,1.2163202822412733,1.0
interpolation_fold2,interpolation,none_ready,2,model_regression,elasticnet,True,0.0,True,16,1.0,1.0,,,,0,0,0,16,1.0,1.0,1.0,1.0,100.0,2.5371061999596387,1.0
interpolation_fold2,interpolation,none_ready,3,model_regression,elasticnet,True,0.0,True,16,1.0,1.0,,,,0,0,0,16,1.0,1.0,1.0,1.0,100.0,4.481890985784355,1.0
interpolation_fold2,interpolation,none_ready,5,model_regression,elasticnet,True,0.0,True,16,1.0,1.0,,,,0,0,0,16,1.0,1.0,1.0,1.0,100.0,10.243457161752843,1.0
interpolation_fold2,interpolation,none_ready,10,model_regression,elasticnet,True,0.0,True,16,1.0,1.0,,,,0,0,0,16,1.0,1.0,1.0,1.0,100.0,35.567352793535214,1.0
interpolation_fold2,interpolation,none_ready,30,model_regression,elasticnet,True,0.0,True,16,1.0,1.0,,,,0,0,0,16,1.0,1.0,1.0,1.0,100.0,292.86265234725255,1.0
interpolation_fold2,interpolation,none_ready,100,model_regression,elasticnet,True,0.0,True,16,0.8125,0.5,,,0.0,0,0,3,13,1.4219274351873104,1.0,3.6821862875554516,4.326100902330005,81.25,3158.99263532027,2.169995752792908
interpolation_fold2,interpolation,none_ready,1000,model_regression,elasticnet,True,0.0,True,16,0.75,0.5,,,0.0,0,0,4,12,2.735759106085475,1.0,10.494487387186503,16.75381779689708,75.0,312384.7412019672,3.283212938752893
interpolation_fold2,interpolation,cpu_ready,1,model_regression,huber,True,0.0,True,16,1.0,1.0,,,,0,0,0,16,1.0,1.0,1.0,1.0,100.0,0.3119994340531757,1.0
interpolation_fold2,interpolation,cpu_ready,2,model_regression,huber,True,0.0,True,16,1.0,1.0,,,,0,0,0,16,1.0,1.0,1.0,1.0,100.0,1.2479977362127028,1.0
interpolation_fold2,interpolation,cpu_ready,3,model_regression,huber,True,0.0,True,16,1.0,1.0,,,,0,0,0,16,1.0,1.0,1.0,1.0,100.0,2.8079949064785814,1.0
interpolation_fold2,interpolation,cpu_ready,5,model_regression,huber,True,0.0,True,16,1.0,1.0,,,,0,0,0,16,1.0,1.0,1.0,1.0,100.0,7.799985851329392,1.0
interpolation_fold2,interpolation,cpu_ready,10,model_regression,huber,True,0.0,True,16,1.0,1.0,,,,0,0,0,16,1.0,1.0,1.0,1.0,100.0,31.19994340531757,1.0
interpolation_fold2,interpolation,cpu_ready,30,model_regression,huber,True,0.0,True,16,1.0,1.0,,,,0,0,0,16,1.0,1.0,1.0,1.0,100.0,280.7994906478582,1.0
interpolation_fold2,interpolation,cpu_ready,100,model_regression,huber,True,0.0,True,16,0.8125,0.5,,,0.0,0,0,3,13,1.4160750699972542,1.0,3.632035857949654,4.289033317529915,81.25,3119.994340531757,2.1632975288181098
interpolation_fold2,interpolation,cpu_ready,1000,model_regression,huber,True,0.0,True,16,0.8125,0.625,0.4472135954999579,1.0,0.25,1,0,3,12,2.4764815554395807,1.0,10.480857482512505,16.739378924378094,81.25,274684.6882594297,2.8909082011510567
interpolation_fold2,interpolation,gpu_ready,1,model_regression,huber,True,0.0,True,16,0.6875,0.8076923076923077,0.48038446141526137,1.0,0.6153846153846154,8,0,5,3,1402.1532225622707,1.0,9837.305233432598,13472.332665009122,68.75,0.5374539389927442,1.9321893231902076
interpolation_fold2,interpolation,gpu_ready,2,model_regression,huber,True,0.0,True,16,0.75,0.8461538461538461,0.5447047794019222,1.0,0.6923076923076923,9,0,4,3,217.46366117808117,1.0,907.1575833598104,3374.579701833833,75.0,0.8147298672628829,1.2165151538721217
interpolation_fold2,interpolation,gpu_ready,3,model_regression,huber,True,0.0,True,16,0.75,0.8461538461538461,0.5447047794019222,1.0,0.6923076923076923,9,0,4,3,97.59265320750977,1.0,407.4088156082531,1502.7033309932103,75.0,1.4039323661036716,1.1219079965369485
interpolation_fold2,interpolation,gpu_ready,5,model_regression,huber,True,0.0,True,16,0.75,0.8461538461538461,0.5447047794019222,1.0,0.6923076923076923,9,0,4,3,36.0203106559465,1.0,149.930598398301,543.0570963991225,75.0,3.1523826116869946,1.0560907406346212
interpolation_fold2,interpolation,gpu_ready,10,model_regression,huber,True,0.0,True,16,0.625,0.625,0.2581988897471611,0.6,0.75,6,4,2,4,11.72554570128543,1.0,55.05084755505377,137.07108999929625,62.5,183.5102954571643,17.609483141091488
interpolation_fold2,interpolation,gpu_ready,30,model_regression,huber,True,0.0,True,16,0.5,0.5238095238095238,0.050964719143762556,0.45454545454545453,0.7142857142857143,5,6,2,3,5.206865089944712,1.0744482628265741,19.895388123413195,32.12791023007479,50.0,1734.5108930084132,20.290522237803753
interpolation_fold2,interpolation,gpu_ready,100,model_regression,huber,True,0.0,True,16,0.5625,0.6111111111111112,0.3333333333333333,0.5,1.0,7,7,0,2,5.813309998455392,1.0,31.240923979391265,33.92957142030312,56.25,19268.540669638307,20.937851604416196
interpolation_fold2,interpolation,gpu_ready,1000,model_regression,huber,True,0.0,True,16,0.5,0.6,0.29277002188455997,0.42857142857142855,1.0,6,8,0,2,9.101149364878797,1.2803049341804784,39.86012830092484,55.443288000070574,50.0,1926853.4326778764,21.18904352215041
interpolation_fold2,interpolation,none_ready,1,model_regression,huber,True,0.0,True,16,1.0,1.0,,,,0,0,0,16,1.0,1.0,1.0,1.0,100.0,1.2163202822412733,1.0
interpolation_fold2,interpolation,none_ready,2,model_regression,huber,True,0.0,True,16,1.0,1.0,,,,0,0,0,16,1.0,1.0,1.0,1.0,100.0,2.5371061999596387,1.0
interpolation_fold2,interpolation,none_ready,3,model_regression,huber,True,0.0,True,16,1.0,1.0,,,,0,0,0,16,1.0,1.0,1.0,1.0,100.0,4.481890985784355,1.0
interpolation_fold2,interpolation,none_ready,5,model_regression,huber,True,0.0,True,16,1.0,1.0,,,,0,0,0,16,1.0,1.0,1.0,1.0,100.0,10.243457161752843,1.0
interpolation_fold2,interpolation,none_ready,10,model_regression,huber,True,0.0,True,16,1.0,1.0,,,,0,0,0,16,1.0,1.0,1.0,1.0,100.0,35.567352793535214,1.0
interpolation_fold2,interpolation,none_ready,30,model_regression,huber,True,0.0,True,16,1.0,1.0,,,,0,0,0,16,1.0,1.0,1.0,1.0,100.0,292.86265234725255,1.0
interpolation_fold2,interpolation,none_ready,100,model_regression,huber,True,0.0,True,16,0.8125,0.5,,,0.0,0,0,3,13,1.4219274351873104,1.0,3.6821862875554516,4.326100902330005,81.25,3158.99263532027,2.169995752792908
interpolation_fold2,interpolation,none_ready,1000,model_regression,huber,True,0.0,True,16,0.875,0.75,0.6546536707079772,1.0,0.5,2,0,2,12,1.2881427489492214,1.0,2.3995439797030365,5.116338015375241,87.5,132692.46501551138,1.3946187523041509
interpolation_fold2,interpolation,cpu_ready,1,model_regression,tree,True,0.0,True,16,1.0,1.0,,,,0,0,0,16,1.0,1.0,1.0,1.0,100.0,0.3119994340531757,1.0
interpolation_fold2,interpolation,cpu_ready,2,model_regression,tree,True,0.0,True,16,1.0,1.0,,,,0,0,0,16,1.0,1.0,1.0,1.0,100.0,1.2479977362127028,1.0
interpolation_fold2,interpolation,cpu_ready,3,model_regression,tree,True,0.0,True,16,1.0,1.0,,,,0,0,0,16,1.0,1.0,1.0,1.0,100.0,2.8079949064785814,1.0
interpolation_fold2,interpolation,cpu_ready,5,model_regression,tree,True,0.0,True,16,1.0,1.0,,,,0,0,0,16,1.0,1.0,1.0,1.0,100.0,7.799985851329392,1.0
interpolation_fold2,interpolation,cpu_ready,10,model_regression,tree,True,0.0,True,16,1.0,1.0,,,,0,0,0,16,1.0,1.0,1.0,1.0,100.0,31.19994340531757,1.0
interpolation_fold2,interpolation,cpu_ready,30,model_regression,tree,True,0.0,True,16,1.0,1.0,,,,0,0,0,16,1.0,1.0,1.0,1.0,100.0,280.7994906478582,1.0
interpolation_fold2,interpolation,cpu_ready,100,model_regression,tree,True,0.0,True,16,0.8125,0.5,,,0.0,0,0,3,13,1.4160750699972542,1.0,3.632035857949654,4.289033317529915,81.25,3119.994340531757,2.1632975288181098
interpolation_fold2,interpolation,cpu_ready,1000,model_regression,tree,True,0.0,True,16,0.75,0.5,,,0.0,0,0,4,12,2.733719010155718,1.0,10.480857482512505,16.739378924378094,75.0,311999.4340531757,3.2836257760641674
interpolation_fold2,interpolation,gpu_ready,1,model_regression,tree,True,0.0,True,16,0.875,0.6666666666666666,0.53748384988657,0.8666666666666667,1.0,13,2,0,1,3.889541744657351,1.0,13.012148738952595,46.32470439387124,87.5,0.38254630241638177,1.3752841453540896
interpolation_fold2,interpolation,gpu_ready,2,model_regression,tree,True,0.0,True,16,0.875,0.6666666666666666,0.53748384988657,0.8666666666666667,1.0,13,2,0,1,2.1040272118306946,1.0,7.236334621408158,15.023983841120364,87.5,1.0683164291855198,1.5951583186717746
interpolation_fold2,interpolation,gpu_ready,3,model_regression,tree,True,0.0,True,16,0.875,0.6666666666666666,0.53748384988657,0.8666666666666667,1.0,13,2,0,1,2.0338530873674427,1.0,8.157241112157807,11.497991872503016,87.5,2.128743585590095,1.7011178806842224
interpolation_fold2,interpolation,gpu_ready,5,model_regression,tree,True,0.0,True,16,0.875,0.6666666666666666,0.53748384988657,0.8666666666666667,1.0,13,2,0,1,2.1357067294482146,1.0,9.793321824142968,10.670317858471208,87.5,5.373568987305556,1.8002181685102612
interpolation_fold2,interpolation,gpu_ready,10,model_regression,tree,True,0.0,True,16,0.5625,0.5625,0.2581988897471611,0.5333333333333333,1.0,8,7,0,1,2.619709191849492,1.0,10.169953489530542,15.70079999150941,56.25,20.042130510214356,1.9232248438810766
interpolation_fold2,interpolation,gpu_ready,30,model_regression,tree,True,0.0,True,16,0.5,0.5555555555555556,0.2277100170213244,0.4666666666666667,1.0,7,8,0,1,3.970101852798926,1.0744482628265741,13.525179234442124,21.45551741416684,50.0,172.38063401070886,2.0165299058424724
interpolation_fold2,interpolation,gpu_ready,100,model_regression,tree,True,0.0,True,16,0.5,0.5555555555555556,0.2277100170213244,0.4666666666666667,1.0,7,8,0,1,6.15655909233613,1.255152136277593,25.797252362845025,30.344708165753982,50.0,1885.7350396140666,2.049103826887185
interpolation_fold2,interpolation,gpu_ready,1000,model_regression,tree,True,0.0,True,16,0.4375,0.55,0.2,0.4,1.0,6,9,0,1,9.907308027283591,2.4462732271191223,33.0089326052761,55.443288000070574,43.75,187452.3708332398,2.0613588851933238
interpolation_fold2,interpolation,none_ready,1,model_regression,tree,True,0.0,True,16,1.0,1.0,,,,0,0,0,16,1.0,1.0,1.0,1.0,100.0,1.2163202822412733,1.0
interpolation_fold2,interpolation,none_ready,2,model_regression,tree,True,0.0,True,16,1.0,1.0,,,,0,0,0,16,1.0,1.0,1.0,1.0,100.0,2.5371061999596387,1.0
interpolation_fold2,interpolation,none_ready,3,model_regression,tree,True,0.0,True,16,1.0,1.0,,,,0,0,0,16,1.0,1.0,1.0,1.0,100.0,4.481890985784355,1.0
interpolation_fold2,interpolation,none_ready,5,model_regression,tree,True,0.0,True,16,1.0,1.0,,,,0,0,0,16,1.0,1.0,1.0,1.0,100.0,10.243457161752843,1.0
interpolation_fold2,interpolation,none_ready,10,model_regression,tree,True,0.0,True,16,1.0,1.0,,,,0,0,0,16,1.0,1.0,1.0,1.0,100.0,35.567352793535214,1.0
interpolation_fold2,interpolation,none_ready,30,model_regression,tree,True,0.0,True,16,1.0,1.0,,,,0,0,0,16,1.0,1.0,1.0,1.0,100.0,292.86265234725255,1.0
interpolation_fold2,interpolation,none_ready,100,model_regression,tree,True,0.0,True,16,0.8125,0.5,,,0.0,0,0,3,13,1.4219274351873104,1.0,3.6821862875554516,4.326100902330005,81.25,3158.99263532027,2.169995752792908
interpolation_fold2,interpolation,none_ready,1000,model_regression,tree,True,0.0,True,16,0.75,0.5,,,0.0,0,0,4,12,2.735759106085475,1.0,10.494487387186503,16.75381779689708,75.0,312384.7412019672,3.283212938752893
interpolation_fold2,interpolation,cpu_ready,1,model_regression,random_forest,True,0.0,True,16,1.0,1.0,,,,0,0,0,16,1.0,1.0,1.0,1.0,100.0,0.3119994340531757,1.0
interpolation_fold2,interpolation,cpu_ready,2,model_regression,random_forest,True,0.0,True,16,1.0,1.0,,,,0,0,0,16,1.0,1.0,1.0,1.0,100.0,1.2479977362127028,1.0
interpolation_fold2,interpolation,cpu_ready,3,model_regression,random_forest,True,0.0,True,16,1.0,1.0,,,,0,0,0,16,1.0,1.0,1.0,1.0,100.0,2.8079949064785814,1.0
interpolation_fold2,interpolation,cpu_ready,5,model_regression,random_forest,True,0.0,True,16,1.0,1.0,,,,0,0,0,16,1.0,1.0,1.0,1.0,100.0,7.799985851329392,1.0
interpolation_fold2,interpolation,cpu_ready,10,model_regression,random_forest,True,0.0,True,16,1.0,1.0,,,,0,0,0,16,1.0,1.0,1.0,1.0,100.0,31.19994340531757,1.0
interpolation_fold2,interpolation,cpu_ready,30,model_regression,random_forest,True,0.0,True,16,0.9375,0.9375,,0.0,,0,1,0,15,1.0638747847168695,1.0,1.2554991388674779,2.021996555469911,93.75,323.46056011364846,1.15192716114749
interpolation_fold2,interpolation,cpu_ready,100,model_regression,random_forest,True,0.0625,True,16,0.875,0.6666666666666666,0.53748384988657,1.0,0.3333333333333333,1,0,2,13,1.3563793763928844,1.0,3.632035857949654,4.289033317529915,87.5,2893.4115616545632,2.0061927676811933
interpolation_fold2,interpolation,cpu_ready,1000,model_regression,random_forest,True,0.0625,True,16,0.8125,0.625,0.4472135954999579,1.0,0.25,1,0,3,12,2.4764815554395807,1.0,10.480857482512505,16.739378924378094,81.25,274684.6882594297,2.8909082011510567
interpolation_fold2,interpolation,gpu_ready,1,model_regression,random_forest,True,0.0,True,16,1.0,1.0,1.0,1.0,1.0,13,0,0,3,1.0,1.0,1.0,1.0,100.0,0.2781580109889865,1.0
interpolation_fold2,interpolation,gpu_ready,2,model_regression,random_forest,True,0.0,True,16,1.0,1.0,1.0,1.0,1.0,13,0,0,3,1.0,1.0,1.0,1.0,100.0,0.6697243882820765,1.0
interpolation_fold2,interpolation,gpu_ready,3,model_regression,random_forest,True,0.0,True,16,1.0,1.0,1.0,1.0,1.0,13,0,0,3,1.0,1.0,1.0,1.0,100.0,1.2513792311288112,1.0
interpolation_fold2,interpolation,gpu_ready,5,model_regression,random_forest,True,0.0,True,16,1.0,1.0,1.0,1.0,1.0,13,0,0,3,1.0,1.0,1.0,1.0,100.0,2.984954313483214,1.0
interpolation_fold2,interpolation,gpu_ready,10,model_regression,random_forest,True,0.0,True,16,0.6875,0.6875,0.48038446141526137,0.6153846153846154,1.0,8,5,0,3,1.2430130680757219,1.0,2.3732308609220722,2.375039524830344,68.75,10.645440166558002,1.021526877690953
interpolation_fold2,interpolation,gpu_ready,30,model_regression,random_forest,True,0.0,True,16,0.75,0.7777777777777778,0.5945883900105632,0.6363636363636364,1.0,7,4,0,5,1.2191878673872776,1.0,2.4723766340710163,2.5061112415949762,75.0,87.03760657525848,1.018176650754496
interpolation_fold2,interpolation,gpu_ready,100,model_regression,random_forest,True,0.0,True,16,0.8125,0.8015873015873016,0.6180700462007377,0.8333333333333334,0.7142857142857143,5,1,2,8,1.2445867655651854,1.0,2.1590898831084258,3.786446198514819,81.25,926.0431261273973,1.006269955082648
interpolation_fold2,interpolation,gpu_ready,1000,model_regression,random_forest,True,0.0625,True,16,0.875,0.8666666666666667,0.7333333333333333,0.8333333333333334,0.8333333333333334,5,1,1,9,1.2031692450987723,1.0,2.092981914575568,3.690098053219401,87.5,91495.390060599,1.0061480386579378
interpolation_fold2,interpolation,none_ready,1,model_regression,random_forest,True,0.0,True,16,1.0,1.0,,,,0,0,0,16,1.0,1.0,1.0,1.0,100.0,1.2163202822412733,1.0
interpolation_fold2,interpolation,none_ready,2,model_regression,random_forest,True,0.0,True,16,1.0,1.0,,,,0,0,0,16,1.0,1.0,1.0,1.0,100.0,2.5371061999596387,1.0
interpolation_fold2,interpolation,none_ready,3,model_regression,random_forest,True,0.0,True,16,1.0,1.0,,,,0,0,0,16,1.0,1.0,1.0,1.0,100.0,4.481890985784355,1.0
interpolation_fold2,interpolation,none_ready,5,model_regression,random_forest,True,0.0,True,16,1.0,1.0,,,,0,0,0,16,1.0,1.0,1.0,1.0,100.0,10.243457161752843,1.0
interpolation_fold2,interpolation,none_ready,10,model_regression,random_forest,True,0.0,True,16,1.0,1.0,,,,0,0,0,16,1.0,1.0,1.0,1.0,100.0,35.567352793535214,1.0
interpolation_fold2,interpolation,none_ready,30,model_regression,random_forest,True,0.0,True,16,0.875,0.875,,0.0,,0,2,0,14,1.0744719568464298,1.0,1.3862013948400085,2.0149241746342965,87.5,350.0596666089361,1.1953032037484383
interpolation_fold2,interpolation,none_ready,100,model_regression,random_forest,True,0.0,True,16,0.9375,0.8333333333333333,0.7867957924694432,1.0,0.6666666666666666,2,0,1,13,1.1542217551644125,1.0,1.61688702065765,3.4675480826306004,93.75,2235.808623568533,1.5358361912450589
interpolation_fold2,interpolation,none_ready,1000,model_regression,random_forest,True,0.0,True,16,0.875,0.75,0.6546536707079772,1.0,0.5,2,0,2,12,1.4938743678184547,1.0,3.22247045517997,8.408043917282976,87.5,190585.85046797968,2.003087371656022
interpolation_fold2,interpolation,cpu_ready,1,model_classification,logistic,True,0.0,False,16,1.0,1.0,,,,0,0,0,16,1.0,1.0,1.0,1.0,100.0,0.3119994340531757,1.0
interpolation_fold2,interpolation,cpu_ready,2,model_classification,logistic,True,0.0,False,16,1.0,1.0,,,,0,0,0,16,1.0,1.0,1.0,1.0,100.0,1.2479977362127028,1.0
interpolation_fold2,interpolation,cpu_ready,3,model_classification,logistic,True,0.0,False,16,1.0,1.0,,,,0,0,0,16,1.0,1.0,1.0,1.0,100.0,2.8079949064785814,1.0
interpolation_fold2,interpolation,cpu_ready,5,model_classification,logistic,True,0.0,False,16,1.0,1.0,,,,0,0,0,16,1.0,1.0,1.0,1.0,100.0,7.799985851329392,1.0
interpolation_fold2,interpolation,cpu_ready,10,model_classification,logistic,True,0.0,False,16,1.0,1.0,,,,0,0,0,16,1.0,1.0,1.0,1.0,100.0,31.19994340531757,1.0
interpolation_fold2,interpolation,cpu_ready,30,model_classification,logistic,True,0.0,False,16,1.0,1.0,,,,0,0,0,16,1.0,1.0,1.0,1.0,100.0,280.7994906478582,1.0
interpolation_fold2,interpolation,cpu_ready,100,model_classification,logistic,True,0.0,False,16,0.8125,0.5,,,0.0,0,0,3,13,1.4160750699972542,1.0,3.632035857949654,4.289033317529915,81.25,3119.994340531757,2.1632975288181098
interpolation_fold2,interpolation,cpu_ready,1000,model_classification,logistic,True,0.0,False,16,0.8125,0.625,0.4472135954999579,1.0,0.25,1,0,3,12,1.750007827382087,1.0,5.935520373732972,8.39468366855731,81.25,227597.60136365565,2.395342006552175
interpolation_fold2,interpolation,gpu_ready,1,model_classification,logistic,True,0.0,False,16,0.875,0.9230769230769231,0.7125253031944253,1.0,0.8461538461538461,11,0,2,3,844.2319443488464,1.0,3384.1169996815956,13472.332665009122,87.5,0.3554980061569075,1.2780433858185132
interpolation_fold2,interpolation,gpu_ready,2,model_classification,logistic,True,0.0,False,16,0.875,0.9230769230769231,0.7125253031944253,1.0,0.8461538461538461,11,0,2,3,212.1510586866229,1.0,848.0228533225583,3374.579701833833,87.5,0.7471802444443045,1.115653330709535
interpolation_fold2,interpolation,gpu_ready,3,model_classification,logistic,True,0.0,False,16,0.875,0.9230769230769231,0.7125253031944253,1.0,0.8461538461538461,11,0,2,3,94.97036479910538,1.0,377.7927120926595,1502.7033309932103,87.5,1.328910648881075,1.061956772034906
interpolation_fold2,interpolation,gpu_ready,5,model_classification,logistic,True,0.0,False,16,0.875,0.9230769230769231,0.7125253031944253,1.0,0.8461538461538461,11,0,2,3,34.890466169051884,1.0,136.65704582906133,543.0570963991225,87.5,3.062515956202735,1.0259841976036854
interpolation_fold2,interpolation,gpu_ready,10,model_classification,logistic,True,0.0,False,16,0.75,0.75,0.5773502691896258,0.6666666666666666,1.0,8,4,0,4,1.1570730977738253,1.0,1.746648825412302,2.3726279729526483,75.0,10.644564104608907,1.021442811573111
interpolation_fold2,interpolation,gpu_ready,30,model_classification,logistic,True,0.0,False,16,0.6875,0.7222222222222222,0.5091750772173156,0.5833333333333334,1.0,7,5,0,4,1.8367961907956452,1.0,4.600016724829704,10.881733174533885,68.75,88.79758006829927,1.0387650376262274
interpolation_fold2,interpolation,gpu_ready,100,model_classification,logistic,True,0.0,False,16,0.6875,0.7222222222222222,0.5091750772173156,0.5833333333333334,1.0,7,5,0,4,3.3523314840626126,1.0,11.082304973222158,30.344708165753982,68.75,961.0204330706799,1.0442774863667654
interpolation_fold2,interpolation,gpu_ready,1000,model_classification,logistic,True,0.0,False,16,0.625,0.7,0.4472135954999579,0.5,1.0,6,6,0,4,6.5991761334206664,1.0,28.309014149595214,55.443288000070574,62.5,95136.26828818422,1.0461857114330473
interpolation_fold2,interpolation,none_ready,1,model_classification,logistic,True,0.0,False,16,1.0,1.0,,,,0,0,0,16,1.0,1.0,1.0,1.0,100.0,1.2163202822412733,1.0
interpolation_fold2,interpolation,none_ready,2,model_classification,logistic,True,0.0,False,16,1.0,1.0,,,,0,0,0,16,1.0,1.0,1.0,1.0,100.0,2.5371061999596387,1.0
interpolation_fold2,interpolation,none_ready,3,model_classification,logistic,True,0.0,False,16,1.0,1.0,,,,0,0,0,16,1.0,1.0,1.0,1.0,100.0,4.481890985784355,1.0
interpolation_fold2,interpolation,none_ready,5,model_classification,logistic,True,0.0,False,16,1.0,1.0,,,,0,0,0,16,1.0,1.0,1.0,1.0,100.0,10.243457161752843,1.0
interpolation_fold2,interpolation,none_ready,10,model_classification,logistic,True,0.0,False,16,1.0,1.0,,,,0,0,0,16,1.0,1.0,1.0,1.0,100.0,35.567352793535214,1.0
interpolation_fold2,interpolation,none_ready,30,model_classification,logistic,True,0.0,False,16,1.0,1.0,,,,0,0,0,16,1.0,1.0,1.0,1.0,100.0,292.86265234725255,1.0
interpolation_fold2,interpolation,none_ready,100,model_classification,logistic,True,0.0,False,16,0.8125,0.5,,,0.0,0,0,3,13,1.4219274351873104,1.0,3.6821862875554516,4.326100902330005,81.25,3158.99263532027,2.169995752792908
interpolation_fold2,interpolation,none_ready,1000,model_classification,logistic,True,0.0,False,16,0.8125,0.625,0.4472135954999579,1.0,0.25,1,0,3,12,1.7511454937794073,1.0,5.939264490852175,8.408043917282976,81.25,227905.4805968713,2.3953225750695926
extrapolation_top1,extrapolation,cpu_ready,1,baseline,always_cpu_ref,,,,6,1.0,1.0,,,,0,0,0,6,1.0,1.0,1.0,1.0,100.0,36.38795149086501,1.0
extrapolation_top1,extrapolation,cpu_ready,2,baseline,always_cpu_ref,,,,6,0.8333333333333334,0.5,,,0.0,0,0,1,5,1.0274876620987448,1.0,1.123694479444351,1.164925972592468,83.33333333333334,145.55180596346003,1.0602062165177653
extrapolation_top1,extrapolation,cpu_ready,3,baseline,always_cpu_ref,,,,6,0.6666666666666666,0.5,,,0.0,0,0,2,4,1.3203084136565544,1.0,2.1486589344364893,2.3363926279033156,66.66666666666666,327.49156341778513,1.6070886039330279
extrapolation_top1,extrapolation,cpu_ready,5,baseline,always_cpu_ref,,,,6,0.5,0.5,,,0.0,0,0,3,3,2.137498643341374,1.1509573379298934,4.7565270994197615,5.251515606745295,50.0,909.6987872716254,2.816168050162741
extrapolation_top1,extrapolation,cpu_ready,10,baseline,always_cpu_ref,,,,6,0.5,0.5,,,0.0,0,0,3,3,4.431984077256187,1.962062614556564,11.878766666340903,13.423643715469808,50.0,3638.7951490865016,6.04542857185179
extrapolation_top1,extrapolation,cpu_ready,30,baseline,always_cpu_ref,,,,6,0.5,0.5,,,0.0,0,0,3,3,10.462360365839826,3.782493234781823,31.915932441631803,37.22727702052595,50.0,32749.15634177851,12.160564022258857
extrapolation_top1,extrapolation,cpu_ready,100,baseline,always_cpu_ref,,,,6,0.5,0.5,,,0.0,0,0,3,3,16.533101236155826,5.3175330780959875,53.297930371499504,63.31409011262751,50.0,363879.5149086501,16.31379775133627
extrapolation_top1,extrapolation,cpu_ready,1000,baseline,always_cpu_ref,,,,6,0.5,0.5,,,0.0,0,0,3,3,20.52856091927733,6.211708857630213,67.83135095925358,81.2887280183054,50.0,36387951.490865014,18.397213981306585
extrapolation_top1,extrapolation,cpu_ready,1,baseline,always_gpu_ref,,,,6,0.0,0.0,,0.0,,0,6,0,0,305.307978769742,109.25065016087714,1023.8705593400944,1244.5860801737253,0.0,379.6312881126589,10.432884308092014
extrapolation_top1,extrapolation,cpu_ready,2,baseline,always_gpu_ref,,,,6,0.16666666666666666,0.5,,0.16666666666666666,1.0,1,5,0,0,95.06006422514527,52.81767455246074,287.83812581969636,344.41388826086745,16.666666666666664,535.3836904008564,3.899760040955505
extrapolation_top1,extrapolation,cpu_ready,3,baseline,always_gpu_ref,,,,6,0.3333333333333333,0.5,,0.3333333333333333,1.0,2,4,0,0,52.369257974209155,34.01596751308057,145.348289110468,168.60477181138904,33.33333333333333,731.0356550250178,3.5873872841135315
extrapolation_top1,extrapolation,cpu_ready,5,baseline,always_gpu_ref,,,,6,0.5,0.5,,0.5,1.0,3,3,0,0,28.058325338579266,18.358315597978198,68.75176008864834,72.68685975953709,50.0,1242.0382712812327,3.8449963280177175
extrapolation_top1,extrapolation,cpu_ready,10,baseline,always_gpu_ref,,,,6,0.5,0.5,,0.5,1.0,3,3,0,0,15.570031147096957,9.940421690072435,40.234225276748795,44.69877880227915,50.0,3217.787152801139,5.345973487011261
extrapolation_top1,extrapolation,cpu_ready,30,baseline,always_gpu_ref,,,,6,0.5,0.5,,0.5,1.0,3,3,0,0,9.944419249016816,4.850598039692793,30.669254371938624,37.355849036519594,50.0,21095.673262871762,7.833340273823822
extrapolation_top1,extrapolation,cpu_ready,100,baseline,always_gpu_ref,,,,6,0.5,0.5,,0.5,1.0,3,3,0,0,8.48573950407839,2.8503547851356,28.274040793180667,34.94121785926176,50.0,209351.89600640547,9.3858663386552
extrapolation_top1,extrapolation,cpu_ready,1000,baseline,always_gpu_ref,,,,6,0.5,0.5,,0.5,1.0,3,3,0,0,7.99381672914613,2.2415355107286246,27.385653999052845,34.031393321395925,50.0,20045948.0052144,10.13493697227385
extrapolation_top1,extrapolation,cpu_ready,1,baseline,stay_on_ready_device,,,,6,1.0,1.0,,,,0,0,0,6,1.0,1.0,1.0,1.0,100.0,36.38795149086501,1.0
extrapolation_top1,extrapolation,cpu_ready,2,baseline,stay_on_ready_device,,,,6,0.8333333333333334,0.5,,,0.0,0,0,1,5,1.0274876620987448,1.0,1.123694479444351,1.164925972592468,83.33333333333334,145.55180596346003,1.0602062165177653
extrapolation_top1,extrapolation,cpu_ready,3,baseline,stay_on_ready_device,,,,6,0.6666666666666666,0.5,,,0.0,0,0,2,4,1.3203084136565544,1.0,2.1486589344364893,2.3363926279033156,66.66666666666666,327.49156341778513,1.6070886039330279
extrapolation_top1,extrapolation,cpu_ready,5,baseline,stay_on_ready_device,,,,6,0.5,0.5,,,0.0,0,0,3,3,2.137498643341374,1.1509573379298934,4.7565270994197615,5.251515606745295,50.0,909.6987872716254,2.816168050162741
extrapolation_top1,extrapolation,cpu_ready,10,baseline,stay_on_ready_device,,,,6,0.5,0.5,,,0.0,0,0,3,3,4.431984077256187,1.962062614556564,11.878766666340903,13.423643715469808,50.0,3638.7951490865016,6.04542857185179
extrapolation_top1,extrapolation,cpu_ready,30,baseline,stay_on_ready_device,,,,6,0.5,0.5,,,0.0,0,0,3,3,10.462360365839826,3.782493234781823,31.915932441631803,37.22727702052595,50.0,32749.15634177851,12.160564022258857
extrapolation_top1,extrapolation,cpu_ready,100,baseline,stay_on_ready_device,,,,6,0.5,0.5,,,0.0,0,0,3,3,16.533101236155826,5.3175330780959875,53.297930371499504,63.31409011262751,50.0,363879.5149086501,16.31379775133627
extrapolation_top1,extrapolation,cpu_ready,1000,baseline,stay_on_ready_device,,,,6,0.5,0.5,,,0.0,0,0,3,3,20.52856091927733,6.211708857630213,67.83135095925358,81.2887280183054,50.0,36387951.490865014,18.397213981306585
extrapolation_top1,extrapolation,cpu_ready,1,baseline,best_constant_device_train,,,,6,0.0,0.0,,0.0,,0,6,0,0,305.307978769742,109.25065016087714,1023.8705593400944,1244.5860801737253,0.0,379.6312881126589,10.432884308092014
extrapolation_top1,extrapolation,cpu_ready,2,baseline,best_constant_device_train,,,,6,0.16666666666666666,0.5,,0.16666666666666666,1.0,1,5,0,0,95.06006422514527,52.81767455246074,287.83812581969636,344.41388826086745,16.666666666666664,535.3836904008564,3.899760040955505
extrapolation_top1,extrapolation,cpu_ready,3,baseline,best_constant_device_train,,,,6,0.3333333333333333,0.5,,0.3333333333333333,1.0,2,4,0,0,52.369257974209155,34.01596751308057,145.348289110468,168.60477181138904,33.33333333333333,731.0356550250178,3.5873872841135315
extrapolation_top1,extrapolation,cpu_ready,5,baseline,best_constant_device_train,,,,6,0.5,0.5,,0.5,1.0,3,3,0,0,28.058325338579266,18.358315597978198,68.75176008864834,72.68685975953709,50.0,1242.0382712812327,3.8449963280177175
extrapolation_top1,extrapolation,cpu_ready,10,baseline,best_constant_device_train,,,,6,0.5,0.5,,0.5,1.0,3,3,0,0,15.570031147096957,9.940421690072435,40.234225276748795,44.69877880227915,50.0,3217.787152801139,5.345973487011261
extrapolation_top1,extrapolation,cpu_ready,30,baseline,best_constant_device_train,,,,6,0.5,0.5,,0.5,1.0,3,3,0,0,9.944419249016816,4.850598039692793,30.669254371938624,37.355849036519594,50.0,21095.673262871762,7.833340273823822
extrapolation_top1,extrapolation,cpu_ready,100,baseline,best_constant_device_train,,,,6,0.5,0.5,,0.5,1.0,3,3,0,0,8.48573950407839,2.8503547851356,28.274040793180667,34.94121785926176,50.0,209351.89600640547,9.3858663386552
extrapolation_top1,extrapolation,cpu_ready,1000,baseline,best_constant_device_train,,,,6,0.5,0.5,,0.5,1.0,3,3,0,0,7.99381672914613,2.2415355107286246,27.385653999052845,34.031393321395925,50.0,20045948.0052144,10.13493697227385
extrapolation_top1,extrapolation,cpu_ready,1,baseline,size_threshold_train,,,,6,0.3333333333333333,0.3333333333333333,,0.0,,0,4,0,2,210.65298851848283,3.5182476418854525,936.0133990436442,1244.5860801737253,33.33333333333333,221.65772039210952,6.091514122408222
extrapolation_top1,extrapolation,cpu_ready,2,baseline,size_threshold_train,,,,6,0.5,0.7,0.31622776601683794,0.25,1.0,1,3,0,2,58.61339467618992,1.1001547444497608,259.07695877249375,344.41388826086745,50.0,259.404420410644,1.889514027607431
extrapolation_top1,extrapolation,cpu_ready,3,baseline,size_threshold_train,,,,6,0.6666666666666666,0.75,0.5,0.5,1.0,2,2,0,2,29.034233172742418,1.0,126.85373566480814,168.60477181138904,66.66666666666666,301.24897777206775,1.4783092244313742
extrapolation_top1,extrapolation,cpu_ready,5,baseline,size_threshold_train,,,,6,0.8333333333333334,0.8333333333333333,0.7071067811865476,0.75,1.0,3,1,0,2,12.947809959922848,1.0,54.76514481965282,72.68685975953709,83.33333333333334,397.2316645235828,1.2297159651046738
extrapolation_top1,extrapolation,cpu_ready,10,baseline,size_threshold_train,,,,6,0.8333333333333334,0.8333333333333333,0.7071067811865476,0.75,1.0,3,1,0,2,5.30676078335962,1.0,20.380423525118292,26.840564700157724,83.33333333333334,708.9008849029319,1.17775513284365
extrapolation_top1,extrapolation,cpu_ready,30,baseline,size_threshold_train,,,,6,0.8333333333333334,0.8333333333333333,0.7071067811865476,0.75,1.0,3,1,0,2,2.2835326798975975,1.0,6.775897059539189,8.701196079385586,83.33333333333334,2980.042102142635,1.1065626361159673
extrapolation_top1,extrapolation,cpu_ready,100,baseline,size_threshold_train,,,,6,0.8333333333333334,0.8333333333333333,0.7071067811865476,0.75,1.0,3,1,0,2,1.6167849283785334,1.0,3.7755321777033997,4.7007095702712,83.33333333333334,23837.286992582653,1.0686962662220145
extrapolation_top1,extrapolation,cpu_ready,1000,baseline,size_threshold_train,,,,6,0.8333333333333334,0.8333333333333333,0.7071067811865476,0.75,1.0,3,1,0,2,1.413845170242875,1.0,2.8623032660929364,3.4830710214572487,83.33333333333334,2080716.5943265294,1.0519797584618213
extrapolation_top1,extrapolation,cpu_ready,1,baseline,intensity_threshold_train,,,,6,0.5,0.5,,0.0,,0,3,0,3,3.388641822861942,2.01958890731617,8.7208461073352,10.295355653400746,50.0,170.1672908133211,4.676473498543623
extrapolation_top1,extrapolation,cpu_ready,2,baseline,intensity_threshold_train,,,,6,0.6666666666666666,0.8,0.4472135954999579,0.3333333333333333,1.0,1,2,0,3,1.377746632712011,1.0,2.5997051027542875,3.066170307372543,66.66666666666666,202.52849067233777,1.4752270740404108
extrapolation_top1,extrapolation,cpu_ready,3,baseline,intensity_threshold_train,,,,6,0.8333333333333334,0.875,0.7071067811865476,0.6666666666666666,1.0,2,1,0,3,1.100104537510912,1.0,1.4504704187991042,1.6006272250654723,83.33333333333334,238.7922033368322,1.171817144495761
extrapolation_top1,extrapolation,cpu_ready,5,baseline,intensity_threshold_train,,,,6,1.0,1.0,1.0,1.0,1.0,3,0,0,3,1.0,1.0,1.0,1.0,100.0,323.0271670822541,1.0
extrapolation_top1,extrapolation,cpu_ready,10,baseline,intensity_threshold_train,,,,6,1.0,1.0,1.0,1.0,1.0,3,0,0,3,1.0,1.0,1.0,1.0,100.0,601.9085505416688,1.0
extrapolation_top1,extrapolation,cpu_ready,30,baseline,intensity_threshold_train,,,,6,1.0,1.0,1.0,1.0,1.0,3,0,0,3,1.0,1.0,1.0,1.0,100.0,2693.062285748755,1.0
extrapolation_top1,extrapolation,cpu_ready,100,baseline,intensity_threshold_train,,,,6,1.0,1.0,1.0,1.0,1.0,3,0,0,3,1.0,1.0,1.0,1.0,100.0,22305.01569622834,1.0
extrapolation_top1,extrapolation,cpu_ready,1000,baseline,intensity_threshold_train,,,,6,1.0,1.0,1.0,1.0,1.0,3,0,0,3,1.0,1.0,1.0,1.0,100.0,1977905.541993414,1.0
extrapolation_top1,extrapolation,cpu_ready,1,baseline,operation_crossover_table_train,,,,6,0.5,0.5,,0.0,,0,3,0,3,3.388641822861942,2.01958890731617,8.7208461073352,10.295355653400746,50.0,170.1672908133211,4.676473498543623
extrapolation_top1,extrapolation,cpu_ready,2,baseline,operation_crossover_table_train,,,,6,0.6666666666666666,0.8,0.4472135954999579,0.3333333333333333,1.0,1,2,0,3,1.377746632712011,1.0,2.5997051027542875,3.066170307372543,66.66666666666666,202.52849067233777,1.4752270740404108
extrapolation_top1,extrapolation,cpu_ready,3,baseline,operation_crossover_table_train,,,,6,0.8333333333333334,0.875,0.7071067811865476,0.6666666666666666,1.0,2,1,0,3,1.100104537510912,1.0,1.4504704187991042,1.6006272250654723,83.33333333333334,238.7922033368322,1.171817144495761
extrapolation_top1,extrapolation,cpu_ready,5,baseline,operation_crossover_table_train,,,,6,1.0,1.0,1.0,1.0,1.0,3,0,0,3,1.0,1.0,1.0,1.0,100.0,323.0271670822541,1.0
extrapolation_top1,extrapolation,cpu_ready,10,baseline,operation_crossover_table_train,,,,6,1.0,1.0,1.0,1.0,1.0,3,0,0,3,1.0,1.0,1.0,1.0,100.0,601.9085505416688,1.0
extrapolation_top1,extrapolation,cpu_ready,30,baseline,operation_crossover_table_train,,,,6,1.0,1.0,1.0,1.0,1.0,3,0,0,3,1.0,1.0,1.0,1.0,100.0,2693.062285748755,1.0
extrapolation_top1,extrapolation,cpu_ready,100,baseline,operation_crossover_table_train,,,,6,1.0,1.0,1.0,1.0,1.0,3,0,0,3,1.0,1.0,1.0,1.0,100.0,22305.01569622834,1.0
extrapolation_top1,extrapolation,cpu_ready,1000,baseline,operation_crossover_table_train,,,,6,1.0,1.0,1.0,1.0,1.0,3,0,0,3,1.0,1.0,1.0,1.0,100.0,1977905.541993414,1.0
extrapolation_top1,extrapolation,cpu_ready,1,baseline,oracle,,,,6,1.0,1.0,,,,0,0,0,6,1.0,1.0,1.0,1.0,100.0,36.38795149086501,1.0
extrapolation_top1,extrapolation,cpu_ready,2,baseline,oracle,,,,6,1.0,1.0,1.0,1.0,1.0,1,0,0,5,1.0,1.0,1.0,1.0,100.0,137.286316280547,1.0
extrapolation_top1,extrapolation,cpu_ready,3,baseline,oracle,,,,6,1.0,1.0,1.0,1.0,1.0,2,0,0,4,1.0,1.0,1.0,1.0,100.0,203.77940744294685,1.0
extrapolation_top1,extrapolation,cpu_ready,5,baseline,oracle,,,,6,1.0,1.0,1.0,1.0,1.0,3,0,0,3,1.0,1.0,1.0,1.0,100.0,323.0271670822541,1.0
extrapolation_top1,extrapolation,cpu_ready,10,baseline,oracle,,,,6,1.0,1.0,1.0,1.0,1.0,3,0,0,3,1.0,1.0,1.0,1.0,100.0,601.9085505416688,1.0
extrapolation_top1,extrapolation,cpu_ready,30,baseline,oracle,,,,6,1.0,1.0,1.0,1.0,1.0,3,0,0,3,1.0,1.0,1.0,1.0,100.0,2693.062285748755,1.0
extrapolation_top1,extrapolation,cpu_ready,100,baseline,oracle,,,,6,1.0,1.0,1.0,1.0,1.0,3,0,0,3,1.0,1.0,1.0,1.0,100.0,22305.01569622834,1.0
extrapolation_top1,extrapolation,cpu_ready,1000,baseline,oracle,,,,6,1.0,1.0,1.0,1.0,1.0,3,0,0,3,1.0,1.0,1.0,1.0,100.0,1977905.541993414,1.0
extrapolation_top1,extrapolation,cpu_ready,1,baseline,stay_on_ready_device_k,,,,6,1.0,1.0,,,,0,0,0,6,1.0,1.0,1.0,1.0,100.0,36.38795149086501,1.0
extrapolation_top1,extrapolation,cpu_ready,2,baseline,stay_on_ready_device_k,,,,6,0.8333333333333334,0.5,,,0.0,0,0,1,5,1.0274876620987448,1.0,1.123694479444351,1.164925972592468,83.33333333333334,145.55180596346003,1.0602062165177653
extrapolation_top1,extrapolation,cpu_ready,3,baseline,stay_on_ready_device_k,,,,6,0.6666666666666666,0.5,,,0.0,0,0,2,4,1.3203084136565544,1.0,2.1486589344364893,2.3363926279033156,66.66666666666666,327.49156341778513,1.6070886039330279
extrapolation_top1,extrapolation,cpu_ready,5,baseline,stay_on_ready_device_k,,,,6,0.5,0.5,,,0.0,0,0,3,3,2.137498643341374,1.1509573379298934,4.7565270994197615,5.251515606745295,50.0,909.6987872716254,2.816168050162741
extrapolation_top1,extrapolation,cpu_ready,10,baseline,stay_on_ready_device_k,,,,6,0.5,0.5,,,0.0,0,0,3,3,4.431984077256187,1.962062614556564,11.878766666340903,13.423643715469808,50.0,3638.7951490865016,6.04542857185179
extrapolation_top1,extrapolation,cpu_ready,30,baseline,stay_on_ready_device_k,,,,6,0.5,0.5,,,0.0,0,0,3,3,10.462360365839826,3.782493234781823,31.915932441631803,37.22727702052595,50.0,32749.15634177851,12.160564022258857
extrapolation_top1,extrapolation,cpu_ready,100,baseline,stay_on_ready_device_k,,,,6,0.5,0.5,,,0.0,0,0,3,3,16.533101236155826,5.3175330780959875,53.297930371499504,63.31409011262751,50.0,363879.5149086501,16.31379775133627
extrapolation_top1,extrapolation,cpu_ready,1000,baseline,stay_on_ready_device_k,,,,6,0.5,0.5,,,0.0,0,0,3,3,20.52856091927733,6.211708857630213,67.83135095925358,81.2887280183054,50.0,36387951.490865014,18.397213981306585
extrapolation_top1,extrapolation,cpu_ready,1,baseline,k_break_even_table_train,,,,6,1.0,1.0,,,,0,0,0,6,1.0,1.0,1.0,1.0,100.0,36.38795149086501,1.0
extrapolation_top1,extrapolation,cpu_ready,2,baseline,k_break_even_table_train,,,,6,0.8333333333333334,0.5,,,0.0,0,0,1,5,1.0274876620987448,1.0,1.123694479444351,1.164925972592468,83.33333333333334,145.55180596346003,1.0602062165177653
extrapolation_top1,extrapolation,cpu_ready,3,baseline,k_break_even_table_train,,,,6,0.6666666666666666,0.5,,,0.0,0,0,2,4,1.3203084136565544,1.0,2.1486589344364893,2.3363926279033156,66.66666666666666,327.49156341778513,1.6070886039330279
extrapolation_top1,extrapolation,cpu_ready,5,baseline,k_break_even_table_train,,,,6,0.5,0.5,,,0.0,0,0,3,3,2.137498643341374,1.1509573379298934,4.7565270994197615,5.251515606745295,50.0,909.6987872716254,2.816168050162741
extrapolation_top1,extrapolation,cpu_ready,10,baseline,k_break_even_table_train,,,,6,1.0,1.0,1.0,1.0,1.0,3,0,0,3,1.0,1.0,1.0,1.0,100.0,601.9085505416688,1.0
extrapolation_top1,extrapolation,cpu_ready,30,baseline,k_break_even_table_train,,,,6,1.0,1.0,1.0,1.0,1.0,3,0,0,3,1.0,1.0,1.0,1.0,100.0,2693.062285748755,1.0
extrapolation_top1,extrapolation,cpu_ready,100,baseline,k_break_even_table_train,,,,6,1.0,1.0,1.0,1.0,1.0,3,0,0,3,1.0,1.0,1.0,1.0,100.0,22305.01569622834,1.0
extrapolation_top1,extrapolation,cpu_ready,1000,baseline,k_break_even_table_train,,,,6,1.0,1.0,1.0,1.0,1.0,3,0,0,3,1.0,1.0,1.0,1.0,100.0,1977905.541993414,1.0
extrapolation_top1,extrapolation,cpu_ready,1,baseline,oracle_k,,,,6,1.0,1.0,,,,0,0,0,6,1.0,1.0,1.0,1.0,100.0,36.38795149086501,1.0
extrapolation_top1,extrapolation,cpu_ready,2,baseline,oracle_k,,,,6,1.0,1.0,1.0,1.0,1.0,1,0,0,5,1.0,1.0,1.0,1.0,100.0,137.286316280547,1.0
extrapolation_top1,extrapolation,cpu_ready,3,baseline,oracle_k,,,,6,1.0,1.0,1.0,1.0,1.0,2,0,0,4,1.0,1.0,1.0,1.0,100.0,203.77940744294685,1.0
extrapolation_top1,extrapolation,cpu_ready,5,baseline,oracle_k,,,,6,1.0,1.0,1.0,1.0,1.0,3,0,0,3,1.0,1.0,1.0,1.0,100.0,323.0271670822541,1.0
extrapolation_top1,extrapolation,cpu_ready,10,baseline,oracle_k,,,,6,1.0,1.0,1.0,1.0,1.0,3,0,0,3,1.0,1.0,1.0,1.0,100.0,601.9085505416688,1.0
extrapolation_top1,extrapolation,cpu_ready,30,baseline,oracle_k,,,,6,1.0,1.0,1.0,1.0,1.0,3,0,0,3,1.0,1.0,1.0,1.0,100.0,2693.062285748755,1.0
extrapolation_top1,extrapolation,cpu_ready,100,baseline,oracle_k,,,,6,1.0,1.0,1.0,1.0,1.0,3,0,0,3,1.0,1.0,1.0,1.0,100.0,22305.01569622834,1.0
extrapolation_top1,extrapolation,cpu_ready,1000,baseline,oracle_k,,,,6,1.0,1.0,1.0,1.0,1.0,3,0,0,3,1.0,1.0,1.0,1.0,100.0,1977905.541993414,1.0
extrapolation_top1,extrapolation,gpu_ready,1,baseline,always_cpu_ref,,,,6,0.5,0.5,,,0.0,0,0,3,3,23.250870719392527,7.5159246198599465,77.67907694248785,94.12146634665805,50.0,40.27724387506998,15.9505051945061
extrapolation_top1,extrapolation,gpu_ready,2,baseline,always_cpu_ref,,,,6,0.5,0.5,,,0.0,0,0,3,3,22.14149423372686,6.907313119867646,73.68853351233255,88.85989744335218,50.0,153.0170765729835,17.480605318928188
extrapolation_top1,extrapolation,gpu_ready,3,baseline,always_cpu_ref,,,,6,0.5,0.5,,,0.0,0,0,3,3,21.779329465448157,6.710555186947154,72.38346004533572,87.13948688127412,50.0,338.5328122526271,17.92654554955315
extrapolation_top1,extrapolation,gpu_ready,5,baseline,always_cpu_ref,,,,6,0.5,0.5,,,0.0,0,0,3,3,21.49234351252474,6.555349364758463,71.34844003523803,85.7751988976603,50.0,927.8919925571043,18.24626788127741
extrapolation_top1,extrapolation,gpu_ready,10,baseline,always_cpu_ref,,,,6,0.5,0.5,,,0.0,0,0,3,3,21.278705800490243,6.440228637203101,70.57744763970629,84.75900651514495,50.0,3674.8682454985724,18.460073847127532
extrapolation_top1,extrapolation,gpu_ready,30,baseline,always_cpu_ref,,,,6,0.5,0.5,,,0.0,0,0,3,3,21.137043398494896,6.364092742207222,70.0659634769906,84.08488950070374,50.0,32856.749002696946,18.588667699576934
extrapolation_top1,extrapolation,gpu_ready,100,baseline,always_cpu_ref,,,,6,0.5,0.5,,,0.0,0,0,3,3,21.087605715535755,6.337560706476418,69.88741855512387,83.84958067011691,50.0,364237.42604534084,18.63085512894621
extrapolation_top1,extrapolation,gpu_ready,1000,baseline,always_cpu_ref,,,,6,0.5,0.5,,,0.0,0,0,3,3,21.068556871109664,6.32734293007914,69.81861698512259,83.75890628699533,50.0,36391527.78240448,18.646723449481925
extrapolation_top1,extrapolation,gpu_ready,1,baseline,always_gpu_ref,,,,6,0.5,0.5,,0.5,1.0,3,3,0,0,13.629104793166624,1.2283344023346503,50.44243996262981,62.225899948094415,50.0,19.94978116798199,7.900468292621073
extrapolation_top1,extrapolation,gpu_ready,2,baseline,always_gpu_ref,,,,6,0.5,0.5,,0.5,1.0,3,3,0,0,7.188394351462054,1.5576693498590102,20.362992046986662,21.71847038944617,50.0,79.79912467192796,9.116217839389867
extrapolation_top1,extrapolation,gpu_ready,3,baseline,always_gpu_ref,,,,6,0.5,0.5,,0.5,1.0,3,3,0,0,7.07029875760161,1.7192396735476034,21.710058176531742,24.92845975380626,50.0,179.5480305118379,9.507722237870146
extrapolation_top1,extrapolation,gpu_ready,5,baseline,always_gpu_ref,,,,6,0.5,0.5,,0.5,1.0,3,3,0,0,7.25738518424703,1.8771310746752095,23.467588967581257,28.04015345709663,50.0,498.74452919954973,9.80741978278956
extrapolation_top1,extrapolation,gpu_ready,10,baseline,always_gpu_ref,,,,6,0.5,0.5,,0.5,1.0,3,3,0,0,7.539558187130338,2.016908678121049,25.188121206023823,30.774476528777683,50.0,1994.978116798199,10.02143230702459
extrapolation_top1,extrapolation,gpu_ready,30,baseline,always_gpu_ref,,,,6,0.5,0.5,,0.5,1.0,3,3,0,0,7.793977775666434,2.1224571632487184,26.543100968364172,32.82672577297776,50.0,17954.80305118379,10.15790903422643
extrapolation_top1,extrapolation,gpu_ready,100,baseline,always_gpu_ref,,,,6,0.5,0.5,,0.5,1.0,3,3,0,0,7.895848499902776,2.1620566016589455,27.05971564777891,33.593942397508435,50.0,199497.8116798199,10.204373746825903
extrapolation_top1,extrapolation,gpu_ready,1000,baseline,always_gpu_ref,,,,6,0.5,0.5,,0.5,1.0,3,3,0,0,7.936957880464785,2.1777252512358958,27.265125687789368,33.897102985420275,50.0,19949781.167981986,10.22210594018825
extrapolation_top1,extrapolation,gpu_ready,1,baseline,stay_on_ready_device,,,,6,0.5,0.5,,0.5,1.0,3,3,0,0,13.629104793166624,1.2283344023346503,50.44243996262981,62.225899948094415,50.0,19.94978116798199,7.900468292621073
extrapolation_top1,extrapolation,gpu_ready,2,baseline,stay_on_ready_device,,,,6,0.5,0.5,,0.5,1.0,3,3,0,0,7.188394351462054,1.5576693498590102,20.362992046986662,21.71847038944617,50.0,79.79912467192796,9.116217839389867
extrapolation_top1,extrapolation,gpu_ready,3,baseline,stay_on_ready_device,,,,6,0.5,0.5,,0.5,1.0,3,3,0,0,7.07029875760161,1.7192396735476034,21.710058176531742,24.92845975380626,50.0,179.5480305118379,9.507722237870146
extrapolation_top1,extrapolation,gpu_ready,5,baseline,stay_on_ready_device,,,,6,0.5,0.5,,0.5,1.0,3,3,0,0,7.25738518424703,1.8771310746752095,23.467588967581257,28.04015345709663,50.0,498.74452919954973,9.80741978278956
extrapolation_top1,extrapolation,gpu_ready,10,baseline,stay_on_ready_device,,,,6,0.5,0.5,,0.5,1.0,3,3,0,0,7.539558187130338,2.016908678121049,25.188121206023823,30.774476528777683,50.0,1994.978116798199,10.02143230702459
extrapolation_top1,extrapolation,gpu_ready,30,baseline,stay_on_ready_device,,,,6,0.5,0.5,,0.5,1.0,3,3,0,0,7.793977775666434,2.1224571632487184,26.543100968364172,32.82672577297776,50.0,17954.80305118379,10.15790903422643
extrapolation_top1,extrapolation,gpu_ready,100,baseline,stay_on_ready_device,,,,6,0.5,0.5,,0.5,1.0,3,3,0,0,7.895848499902776,2.1620566016589455,27.05971564777891,33.593942397508435,50.0,199497.8116798199,10.204373746825903
extrapolation_top1,extrapolation,gpu_ready,1000,baseline,stay_on_ready_device,,,,6,0.5,0.5,,0.5,1.0,3,3,0,0,7.936957880464785,2.1777252512358958,27.265125687789368,33.897102985420275,50.0,19949781.167981986,10.22210594018825
extrapolation_top1,extrapolation,gpu_ready,1,baseline,best_constant_device_train,,,,6,0.5,0.5,,0.5,1.0,3,3,0,0,13.629104793166624,1.2283344023346503,50.44243996262981,62.225899948094415,50.0,19.94978116798199,7.900468292621073
extrapolation_top1,extrapolation,gpu_ready,2,baseline,best_constant_device_train,,,,6,0.5,0.5,,0.5,1.0,3,3,0,0,7.188394351462054,1.5576693498590102,20.362992046986662,21.71847038944617,50.0,79.79912467192796,9.116217839389867
extrapolation_top1,extrapolation,gpu_ready,3,baseline,best_constant_device_train,,,,6,0.5,0.5,,0.5,1.0,3,3,0,0,7.07029875760161,1.7192396735476034,21.710058176531742,24.92845975380626,50.0,179.5480305118379,9.507722237870146
extrapolation_top1,extrapolation,gpu_ready,5,baseline,best_constant_device_train,,,,6,0.5,0.5,,0.5,1.0,3,3,0,0,7.25738518424703,1.8771310746752095,23.467588967581257,28.04015345709663,50.0,498.74452919954973,9.80741978278956
extrapolation_top1,extrapolation,gpu_ready,10,baseline,best_constant_device_train,,,,6,0.5,0.5,,0.5,1.0,3,3,0,0,7.539558187130338,2.016908678121049,25.188121206023823,30.774476528777683,50.0,1994.978116798199,10.02143230702459
extrapolation_top1,extrapolation,gpu_ready,30,baseline,best_constant_device_train,,,,6,0.5,0.5,,0.5,1.0,3,3,0,0,7.793977775666434,2.1224571632487184,26.543100968364172,32.82672577297776,50.0,17954.80305118379,10.15790903422643
extrapolation_top1,extrapolation,gpu_ready,100,baseline,best_constant_device_train,,,,6,0.5,0.5,,0.5,1.0,3,3,0,0,7.895848499902776,2.1620566016589455,27.05971564777891,33.593942397508435,50.0,199497.8116798199,10.204373746825903
extrapolation_top1,extrapolation,gpu_ready,1000,baseline,best_constant_device_train,,,,6,0.5,0.5,,0.5,1.0,3,3,0,0,7.936957880464785,2.1777252512358958,27.265125687789368,33.897102985420275,50.0,19949781.167981986,10.22210594018825
extrapolation_top1,extrapolation,gpu_ready,1,baseline,size_threshold_train,,,,6,0.8333333333333334,0.8333333333333333,0.7071067811865476,0.75,1.0,3,1,0,2,1.0761114674448835,1.0,1.3425016035019752,1.4566688046693004,83.33333333333334,2.568740030845513,1.0172667557001733
extrapolation_top1,extrapolation,gpu_ready,2,baseline,size_threshold_train,,,,6,0.8333333333333334,0.8333333333333333,0.7071067811865476,0.75,1.0,3,1,0,2,1.1858897832863367,1.0,1.8365040247885154,2.1153386997180204,83.33333333333334,9.04685467168538,1.033508804607208
extrapolation_top1,extrapolation,gpu_ready,3,baseline,size_threshold_train,,,,6,0.8333333333333334,0.8333333333333333,0.7071067811865476,0.75,1.0,3,1,0,2,1.239746557849201,1.0,2.078859510321405,2.438479347095207,83.33333333333334,19.62282665541447,1.039100149579499
extrapolation_top1,extrapolation,gpu_ready,5,baseline,size_threshold_train,,,,6,0.8333333333333334,0.8333333333333333,0.7071067811865476,0.75,1.0,3,1,0,2,1.2923770248917366,1.0,2.315696612012814,2.754262149350419,83.33333333333334,53.06834265154033,1.0435473134830757
extrapolation_top1,extrapolation,gpu_ready,10,baseline,size_threshold_train,,,,6,0.8333333333333334,0.8333333333333333,0.7071067811865476,0.75,1.0,3,1,0,2,1.338969559373683,1.0,2.525363017181573,3.0338173562420976,83.33333333333334,208.3946361424164,1.0468349109513055
extrapolation_top1,extrapolation,gpu_ready,30,baseline,size_threshold_train,,,,6,0.8333333333333334,0.8333333333333333,0.7071067811865476,0.75,1.0,3,1,0,2,1.3741523877495727,1.0,2.683685744873077,3.2449143264974363,83.33333333333334,1854.1641458282268,1.0489912183473096
extrapolation_top1,extrapolation,gpu_ready,100,baseline,size_threshold_train,,,,6,0.8333333333333334,0.8333333333333333,0.7071067811865476,0.75,1.0,3,1,0,2,1.387352200552982,1.0,2.743084902488418,3.3241132033178906,83.33333333333334,20522.608059829618,1.049737644432051
extrapolation_top1,extrapolation,gpu_ready,1000,baseline,size_threshold_train,,,,6,0.8333333333333334,0.8333333333333333,0.7071067811865476,0.75,1.0,3,1,0,2,1.3925750837452986,1.0,2.766587876853843,3.355450502471791,83.33333333333334,2049260.188553851,1.0500242869845262
extrapolation_top1,extrapolation,gpu_ready,1,baseline,intensity_threshold_train,,,,6,1.0,1.0,1.0,1.0,1.0,3,0,0,3,1.0,1.0,1.0,1.0,100.0,2.5251390713908446,1.0
extrapolation_top1,extrapolation,gpu_ready,2,baseline,intensity_threshold_train,,,,6,1.0,1.0,1.0,1.0,1.0,3,0,0,3,1.0,1.0,1.0,1.0,100.0,8.753534204407382,1.0
extrapolation_top1,extrapolation,gpu_ready,3,baseline,intensity_threshold_train,,,,6,1.0,1.0,1.0,1.0,1.0,3,0,0,3,1.0,1.0,1.0,1.0,100.0,18.884442142901623,1.0
extrapolation_top1,extrapolation,gpu_ready,5,baseline,intensity_threshold_train,,,,6,1.0,1.0,1.0,1.0,1.0,3,0,0,3,1.0,1.0,1.0,1.0,100.0,50.853796436323236,1.0
extrapolation_top1,extrapolation,gpu_ready,10,baseline,intensity_threshold_train,,,,6,1.0,1.0,1.0,1.0,1.0,3,0,0,3,1.0,1.0,1.0,1.0,100.0,199.07115626573716,1.0
extrapolation_top1,extrapolation,gpu_ready,30,baseline,intensity_threshold_train,,,,6,1.0,1.0,1.0,1.0,1.0,3,0,0,3,1.0,1.0,1.0,1.0,100.0,1767.5687969528199,1.0
extrapolation_top1,extrapolation,gpu_ready,100,baseline,intensity_threshold_train,,,,6,1.0,1.0,1.0,1.0,1.0,3,0,0,3,1.0,1.0,1.0,1.0,100.0,19550.22587661239,1.0
extrapolation_top1,extrapolation,gpu_ready,1000,baseline,intensity_threshold_train,,,,6,1.0,1.0,1.0,1.0,1.0,3,0,0,3,1.0,1.0,1.0,1.0,100.0,1951631.2279203977,1.0
extrapolation_top1,extrapolation,gpu_ready,1,baseline,operation_crossover_table_train,,,,6,1.0,1.0,1.0,1.0,1.0,3,0,0,3,1.0,1.0,1.0,1.0,100.0,2.5251390713908446,1.0
extrapolation_top1,extrapolation,gpu_ready,2,baseline,operation_crossover_table_train,,,,6,1.0,1.0,1.0,1.0,1.0,3,0,0,3,1.0,1.0,1.0,1.0,100.0,8.753534204407382,1.0
extrapolation_top1,extrapolation,gpu_ready,3,baseline,operation_crossover_table_train,,,,6,1.0,1.0,1.0,1.0,1.0,3,0,0,3,1.0,1.0,1.0,1.0,100.0,18.884442142901623,1.0
extrapolation_top1,extrapolation,gpu_ready,5,baseline,operation_crossover_table_train,,,,6,1.0,1.0,1.0,1.0,1.0,3,0,0,3,1.0,1.0,1.0,1.0,100.0,50.853796436323236,1.0
extrapolation_top1,extrapolation,gpu_ready,10,baseline,operation_crossover_table_train,,,,6,1.0,1.0,1.0,1.0,1.0,3,0,0,3,1.0,1.0,1.0,1.0,100.0,199.07115626573716,1.0
extrapolation_top1,extrapolation,gpu_ready,30,baseline,operation_crossover_table_train,,,,6,1.0,1.0,1.0,1.0,1.0,3,0,0,3,1.0,1.0,1.0,1.0,100.0,1767.5687969528199,1.0
extrapolation_top1,extrapolation,gpu_ready,100,baseline,operation_crossover_table_train,,,,6,1.0,1.0,1.0,1.0,1.0,3,0,0,3,1.0,1.0,1.0,1.0,100.0,19550.22587661239,1.0
extrapolation_top1,extrapolation,gpu_ready,1000,baseline,operation_crossover_table_train,,,,6,1.0,1.0,1.0,1.0,1.0,3,0,0,3,1.0,1.0,1.0,1.0,100.0,1951631.2279203977,1.0
extrapolation_top1,extrapolation,gpu_ready,1,baseline,oracle,,,,6,1.0,1.0,1.0,1.0,1.0,3,0,0,3,1.0,1.0,1.0,1.0,100.0,2.5251390713908446,1.0
extrapolation_top1,extrapolation,gpu_ready,2,baseline,oracle,,,,6,1.0,1.0,1.0,1.0,1.0,3,0,0,3,1.0,1.0,1.0,1.0,100.0,8.753534204407382,1.0
extrapolation_top1,extrapolation,gpu_ready,3,baseline,oracle,,,,6,1.0,1.0,1.0,1.0,1.0,3,0,0,3,1.0,1.0,1.0,1.0,100.0,18.884442142901623,1.0
extrapolation_top1,extrapolation,gpu_ready,5,baseline,oracle,,,,6,1.0,1.0,1.0,1.0,1.0,3,0,0,3,1.0,1.0,1.0,1.0,100.0,50.853796436323236,1.0
extrapolation_top1,extrapolation,gpu_ready,10,baseline,oracle,,,,6,1.0,1.0,1.0,1.0,1.0,3,0,0,3,1.0,1.0,1.0,1.0,100.0,199.07115626573716,1.0
extrapolation_top1,extrapolation,gpu_ready,30,baseline,oracle,,,,6,1.0,1.0,1.0,1.0,1.0,3,0,0,3,1.0,1.0,1.0,1.0,100.0,1767.5687969528199,1.0
extrapolation_top1,extrapolation,gpu_ready,100,baseline,oracle,,,,6,1.0,1.0,1.0,1.0,1.0,3,0,0,3,1.0,1.0,1.0,1.0,100.0,19550.22587661239,1.0
extrapolation_top1,extrapolation,gpu_ready,1000,baseline,oracle,,,,6,1.0,1.0,1.0,1.0,1.0,3,0,0,3,1.0,1.0,1.0,1.0,100.0,1951631.2279203977,1.0
extrapolation_top1,extrapolation,gpu_ready,1,baseline,stay_on_ready_device_k,,,,6,0.5,0.5,,0.5,1.0,3,3,0,0,13.629104793166624,1.2283344023346503,50.44243996262981,62.225899948094415,50.0,19.94978116798199,7.900468292621073
extrapolation_top1,extrapolation,gpu_ready,2,baseline,stay_on_ready_device_k,,,,6,0.5,0.5,,0.5,1.0,3,3,0,0,7.188394351462054,1.5576693498590102,20.362992046986662,21.71847038944617,50.0,79.79912467192796,9.116217839389867
extrapolation_top1,extrapolation,gpu_ready,3,baseline,stay_on_ready_device_k,,,,6,0.5,0.5,,0.5,1.0,3,3,0,0,7.07029875760161,1.7192396735476034,21.710058176531742,24.92845975380626,50.0,179.5480305118379,9.507722237870146
extrapolation_top1,extrapolation,gpu_ready,5,baseline,stay_on_ready_device_k,,,,6,0.5,0.5,,0.5,1.0,3,3,0,0,7.25738518424703,1.8771310746752095,23.467588967581257,28.04015345709663,50.0,498.74452919954973,9.80741978278956
extrapolation_top1,extrapolation,gpu_ready,10,baseline,stay_on_ready_device_k,,,,6,0.5,0.5,,0.5,1.0,3,3,0,0,7.539558187130338,2.016908678121049,25.188121206023823,30.774476528777683,50.0,1994.978116798199,10.02143230702459
extrapolation_top1,extrapolation,gpu_ready,30,baseline,stay_on_ready_device_k,,,,6,0.5,0.5,,0.5,1.0,3,3,0,0,7.793977775666434,2.1224571632487184,26.543100968364172,32.82672577297776,50.0,17954.80305118379,10.15790903422643
extrapolation_top1,extrapolation,gpu_ready,100,baseline,stay_on_ready_device_k,,,,6,0.5,0.5,,0.5,1.0,3,3,0,0,7.895848499902776,2.1620566016589455,27.05971564777891,33.593942397508435,50.0,199497.8116798199,10.204373746825903
extrapolation_top1,extrapolation,gpu_ready,1000,baseline,stay_on_ready_device_k,,,,6,0.5,0.5,,0.5,1.0,3,3,0,0,7.936957880464785,2.1777252512358958,27.265125687789368,33.897102985420275,50.0,19949781.167981986,10.22210594018825
extrapolation_top1,extrapolation,gpu_ready,1,baseline,k_break_even_table_train,,,,6,0.5,0.5,,0.5,1.0,3,3,0,0,13.629104793166624,1.2283344023346503,50.44243996262981,62.225899948094415,50.0,19.94978116798199,7.900468292621073
extrapolation_top1,extrapolation,gpu_ready,2,baseline,k_break_even_table_train,,,,6,0.5,0.5,,0.5,1.0,3,3,0,0,7.188394351462054,1.5576693498590102,20.362992046986662,21.71847038944617,50.0,79.79912467192796,9.116217839389867
extrapolation_top1,extrapolation,gpu_ready,3,baseline,k_break_even_table_train,,,,6,0.5,0.5,,0.5,1.0,3,3,0,0,7.07029875760161,1.7192396735476034,21.710058176531742,24.92845975380626,50.0,179.5480305118379,9.507722237870146
extrapolation_top1,extrapolation,gpu_ready,5,baseline,k_break_even_table_train,,,,6,0.5,0.5,,0.5,1.0,3,3,0,0,7.25738518424703,1.8771310746752095,23.467588967581257,28.04015345709663,50.0,498.74452919954973,9.80741978278956
extrapolation_top1,extrapolation,gpu_ready,10,baseline,k_break_even_table_train,,,,6,0.5,0.5,,0.5,1.0,3,3,0,0,7.539558187130338,2.016908678121049,25.188121206023823,30.774476528777683,50.0,1994.978116798199,10.02143230702459
extrapolation_top1,extrapolation,gpu_ready,30,baseline,k_break_even_table_train,,,,6,0.5,0.5,,0.5,1.0,3,3,0,0,7.793977775666434,2.1224571632487184,26.543100968364172,32.82672577297776,50.0,17954.80305118379,10.15790903422643
extrapolation_top1,extrapolation,gpu_ready,100,baseline,k_break_even_table_train,,,,6,0.5,0.5,,0.5,1.0,3,3,0,0,7.895848499902776,2.1620566016589455,27.05971564777891,33.593942397508435,50.0,199497.8116798199,10.204373746825903
extrapolation_top1,extrapolation,gpu_ready,1000,baseline,k_break_even_table_train,,,,6,0.5,0.5,,0.5,1.0,3,3,0,0,7.936957880464785,2.1777252512358958,27.265125687789368,33.897102985420275,50.0,19949781.167981986,10.22210594018825
extrapolation_top1,extrapolation,gpu_ready,1,baseline,oracle_k,,,,6,1.0,1.0,1.0,1.0,1.0,3,0,0,3,1.0,1.0,1.0,1.0,100.0,2.5251390713908446,1.0
extrapolation_top1,extrapolation,gpu_ready,2,baseline,oracle_k,,,,6,1.0,1.0,1.0,1.0,1.0,3,0,0,3,1.0,1.0,1.0,1.0,100.0,8.753534204407382,1.0
extrapolation_top1,extrapolation,gpu_ready,3,baseline,oracle_k,,,,6,1.0,1.0,1.0,1.0,1.0,3,0,0,3,1.0,1.0,1.0,1.0,100.0,18.884442142901623,1.0
extrapolation_top1,extrapolation,gpu_ready,5,baseline,oracle_k,,,,6,1.0,1.0,1.0,1.0,1.0,3,0,0,3,1.0,1.0,1.0,1.0,100.0,50.853796436323236,1.0
extrapolation_top1,extrapolation,gpu_ready,10,baseline,oracle_k,,,,6,1.0,1.0,1.0,1.0,1.0,3,0,0,3,1.0,1.0,1.0,1.0,100.0,199.07115626573716,1.0
extrapolation_top1,extrapolation,gpu_ready,30,baseline,oracle_k,,,,6,1.0,1.0,1.0,1.0,1.0,3,0,0,3,1.0,1.0,1.0,1.0,100.0,1767.5687969528199,1.0
extrapolation_top1,extrapolation,gpu_ready,100,baseline,oracle_k,,,,6,1.0,1.0,1.0,1.0,1.0,3,0,0,3,1.0,1.0,1.0,1.0,100.0,19550.22587661239,1.0
extrapolation_top1,extrapolation,gpu_ready,1000,baseline,oracle_k,,,,6,1.0,1.0,1.0,1.0,1.0,3,0,0,3,1.0,1.0,1.0,1.0,100.0,1951631.2279203977,1.0
extrapolation_top1,extrapolation,none_ready,1,baseline,always_cpu_ref,,,,6,1.0,1.0,,,,0,0,0,6,1.0,1.0,1.0,1.0,100.0,40.27724387506998,1.0
extrapolation_top1,extrapolation,none_ready,2,baseline,always_cpu_ref,,,,6,0.8333333333333334,0.5,,,0.0,0,0,1,5,1.0393366033842506,1.0,1.1770147152291275,1.2360196203055034,83.33333333333334,153.0170765729835,1.083777599362385
extrapolation_top1,extrapolation,none_ready,3,baseline,always_cpu_ref,,,,6,0.6666666666666666,0.5,,,0.0,0,0,2,4,1.3371871485474618,1.0,2.221272593787348,2.4309837419323106,66.66666666666666,338.5328122526271,1.6201765575393914
extrapolation_top1,extrapolation,none_ready,5,baseline,always_cpu_ref,,,,6,0.5,0.5,,,0.0,0,0,3,3,2.168588175551364,1.1765590906707826,4.853892659127111,5.378579882270913,50.0,927.8919925571043,2.8541779978160156
extrapolation_top1,extrapolation,none_ready,10,baseline,always_cpu_ref,,,,6,0.5,0.5,,,0.0,0,0,3,3,4.470033093782499,1.990675574300087,12.00249120236143,13.58555869767545,50.0,3674.8682454985724,6.065599702127692
extrapolation_top1,extrapolation,none_ready,30,baseline,always_cpu_ref,,,,6,0.5,0.5,,,0.0,0,0,3,3,10.495493495578929,3.8038374508922743,32.02965012806202,37.37665722027954,50.0,32856.749002696946,12.148916661922394
extrapolation_top1,extrapolation,none_ready,100,baseline,always_cpu_ref,,,,6,0.5,0.5,,,0.0,0,0,3,3,16.549413801154344,5.326920180322625,53.3557877537279,63.390254284315404,50.0,364237.42604534084,16.30231762976326
extrapolation_top1,extrapolation,none_ready,1000,baseline,always_cpu_ref,,,,6,0.5,0.5,,,0.0,0,0,3,3,20.53061889427994,6.212821315196274,67.83876972324228,81.29850407884102,50.0,36391527.78240448,18.395536035356123
extrapolation_top1,extrapolation,none_ready,1,baseline,always_gpu_ref,,,,6,0.0,0.0,,0.0,,0,6,0,0,617.6621685873156,50.578335223530416,2428.755871127884,3058.4293621514075,0.0,379.6312881126589,9.425453471696848
extrapolation_top1,extrapolation,none_ready,2,baseline,always_gpu_ref,,,,6,0.16666666666666666,0.5,,0.16666666666666666,1.0,1,5,0,0,91.51159012028188,34.22011607004358,250.3783648974391,261.5384589161419,16.666666666666664,535.3836904008564,3.7919744888320546
extrapolation_top1,extrapolation,none_ready,3,baseline,always_gpu_ref,,,,6,0.3333333333333333,0.5,,0.3333333333333333,1.0,2,4,0,0,48.37376123242844,28.513919069979092,119.00405833171106,122.4007520361159,33.33333333333333,731.0356550250178,3.4986470679631916
extrapolation_top1,extrapolation,none_ready,5,baseline,always_gpu_ref,,,,6,0.5,0.5,,0.5,1.0,3,3,0,0,26.163085618868166,24.029892222756683,56.53037285652534,59.60138107920286,50.0,1242.0382712812327,3.820485934539593
extrapolation_top1,extrapolation,none_ready,10,baseline,always_gpu_ref,,,,6,0.5,0.5,,0.5,1.0,3,3,0,0,14.901274160745322,11.312353624382077,36.46598625531284,40.540503652771804,50.0,3217.787152801139,5.311158793093793
extrapolation_top1,extrapolation,none_ready,30,baseline,always_gpu_ref,,,,6,0.5,0.5,,0.5,1.0,3,3,0,0,9.772486934464661,4.702883359660687,29.87732358775883,36.140069731784365,50.0,21095.673262871762,7.800211042691313
extrapolation_top1,extrapolation,none_ready,100,baseline,always_gpu_ref,,,,6,0.5,0.5,,0.5,1.0,3,3,0,0,8.438022819957133,2.825971408118838,28.04108984838494,34.594082645017316,50.0,209351.89600640547,9.370045088844721
extrapolation_top1,extrapolation,none_ready,1000,baseline,always_gpu_ref,,,,6,0.5,0.5,,0.5,1.0,3,3,0,0,7.989167156447054,2.2397158245177176,27.362569949357386,33.997354253891324,50.0,20045948.0052144,10.13301670371455
extrapolation_top1,extrapolation,none_ready,1,baseline,stay_on_ready_device,,,,6,1.0,1.0,,,,0,0,0,6,1.0,1.0,1.0,1.0,100.0,40.27724387506998,1.0
extrapolation_top1,extrapolation,none_ready,2,baseline,stay_on_ready_device,,,,6,0.8333333333333334,0.5,,,0.0,0,0,1,5,1.0393366033842506,1.0,1.1770147152291275,1.2360196203055034,83.33333333333334,153.0170765729835,1.083777599362385
extrapolation_top1,extrapolation,none_ready,3,baseline,stay_on_ready_device,,,,6,0.6666666666666666,0.5,,,0.0,0,0,2,4,1.3371871485474618,1.0,2.221272593787348,2.4309837419323106,66.66666666666666,338.5328122526271,1.6201765575393914
extrapolation_top1,extrapolation,none_ready,5,baseline,stay_on_ready_device,,,,6,0.5,0.5,,,0.0,0,0,3,3,2.168588175551364,1.1765590906707826,4.853892659127111,5.378579882270913,50.0,927.8919925571043,2.8541779978160156
extrapolation_top1,extrapolation,none_ready,10,baseline,stay_on_ready_device,,,,6,0.5,0.5,,,0.0,0,0,3,3,4.470033093782499,1.990675574300087,12.00249120236143,13.58555869767545,50.0,3674.8682454985724,6.065599702127692
extrapolation_top1,extrapolation,none_ready,30,baseline,stay_on_ready_device,,,,6,0.5,0.5,,,0.0,0,0,3,3,10.495493495578929,3.8038374508922743,32.02965012806202,37.37665722027954,50.0,32856.749002696946,12.148916661922394
extrapolation_top1,extrapolation,none_ready,100,baseline,stay_on_ready_device,,,,6,0.5,0.5,,,0.0,0,0,3,3,16.549413801154344,5.326920180322625,53.3557877537279,63.390254284315404,50.0,364237.42604534084,16.30231762976326
extrapolation_top1,extrapolation,none_ready,1000,baseline,stay_on_ready_device,,,,6,0.5,0.5,,,0.0,0,0,3,3,20.53061889427994,6.212821315196274,67.83876972324228,81.29850407884102,50.0,36391527.78240448,18.395536035356123
extrapolation_top1,extrapolation,none_ready,1,baseline,best_constant_device_train,,,,6,0.0,0.0,,0.0,,0,6,0,0,617.6621685873156,50.578335223530416,2428.755871127884,3058.4293621514075,0.0,379.6312881126589,9.425453471696848
extrapolation_top1,extrapolation,none_ready,2,baseline,best_constant_device_train,,,,6,0.16666666666666666,0.5,,0.16666666666666666,1.0,1,5,0,0,91.51159012028188,34.22011607004358,250.3783648974391,261.5384589161419,16.666666666666664,535.3836904008564,3.7919744888320546
extrapolation_top1,extrapolation,none_ready,3,baseline,best_constant_device_train,,,,6,0.3333333333333333,0.5,,0.3333333333333333,1.0,2,4,0,0,48.37376123242844,28.513919069979092,119.00405833171106,122.4007520361159,33.33333333333333,731.0356550250178,3.4986470679631916
extrapolation_top1,extrapolation,none_ready,5,baseline,best_constant_device_train,,,,6,0.5,0.5,,0.5,1.0,3,3,0,0,26.163085618868166,24.029892222756683,56.53037285652534,59.60138107920286,50.0,1242.0382712812327,3.820485934539593
extrapolation_top1,extrapolation,none_ready,10,baseline,best_constant_device_train,,,,6,0.5,0.5,,0.5,1.0,3,3,0,0,14.901274160745322,11.312353624382077,36.46598625531284,40.540503652771804,50.0,3217.787152801139,5.311158793093793
extrapolation_top1,extrapolation,none_ready,30,baseline,best_constant_device_train,,,,6,0.5,0.5,,0.5,1.0,3,3,0,0,9.772486934464661,4.702883359660687,29.87732358775883,36.140069731784365,50.0,21095.673262871762,7.800211042691313
extrapolation_top1,extrapolation,none_ready,100,baseline,best_constant_device_train,,,,6,0.5,0.5,,0.5,1.0,3,3,0,0,8.438022819957133,2.825971408118838,28.04108984838494,34.594082645017316,50.0,209351.89600640547,9.370045088844721
extrapolation_top1,extrapolation,none_ready,1000,baseline,best_constant_device_train,,,,6,0.5,0.5,,0.5,1.0,3,3,0,0,7.989167156447054,2.2397158245177176,27.362569949357386,33.997354253891324,50.0,20045948.0052144,10.13301670371455
extrapolation_top1,extrapolation,none_ready,1,baseline,size_threshold_train,,,,6,0.3333333333333333,0.3333333333333333,,0.0,,0,4,0,2,92.82275213427566,3.3257904340559747,406.93893201304206,539.7353980573132,33.33333333333333,222.17753175151043,5.516204942936265
extrapolation_top1,extrapolation,none_ready,2,baseline,size_threshold_train,,,,6,0.5,0.7,0.31622776601683794,0.25,1.0,1,3,0,2,37.31315611315447,1.0963834120657685,163.37058388436418,216.89808284133073,50.0,260.25556039655095,1.843318097459236
extrapolation_top1,extrapolation,none_ready,3,baseline,size_threshold_train,,,,6,0.6666666666666666,0.75,0.5,0.5,1.0,2,2,0,2,21.317053781814504,1.0,92.17595669077971,122.4007520361159,66.66666666666666,302.4314463844807,1.4473998441522251
extrapolation_top1,extrapolation,none_ready,5,baseline,size_threshold_train,,,,6,0.8333333333333334,0.8333333333333333,0.7071067811865476,0.75,1.0,3,1,0,2,10.766896846533811,1.0,44.95103580940214,59.60138107920286,83.33333333333334,399.0767903890079,1.2275525639879272
extrapolation_top1,extrapolation,none_ready,10,baseline,size_threshold_train,,,,6,0.8333333333333334,0.8333333333333333,0.7071067811865476,0.75,1.0,3,1,0,2,4.873739010489328,1.0,18.431825547201974,24.242434062935967,83.33333333333334,712.402653900887,1.175865102262991
extrapolation_top1,extrapolation,none_ready,30,baseline,size_threshold_train,,,,6,0.8333333333333334,0.8333333333333333,0.7071067811865476,0.75,1.0,3,1,0,2,2.234294453220229,1.0,6.55432503949103,8.405766719321374,83.33333333333334,2990.17044367071,1.1056276907407103
extrapolation_top1,extrapolation,none_ready,100,baseline,size_threshold_train,,,,6,0.8333333333333334,0.8333333333333333,0.7071067811865476,0.75,1.0,3,1,0,2,1.6086571360396125,1.0,3.738957112178257,4.651942816237676,83.33333333333334,23870.608337966147,1.068386198986476
extrapolation_top1,extrapolation,none_ready,1000,baseline,size_threshold_train,,,,6,0.8333333333333334,0.8333333333333333,0.7071067811865476,0.75,1.0,3,1,0,2,1.4132386081725725,1.0,2.8595737367765763,3.479431649035435,83.33333333333334,2081048.1114357684,1.051948018069636
extrapolation_top1,extrapolation,none_ready,1,baseline,intensity_threshold_train,,,,6,0.5,0.5,,0.0,,0,3,0,3,3.0335191247234463,1.852123002780073,7.398984125809499,8.549533880228731,50.0,170.74117348197308,4.239147395774395
extrapolation_top1,extrapolation,none_ready,2,baseline,intensity_threshold_train,,,,6,0.6666666666666666,0.8,0.4472135954999579,0.3333333333333333,1.0,1,2,0,3,1.3301423062660145,1.0,2.3892569661312963,2.7880870134645495,66.66666666666666,203.47699926578974,1.4411712648591717
extrapolation_top1,extrapolation,none_ready,3,baseline,intensity_threshold_train,,,,6,0.8333333333333334,0.875,0.7071067811865476,0.6666666666666666,1.0,2,1,0,3,1.0835951091285225,1.0,1.3761779910783514,1.5015706547711352,83.33333333333334,240.1153378550841,1.149162584595045
extrapolation_top1,extrapolation,none_ready,5,baseline,intensity_threshold_train,,,,6,1.0,1.0,1.0,1.0,1.0,3,0,0,3,1.0,1.0,1.0,1.0,100.0,325.09955345010604,1.0
extrapolation_top1,extrapolation,none_ready,10,baseline,intensity_threshold_train,,,,6,1.0,1.0,1.0,1.0,1.0,3,0,0,3,1.0,1.0,1.0,1.0,100.0,605.8540665335205,1.0
extrapolation_top1,extrapolation,none_ready,30,baseline,intensity_threshold_train,,,,6,1.0,1.0,1.0,1.0,1.0,3,0,0,3,1.0,1.0,1.0,1.0,100.0,2704.5003202366056,1.0
extrapolation_top1,extrapolation,none_ready,100,baseline,intensity_threshold_train,,,,6,1.0,1.0,1.0,1.0,1.0,3,0,0,3,1.0,1.0,1.0,1.0,100.0,22342.677545452185,1.0
extrapolation_top1,extrapolation,none_ready,1000,baseline,intensity_threshold_train,,,,6,1.0,1.0,1.0,1.0,1.0,3,0,0,3,1.0,1.0,1.0,1.0,100.0,1978280.3671749579,1.0
extrapolation_top1,extrapolation,none_ready,1,baseline,operation_crossover_table_train,,,,6,0.5,0.5,,0.0,,0,3,0,3,3.0335191247234463,1.852123002780073,7.398984125809499,8.549533880228731,50.0,170.74117348197308,4.239147395774395
extrapolation_top1,extrapolation,none_ready,2,baseline,operation_crossover_table_train,,,,6,0.6666666666666666,0.8,0.4472135954999579,0.3333333333333333,1.0,1,2,0,3,1.3301423062660145,1.0,2.3892569661312963,2.7880870134645495,66.66666666666666,203.47699926578974,1.4411712648591717
extrapolation_top1,extrapolation,none_ready,3,baseline,operation_crossover_table_train,,,,6,0.8333333333333334,0.875,0.7071067811865476,0.6666666666666666,1.0,2,1,0,3,1.0835951091285225,1.0,1.3761779910783514,1.5015706547711352,83.33333333333334,240.1153378550841,1.149162584595045
extrapolation_top1,extrapolation,none_ready,5,baseline,operation_crossover_table_train,,,,6,1.0,1.0,1.0,1.0,1.0,3,0,0,3,1.0,1.0,1.0,1.0,100.0,325.09955345010604,1.0
extrapolation_top1,extrapolation,none_ready,10,baseline,operation_crossover_table_train,,,,6,1.0,1.0,1.0,1.0,1.0,3,0,0,3,1.0,1.0,1.0,1.0,100.0,605.8540665335205,1.0
extrapolation_top1,extrapolation,none_ready,30,baseline,operation_crossover_table_train,,,,6,1.0,1.0,1.0,1.0,1.0,3,0,0,3,1.0,1.0,1.0,1.0,100.0,2704.5003202366056,1.0
extrapolation_top1,extrapolation,none_ready,100,baseline,operation_crossover_table_train,,,,6,1.0,1.0,1.0,1.0,1.0,3,0,0,3,1.0,1.0,1.0,1.0,100.0,22342.677545452185,1.0
extrapolation_top1,extrapolation,none_ready,1000,baseline,operation_crossover_table_train,,,,6,1.0,1.0,1.0,1.0,1.0,3,0,0,3,1.0,1.0,1.0,1.0,100.0,1978280.3671749579,1.0
extrapolation_top1,extrapolation,none_ready,1,baseline,oracle,,,,6,1.0,1.0,,,,0,0,0,6,1.0,1.0,1.0,1.0,100.0,40.27724387506998,1.0
extrapolation_top1,extrapolation,none_ready,2,baseline,oracle,,,,6,1.0,1.0,1.0,1.0,1.0,1,0,0,5,1.0,1.0,1.0,1.0,100.0,141.18863193242552,1.0
extrapolation_top1,extrapolation,none_ready,3,baseline,oracle,,,,6,1.0,1.0,1.0,1.0,1.0,2,0,0,4,1.0,1.0,1.0,1.0,100.0,208.9480993150318,1.0
extrapolation_top1,extrapolation,none_ready,5,baseline,oracle,,,,6,1.0,1.0,1.0,1.0,1.0,3,0,0,3,1.0,1.0,1.0,1.0,100.0,325.09955345010604,1.0
extrapolation_top1,extrapolation,none_ready,10,baseline,oracle,,,,6,1.0,1.0,1.0,1.0,1.0,3,0,0,3,1.0,1.0,1.0,1.0,100.0,605.8540665335205,1.0
extrapolation_top1,extrapolation,none_ready,30,baseline,oracle,,,,6,1.0,1.0,1.0,1.0,1.0,3,0,0,3,1.0,1.0,1.0,1.0,100.0,2704.5003202366056,1.0
extrapolation_top1,extrapolation,none_ready,100,baseline,oracle,,,,6,1.0,1.0,1.0,1.0,1.0,3,0,0,3,1.0,1.0,1.0,1.0,100.0,22342.677545452185,1.0
extrapolation_top1,extrapolation,none_ready,1000,baseline,oracle,,,,6,1.0,1.0,1.0,1.0,1.0,3,0,0,3,1.0,1.0,1.0,1.0,100.0,1978280.3671749579,1.0
extrapolation_top1,extrapolation,none_ready,1,baseline,stay_on_ready_device_k,,,,6,1.0,1.0,,,,0,0,0,6,1.0,1.0,1.0,1.0,100.0,40.27724387506998,1.0
extrapolation_top1,extrapolation,none_ready,2,baseline,stay_on_ready_device_k,,,,6,0.8333333333333334,0.5,,,0.0,0,0,1,5,1.0393366033842506,1.0,1.1770147152291275,1.2360196203055034,83.33333333333334,153.0170765729835,1.083777599362385
extrapolation_top1,extrapolation,none_ready,3,baseline,stay_on_ready_device_k,,,,6,0.6666666666666666,0.5,,,0.0,0,0,2,4,1.3371871485474618,1.0,2.221272593787348,2.4309837419323106,66.66666666666666,338.5328122526271,1.6201765575393914
extrapolation_top1,extrapolation,none_ready,5,baseline,stay_on_ready_device_k,,,,6,0.5,0.5,,,0.0,0,0,3,3,2.168588175551364,1.1765590906707826,4.853892659127111,5.378579882270913,50.0,927.8919925571043,2.8541779978160156
extrapolation_top1,extrapolation,none_ready,10,baseline,stay_on_ready_device_k,,,,6,0.5,0.5,,,0.0,0,0,3,3,4.470033093782499,1.990675574300087,12.00249120236143,13.58555869767545,50.0,3674.8682454985724,6.065599702127692
extrapolation_top1,extrapolation,none_ready,30,baseline,stay_on_ready_device_k,,,,6,0.5,0.5,,,0.0,0,0,3,3,10.495493495578929,3.8038374508922743,32.02965012806202,37.37665722027954,50.0,32856.749002696946,12.148916661922394
extrapolation_top1,extrapolation,none_ready,100,baseline,stay_on_ready_device_k,,,,6,0.5,0.5,,,0.0,0,0,3,3,16.549413801154344,5.326920180322625,53.3557877537279,63.390254284315404,50.0,364237.42604534084,16.30231762976326
extrapolation_top1,extrapolation,none_ready,1000,baseline,stay_on_ready_device_k,,,,6,0.5,0.5,,,0.0,0,0,3,3,20.53061889427994,6.212821315196274,67.83876972324228,81.29850407884102,50.0,36391527.78240448,18.395536035356123
extrapolation_top1,extrapolation,none_ready,1,baseline,k_break_even_table_train,,,,6,1.0,1.0,,,,0,0,0,6,1.0,1.0,1.0,1.0,100.0,40.27724387506998,1.0
extrapolation_top1,extrapolation,none_ready,2,baseline,k_break_even_table_train,,,,6,0.8333333333333334,0.5,,,0.0,0,0,1,5,1.0393366033842506,1.0,1.1770147152291275,1.2360196203055034,83.33333333333334,153.0170765729835,1.083777599362385
extrapolation_top1,extrapolation,none_ready,3,baseline,k_break_even_table_train,,,,6,0.6666666666666666,0.5,,,0.0,0,0,2,4,1.3371871485474618,1.0,2.221272593787348,2.4309837419323106,66.66666666666666,338.5328122526271,1.6201765575393914
extrapolation_top1,extrapolation,none_ready,5,baseline,k_break_even_table_train,,,,6,0.5,0.5,,,0.0,0,0,3,3,2.168588175551364,1.1765590906707826,4.853892659127111,5.378579882270913,50.0,927.8919925571043,2.8541779978160156
extrapolation_top1,extrapolation,none_ready,10,baseline,k_break_even_table_train,,,,6,1.0,1.0,1.0,1.0,1.0,3,0,0,3,1.0,1.0,1.0,1.0,100.0,605.8540665335205,1.0
extrapolation_top1,extrapolation,none_ready,30,baseline,k_break_even_table_train,,,,6,1.0,1.0,1.0,1.0,1.0,3,0,0,3,1.0,1.0,1.0,1.0,100.0,2704.5003202366056,1.0
extrapolation_top1,extrapolation,none_ready,100,baseline,k_break_even_table_train,,,,6,1.0,1.0,1.0,1.0,1.0,3,0,0,3,1.0,1.0,1.0,1.0,100.0,22342.677545452185,1.0
extrapolation_top1,extrapolation,none_ready,1000,baseline,k_break_even_table_train,,,,6,1.0,1.0,1.0,1.0,1.0,3,0,0,3,1.0,1.0,1.0,1.0,100.0,1978280.3671749579,1.0
extrapolation_top1,extrapolation,none_ready,1,baseline,oracle_k,,,,6,1.0,1.0,,,,0,0,0,6,1.0,1.0,1.0,1.0,100.0,40.27724387506998,1.0
extrapolation_top1,extrapolation,none_ready,2,baseline,oracle_k,,,,6,1.0,1.0,1.0,1.0,1.0,1,0,0,5,1.0,1.0,1.0,1.0,100.0,141.18863193242552,1.0
extrapolation_top1,extrapolation,none_ready,3,baseline,oracle_k,,,,6,1.0,1.0,1.0,1.0,1.0,2,0,0,4,1.0,1.0,1.0,1.0,100.0,208.9480993150318,1.0
extrapolation_top1,extrapolation,none_ready,5,baseline,oracle_k,,,,6,1.0,1.0,1.0,1.0,1.0,3,0,0,3,1.0,1.0,1.0,1.0,100.0,325.09955345010604,1.0
extrapolation_top1,extrapolation,none_ready,10,baseline,oracle_k,,,,6,1.0,1.0,1.0,1.0,1.0,3,0,0,3,1.0,1.0,1.0,1.0,100.0,605.8540665335205,1.0
extrapolation_top1,extrapolation,none_ready,30,baseline,oracle_k,,,,6,1.0,1.0,1.0,1.0,1.0,3,0,0,3,1.0,1.0,1.0,1.0,100.0,2704.5003202366056,1.0
extrapolation_top1,extrapolation,none_ready,100,baseline,oracle_k,,,,6,1.0,1.0,1.0,1.0,1.0,3,0,0,3,1.0,1.0,1.0,1.0,100.0,22342.677545452185,1.0
extrapolation_top1,extrapolation,none_ready,1000,baseline,oracle_k,,,,6,1.0,1.0,1.0,1.0,1.0,3,0,0,3,1.0,1.0,1.0,1.0,100.0,1978280.3671749579,1.0
extrapolation_top1,extrapolation,cpu_ready,1,model_regression,ridge,False,0.0,True,6,1.0,1.0,,,,0,0,0,6,1.0,1.0,1.0,1.0,100.0,36.38795149086501,1.0
extrapolation_top1,extrapolation,cpu_ready,2,model_regression,ridge,False,0.0,True,6,0.8333333333333334,0.5,,,0.0,0,0,1,5,1.0274876620987448,1.0,1.123694479444351,1.164925972592468,83.33333333333334,145.55180596346003,1.0602062165177653
extrapolation_top1,extrapolation,cpu_ready,3,model_regression,ridge,False,0.0,True,6,0.6666666666666666,0.5,,,0.0,0,0,2,4,1.3203084136565544,1.0,2.1486589344364893,2.3363926279033156,66.66666666666666,327.49156341778513,1.6070886039330279
extrapolation_top1,extrapolation,cpu_ready,5,model_regression,ridge,False,0.0,True,6,0.5,0.5,,,0.0,0,0,3,3,2.137498643341374,1.1509573379298934,4.7565270994197615,5.251515606745295,50.0,909.6987872716254,2.816168050162741
extrapolation_top1,extrapolation,cpu_ready,10,model_regression,ridge,False,0.0,True,6,0.5,0.5,,,0.0,0,0,3,3,4.431984077256187,1.962062614556564,11.878766666340903,13.423643715469808,50.0,3638.7951490865016,6.04542857185179
extrapolation_top1,extrapolation,cpu_ready,30,model_regression,ridge,False,0.0,True,6,0.5,0.5,,,0.0,0,0,3,3,10.462360365839826,3.782493234781823,31.915932441631803,37.22727702052595,50.0,32749.15634177851,12.160564022258857
extrapolation_top1,extrapolation,cpu_ready,100,model_regression,ridge,False,0.0,True,6,0.5,0.5,,,0.0,0,0,3,3,16.533101236155826,5.3175330780959875,53.297930371499504,63.31409011262751,50.0,363879.5149086501,16.31379775133627
extrapolation_top1,extrapolation,cpu_ready,1000,model_regression,ridge,False,0.0,True,6,0.6666666666666666,0.6666666666666666,0.4472135954999579,1.0,0.3333333333333333,1,0,2,3,7.1471062495597595,1.0,23.450269265388705,27.45921978209813,66.66666666666666,21972039.547393147,11.108740574764166
extrapolation_top1,extrapolation,gpu_ready,1,model_regression,ridge,False,0.0,True,6,0.6666666666666666,0.6666666666666666,0.4472135954999579,0.6,1.0,3,2,0,1,11.280428125460622,1.0,47.033592162238136,62.225899948094415,66.66666666666666,3.5924520037528964,1.4226749110393262
extrapolation_top1,extrapolation,gpu_ready,2,model_regression,ridge,False,0.0,True,6,0.6666666666666666,0.6666666666666666,0.4472135954999579,0.6,1.0,3,2,0,1,3.7353159532210243,1.0,12.7512524396356,16.296557019608127,66.66666666666666,12.953208807341909,1.4797690286992884
extrapolation_top1,extrapolation,gpu_ready,3,model_regression,ridge,False,0.0,True,6,0.6666666666666666,0.6666666666666666,0.4472135954999579,0.6,1.0,3,2,0,1,3.0822221319672334,1.0,9.650759920304946,12.054853444708192,66.66666666666666,28.2099431680032,1.4938192483809691
extrapolation_top1,extrapolation,gpu_ready,5,model_regression,ridge,False,0.0,True,6,0.6666666666666666,0.6666666666666666,0.4472135954999579,0.6,1.0,3,2,0,1,2.750692941397592,1.0,8.000987161613953,9.749895499035132,66.66666666666666,76.4113445605426,1.5025691278766442
extrapolation_top1,extrapolation,gpu_ready,10,model_regression,ridge,False,0.0,True,6,0.6666666666666666,0.6666666666666666,0.4472135954999579,0.6,1.0,3,2,0,1,2.5771454323340577,1.0,7.080245767382211,8.429055237762249,66.66666666666666,300.09445529065596,1.507473312156103
extrapolation_top1,extrapolation,gpu_ready,30,model_regression,ridge,False,0.0,True,6,0.6666666666666666,0.6666666666666666,0.4472135954999579,0.6,1.0,3,2,0,1,2.489523480170141,1.0,6.580398497516917,7.69222655452341,66.66666666666666,2668.82128747918,1.5098825528488984
extrapolation_top1,extrapolation,gpu_ready,100,model_regression,ridge,False,0.0,True,6,0.5,0.5,,0.5,1.0,3,3,0,0,7.895848499902776,2.1620566016589455,27.05971564777891,33.593942397508435,50.0,199497.8116798199,10.204373746825903
extrapolation_top1,extrapolation,gpu_ready,1000,model_regression,ridge,False,0.0,True,6,0.5,0.5,,0.5,1.0,3,3,0,0,7.936957880464785,2.1777252512358958,27.265125687789368,33.897102985420275,50.0,19949781.167981986,10.22210594018825
extrapolation_top1,extrapolation,none_ready,1,model_regression,ridge,False,0.0,True,6,1.0,1.0,,,,0,0,0,6,1.0,1.0,1.0,1.0,100.0,40.27724387506998,1.0
extrapolation_top1,extrapolation,none_ready,2,model_regression,ridge,False,0.0,True,6,0.8333333333333334,0.5,,,0.0,0,0,1,5,1.0393366033842506,1.0,1.1770147152291275,1.2360196203055034,83.33333333333334,153.0170765729835,1.083777599362385
extrapolation_top1,extrapolation,none_ready,3,model_regression,ridge,False,0.0,True,6,0.6666666666666666,0.5,,,0.0,0,0,2,4,1.3371871485474618,1.0,2.221272593787348,2.4309837419323106,66.66666666666666,338.5328122526271,1.6201765575393914
extrapolation_top1,extrapolation,none_ready,5,model_regression,ridge,False,0.0,True,6,0.6666666666666666,0.6666666666666666,0.4472135954999579,1.0,0.3333333333333333,1,0,2,3,1.4388248618395452,1.0,2.7981527876071706,3.2798309896957054,66.66666666666666,623.65886879625,1.9183627358994964
extrapolation_top1,extrapolation,none_ready,10,model_regression,ridge,False,0.0,True,6,0.6666666666666666,0.6666666666666666,0.4472135954999579,1.0,0.3333333333333333,1,0,2,3,2.3724399775032574,1.0,6.185304324464571,7.2532887164193705,66.66666666666666,2306.446541188277,3.806934158889015
extrapolation_top1,extrapolation,none_ready,30,model_regression,ridge,False,0.0,True,6,0.6666666666666666,0.6666666666666666,0.4472135954999579,1.0,0.3333333333333333,1,0,2,3,4.432717292199005,1.0,13.643390364003249,15.988628851409482,66.66666666666666,20020.97986766038,7.402838786097399
extrapolation_top1,extrapolation,none_ready,100,model_regression,ridge,False,0.0,True,6,0.8333333333333334,0.8333333333333333,0.7071067811865476,1.0,0.6666666666666666,2,0,1,3,2.4423067267742082,1.0,7.4903802704839375,9.65384036064525,83.33333333333334,80517.28308888918,3.6037436840365777
extrapolation_top1,extrapolation,none_ready,1000,model_regression,ridge,False,0.0,True,6,1.0,1.0,1.0,1.0,1.0,3,0,0,3,1.0,1.0,1.0,1.0,100.0,1978280.3671749579,1.0
extrapolation_top1,extrapolation,cpu_ready,1,model_regression,elasticnet,False,0.0,True,6,1.0,1.0,,,,0,0,0,6,1.0,1.0,1.0,1.0,100.0,36.38795149086501,1.0
extrapolation_top1,extrapolation,cpu_ready,2,model_regression,elasticnet,False,0.0,True,6,0.8333333333333334,0.5,,,0.0,0,0,1,5,1.0274876620987448,1.0,1.123694479444351,1.164925972592468,83.33333333333334,145.55180596346003,1.0602062165177653
extrapolation_top1,extrapolation,cpu_ready,3,model_regression,elasticnet,False,0.0,True,6,0.6666666666666666,0.5,,,0.0,0,0,2,4,1.3203084136565544,1.0,2.1486589344364893,2.3363926279033156,66.66666666666666,327.49156341778513,1.6070886039330279
extrapolation_top1,extrapolation,cpu_ready,5,model_regression,elasticnet,False,0.0,True,6,0.5,0.5,,,0.0,0,0,3,3,2.137498643341374,1.1509573379298934,4.7565270994197615,5.251515606745295,50.0,909.6987872716254,2.816168050162741
extrapolation_top1,extrapolation,cpu_ready,10,model_regression,elasticnet,False,0.0,True,6,0.5,0.5,,,0.0,0,0,3,3,4.431984077256187,1.962062614556564,11.878766666340903,13.423643715469808,50.0,3638.7951490865016,6.04542857185179
extrapolation_top1,extrapolation,cpu_ready,30,model_regression,elasticnet,False,0.0,True,6,0.5,0.5,,,0.0,0,0,3,3,10.462360365839826,3.782493234781823,31.915932441631803,37.22727702052595,50.0,32749.15634177851,12.160564022258857
extrapolation_top1,extrapolation,cpu_ready,100,model_regression,elasticnet,False,0.0,True,6,0.5,0.5,,,0.0,0,0,3,3,16.533101236155826,5.3175330780959875,53.297930371499504,63.31409011262751,50.0,363879.5149086501,16.31379775133627
extrapolation_top1,extrapolation,cpu_ready,1000,model_regression,elasticnet,False,0.0,True,6,0.6666666666666666,0.6666666666666666,0.4472135954999579,1.0,0.3333333333333333,1,0,2,3,7.1471062495597595,1.0,23.450269265388705,27.45921978209813,66.66666666666666,21972039.547393147,11.108740574764166
extrapolation_top1,extrapolation,gpu_ready,1,model_regression,elasticnet,False,0.0,True,6,0.6666666666666666,0.6666666666666666,0.4472135954999579,0.6,1.0,3,2,0,1,11.280428125460622,1.0,47.033592162238136,62.225899948094415,66.66666666666666,3.5924520037528964,1.4226749110393262
extrapolation_top1,extrapolation,gpu_ready,2,model_regression,elasticnet,False,0.0,True,6,0.6666666666666666,0.6666666666666666,0.4472135954999579,0.6,1.0,3,2,0,1,3.7353159532210243,1.0,12.7512524396356,16.296557019608127,66.66666666666666,12.953208807341909,1.4797690286992884
extrapolation_top1,extrapolation,gpu_ready,3,model_regression,elasticnet,False,0.0,True,6,0.6666666666666666,0.6666666666666666,0.4472135954999579,0.6,1.0,3,2,0,1,3.0822221319672334,1.0,9.650759920304946,12.054853444708192,66.66666666666666,28.2099431680032,1.4938192483809691
extrapolation_top1,extrapolation,gpu_ready,5,model_regression,elasticnet,False,0.0,True,6,0.6666666666666666,0.6666666666666666,0.4472135954999579,0.6,1.0,3,2,0,1,2.750692941397592,1.0,8.000987161613953,9.749895499035132,66.66666666666666,76.4113445605426,1.5025691278766442
extrapolation_top1,extrapolation,gpu_ready,10,model_regression,elasticnet,False,0.0,True,6,0.5,0.5,,0.5,1.0,3,3,0,0,7.539558187130338,2.016908678121049,25.188121206023823,30.774476528777683,50.0,1994.978116798199,10.02143230702459
extrapolation_top1,extrapolation,gpu_ready,30,model_regression,elasticnet,False,0.0,True,6,0.5,0.5,,0.5,1.0,3,3,0,0,7.793977775666434,2.1224571632487184,26.543100968364172,32.82672577297776,50.0,17954.80305118379,10.15790903422643
extrapolation_top1,extrapolation,gpu_ready,100,model_regression,elasticnet,False,0.0,True,6,0.5,0.5,,0.5,1.0,3,3,0,0,7.895848499902776,2.1620566016589455,27.05971564777891,33.593942397508435,50.0,199497.8116798199,10.204373746825903
extrapolation_top1,extrapolation,gpu_ready,1000,model_regression,elasticnet,False,0.0,True,6,0.5,0.5,,0.5,1.0,3,3,0,0,7.936957880464785,2.1777252512358958,27.265125687789368,33.897102985420275,50.0,19949781.167981986,10.22210594018825
extrapolation_top1,extrapolation,none_ready,1,model_regression,elasticnet,False,0.0,True,6,1.0,1.0,,,,0,0,0,6,1.0,1.0,1.0,1.0,100.0,40.27724387506998,1.0
extrapolation_top1,extrapolation,none_ready,2,model_regression,elasticnet,False,0.0,True,6,0.8333333333333334,0.5,,,0.0,0,0,1,5,1.0393366033842506,1.0,1.1770147152291275,1.2360196203055034,83.33333333333334,153.0170765729835,1.083777599362385
extrapolation_top1,extrapolation,none_ready,3,model_regression,elasticnet,False,0.0,True,6,0.6666666666666666,0.5,,,0.0,0,0,2,4,1.3371871485474618,1.0,2.221272593787348,2.4309837419323106,66.66666666666666,338.5328122526271,1.6201765575393914
extrapolation_top1,extrapolation,none_ready,5,model_regression,elasticnet,False,0.0,True,6,0.5,0.5,,,0.0,0,0,3,3,2.168588175551364,1.1765590906707826,4.853892659127111,5.378579882270913,50.0,927.8919925571043,2.8541779978160156
extrapolation_top1,extrapolation,none_ready,10,model_regression,elasticnet,False,0.0,True,6,0.6666666666666666,0.6666666666666666,0.4472135954999579,1.0,0.3333333333333333,1,0,2,3,2.3724399775032574,1.0,6.185304324464571,7.2532887164193705,66.66666666666666,2306.446541188277,3.806934158889015
extrapolation_top1,extrapolation,none_ready,30,model_regression,elasticnet,False,0.0,True,6,0.8333333333333334,0.8333333333333333,0.7071067811865476,1.0,0.6666666666666666,2,0,1,3,1.934612483630758,1.0,5.2057561763384115,6.607674901784549,83.33333333333334,7683.82872861579,2.8411269435322395
extrapolation_top1,extrapolation,none_ready,100,model_regression,elasticnet,False,0.0,True,6,0.8333333333333334,0.8333333333333333,0.7071067811865476,1.0,0.6666666666666666,2,0,1,3,2.4423067267742082,1.0,7.4903802704839375,9.65384036064525,83.33333333333334,80517.28308888918,3.6037436840365777
extrapolation_top1,extrapolation,none_ready,1000,model_regression,elasticnet,False,0.0,True,6,1.0,1.0,1.0,1.0,1.0,3,0,0,3,1.0,1.0,1.0,1.0,100.0,1978280.3671749579,1.0
extrapolation_top1,extrapolation,cpu_ready,1,model_regression,huber,False,0.0,True,6,1.0,1.0,,,,0,0,0,6,1.0,1.0,1.0,1.0,100.0,36.38795149086501,1.0
extrapolation_top1,extrapolation,cpu_ready,2,model_regression,huber,False,0.0,True,6,0.8333333333333334,0.5,,,0.0,0,0,1,5,1.0274876620987448,1.0,1.123694479444351,1.164925972592468,83.33333333333334,145.55180596346003,1.0602062165177653
extrapolation_top1,extrapolation,cpu_ready,3,model_regression,huber,False,0.0,True,6,0.6666666666666666,0.5,,,0.0,0,0,2,4,1.3203084136565544,1.0,2.1486589344364893,2.3363926279033156,66.66666666666666,327.49156341778513,1.6070886039330279
extrapolation_top1,extrapolation,cpu_ready,5,model_regression,huber,False,0.0,True,6,0.5,0.5,,,0.0,0,0,3,3,2.137498643341374,1.1509573379298934,4.7565270994197615,5.251515606745295,50.0,909.6987872716254,2.816168050162741
extrapolation_top1,extrapolation,cpu_ready,10,model_regression,huber,False,0.0,True,6,0.5,0.5,,,0.0,0,0,3,3,4.431984077256187,1.962062614556564,11.878766666340903,13.423643715469808,50.0,3638.7951490865016,6.04542857185179
extrapolation_top1,extrapolation,cpu_ready,30,model_regression,huber,False,0.0,True,6,0.5,0.5,,,0.0,0,0,3,3,10.462360365839826,3.782493234781823,31.915932441631803,37.22727702052595,50.0,32749.15634177851,12.160564022258857
extrapolation_top1,extrapolation,cpu_ready,100,model_regression,huber,False,0.0,True,6,0.6666666666666666,0.6666666666666666,0.4472135954999579,1.0,0.3333333333333333,1,0,2,3,6.147419550717909,1.0,19.845854900134597,23.249451148115472,66.66666666666666,220230.13384129846,9.873570000604762
extrapolation_top1,extrapolation,cpu_ready,1000,model_regression,huber,False,0.0,True,6,0.8333333333333334,0.8333333333333333,0.7071067811865476,1.0,0.6666666666666666,2,0,1,3,2.737236285876738,1.0,8.817563286445319,11.423417715260426,83.33333333333334,7887985.456533523,3.9880496257590186
extrapolation_top1,extrapolation,gpu_ready,1,model_regression,huber,False,0.0,True,6,0.8333333333333334,0.8333333333333333,0.7071067811865476,0.75,1.0,3,1,0,2,1.0761114674448835,1.0,1.3425016035019752,1.4566688046693004,83.33333333333334,2.568740030845513,1.0172667557001733
extrapolation_top1,extrapolation,gpu_ready,2,model_regression,huber,False,0.0,True,6,0.8333333333333334,0.8333333333333333,0.7071067811865476,0.75,1.0,3,1,0,2,1.1858897832863367,1.0,1.8365040247885154,2.1153386997180204,83.33333333333334,9.04685467168538,1.033508804607208
extrapolation_top1,extrapolation,gpu_ready,3,model_regression,huber,False,0.0,True,6,0.6666666666666666,0.6666666666666666,0.4472135954999579,0.6,1.0,3,2,0,1,3.0822221319672334,1.0,9.650759920304946,12.054853444708192,66.66666666666666,28.2099431680032,1.4938192483809691
extrapolation_top1,extrapolation,gpu_ready,5,model_regression,huber,False,0.0,True,6,0.6666666666666666,0.6666666666666666,0.4472135954999579,0.6,1.0,3,2,0,1,2.750692941397592,1.0,8.000987161613953,9.749895499035132,66.66666666666666,76.4113445605426,1.5025691278766442
extrapolation_top1,extrapolation,gpu_ready,10,model_regression,huber,False,0.0,True,6,0.5,0.5,,0.5,1.0,3,3,0,0,7.539558187130338,2.016908678121049,25.188121206023823,30.774476528777683,50.0,1994.978116798199,10.02143230702459
extrapolation_top1,extrapolation,gpu_ready,30,model_regression,huber,False,0.0,True,6,0.5,0.5,,0.5,1.0,3,3,0,0,7.793977775666434,2.1224571632487184,26.543100968364172,32.82672577297776,50.0,17954.80305118379,10.15790903422643
extrapolation_top1,extrapolation,gpu_ready,100,model_regression,huber,False,0.0,True,6,0.5,0.5,,0.5,1.0,3,3,0,0,7.895848499902776,2.1620566016589455,27.05971564777891,33.593942397508435,50.0,199497.8116798199,10.204373746825903
extrapolation_top1,extrapolation,gpu_ready,1000,model_regression,huber,False,0.0,True,6,0.5,0.5,,0.5,1.0,3,3,0,0,7.936957880464785,2.1777252512358958,27.265125687789368,33.897102985420275,50.0,19949781.167981986,10.22210594018825
extrapolation_top1,extrapolation,none_ready,1,model_regression,huber,False,0.0,True,6,1.0,1.0,,,,0,0,0,6,1.0,1.0,1.0,1.0,100.0,40.27724387506998,1.0
extrapolation_top1,extrapolation,none_ready,2,model_regression,huber,False,0.16666666666666666,True,6,0.8333333333333334,0.5,,,0.0,0,0,1,5,1.0393366033842506,1.0,1.1770147152291275,1.2360196203055034,83.33333333333334,153.0170765729835,1.083777599362385
extrapolation_top1,extrapolation,none_ready,3,model_regression,huber,False,0.0,True,6,0.8333333333333334,0.75,0.6324555320336759,1.0,0.5,1,0,1,4,1.0986898582254099,1.0,1.4441043620143448,1.5921391493524597,83.33333333333334,258.078513672751,1.235132142952136
extrapolation_top1,extrapolation,none_ready,5,model_regression,huber,False,0.0,True,6,0.6666666666666666,0.6666666666666666,0.4472135954999579,1.0,0.3333333333333333,1,0,2,3,1.4388248618395452,1.0,2.7981527876071706,3.2798309896957054,66.66666666666666,623.65886879625,1.9183627358994964
extrapolation_top1,extrapolation,none_ready,10,model_regression,huber,False,0.0,True,6,0.8333333333333334,0.8333333333333333,0.7071067811865476,1.0,0.6666666666666666,2,0,1,3,1.3302251914333623,1.0,2.4860133614501305,2.981351148600174,83.33333333333334,1044.733017200697,1.724397136059983
extrapolation_top1,extrapolation,none_ready,30,model_regression,huber,False,0.0,True,6,0.8333333333333334,0.8333333333333333,0.7071067811865476,1.0,0.6666666666666666,2,0,1,3,1.934612483630758,1.0,5.2057561763384115,6.607674901784549,83.33333333333334,7683.82872861579,2.8411269435322395
extrapolation_top1,extrapolation,none_ready,100,model_regression,huber,False,0.0,True,6,1.0,1.0,1.0,1.0,1.0,3,0,0,3,1.0,1.0,1.0,1.0,100.0,22342.677545452185,1.0
extrapolation_top1,extrapolation,none_ready,1000,model_regression,huber,False,0.0,True,6,1.0,1.0,1.0,1.0,1.0,3,0,0,3,1.0,1.0,1.0,1.0,100.0,1978280.3671749579,1.0
extrapolation_top1,extrapolation,cpu_ready,1,model_regression,tree,False,0.0,True,6,1.0,1.0,,,,0,0,0,6,1.0,1.0,1.0,1.0,100.0,36.38795149086501,1.0
extrapolation_top1,extrapolation,cpu_ready,2,model_regression,tree,False,0.0,True,6,0.8333333333333334,0.5,,,0.0,0,0,1,5,1.0274876620987448,1.0,1.123694479444351,1.164925972592468,83.33333333333334,145.55180596346003,1.0602062165177653
extrapolation_top1,extrapolation,cpu_ready,3,model_regression,tree,False,0.0,True,6,0.6666666666666666,0.5,,,0.0,0,0,2,4,1.3203084136565544,1.0,2.1486589344364893,2.3363926279033156,66.66666666666666,327.49156341778513,1.6070886039330279
extrapolation_top1,extrapolation,cpu_ready,5,model_regression,tree,False,0.0,True,6,0.5,0.5,,,0.0,0,0,3,3,2.137498643341374,1.1509573379298934,4.7565270994197615,5.251515606745295,50.0,909.6987872716254,2.816168050162741
extrapolation_top1,extrapolation,cpu_ready,10,model_regression,tree,False,0.0,True,6,0.5,0.5,,,0.0,0,0,3,3,4.431984077256187,1.962062614556564,11.878766666340903,13.423643715469808,50.0,3638.7951490865016,6.04542857185179
extrapolation_top1,extrapolation,cpu_ready,30,model_regression,tree,False,0.0,True,6,0.5,0.5,,,0.0,0,0,3,3,10.462360365839826,3.782493234781823,31.915932441631803,37.22727702052595,50.0,32749.15634177851,12.160564022258857
extrapolation_top1,extrapolation,cpu_ready,100,model_regression,tree,False,0.0,True,6,0.5,0.5,,,0.0,0,0,3,3,16.533101236155826,5.3175330780959875,53.297930371499504,63.31409011262751,50.0,363879.5149086501,16.31379775133627
extrapolation_top1,extrapolation,cpu_ready,1000,model_regression,tree,False,0.0,True,6,0.5,0.5,,,0.0,0,0,3,3,20.52856091927733,6.211708857630213,67.83135095925358,81.2887280183054,50.0,36387951.490865014,18.397213981306585
extrapolation_top1,extrapolation,gpu_ready,1,model_regression,tree,False,0.0,True,6,0.8333333333333334,0.8333333333333333,0.7071067811865476,0.75,1.0,3,1,0,2,1.0761114674448835,1.0,1.3425016035019752,1.4566688046693004,83.33333333333334,2.568740030845513,1.0172667557001733
extrapolation_top1,extrapolation,gpu_ready,2,model_regression,tree,False,0.0,True,6,0.8333333333333334,0.8333333333333333,0.7071067811865476,0.75,1.0,3,1,0,2,1.1858897832863367,1.0,1.8365040247885154,2.1153386997180204,83.33333333333334,9.04685467168538,1.033508804607208
extrapolation_top1,extrapolation,gpu_ready,3,model_regression,tree,False,0.0,True,6,0.8333333333333334,0.8333333333333333,0.7071067811865476,0.75,1.0,3,1,0,2,1.239746557849201,1.0,2.078859510321405,2.438479347095207,83.33333333333334,19.62282665541447,1.039100149579499
extrapolation_top1,extrapolation,gpu_ready,5,model_regression,tree,False,0.0,True,6,0.8333333333333334,0.8333333333333333,0.7071067811865476,0.75,1.0,3,1,0,2,1.2923770248917366,1.0,2.315696612012814,2.754262149350419,83.33333333333334,53.06834265154033,1.0435473134830757
extrapolation_top1,extrapolation,gpu_ready,10,model_regression,tree,False,0.0,True,6,0.8333333333333334,0.8333333333333333,0.7071067811865476,0.75,1.0,3,1,0,2,1.338969559373683,1.0,2.525363017181573,3.0338173562420976,83.33333333333334,208.3946361424164,1.0468349109513055
extrapolation_top1,extrapolation,gpu_ready,30,model_regression,tree,False,0.0,True,6,0.8333333333333334,0.8333333333333333,0.7071067811865476,0.75,1.0,3,1,0,2,1.3741523877495727,1.0,2.683685744873077,3.2449143264974363,83.33333333333334,1854.1641458282268,1.0489912183473096
extrapolation_top1,extrapolation,gpu_ready,100,model_regression,tree,False,0.0,True,6,0.8333333333333334,0.8333333333333333,0.7071067811865476,0.75,1.0,3,1,0,2,1.387352200552982,1.0,2.743084902488418,3.3241132033178906,83.33333333333334,20522.608059829618,1.049737644432051
extrapolation_top1,extrapolation,gpu_ready,1000,model_regression,tree,False,0.0,True,6,0.8333333333333334,0.8333333333333333,0.7071067811865476,0.75,1.0,3,1,0,2,1.3925750837452986,1.0,2.766587876853843,3.355450502471791,83.33333333333334,2049260.188553851,1.0500242869845262
extrapolation_top1,extrapolation,none_ready,1,model_regression,tree,False,0.0,True,6,1.0,1.0,,,,0,0,0,6,1.0,1.0,1.0,1.0,100.0,40.27724387506998,1.0
extrapolation_top1,extrapolation,none_ready,2,model_regression,tree,False,0.0,True,6,0.8333333333333334,0.5,,,0.0,0,0,1,5,1.0393366033842506,1.0,1.1770147152291275,1.2360196203055034,83.33333333333334,153.0170765729835,1.083777599362385
extrapolation_top1,extrapolation,none_ready,3,model_regression,tree,False,0.0,True,6,0.6666666666666666,0.5,,,0.0,0,0,2,4,1.3371871485474618,1.0,2.221272593787348,2.4309837419323106,66.66666666666666,338.5328122526271,1.6201765575393914
extrapolation_top1,extrapolation,none_ready,5,model_regression,tree,False,0.0,True,6,0.5,0.5,,,0.0,0,0,3,3,2.168588175551364,1.1765590906707826,4.853892659127111,5.378579882270913,50.0,927.8919925571043,2.8541779978160156
extrapolation_top1,extrapolation,none_ready,10,model_regression,tree,False,0.0,True,6,0.5,0.5,,,0.0,0,0,3,3,4.470033093782499,1.990675574300087,12.00249120236143,13.58555869767545,50.0,3674.8682454985724,6.065599702127692
extrapolation_top1,extrapolation,none_ready,30,model_regression,tree,False,0.0,True,6,0.5,0.5,,,0.0,0,0,3,3,10.495493495578929,3.8038374508922743,32.02965012806202,37.37665722027954,50.0,32856.749002696946,12.148916661922394
extrapolation_top1,extrapolation,none_ready,100,model_regression,tree,False,0.0,True,6,0.5,0.5,,,0.0,0,0,3,3,16.549413801154344,5.326920180322625,53.3557877537279,63.390254284315404,50.0,364237.42604534084,16.30231762976326
extrapolation_top1,extrapolation,none_ready,1000,model_regression,tree,False,0.0,True,6,0.5,0.5,,,0.0,0,0,3,3,20.53061889427994,6.212821315196274,67.83876972324228,81.29850407884102,50.0,36391527.78240448,18.395536035356123
extrapolation_top1,extrapolation,cpu_ready,1,model_regression,random_forest,False,0.0,True,6,1.0,1.0,,,,0,0,0,6,1.0,1.0,1.0,1.0,100.0,36.38795149086501,1.0
extrapolation_top1,extrapolation,cpu_ready,2,model_regression,random_forest,False,0.0,True,6,0.8333333333333334,0.5,,,0.0,0,0,1,5,1.0274876620987448,1.0,1.123694479444351,1.164925972592468,83.33333333333334,145.55180596346003,1.0602062165177653
extrapolation_top1,extrapolation,cpu_ready,3,model_regression,random_forest,False,0.0,True,6,0.6666666666666666,0.5,,,0.0,0,0,2,4,1.3203084136565544,1.0,2.1486589344364893,2.3363926279033156,66.66666666666666,327.49156341778513,1.6070886039330279
extrapolation_top1,extrapolation,cpu_ready,5,model_regression,random_forest,False,0.0,True,6,0.5,0.5,,,0.0,0,0,3,3,2.137498643341374,1.1509573379298934,4.7565270994197615,5.251515606745295,50.0,909.6987872716254,2.816168050162741
extrapolation_top1,extrapolation,cpu_ready,10,model_regression,random_forest,False,0.0,True,6,0.5,0.5,,,0.0,0,0,3,3,4.431984077256187,1.962062614556564,11.878766666340903,13.423643715469808,50.0,3638.7951490865016,6.04542857185179
extrapolation_top1,extrapolation,cpu_ready,30,model_regression,random_forest,False,0.0,True,6,1.0,1.0,1.0,1.0,1.0,3,0,0,3,1.0,1.0,1.0,1.0,100.0,2693.062285748755,1.0
extrapolation_top1,extrapolation,cpu_ready,100,model_regression,random_forest,False,0.0,True,6,1.0,1.0,1.0,1.0,1.0,3,0,0,3,1.0,1.0,1.0,1.0,100.0,22305.01569622834,1.0
extrapolation_top1,extrapolation,cpu_ready,1000,model_regression,random_forest,False,0.0,True,6,1.0,1.0,1.0,1.0,1.0,3,0,0,3,1.0,1.0,1.0,1.0,100.0,1977905.541993414,1.0
extrapolation_top1,extrapolation,gpu_ready,1,model_regression,random_forest,False,0.0,True,6,0.8333333333333334,0.8333333333333333,0.7071067811865476,0.75,1.0,3,1,0,2,1.0761114674448835,1.0,1.3425016035019752,1.4566688046693004,83.33333333333334,2.568740030845513,1.0172667557001733
extrapolation_top1,extrapolation,gpu_ready,2,model_regression,random_forest,False,0.0,True,6,0.8333333333333334,0.8333333333333333,0.7071067811865476,0.75,1.0,3,1,0,2,1.1858897832863367,1.0,1.8365040247885154,2.1153386997180204,83.33333333333334,9.04685467168538,1.033508804607208
extrapolation_top1,extrapolation,gpu_ready,3,model_regression,random_forest,False,0.0,True,6,0.8333333333333334,0.8333333333333333,0.7071067811865476,0.75,1.0,3,1,0,2,1.239746557849201,1.0,2.078859510321405,2.438479347095207,83.33333333333334,19.62282665541447,1.039100149579499
extrapolation_top1,extrapolation,gpu_ready,5,model_regression,random_forest,False,0.0,True,6,0.8333333333333334,0.8333333333333333,0.7071067811865476,0.75,1.0,3,1,0,2,1.2923770248917366,1.0,2.315696612012814,2.754262149350419,83.33333333333334,53.06834265154033,1.0435473134830757
extrapolation_top1,extrapolation,gpu_ready,10,model_regression,random_forest,False,0.0,True,6,0.8333333333333334,0.8333333333333333,0.7071067811865476,0.75,1.0,3,1,0,2,1.338969559373683,1.0,2.525363017181573,3.0338173562420976,83.33333333333334,208.3946361424164,1.0468349109513055
extrapolation_top1,extrapolation,gpu_ready,30,model_regression,random_forest,False,0.0,True,6,0.8333333333333334,0.8333333333333333,0.7071067811865476,0.75,1.0,3,1,0,2,1.3741523877495727,1.0,2.683685744873077,3.2449143264974363,83.33333333333334,1854.1641458282268,1.0489912183473096
extrapolation_top1,extrapolation,gpu_ready,100,model_regression,random_forest,False,0.0,True,6,0.8333333333333334,0.8333333333333333,0.7071067811865476,0.75,1.0,3,1,0,2,1.387352200552982,1.0,2.743084902488418,3.3241132033178906,83.33333333333334,20522.608059829618,1.049737644432051
extrapolation_top1,extrapolation,gpu_ready,1000,model_regression,random_forest,False,0.0,True,6,0.8333333333333334,0.8333333333333333,0.7071067811865476,0.75,1.0,3,1,0,2,1.3925750837452986,1.0,2.766587876853843,3.355450502471791,83.33333333333334,2049260.188553851,1.0500242869845262
extrapolation_top1,extrapolation,none_ready,1,model_regression,random_forest,False,0.0,True,6,1.0,1.0,,,,0,0,0,6,1.0,1.0,1.0,1.0,100.0,40.27724387506998,1.0
extrapolation_top1,extrapolation,none_ready,2,model_regression,random_forest,False,0.0,True,6,0.8333333333333334,0.5,,,0.0,0,0,1,5,1.0393366033842506,1.0,1.1770147152291275,1.2360196203055034,83.33333333333334,153.0170765729835,1.083777599362385
extrapolation_top1,extrapolation,none_ready,3,model_regression,random_forest,False,0.0,True,6,0.6666666666666666,0.5,,,0.0,0,0,2,4,1.3371871485474618,1.0,2.221272593787348,2.4309837419323106,66.66666666666666,338.5328122526271,1.6201765575393914
extrapolation_top1,extrapolation,none_ready,5,model_regression,random_forest,False,0.0,True,6,0.5,0.5,,,0.0,0,0,3,3,2.168588175551364,1.1765590906707826,4.853892659127111,5.378579882270913,50.0,927.8919925571043,2.8541779978160156
extrapolation_top1,extrapolation,none_ready,10,model_regression,random_forest,False,0.0,True,6,0.5,0.5,,,0.0,0,0,3,3,4.470033093782499,1.990675574300087,12.00249120236143,13.58555869767545,50.0,3674.8682454985724,6.065599702127692
extrapolation_top1,extrapolation,none_ready,30,model_regression,random_forest,False,0.0,True,6,1.0,1.0,1.0,1.0,1.0,3,0,0,3,1.0,1.0,1.0,1.0,100.0,2704.5003202366056,1.0
extrapolation_top1,extrapolation,none_ready,100,model_regression,random_forest,False,0.0,True,6,1.0,1.0,1.0,1.0,1.0,3,0,0,3,1.0,1.0,1.0,1.0,100.0,22342.677545452185,1.0
extrapolation_top1,extrapolation,none_ready,1000,model_regression,random_forest,False,0.0,True,6,1.0,1.0,1.0,1.0,1.0,3,0,0,3,1.0,1.0,1.0,1.0,100.0,1978280.3671749579,1.0
extrapolation_top1,extrapolation,cpu_ready,1,model_classification,logistic,False,0.0,False,6,0.6666666666666666,0.6666666666666666,,0.0,,0,2,0,4,2.8890889113388476,1.0,8.481311193708644,10.295355653400746,66.66666666666666,126.357458726306,3.472508166831742
extrapolation_top1,extrapolation,cpu_ready,2,model_classification,logistic,False,0.0,False,6,0.8333333333333334,0.9,0.6324555320336759,0.5,1.0,1,1,0,4,1.344361717895424,1.0,2.5496277305294073,3.066170307372543,83.33333333333334,190.8173187134382,1.3899223453814555
extrapolation_top1,extrapolation,cpu_ready,3,model_classification,logistic,False,0.0,False,6,0.6666666666666666,0.625,0.25,0.5,0.5,1,1,1,3,1.1976808465169138,1.0,1.5968348823081069,1.6006272250654723,66.66666666666666,287.36826352340364,1.41019285083484
extrapolation_top1,extrapolation,cpu_ready,5,model_classification,logistic,False,0.0,False,6,0.8333333333333334,0.8333333333333333,0.7071067811865476,1.0,0.6666666666666666,2,0,1,3,1.3785935962405267,1.0,2.7036711830823705,3.2715615774431606,83.33333333333334,576.7434076118341,1.7854331349937973
extrapolation_top1,extrapolation,cpu_ready,10,model_classification,logistic,False,0.0,False,6,0.8333333333333334,0.8333333333333333,0.7071067811865476,1.0,0.6666666666666666,2,0,1,3,2.0406892531590315,1.0,5.683101639215641,7.244135518954188,83.33333333333334,1861.7752522324906,3.0931197946216984
extrapolation_top1,extrapolation,cpu_ready,30,model_classification,logistic,False,0.0,False,6,0.8333333333333334,0.8333333333333333,0.7071067811865476,1.0,0.6666666666666666,2,0,1,3,3.4969831174915598,1.0,12.236424028712019,15.981898704949359,83.33333333333334,15024.673836423413,5.579029462456746
extrapolation_top1,extrapolation,cpu_ready,100,model_classification,logistic,False,0.0,False,6,0.8333333333333334,0.8333333333333333,0.7071067811865476,1.0,0.6666666666666666,2,0,1,3,4.708241858019245,1.0,17.687088361086605,23.249451148115472,83.33333333333334,162181.73607301616,7.271088184010569
extrapolation_top1,extrapolation,cpu_ready,1000,model_classification,logistic,False,0.0,False,6,0.8333333333333334,0.8333333333333333,0.7071067811865476,1.0,0.6666666666666666,2,0,1,3,5.409869963683022,1.0,20.8444148365736,27.45921978209813,83.33333333333334,16061959.632853037,8.120690949005146
extrapolation_top1,extrapolation,gpu_ready,1,model_classification,logistic,False,0.0,False,6,0.8333333333333334,0.8333333333333333,0.7071067811865476,0.75,1.0,3,1,0,2,1.0761114674448835,1.0,1.3425016035019752,1.4566688046693004,83.33333333333334,2.568740030845513,1.0172667557001733
extrapolation_top1,extrapolation,gpu_ready,2,model_classification,logistic,False,0.0,False,6,0.8333333333333334,0.8333333333333333,0.7071067811865476,0.75,1.0,3,1,0,2,1.1858897832863367,1.0,1.8365040247885154,2.1153386997180204,83.33333333333334,9.04685467168538,1.033508804607208
extrapolation_top1,extrapolation,gpu_ready,3,model_classification,logistic,False,0.0,False,6,0.8333333333333334,0.8333333333333333,0.7071067811865476,0.75,1.0,3,1,0,2,1.239746557849201,1.0,2.078859510321405,2.438479347095207,83.33333333333334,19.62282665541447,1.039100149579499
extrapolation_top1,extrapolation,gpu_ready,5,model_classification,logistic,False,0.0,False,6,0.8333333333333334,0.8333333333333333,0.7071067811865476,0.75,1.0,3,1,0,2,1.2923770248917366,1.0,2.315696612012814,2.754262149350419,83.33333333333334,53.06834265154033,1.0435473134830757
extrapolation_top1,extrapolation,gpu_ready,10,model_classification,logistic,False,0.0,False,6,0.8333333333333334,0.8333333333333333,0.7071067811865476,0.75,1.0,3,1,0,2,1.338969559373683,1.0,2.525363017181573,3.0338173562420976,83.33333333333334,208.3946361424164,1.0468349109513055
extrapolation_top1,extrapolation,gpu_ready,30,model_classification,logistic,False,0.0,False,6,0.8333333333333334,0.8333333333333333,0.7071067811865476,0.75,1.0,3,1,0,2,1.3741523877495727,1.0,2.683685744873077,3.2449143264974363,83.33333333333334,1854.1641458282268,1.0489912183473096
extrapolation_top1,extrapolation,gpu_ready,100,model_classification,logistic,False,0.0,False,6,0.8333333333333334,0.8333333333333333,0.7071067811865476,0.75,1.0,3,1,0,2,1.387352200552982,1.0,2.743084902488418,3.3241132033178906,83.33333333333334,20522.608059829618,1.049737644432051
extrapolation_top1,extrapolation,gpu_ready,1000,model_classification,logistic,False,0.0,False,6,0.8333333333333334,0.8333333333333333,0.7071067811865476,0.75,1.0,3,1,0,2,1.3925750837452986,1.0,2.766587876853843,3.355450502471791,83.33333333333334,2049260.188553851,1.0500242869845262
extrapolation_top1,extrapolation,none_ready,1,model_classification,logistic,False,0.0,False,6,0.6666666666666666,0.6666666666666666,,0.0,,0,2,0,4,2.5422966476314794,1.0,7.088211911561585,8.549533880228731,66.66666666666666,127.1164189587885,3.1560356848912527
extrapolation_top1,extrapolation,none_ready,2,model_classification,logistic,False,0.0,False,6,0.8333333333333334,0.9,0.6324555320336759,0.5,1.0,1,1,0,4,1.2980145022440917,1.0,2.341065260098412,2.7880870134645495,83.33333333333334,192.1355431743793,1.3608428705955418
extrapolation_top1,extrapolation,none_ready,3,model_classification,logistic,False,0.0,False,6,0.6666666666666666,0.625,0.25,0.5,0.5,1,1,1,3,1.1822849673539324,1.0,1.5694970257071286,1.5921391493524597,66.66666666666666,289.2457522128033,1.3842947275471813
extrapolation_top1,extrapolation,none_ready,5,model_classification,logistic,False,0.0,False,6,0.8333333333333334,0.8333333333333333,0.7071067811865476,1.0,0.6666666666666666,2,0,1,3,1.3799718316159508,1.0,2.709873242271779,3.2798309896957054,83.33333333333334,579.7394247581509,1.7832673671977994
extrapolation_top1,extrapolation,none_ready,10,model_classification,logistic,False,0.0,False,6,0.8333333333333334,0.8333333333333333,0.7071067811865476,1.0,0.6666666666666666,2,0,1,3,2.042214786069895,1.0,5.689966537314528,7.2532887164193705,83.33333333333334,1867.5675905211008,3.0825370228290323
extrapolation_top1,extrapolation,none_ready,30,model_classification,logistic,False,0.0,False,6,0.8333333333333334,0.8333333333333333,0.7071067811865476,1.0,0.6666666666666666,2,0,1,3,3.4981048085682467,1.0,12.241471638557112,15.988628851409482,83.33333333333334,15041.651459281195,5.561711842565159
extrapolation_top1,extrapolation,none_ready,100,model_classification,logistic,False,0.0,False,6,0.8333333333333334,0.8333333333333333,0.7071067811865476,1.0,0.6666666666666666,2,0,1,3,4.708731360327568,1.0,17.689291121474056,23.252388161965406,83.33333333333334,162237.86219186606,7.2613437606939515
extrapolation_top1,extrapolation,none_ready,1000,model_classification,logistic,False,0.0,False,6,0.8333333333333334,0.8333333333333333,0.7071067811865476,1.0,0.6666666666666666,2,0,1,3,5.409927776074345,1.0,20.844674992334557,27.459566656446075,83.33333333333334,16062519.0967775,8.119435123200079
extrapolation_top1,extrapolation,cpu_ready,1,model_regression,ridge,True,0.0,True,6,0.8333333333333334,0.8333333333333334,,0.0,,0,1,0,5,1.4995529115230941,1.0,3.247988101853924,3.997317469138565,83.33333333333334,80.19778357788009,2.20396533171188
extrapolation_top1,extrapolation,cpu_ready,2,model_regression,ridge,True,0.0,True,6,0.6666666666666666,0.4,-0.2,0.0,0.0,0,1,1,4,1.0608725769153315,1.0,1.191463609822758,1.2003094888995214,66.66666666666666,157.2629779223596,1.1455109451767207
extrapolation_top1,extrapolation,cpu_ready,3,model_regression,ridge,True,0.0,True,6,0.8333333333333334,0.75,0.6324555320336759,1.0,0.5,1,0,1,4,1.2227321046505526,1.0,2.002294470927487,2.3363926279033156,83.33333333333334,278.9155032312137,1.3687128975939489
extrapolation_top1,extrapolation,cpu_ready,5,model_regression,ridge,True,0.0,True,6,0.6666666666666666,0.6666666666666666,0.4472135954999579,1.0,0.3333333333333333,1,0,2,3,1.758905047100847,1.0,4.264115374023918,5.251515606745295,66.66666666666666,655.9825467420455,2.030734915168944
extrapolation_top1,extrapolation,cpu_ready,10,model_regression,ridge,True,0.0,True,6,0.8333333333333334,0.8333333333333333,0.7071067811865476,1.0,0.6666666666666666,2,0,1,3,1.3206875381855214,1.0,2.443093921834846,2.924125229113128,83.33333333333334,1028.111680714743,1.7080861864971448
extrapolation_top1,extrapolation,cpu_ready,30,model_regression,ridge,True,0.0,True,6,0.8333333333333334,0.8333333333333333,0.7071067811865476,1.0,0.6666666666666666,2,0,1,3,1.9274977449272743,1.0,5.1737398521727345,6.564986469563646,83.33333333333334,7634.485550375924,2.8348715106874325
extrapolation_top1,extrapolation,cpu_ready,100,model_regression,ridge,True,0.0,True,6,0.8333333333333334,0.8333333333333333,0.7071067811865476,1.0,0.6666666666666666,2,0,1,3,2.4391776926986624,1.0,7.476299617143981,9.635066156191975,83.33333333333334,80353.41346451064,3.6024818165941923
extrapolation_top1,extrapolation,cpu_ready,1000,model_regression,ridge,True,0.0,True,6,1.0,1.0,1.0,1.0,1.0,3,0,0,3,1.0,1.0,1.0,1.0,100.0,1977905.541993414,1.0
extrapolation_top1,extrapolation,gpu_ready,1,model_regression,ridge,True,0.0,True,6,1.0,1.0,1.0,1.0,1.0,3,0,0,3,1.0,1.0,1.0,1.0,100.0,2.5251390713908446,1.0
extrapolation_top1,extrapolation,gpu_ready,2,model_regression,ridge,True,0.0,True,6,1.0,1.0,1.0,1.0,1.0,3,0,0,3,1.0,1.0,1.0,1.0,100.0,8.753534204407382,1.0
extrapolation_top1,extrapolation,gpu_ready,3,model_regression,ridge,True,0.0,True,6,1.0,1.0,1.0,1.0,1.0,3,0,0,3,1.0,1.0,1.0,1.0,100.0,18.884442142901623,1.0
extrapolation_top1,extrapolation,gpu_ready,5,model_regression,ridge,True,0.0,True,6,1.0,1.0,1.0,1.0,1.0,3,0,0,3,1.0,1.0,1.0,1.0,100.0,50.853796436323236,1.0
extrapolation_top1,extrapolation,gpu_ready,10,model_regression,ridge,True,0.0,True,6,0.8333333333333334,0.8333333333333333,0.7071067811865476,0.75,1.0,3,1,0,2,1.338969559373683,1.0,2.525363017181573,3.0338173562420976,83.33333333333334,208.3946361424164,1.0468349109513055
extrapolation_top1,extrapolation,gpu_ready,30,model_regression,ridge,True,0.0,True,6,0.8333333333333334,0.8333333333333333,0.7071067811865476,0.75,1.0,3,1,0,2,1.3741523877495727,1.0,2.683685744873077,3.2449143264974363,83.33333333333334,1854.1641458282268,1.0489912183473096
extrapolation_top1,extrapolation,gpu_ready,100,model_regression,ridge,True,0.0,True,6,0.8333333333333334,0.8333333333333333,0.7071067811865476,0.75,1.0,3,1,0,2,1.387352200552982,1.0,2.743084902488418,3.3241132033178906,83.33333333333334,20522.608059829618,1.049737644432051
extrapolation_top1,extrapolation,gpu_ready,1000,model_regression,ridge,True,0.0,True,6,0.8333333333333334,0.8333333333333333,0.7071067811865476,0.75,1.0,3,1,0,2,1.3925750837452986,1.0,2.766587876853843,3.355450502471791,83.33333333333334,2049260.188553851,1.0500242869845262
extrapolation_top1,extrapolation,none_ready,1,model_regression,ridge,True,0.0,True,6,1.0,1.0,,,,0,0,0,6,1.0,1.0,1.0,1.0,100.0,40.27724387506998,1.0
extrapolation_top1,extrapolation,none_ready,2,model_regression,ridge,True,0.0,True,6,0.8333333333333334,0.5,,,0.0,0,0,1,5,1.0393366033842506,1.0,1.1770147152291275,1.2360196203055034,83.33333333333334,153.0170765729835,1.083777599362385
extrapolation_top1,extrapolation,none_ready,3,model_regression,ridge,True,0.0,True,6,0.6666666666666666,0.5,,,0.0,0,0,2,4,1.3371871485474618,1.0,2.221272593787348,2.4309837419323106,66.66666666666666,338.5328122526271,1.6201765575393914
extrapolation_top1,extrapolation,none_ready,5,model_regression,ridge,True,0.0,True,6,0.5,0.5,,,0.0,0,0,3,3,2.168588175551364,1.1765590906707826,4.853892659127111,5.378579882270913,50.0,927.8919925571043,2.8541779978160156
extrapolation_top1,extrapolation,none_ready,10,model_regression,ridge,True,0.0,True,6,0.5,0.5,,,0.0,0,0,3,3,4.470033093782499,1.990675574300087,12.00249120236143,13.58555869767545,50.0,3674.8682454985724,6.065599702127692
extrapolation_top1,extrapolation,none_ready,30,model_regression,ridge,True,0.0,True,6,0.6666666666666666,0.6666666666666666,0.4472135954999579,1.0,0.3333333333333333,1,0,2,3,7.997388687010681,1.0,29.684411640655792,37.37665722027954,66.66666666666666,20519.59786365236,7.587204819357236
extrapolation_top1,extrapolation,none_ready,100,model_regression,ridge,True,0.0,True,6,0.8333333333333334,0.8333333333333333,0.7071067811865476,1.0,0.6666666666666666,2,0,1,3,2.4423067267742082,1.0,7.4903802704839375,9.65384036064525,83.33333333333334,80517.28308888918,3.6037436840365777
extrapolation_top1,extrapolation,none_ready,1000,model_regression,ridge,True,0.16666666666666666,True,6,0.8333333333333334,0.8333333333333333,0.7071067811865476,1.0,0.6666666666666666,2,0,1,3,2.737607105065425,1.0,8.819231972794412,11.425642630392549,83.33333333333334,7889621.809036828,3.9881211682363498
extrapolation_top1,extrapolation,cpu_ready,1,model_regression,elasticnet,True,0.0,True,6,0.8333333333333334,0.8333333333333334,,0.0,,0,1,0,5,1.4995529115230941,1.0,3.247988101853924,3.997317469138565,83.33333333333334,80.19778357788009,2.20396533171188
extrapolation_top1,extrapolation,cpu_ready,2,model_regression,elasticnet,True,0.16666666666666666,True,6,0.6666666666666666,0.4,-0.2,0.0,0.0,0,1,1,4,1.0608725769153315,1.0,1.191463609822758,1.2003094888995214,66.66666666666666,157.2629779223596,1.1455109451767207
extrapolation_top1,extrapolation,cpu_ready,3,model_regression,elasticnet,True,0.0,True,6,1.0,1.0,1.0,1.0,1.0,2,0,0,4,1.0,1.0,1.0,1.0,100.0,203.77940744294685,1.0
extrapolation_top1,extrapolation,cpu_ready,5,model_regression,elasticnet,True,0.0,True,6,0.8333333333333334,0.8333333333333333,0.7071067811865476,1.0,0.6666666666666666,2,0,1,3,1.0503191126432978,1.0,1.2264360068948403,1.301914675859787,83.33333333333334,360.57812144072886,1.1162470472612385
extrapolation_top1,extrapolation,cpu_ready,10,model_regression,elasticnet,True,0.0,True,6,0.8333333333333334,0.8333333333333333,0.7071067811865476,1.0,0.6666666666666666,2,0,1,3,1.3206875381855214,1.0,2.443093921834846,2.924125229113128,83.33333333333334,1028.111680714743,1.7080861864971448
extrapolation_top1,extrapolation,cpu_ready,30,model_regression,elasticnet,True,0.0,True,6,0.8333333333333334,0.8333333333333333,0.7071067811865476,1.0,0.6666666666666666,2,0,1,3,1.9274977449272743,1.0,5.1737398521727345,6.564986469563646,83.33333333333334,7634.485550375924,2.8348715106874325
extrapolation_top1,extrapolation,cpu_ready,100,model_regression,elasticnet,True,0.0,True,6,0.8333333333333334,0.8333333333333333,0.7071067811865476,1.0,0.6666666666666666,2,0,1,3,2.4391776926986624,1.0,7.476299617143981,9.635066156191975,83.33333333333334,80353.41346451064,3.6024818165941923
extrapolation_top1,extrapolation,cpu_ready,1000,model_regression,elasticnet,True,0.0,True,6,1.0,1.0,1.0,1.0,1.0,3,0,0,3,1.0,1.0,1.0,1.0,100.0,1977905.541993414,1.0
extrapolation_top1,extrapolation,gpu_ready,1,model_regression,elasticnet,True,0.0,True,6,1.0,1.0,1.0,1.0,1.0,3,0,0,3,1.0,1.0,1.0,1.0,100.0,2.5251390713908446,1.0
extrapolation_top1,extrapolation,gpu_ready,2,model_regression,elasticnet,True,0.0,True,6,1.0,1.0,1.0,1.0,1.0,3,0,0,3,1.0,1.0,1.0,1.0,100.0,8.753534204407382,1.0
extrapolation_top1,extrapolation,gpu_ready,3,model_regression,elasticnet,True,0.0,True,6,1.0,1.0,1.0,1.0,1.0,3,0,0,3,1.0,1.0,1.0,1.0,100.0,18.884442142901623,1.0
extrapolation_top1,extrapolation,gpu_ready,5,model_regression,elasticnet,True,0.0,True,6,1.0,1.0,1.0,1.0,1.0,3,0,0,3,1.0,1.0,1.0,1.0,100.0,50.853796436323236,1.0
extrapolation_top1,extrapolation,gpu_ready,10,model_regression,elasticnet,True,0.0,True,6,0.8333333333333334,0.8333333333333333,0.7071067811865476,0.75,1.0,3,1,0,2,1.338969559373683,1.0,2.525363017181573,3.0338173562420976,83.33333333333334,208.3946361424164,1.0468349109513055
extrapolation_top1,extrapolation,gpu_ready,30,model_regression,elasticnet,True,0.0,True,6,0.8333333333333334,0.8333333333333333,0.7071067811865476,0.75,1.0,3,1,0,2,1.3741523877495727,1.0,2.683685744873077,3.2449143264974363,83.33333333333334,1854.1641458282268,1.0489912183473096
extrapolation_top1,extrapolation,gpu_ready,100,model_regression,elasticnet,True,0.0,True,6,0.8333333333333334,0.8333333333333333,0.7071067811865476,0.75,1.0,3,1,0,2,1.387352200552982,1.0,2.743084902488418,3.3241132033178906,83.33333333333334,20522.608059829618,1.049737644432051
extrapolation_top1,extrapolation,gpu_ready,1000,model_regression,elasticnet,True,0.0,True,6,0.6666666666666666,0.6666666666666666,0.4472135954999579,0.6,1.0,3,2,0,1,2.45410738289474,1.0,6.365757971790435,7.369193794896649,66.66666666666666,2948505.6966768773,1.510790386265094
extrapolation_top1,extrapolation,none_ready,1,model_regression,elasticnet,True,0.0,True,6,1.0,1.0,,,,0,0,0,6,1.0,1.0,1.0,1.0,100.0,40.27724387506998,1.0
extrapolation_top1,extrapolation,none_ready,2,model_regression,elasticnet,True,0.0,True,6,0.8333333333333334,0.5,,,0.0,0,0,1,5,1.0393366033842506,1.0,1.1770147152291275,1.2360196203055034,83.33333333333334,153.0170765729835,1.083777599362385
extrapolation_top1,extrapolation,none_ready,3,model_regression,elasticnet,True,0.0,True,6,0.6666666666666666,0.5,,,0.0,0,0,2,4,1.3371871485474618,1.0,2.221272593787348,2.4309837419323106,66.66666666666666,338.5328122526271,1.6201765575393914
extrapolation_top1,extrapolation,none_ready,5,model_regression,elasticnet,True,0.0,True,6,0.5,0.5,,,0.0,0,0,3,3,2.168588175551364,1.1765590906707826,4.853892659127111,5.378579882270913,50.0,927.8919925571043,2.8541779978160156
extrapolation_top1,extrapolation,none_ready,10,model_regression,elasticnet,True,0.0,True,6,0.5,0.5,,,0.0,0,0,3,3,4.470033093782499,1.990675574300087,12.00249120236143,13.58555869767545,50.0,3674.8682454985724,6.065599702127692
extrapolation_top1,extrapolation,none_ready,30,model_regression,elasticnet,True,0.0,True,6,0.6666666666666666,0.6666666666666666,0.4472135954999579,1.0,0.3333333333333333,1,0,2,3,7.997388687010681,1.0,29.684411640655792,37.37665722027954,66.66666666666666,20519.59786365236,7.587204819357236
extrapolation_top1,extrapolation,none_ready,100,model_regression,elasticnet,True,0.0,True,6,0.8333333333333334,0.8333333333333333,0.7071067811865476,1.0,0.6666666666666666,2,0,1,3,2.4423067267742082,1.0,7.4903802704839375,9.65384036064525,83.33333333333334,80517.28308888918,3.6037436840365777
extrapolation_top1,extrapolation,none_ready,1000,model_regression,elasticnet,True,0.0,True,6,0.8333333333333334,0.8333333333333333,0.7071067811865476,1.0,0.6666666666666666,2,0,1,3,2.737607105065425,1.0,8.819231972794412,11.425642630392549,83.33333333333334,7889621.809036828,3.9881211682363498
extrapolation_top1,extrapolation,cpu_ready,1,model_regression,huber,True,0.0,True,6,0.8333333333333334,0.8333333333333334,,0.0,,0,1,0,5,1.4995529115230941,1.0,3.247988101853924,3.997317469138565,83.33333333333334,80.19778357788009,2.20396533171188
extrapolation_top1,extrapolation,cpu_ready,2,model_regression,huber,True,0.0,True,6,0.6666666666666666,0.4,-0.2,0.0,0.0,0,1,1,4,1.0608725769153315,1.0,1.191463609822758,1.2003094888995214,66.66666666666666,157.2629779223596,1.1455109451767207
extrapolation_top1,extrapolation,cpu_ready,3,model_regression,huber,True,0.0,True,6,0.8333333333333334,0.75,0.6324555320336759,1.0,0.5,1,0,1,4,1.2227321046505526,1.0,2.002294470927487,2.3363926279033156,83.33333333333334,278.9155032312137,1.3687128975939489
extrapolation_top1,extrapolation,cpu_ready,5,model_regression,huber,True,0.0,True,6,0.8333333333333334,0.8333333333333333,0.7071067811865476,1.0,0.6666666666666666,2,0,1,3,1.0503191126432978,1.0,1.2264360068948403,1.301914675859787,83.33333333333334,360.57812144072886,1.1162470472612385
extrapolation_top1,extrapolation,cpu_ready,10,model_regression,huber,True,0.0,True,6,0.8333333333333334,0.8333333333333333,0.7071067811865476,1.0,0.6666666666666666,2,0,1,3,1.3206875381855214,1.0,2.443093921834846,2.924125229113128,83.33333333333334,1028.111680714743,1.7080861864971448
extrapolation_top1,extrapolation,cpu_ready,30,model_regression,huber,True,0.0,True,6,0.8333333333333334,0.8333333333333333,0.7071067811865476,1.0,0.6666666666666666,2,0,1,3,1.9274977449272743,1.0,5.1737398521727345,6.564986469563646,83.33333333333334,7634.485550375924,2.8348715106874325
extrapolation_top1,extrapolation,cpu_ready,100,model_regression,huber,True,0.0,True,6,0.8333333333333334,0.8333333333333333,0.7071067811865476,1.0,0.6666666666666666,2,0,1,3,2.4391776926986624,1.0,7.476299617143981,9.635066156191975,83.33333333333334,80353.41346451064,3.6024818165941923
extrapolation_top1,extrapolation,cpu_ready,1000,model_regression,huber,True,0.0,True,6,1.0,1.0,1.0,1.0,1.0,3,0,0,3,1.0,1.0,1.0,1.0,100.0,1977905.541993414,1.0
extrapolation_top1,extrapolation,gpu_ready,1,model_regression,huber,True,0.0,True,6,1.0,1.0,1.0,1.0,1.0,3,0,0,3,1.0,1.0,1.0,1.0,100.0,2.5251390713908446,1.0
extrapolation_top1,extrapolation,gpu_ready,2,model_regression,huber,True,0.0,True,6,1.0,1.0,1.0,1.0,1.0,3,0,0,3,1.0,1.0,1.0,1.0,100.0,8.753534204407382,1.0
extrapolation_top1,extrapolation,gpu_ready,3,model_regression,huber,True,0.0,True,6,1.0,1.0,1.0,1.0,1.0,3,0,0,3,1.0,1.0,1.0,1.0,100.0,18.884442142901623,1.0
extrapolation_top1,extrapolation,gpu_ready,5,model_regression,huber,True,0.0,True,6,1.0,1.0,1.0,1.0,1.0,3,0,0,3,1.0,1.0,1.0,1.0,100.0,50.853796436323236,1.0
extrapolation_top1,extrapolation,gpu_ready,10,model_regression,huber,True,0.0,True,6,1.0,1.0,1.0,1.0,1.0,3,0,0,3,1.0,1.0,1.0,1.0,100.0,199.07115626573716,1.0
extrapolation_top1,extrapolation,gpu_ready,30,model_regression,huber,True,0.0,True,6,0.8333333333333334,0.8333333333333333,0.7071067811865476,0.75,1.0,3,1,0,2,1.3741523877495727,1.0,2.683685744873077,3.2449143264974363,83.33333333333334,1854.1641458282268,1.0489912183473096
extrapolation_top1,extrapolation,gpu_ready,100,model_regression,huber,True,0.0,True,6,0.8333333333333334,0.8333333333333333,0.7071067811865476,0.75,1.0,3,1,0,2,1.387352200552982,1.0,2.743084902488418,3.3241132033178906,83.33333333333334,20522.608059829618,1.049737644432051
extrapolation_top1,extrapolation,gpu_ready,1000,model_regression,huber,True,0.0,True,6,0.8333333333333334,0.8333333333333333,0.7071067811865476,0.75,1.0,3,1,0,2,1.3925750837452986,1.0,2.766587876853843,3.355450502471791,83.33333333333334,2049260.188553851,1.0500242869845262
extrapolation_top1,extrapolation,none_ready,1,model_regression,huber,True,0.0,True,6,0.8333333333333334,0.8333333333333334,,0.0,,0,1,0,5,1.4912224770919673,1.0,3.210501146913853,3.947334862551804,83.33333333333334,83.90199839825456,2.083111710883142
extrapolation_top1,extrapolation,none_ready,2,model_regression,huber,True,0.0,True,6,0.6666666666666666,0.4,-0.2,0.0,0.0,0,1,1,4,1.0714644074061734,1.0,1.225206421262012,1.2360196203055034,66.66666666666666,164.35853266439398,1.1641059936260154
extrapolation_top1,extrapolation,none_ready,3,model_regression,huber,True,0.0,True,6,1.0,1.0,1.0,1.0,1.0,2,0,0,4,1.0,1.0,1.0,1.0,100.0,208.9480993150318,1.0
extrapolation_top1,extrapolation,none_ready,5,model_regression,huber,True,0.0,True,6,0.8333333333333334,0.8333333333333333,0.7071067811865476,1.0,0.6666666666666666,2,0,1,3,1.0588530302235941,1.0,1.2648386360061739,1.3531181813415651,83.33333333333334,369.0189974882051,1.135095368701697
extrapolation_top1,extrapolation,none_ready,10,model_regression,huber,True,0.0,True,6,0.8333333333333334,0.8333333333333333,0.7071067811865476,1.0,0.6666666666666666,2,0,1,3,1.3302251914333623,1.0,2.4860133614501305,2.981351148600174,83.33333333333334,1044.733017200697,1.724397136059983
extrapolation_top1,extrapolation,none_ready,30,model_regression,huber,True,0.0,True,6,0.8333333333333334,0.8333333333333333,0.7071067811865476,1.0,0.6666666666666666,2,0,1,3,1.934612483630758,1.0,5.2057561763384115,6.607674901784549,83.33333333333334,7683.82872861579,2.8411269435322395
extrapolation_top1,extrapolation,none_ready,100,model_regression,huber,True,0.0,True,6,0.8333333333333334,0.8333333333333333,0.7071067811865476,1.0,0.6666666666666666,2,0,1,3,2.4423067267742082,1.0,7.4903802704839375,9.65384036064525,83.33333333333334,80517.28308888918,3.6037436840365777
extrapolation_top1,extrapolation,none_ready,1000,model_regression,huber,True,0.0,True,6,1.0,1.0,1.0,1.0,1.0,3,0,0,3,1.0,1.0,1.0,1.0,100.0,1978280.3671749579,1.0
extrapolation_top1,extrapolation,cpu_ready,1,model_regression,tree,True,0.0,True,6,1.0,1.0,,,,0,0,0,6,1.0,1.0,1.0,1.0,100.0,36.38795149086501,1.0
extrapolation_top1,extrapolation,cpu_ready,2,model_regression,tree,True,0.0,True,6,0.8333333333333334,0.5,,,0.0,0,0,1,5,1.0274876620987448,1.0,1.123694479444351,1.164925972592468,83.33333333333334,145.55180596346003,1.0602062165177653
extrapolation_top1,extrapolation,cpu_ready,3,model_regression,tree,True,0.0,True,6,0.6666666666666666,0.5,,,0.0,0,0,2,4,1.3203084136565544,1.0,2.1486589344364893,2.3363926279033156,66.66666666666666,327.49156341778513,1.6070886039330279
extrapolation_top1,extrapolation,cpu_ready,5,model_regression,tree,True,0.0,True,6,0.5,0.5,,,0.0,0,0,3,3,2.137498643341374,1.1509573379298934,4.7565270994197615,5.251515606745295,50.0,909.6987872716254,2.816168050162741
extrapolation_top1,extrapolation,cpu_ready,10,model_regression,tree,True,0.0,True,6,0.5,0.5,,,0.0,0,0,3,3,4.431984077256187,1.962062614556564,11.878766666340903,13.423643715469808,50.0,3638.7951490865016,6.04542857185179
extrapolation_top1,extrapolation,cpu_ready,30,model_regression,tree,True,0.0,True,6,0.5,0.5,,,0.0,0,0,3,3,10.462360365839826,3.782493234781823,31.915932441631803,37.22727702052595,50.0,32749.15634177851,12.160564022258857
extrapolation_top1,extrapolation,cpu_ready,100,model_regression,tree,True,0.0,True,6,0.5,0.5,,,0.0,0,0,3,3,16.533101236155826,5.3175330780959875,53.297930371499504,63.31409011262751,50.0,363879.5149086501,16.31379775133627
extrapolation_top1,extrapolation,cpu_ready,1000,model_regression,tree,True,0.0,True,6,0.5,0.5,,,0.0,0,0,3,3,20.52856091927733,6.211708857630213,67.83135095925358,81.2887280183054,50.0,36387951.490865014,18.397213981306585
extrapolation_top1,extrapolation,gpu_ready,1,model_regression,tree,True,0.0,True,6,0.8333333333333334,0.8333333333333333,0.7071067811865476,0.75,1.0,3,1,0,2,1.0761114674448835,1.0,1.3425016035019752,1.4566688046693004,83.33333333333334,2.568740030845513,1.0172667557001733
extrapolation_top1,extrapolation,gpu_ready,2,model_regression,tree,True,0.0,True,6,0.8333333333333334,0.8333333333333333,0.7071067811865476,0.75,1.0,3,1,0,2,1.1858897832863367,1.0,1.8365040247885154,2.1153386997180204,83.33333333333334,9.04685467168538,1.033508804607208
extrapolation_top1,extrapolation,gpu_ready,3,model_regression,tree,True,0.0,True,6,0.8333333333333334,0.8333333333333333,0.7071067811865476,0.75,1.0,3,1,0,2,1.239746557849201,1.0,2.078859510321405,2.438479347095207,83.33333333333334,19.62282665541447,1.039100149579499
extrapolation_top1,extrapolation,gpu_ready,5,model_regression,tree,True,0.0,True,6,0.8333333333333334,0.8333333333333333,0.7071067811865476,0.75,1.0,3,1,0,2,1.2923770248917366,1.0,2.315696612012814,2.754262149350419,83.33333333333334,53.06834265154033,1.0435473134830757
extrapolation_top1,extrapolation,gpu_ready,10,model_regression,tree,True,0.0,True,6,0.8333333333333334,0.8333333333333333,0.7071067811865476,0.75,1.0,3,1,0,2,1.338969559373683,1.0,2.525363017181573,3.0338173562420976,83.33333333333334,208.3946361424164,1.0468349109513055
extrapolation_top1,extrapolation,gpu_ready,30,model_regression,tree,True,0.0,True,6,0.8333333333333334,0.8333333333333333,0.7071067811865476,0.75,1.0,3,1,0,2,1.3741523877495727,1.0,2.683685744873077,3.2449143264974363,83.33333333333334,1854.1641458282268,1.0489912183473096
extrapolation_top1,extrapolation,gpu_ready,100,model_regression,tree,True,0.0,True,6,0.8333333333333334,0.8333333333333333,0.7071067811865476,0.75,1.0,3,1,0,2,1.387352200552982,1.0,2.743084902488418,3.3241132033178906,83.33333333333334,20522.608059829618,1.049737644432051
extrapolation_top1,extrapolation,gpu_ready,1000,model_regression,tree,True,0.0,True,6,0.8333333333333334,0.8333333333333333,0.7071067811865476,0.75,1.0,3,1,0,2,1.3925750837452986,1.0,2.766587876853843,3.355450502471791,83.33333333333334,2049260.188553851,1.0500242869845262
extrapolation_top1,extrapolation,none_ready,1,model_regression,tree,True,0.0,True,6,1.0,1.0,,,,0,0,0,6,1.0,1.0,1.0,1.0,100.0,40.27724387506998,1.0
extrapolation_top1,extrapolation,none_ready,2,model_regression,tree,True,0.0,True,6,0.8333333333333334,0.5,,,0.0,0,0,1,5,1.0393366033842506,1.0,1.1770147152291275,1.2360196203055034,83.33333333333334,153.0170765729835,1.083777599362385
extrapolation_top1,extrapolation,none_ready,3,model_regression,tree,True,0.0,True,6,0.6666666666666666,0.5,,,0.0,0,0,2,4,1.3371871485474618,1.0,2.221272593787348,2.4309837419323106,66.66666666666666,338.5328122526271,1.6201765575393914
extrapolation_top1,extrapolation,none_ready,5,model_regression,tree,True,0.0,True,6,0.5,0.5,,,0.0,0,0,3,3,2.168588175551364,1.1765590906707826,4.853892659127111,5.378579882270913,50.0,927.8919925571043,2.8541779978160156
extrapolation_top1,extrapolation,none_ready,10,model_regression,tree,True,0.0,True,6,0.5,0.5,,,0.0,0,0,3,3,4.470033093782499,1.990675574300087,12.00249120236143,13.58555869767545,50.0,3674.8682454985724,6.065599702127692
extrapolation_top1,extrapolation,none_ready,30,model_regression,tree,True,0.0,True,6,0.5,0.5,,,0.0,0,0,3,3,10.495493495578929,3.8038374508922743,32.02965012806202,37.37665722027954,50.0,32856.749002696946,12.148916661922394
extrapolation_top1,extrapolation,none_ready,100,model_regression,tree,True,0.0,True,6,0.5,0.5,,,0.0,0,0,3,3,16.549413801154344,5.326920180322625,53.3557877537279,63.390254284315404,50.0,364237.42604534084,16.30231762976326
extrapolation_top1,extrapolation,none_ready,1000,model_regression,tree,True,0.0,True,6,0.5,0.5,,,0.0,0,0,3,3,20.53061889427994,6.212821315196274,67.83876972324228,81.29850407884102,50.0,36391527.78240448,18.395536035356123
extrapolation_top1,extrapolation,cpu_ready,1,model_regression,random_forest,True,0.0,True,6,1.0,1.0,,,,0,0,0,6,1.0,1.0,1.0,1.0,100.0,36.38795149086501,1.0
extrapolation_top1,extrapolation,cpu_ready,2,model_regression,random_forest,True,0.0,True,6,0.8333333333333334,0.5,,,0.0,0,0,1,5,1.0274876620987448,1.0,1.123694479444351,1.164925972592468,83.33333333333334,145.55180596346003,1.0602062165177653
extrapolation_top1,extrapolation,cpu_ready,3,model_regression,random_forest,True,0.0,True,6,0.6666666666666666,0.5,,,0.0,0,0,2,4,1.3203084136565544,1.0,2.1486589344364893,2.3363926279033156,66.66666666666666,327.49156341778513,1.6070886039330279
extrapolation_top1,extrapolation,cpu_ready,5,model_regression,random_forest,True,0.0,True,6,0.5,0.5,,,0.0,0,0,3,3,2.137498643341374,1.1509573379298934,4.7565270994197615,5.251515606745295,50.0,909.6987872716254,2.816168050162741
extrapolation_top1,extrapolation,cpu_ready,10,model_regression,random_forest,True,0.0,True,6,0.5,0.5,,,0.0,0,0,3,3,4.431984077256187,1.962062614556564,11.878766666340903,13.423643715469808,50.0,3638.7951490865016,6.04542857185179
extrapolation_top1,extrapolation,cpu_ready,30,model_regression,random_forest,True,0.0,True,6,1.0,1.0,1.0,1.0,1.0,3,0,0,3,1.0,1.0,1.0,1.0,100.0,2693.062285748755,1.0
extrapolation_top1,extrapolation,cpu_ready,100,model_regression,random_forest,True,0.0,True,6,1.0,1.0,1.0,1.0,1.0,3,0,0,3,1.0,1.0,1.0,1.0,100.0,22305.01569622834,1.0
extrapolation_top1,extrapolation,cpu_ready,1000,model_regression,random_forest,True,0.0,True,6,1.0,1.0,1.0,1.0,1.0,3,0,0,3,1.0,1.0,1.0,1.0,100.0,1977905.541993414,1.0
extrapolation_top1,extrapolation,gpu_ready,1,model_regression,random_forest,True,0.0,True,6,0.8333333333333334,0.8333333333333333,0.7071067811865476,0.75,1.0,3,1,0,2,1.0761114674448835,1.0,1.3425016035019752,1.4566688046693004,83.33333333333334,2.568740030845513,1.0172667557001733
extrapolation_top1,extrapolation,gpu_ready,2,model_regression,random_forest,True,0.0,True,6,0.8333333333333334,0.8333333333333333,0.7071067811865476,0.75,1.0,3,1,0,2,1.1858897832863367,1.0,1.8365040247885154,2.1153386997180204,83.33333333333334,9.04685467168538,1.033508804607208
extrapolation_top1,extrapolation,gpu_ready,3,model_regression,random_forest,True,0.0,True,6,0.8333333333333334,0.8333333333333333,0.7071067811865476,0.75,1.0,3,1,0,2,1.239746557849201,1.0,2.078859510321405,2.438479347095207,83.33333333333334,19.62282665541447,1.039100149579499
extrapolation_top1,extrapolation,gpu_ready,5,model_regression,random_forest,True,0.0,True,6,0.8333333333333334,0.8333333333333333,0.7071067811865476,0.75,1.0,3,1,0,2,1.2923770248917366,1.0,2.315696612012814,2.754262149350419,83.33333333333334,53.06834265154033,1.0435473134830757
extrapolation_top1,extrapolation,gpu_ready,10,model_regression,random_forest,True,0.0,True,6,0.8333333333333334,0.8333333333333333,0.7071067811865476,0.75,1.0,3,1,0,2,1.338969559373683,1.0,2.525363017181573,3.0338173562420976,83.33333333333334,208.3946361424164,1.0468349109513055
extrapolation_top1,extrapolation,gpu_ready,30,model_regression,random_forest,True,0.0,True,6,0.8333333333333334,0.8333333333333333,0.7071067811865476,0.75,1.0,3,1,0,2,1.3741523877495727,1.0,2.683685744873077,3.2449143264974363,83.33333333333334,1854.1641458282268,1.0489912183473096
extrapolation_top1,extrapolation,gpu_ready,100,model_regression,random_forest,True,0.0,True,6,0.8333333333333334,0.8333333333333333,0.7071067811865476,0.75,1.0,3,1,0,2,1.387352200552982,1.0,2.743084902488418,3.3241132033178906,83.33333333333334,20522.608059829618,1.049737644432051
extrapolation_top1,extrapolation,gpu_ready,1000,model_regression,random_forest,True,0.0,True,6,0.8333333333333334,0.8333333333333333,0.7071067811865476,0.75,1.0,3,1,0,2,1.3925750837452986,1.0,2.766587876853843,3.355450502471791,83.33333333333334,2049260.188553851,1.0500242869845262
extrapolation_top1,extrapolation,none_ready,1,model_regression,random_forest,True,0.0,True,6,1.0,1.0,,,,0,0,0,6,1.0,1.0,1.0,1.0,100.0,40.27724387506998,1.0
extrapolation_top1,extrapolation,none_ready,2,model_regression,random_forest,True,0.0,True,6,0.8333333333333334,0.5,,,0.0,0,0,1,5,1.0393366033842506,1.0,1.1770147152291275,1.2360196203055034,83.33333333333334,153.0170765729835,1.083777599362385
extrapolation_top1,extrapolation,none_ready,3,model_regression,random_forest,True,0.0,True,6,0.6666666666666666,0.5,,,0.0,0,0,2,4,1.3371871485474618,1.0,2.221272593787348,2.4309837419323106,66.66666666666666,338.5328122526271,1.6201765575393914
extrapolation_top1,extrapolation,none_ready,5,model_regression,random_forest,True,0.0,True,6,0.5,0.5,,,0.0,0,0,3,3,2.168588175551364,1.1765590906707826,4.853892659127111,5.378579882270913,50.0,927.8919925571043,2.8541779978160156
extrapolation_top1,extrapolation,none_ready,10,model_regression,random_forest,True,0.0,True,6,0.5,0.5,,,0.0,0,0,3,3,4.470033093782499,1.990675574300087,12.00249120236143,13.58555869767545,50.0,3674.8682454985724,6.065599702127692
extrapolation_top1,extrapolation,none_ready,30,model_regression,random_forest,True,0.0,True,6,1.0,1.0,1.0,1.0,1.0,3,0,0,3,1.0,1.0,1.0,1.0,100.0,2704.5003202366056,1.0
extrapolation_top1,extrapolation,none_ready,100,model_regression,random_forest,True,0.0,True,6,1.0,1.0,1.0,1.0,1.0,3,0,0,3,1.0,1.0,1.0,1.0,100.0,22342.677545452185,1.0
extrapolation_top1,extrapolation,none_ready,1000,model_regression,random_forest,True,0.0,True,6,1.0,1.0,1.0,1.0,1.0,3,0,0,3,1.0,1.0,1.0,1.0,100.0,1978280.3671749579,1.0
extrapolation_top1,extrapolation,cpu_ready,1,model_classification,logistic,True,0.0,False,6,0.6666666666666666,0.6666666666666666,,0.0,,0,2,0,4,2.8890889113388476,1.0,8.481311193708644,10.295355653400746,66.66666666666666,126.357458726306,3.472508166831742
extrapolation_top1,extrapolation,cpu_ready,2,model_classification,logistic,True,0.0,False,6,0.8333333333333334,0.9,0.6324555320336759,0.5,1.0,1,1,0,4,1.344361717895424,1.0,2.5496277305294073,3.066170307372543,83.33333333333334,190.8173187134382,1.3899223453814555
extrapolation_top1,extrapolation,cpu_ready,3,model_classification,logistic,True,0.0,False,6,0.6666666666666666,0.625,0.25,0.5,0.5,1,1,1,3,1.1976808465169138,1.0,1.5968348823081069,1.6006272250654723,66.66666666666666,287.36826352340364,1.41019285083484
extrapolation_top1,extrapolation,cpu_ready,5,model_classification,logistic,True,0.0,False,6,0.8333333333333334,0.8333333333333333,0.7071067811865476,1.0,0.6666666666666666,2,0,1,3,1.3785935962405267,1.0,2.7036711830823705,3.2715615774431606,83.33333333333334,576.7434076118341,1.7854331349937973
extrapolation_top1,extrapolation,cpu_ready,10,model_classification,logistic,True,0.0,False,6,0.8333333333333334,0.8333333333333333,0.7071067811865476,1.0,0.6666666666666666,2,0,1,3,2.0406892531590315,1.0,5.683101639215641,7.244135518954188,83.33333333333334,1861.7752522324906,3.0931197946216984
extrapolation_top1,extrapolation,cpu_ready,30,model_classification,logistic,True,0.0,False,6,0.8333333333333334,0.8333333333333333,0.7071067811865476,1.0,0.6666666666666666,2,0,1,3,3.4969831174915598,1.0,12.236424028712019,15.981898704949359,83.33333333333334,15024.673836423413,5.579029462456746
extrapolation_top1,extrapolation,cpu_ready,100,model_classification,logistic,True,0.0,False,6,0.8333333333333334,0.8333333333333333,0.7071067811865476,1.0,0.6666666666666666,2,0,1,3,4.708241858019245,1.0,17.687088361086605,23.249451148115472,83.33333333333334,162181.73607301616,7.271088184010569
extrapolation_top1,extrapolation,cpu_ready,1000,model_classification,logistic,True,0.0,False,6,0.8333333333333334,0.8333333333333333,0.7071067811865476,1.0,0.6666666666666666,2,0,1,3,5.409869963683022,1.0,20.8444148365736,27.45921978209813,83.33333333333334,16061959.632853037,8.120690949005146
extrapolation_top1,extrapolation,gpu_ready,1,model_classification,logistic,True,0.0,False,6,0.8333333333333334,0.8333333333333333,0.7071067811865476,0.75,1.0,3,1,0,2,1.0761114674448835,1.0,1.3425016035019752,1.4566688046693004,83.33333333333334,2.568740030845513,1.0172667557001733
extrapolation_top1,extrapolation,gpu_ready,2,model_classification,logistic,True,0.0,False,6,0.8333333333333334,0.8333333333333333,0.7071067811865476,0.75,1.0,3,1,0,2,1.1858897832863367,1.0,1.8365040247885154,2.1153386997180204,83.33333333333334,9.04685467168538,1.033508804607208
extrapolation_top1,extrapolation,gpu_ready,3,model_classification,logistic,True,0.0,False,6,0.8333333333333334,0.8333333333333333,0.7071067811865476,0.75,1.0,3,1,0,2,1.239746557849201,1.0,2.078859510321405,2.438479347095207,83.33333333333334,19.62282665541447,1.039100149579499
extrapolation_top1,extrapolation,gpu_ready,5,model_classification,logistic,True,0.0,False,6,0.8333333333333334,0.8333333333333333,0.7071067811865476,0.75,1.0,3,1,0,2,1.2923770248917366,1.0,2.315696612012814,2.754262149350419,83.33333333333334,53.06834265154033,1.0435473134830757
extrapolation_top1,extrapolation,gpu_ready,10,model_classification,logistic,True,0.0,False,6,0.8333333333333334,0.8333333333333333,0.7071067811865476,0.75,1.0,3,1,0,2,1.338969559373683,1.0,2.525363017181573,3.0338173562420976,83.33333333333334,208.3946361424164,1.0468349109513055
extrapolation_top1,extrapolation,gpu_ready,30,model_classification,logistic,True,0.0,False,6,0.8333333333333334,0.8333333333333333,0.7071067811865476,0.75,1.0,3,1,0,2,1.3741523877495727,1.0,2.683685744873077,3.2449143264974363,83.33333333333334,1854.1641458282268,1.0489912183473096
extrapolation_top1,extrapolation,gpu_ready,100,model_classification,logistic,True,0.0,False,6,0.8333333333333334,0.8333333333333333,0.7071067811865476,0.75,1.0,3,1,0,2,1.387352200552982,1.0,2.743084902488418,3.3241132033178906,83.33333333333334,20522.608059829618,1.049737644432051
extrapolation_top1,extrapolation,gpu_ready,1000,model_classification,logistic,True,0.0,False,6,0.8333333333333334,0.8333333333333333,0.7071067811865476,0.75,1.0,3,1,0,2,1.3925750837452986,1.0,2.766587876853843,3.355450502471791,83.33333333333334,2049260.188553851,1.0500242869845262
extrapolation_top1,extrapolation,none_ready,1,model_classification,logistic,True,0.0,False,6,0.6666666666666666,0.6666666666666666,,0.0,,0,2,0,4,2.5422966476314794,1.0,7.088211911561585,8.549533880228731,66.66666666666666,127.1164189587885,3.1560356848912527
extrapolation_top1,extrapolation,none_ready,2,model_classification,logistic,True,0.0,False,6,0.8333333333333334,0.9,0.6324555320336759,0.5,1.0,1,1,0,4,1.2980145022440917,1.0,2.341065260098412,2.7880870134645495,83.33333333333334,192.1355431743793,1.3608428705955418
extrapolation_top1,extrapolation,none_ready,3,model_classification,logistic,True,0.0,False,6,0.6666666666666666,0.625,0.25,0.5,0.5,1,1,1,3,1.1822849673539324,1.0,1.5694970257071286,1.5921391493524597,66.66666666666666,289.2457522128033,1.3842947275471813
extrapolation_top1,extrapolation,none_ready,5,model_classification,logistic,True,0.0,False,6,0.8333333333333334,0.8333333333333333,0.7071067811865476,1.0,0.6666666666666666,2,0,1,3,1.3799718316159508,1.0,2.709873242271779,3.2798309896957054,83.33333333333334,579.7394247581509,1.7832673671977994
extrapolation_top1,extrapolation,none_ready,10,model_classification,logistic,True,0.0,False,6,0.8333333333333334,0.8333333333333333,0.7071067811865476,1.0,0.6666666666666666,2,0,1,3,2.042214786069895,1.0,5.689966537314528,7.2532887164193705,83.33333333333334,1867.5675905211008,3.0825370228290323
extrapolation_top1,extrapolation,none_ready,30,model_classification,logistic,True,0.0,False,6,0.8333333333333334,0.8333333333333333,0.7071067811865476,1.0,0.6666666666666666,2,0,1,3,3.4981048085682467,1.0,12.241471638557112,15.988628851409482,83.33333333333334,15041.651459281195,5.561711842565159
extrapolation_top1,extrapolation,none_ready,100,model_classification,logistic,True,0.0,False,6,0.8333333333333334,0.8333333333333333,0.7071067811865476,1.0,0.6666666666666666,2,0,1,3,4.708731360327568,1.0,17.689291121474056,23.252388161965406,83.33333333333334,162237.86219186606,7.2613437606939515
extrapolation_top1,extrapolation,none_ready,1000,model_classification,logistic,True,0.0,False,6,0.8333333333333334,0.8333333333333333,0.7071067811865476,1.0,0.6666666666666666,2,0,1,3,5.409927776074345,1.0,20.844674992334557,27.459566656446075,83.33333333333334,16062519.0967775,8.119435123200079
extrapolation_top2,extrapolation,cpu_ready,1,baseline,always_cpu_ref,,,,12,1.0,1.0,,,,0,0,0,12,1.0,1.0,1.0,1.0,100.0,44.65234384429675,1.0
extrapolation_top2,extrapolation,cpu_ready,2,baseline,always_cpu_ref,,,,12,0.9166666666666666,0.5,,,0.0,0,0,1,11,1.0137438310493723,1.0,1.0742166876666106,1.164925972592468,91.66666666666666,178.609375377187,1.0485223737219873
extrapolation_top2,extrapolation,cpu_ready,3,baseline,always_cpu_ref,,,,12,0.8333333333333334,0.5,,,0.0,0,0,2,10,1.1601542068282773,1.0,1.9233785022762975,2.3363926279033156,83.33333333333334,401.8710945986708,1.4447534801034743
extrapolation_top2,extrapolation,cpu_ready,5,baseline,always_cpu_ref,,,,12,0.6666666666666666,0.5,,,0.0,0,0,4,8,1.598081444207035,1.0,4.16254089062912,5.251515606745295,66.66666666666666,1116.308596107419,2.21448878793425
extrapolation_top2,extrapolation,cpu_ready,10,baseline,always_cpu_ref,,,,12,0.5,0.5,,,0.0,0,0,6,6,3.092306689484392,1.0966668852329944,10.024914207386212,13.423643715469808,50.0,4465.234384429676,4.642376669228685
extrapolation_top2,extrapolation,cpu_ready,30,baseline,always_cpu_ref,,,,12,0.5,0.5,,,0.0,0,0,6,6,7.745867592704094,2.299845927519195,26.017419948405895,37.22727702052595,50.0,40187.10945986708,10.769603245593858
extrapolation_top2,extrapolation,cpu_ready,100,baseline,always_cpu_ref,,,,12,0.5,0.5,,,0.0,0,0,6,6,13.482079647680278,3.770653525399843,50.74012853396089,63.31409011262751,50.0,446523.43844296754,15.592387067109605
extrapolation_top2,extrapolation,cpu_ready,1000,baseline,always_cpu_ref,,,,12,0.5,0.5,,,0.0,0,0,6,6,18.10294842865176,4.865046410974931,72.44264812576486,81.2887280183054,50.0,44652343.84429675,18.175156413980105
extrapolation_top2,extrapolation,cpu_ready,1,baseline,always_gpu_ref,,,,12,0.0,0.0,,0.0,,0,12,0,0,898.4739756465859,123.0390662918318,3942.573447667651,4022.3872985977623,0.0,715.0558919328516,16.013849002557624
extrapolation_top2,extrapolation,cpu_ready,2,baseline,always_gpu_ref,,,,12,0.08333333333333333,0.5,,0.08333333333333333,1.0,1,11,0,0,254.67348939713534,56.54585685125825,1056.8417591266957,1093.5608745459633,8.333333333333332,916.3159647819855,5.3792125326209295
extrapolation_top2,extrapolation,cpu_ready,3,baseline,always_gpu_ref,,,,12,0.16666666666666666,0.5,,0.16666666666666666,1.0,2,10,0,0,128.2874588601955,35.80061745981969,502.4901472214058,526.75707597939,16.666666666666664,1162.1268288851343,4.177923724596653
extrapolation_top2,extrapolation,cpu_ready,5,baseline,always_gpu_ref,,,,12,0.3333333333333333,0.5,,0.3333333333333333,1.0,4,8,0,0,58.947743812393526,18.97974582174476,205.73008003618432,220.72384052838103,33.33333333333333,1787.4009308534771,3.5457751868260123
extrapolation_top2,extrapolation,cpu_ready,10,baseline,always_gpu_ref,,,,12,0.5,0.5,,0.5,1.0,6,6,0,0,25.547859797134347,9.940421690072435,73.85315060431194,77.18796592476977,50.0,4130.225032719599,4.294077013610288
extrapolation_top2,extrapolation,cpu_ready,30,baseline,always_gpu_ref,,,,12,0.5,0.5,,0.5,1.0,6,6,0,0,12.104383978637896,4.850598039692793,40.99729382543307,45.44794856743844,50.0,24639.21925368786,6.602978398046076
extrapolation_top2,extrapolation,cpu_ready,100,baseline,always_gpu_ref,,,,12,0.5,0.5,,0.5,1.0,6,6,0,0,9.050988861683342,2.8503547851356,36.231695994804525,37.8089470493568,50.0,236755.69147722432,8.267396656100896
extrapolation_top2,extrapolation,cpu_ready,1000,baseline,always_gpu_ref,,,,12,0.5,0.5,,0.5,1.0,6,6,0,0,8.10214599899139,2.2415355107286246,34.48942812728404,35.04924844559174,50.0,22410387.859585993,9.121857210144197
extrapolation_top2,extrapolation,cpu_ready,1,baseline,stay_on_ready_device,,,,12,1.0,1.0,,,,0,0,0,12,1.0,1.0,1.0,1.0,100.0,44.65234384429675,1.0
extrapolation_top2,extrapolation,cpu_ready,2,baseline,stay_on_ready_device,,,,12,0.9166666666666666,0.5,,,0.0,0,0,1,11,1.0137438310493723,1.0,1.0742166876666106,1.164925972592468,91.66666666666666,178.609375377187,1.0485223737219873
extrapolation_top2,extrapolation,cpu_ready,3,baseline,stay_on_ready_device,,,,12,0.8333333333333334,0.5,,,0.0,0,0,2,10,1.1601542068282773,1.0,1.9233785022762975,2.3363926279033156,83.33333333333334,401.8710945986708,1.4447534801034743
extrapolation_top2,extrapolation,cpu_ready,5,baseline,stay_on_ready_device,,,,12,0.6666666666666666,0.5,,,0.0,0,0,4,8,1.598081444207035,1.0,4.16254089062912,5.251515606745295,66.66666666666666,1116.308596107419,2.21448878793425
extrapolation_top2,extrapolation,cpu_ready,10,baseline,stay_on_ready_device,,,,12,0.5,0.5,,,0.0,0,0,6,6,3.092306689484392,1.0966668852329944,10.024914207386212,13.423643715469808,50.0,4465.234384429676,4.642376669228685
extrapolation_top2,extrapolation,cpu_ready,30,baseline,stay_on_ready_device,,,,12,0.5,0.5,,,0.0,0,0,6,6,7.745867592704094,2.299845927519195,26.017419948405895,37.22727702052595,50.0,40187.10945986708,10.769603245593858
extrapolation_top2,extrapolation,cpu_ready,100,baseline,stay_on_ready_device,,,,12,0.5,0.5,,,0.0,0,0,6,6,13.482079647680278,3.770653525399843,50.74012853396089,63.31409011262751,50.0,446523.43844296754,15.592387067109605
extrapolation_top2,extrapolation,cpu_ready,1000,baseline,stay_on_ready_device,,,,12,0.5,0.5,,,0.0,0,0,6,6,18.10294842865176,4.865046410974931,72.44264812576486,81.2887280183054,50.0,44652343.84429675,18.175156413980105
extrapolation_top2,extrapolation,cpu_ready,1,baseline,best_constant_device_train,,,,12,0.0,0.0,,0.0,,0,12,0,0,898.4739756465859,123.0390662918318,3942.573447667651,4022.3872985977623,0.0,715.0558919328516,16.013849002557624
extrapolation_top2,extrapolation,cpu_ready,2,baseline,best_constant_device_train,,,,12,0.08333333333333333,0.5,,0.08333333333333333,1.0,1,11,0,0,254.67348939713534,56.54585685125825,1056.8417591266957,1093.5608745459633,8.333333333333332,916.3159647819855,5.3792125326209295
extrapolation_top2,extrapolation,cpu_ready,3,baseline,best_constant_device_train,,,,12,0.16666666666666666,0.5,,0.16666666666666666,1.0,2,10,0,0,128.2874588601955,35.80061745981969,502.4901472214058,526.75707597939,16.666666666666664,1162.1268288851343,4.177923724596653
extrapolation_top2,extrapolation,cpu_ready,5,baseline,best_constant_device_train,,,,12,0.3333333333333333,0.5,,0.3333333333333333,1.0,4,8,0,0,58.947743812393526,18.97974582174476,205.73008003618432,220.72384052838103,33.33333333333333,1787.4009308534771,3.5457751868260123
extrapolation_top2,extrapolation,cpu_ready,10,baseline,best_constant_device_train,,,,12,0.5,0.5,,0.5,1.0,6,6,0,0,25.547859797134347,9.940421690072435,73.85315060431194,77.18796592476977,50.0,4130.225032719599,4.294077013610288
extrapolation_top2,extrapolation,cpu_ready,30,baseline,best_constant_device_train,,,,12,0.5,0.5,,0.5,1.0,6,6,0,0,12.104383978637896,4.850598039692793,40.99729382543307,45.44794856743844,50.0,24639.21925368786,6.602978398046076
extrapolation_top2,extrapolation,cpu_ready,100,baseline,best_constant_device_train,,,,12,0.5,0.5,,0.5,1.0,6,6,0,0,9.050988861683342,2.8503547851356,36.231695994804525,37.8089470493568,50.0,236755.69147722432,8.267396656100896
extrapolation_top2,extrapolation,cpu_ready,1000,baseline,best_constant_device_train,,,,12,0.5,0.5,,0.5,1.0,6,6,0,0,8.10214599899139,2.2415355107286246,34.48942812728404,35.04924844559174,50.0,22410387.859585993,9.121857210144197
extrapolation_top2,extrapolation,cpu_ready,1,baseline,size_threshold_train,,,,12,0.3333333333333333,0.3333333333333333,,0.0,,0,8,0,4,434.7679494893998,7.146336561269655,2429.2943867944496,3877.2712059975606,33.33333333333333,448.5429964690703,10.045228488635335
extrapolation_top2,extrapolation,cpu_ready,2,baseline,size_threshold_train,,,,12,0.4166666666666667,0.6818181818181819,0.21320071635561041,0.125,1.0,1,7,0,4,116.73726529607607,2.1332398981360323,651.4871194733958,1026.7988465109313,41.66666666666667,506.08066013414003,2.970935282305538
extrapolation_top2,extrapolation,cpu_ready,3,baseline,size_threshold_train,,,,12,0.5,0.7,0.31622776601683794,0.25,1.0,2,6,0,4,55.730066309341574,1.3003136125327361,309.9185487940931,482.63538732850964,50.0,568.703762788327,2.0445280874378513
extrapolation_top2,extrapolation,cpu_ready,5,baseline,size_threshold_train,,,,12,0.6666666666666666,0.75,0.5,0.5,1.0,4,4,0,4,23.13741961304261,1.0,127.03587888462857,193.46245781529612,66.66666666666666,709.2062850640528,1.406895344247371
extrapolation_top2,extrapolation,cpu_ready,10,baseline,size_threshold_train,,,,12,0.8333333333333334,0.8333333333333333,0.7071067811865476,0.75,1.0,6,2,0,4,8.223505343024932,1.0,42.59098532235038,61.84149941614146,83.33333333333334,1149.4577730629212,1.1950584198980267
extrapolation_top2,extrapolation,cpu_ready,30,baseline,size_threshold_train,,,,12,0.8333333333333334,0.8333333333333333,0.7071067811865476,0.75,1.0,6,2,0,4,2.7828991078391176,1.0,11.397774790269787,14.693593214683823,83.33333333333334,4181.823472337726,1.1206722813733294
extrapolation_top2,extrapolation,cpu_ready,100,baseline,size_threshold_train,,,,12,0.8333333333333334,0.8333333333333333,0.7071067811865476,0.75,1.0,6,2,0,4,1.7138185083885702,1.0,5.224690902325398,5.8651125303916425,83.33333333333334,30814.23623551913,1.0760185405652265
extrapolation_top2,extrapolation,cpu_ready,1000,baseline,size_threshold_train,,,,12,0.8333333333333334,0.8333333333333333,0.7071067811865476,0.75,1.0,6,2,0,4,1.4171842250831526,1.0,3.5011019175947484,3.5231396795405816,83.33333333333334,2593025.090511851,1.0554571730829163
extrapolation_top2,extrapolation,cpu_ready,1,baseline,intensity_threshold_train,,,,12,0.5,0.5,,0.0,,0,6,0,6,8.113175641792646,2.01958890731617,28.910598987610186,37.87218791531008,50.0,345.68679774544506,7.741739133579617
extrapolation_top2,extrapolation,cpu_ready,2,baseline,intensity_threshold_train,,,,12,0.5833333333333334,0.7727272727272727,0.30151134457776363,0.16666666666666666,1.0,1,5,0,6,2.636204065092835,1.0,8.0173258113068,10.52253490496757,58.333333333333336,394.8319128722361,2.317851980791749
extrapolation_top2,extrapolation,cpu_ready,3,baseline,intensity_threshold_train,,,,12,0.6666666666666666,0.8,0.4472135954999579,0.3333333333333333,1.0,2,4,0,6,1.6267197143500214,1.0,3.9321592107079306,5.169927118543708,66.66666666666666,448.8061806219406,1.6134882554641983
extrapolation_top2,extrapolation,cpu_ready,5,baseline,intensity_threshold_train,,,,12,0.8333333333333334,0.875,0.7071067811865476,0.6666666666666666,1.0,4,2,0,6,1.1249764818065089,1.0,1.7005587351696452,2.2428604475331273,83.33333333333334,571.24217399009,1.133207603979171
extrapolation_top2,extrapolation,cpu_ready,10,baseline,intensity_threshold_train,,,,12,1.0,1.0,1.0,1.0,1.0,6,0,0,6,1.0,1.0,1.0,1.0,100.0,961.8423283114505,1.0
extrapolation_top2,extrapolation,cpu_ready,30,baseline,intensity_threshold_train,,,,12,1.0,1.0,1.0,1.0,1.0,6,0,0,6,1.0,1.0,1.0,1.0,100.0,3731.531101325273,1.0
extrapolation_top2,extrapolation,cpu_ready,100,baseline,intensity_threshold_train,,,,12,1.0,1.0,1.0,1.0,1.0,6,0,0,6,1.0,1.0,1.0,1.0,100.0,28637.27256905126,1.0
extrapolation_top2,extrapolation,cpu_ready,1000,baseline,intensity_threshold_train,,,,12,1.0,1.0,1.0,1.0,1.0,6,0,0,6,1.0,1.0,1.0,1.0,100.0,2456779.0684844246,1.0
extrapolation_top2,extrapolation,cpu_ready,1,baseline,operation_crossover_table_train,,,,12,0.5,0.5,,0.0,,0,6,0,6,8.113175641792646,2.01958890731617,28.910598987610186,37.87218791531008,50.0,345.68679774544506,7.741739133579617
extrapolation_top2,extrapolation,cpu_ready,2,baseline,operation_crossover_table_train,,,,12,0.5833333333333334,0.7727272727272727,0.30151134457776363,0.16666666666666666,1.0,1,5,0,6,2.636204065092835,1.0,8.0173258113068,10.52253490496757,58.333333333333336,394.8319128722361,2.317851980791749
extrapolation_top2,extrapolation,cpu_ready,3,baseline,operation_crossover_table_train,,,,12,0.6666666666666666,0.8,0.4472135954999579,0.3333333333333333,1.0,2,4,0,6,1.6267197143500214,1.0,3.9321592107079306,5.169927118543708,66.66666666666666,448.8061806219406,1.6134882554641983
extrapolation_top2,extrapolation,cpu_ready,5,baseline,operation_crossover_table_train,,,,12,0.8333333333333334,0.875,0.7071067811865476,0.6666666666666666,1.0,4,2,0,6,1.1249764818065089,1.0,1.7005587351696452,2.2428604475331273,83.33333333333334,571.24217399009,1.133207603979171
extrapolation_top2,extrapolation,cpu_ready,10,baseline,operation_crossover_table_train,,,,12,1.0,1.0,1.0,1.0,1.0,6,0,0,6,1.0,1.0,1.0,1.0,100.0,961.8423283114505,1.0
extrapolation_top2,extrapolation,cpu_ready,30,baseline,operation_crossover_table_train,,,,12,1.0,1.0,1.0,1.0,1.0,6,0,0,6,1.0,1.0,1.0,1.0,100.0,3731.531101325273,1.0
extrapolation_top2,extrapolation,cpu_ready,100,baseline,operation_crossover_table_train,,,,12,1.0,1.0,1.0,1.0,1.0,6,0,0,6,1.0,1.0,1.0,1.0,100.0,28637.27256905126,1.0
extrapolation_top2,extrapolation,cpu_ready,1000,baseline,operation_crossover_table_train,,,,12,1.0,1.0,1.0,1.0,1.0,6,0,0,6,1.0,1.0,1.0,1.0,100.0,2456779.0684844246,1.0
extrapolation_top2,extrapolation,cpu_ready,1,baseline,oracle,,,,12,1.0,1.0,,,,0,0,0,12,1.0,1.0,1.0,1.0,100.0,44.65234384429675,1.0
extrapolation_top2,extrapolation,cpu_ready,2,baseline,oracle,,,,12,1.0,1.0,1.0,1.0,1.0,1,0,0,11,1.0,1.0,1.0,1.0,100.0,170.34388569427395,1.0
extrapolation_top2,extrapolation,cpu_ready,3,baseline,oracle,,,,12,1.0,1.0,1.0,1.0,1.0,2,0,0,10,1.0,1.0,1.0,1.0,100.0,278.15893862383257,1.0
extrapolation_top2,extrapolation,cpu_ready,5,baseline,oracle,,,,12,1.0,1.0,1.0,1.0,1.0,4,0,0,8,1.0,1.0,1.0,1.0,100.0,504.09313525978575,1.0
extrapolation_top2,extrapolation,cpu_ready,10,baseline,oracle,,,,12,1.0,1.0,1.0,1.0,1.0,6,0,0,6,1.0,1.0,1.0,1.0,100.0,961.8423283114505,1.0
extrapolation_top2,extrapolation,cpu_ready,30,baseline,oracle,,,,12,1.0,1.0,1.0,1.0,1.0,6,0,0,6,1.0,1.0,1.0,1.0,100.0,3731.531101325273,1.0
extrapolation_top2,extrapolation,cpu_ready,100,baseline,oracle,,,,12,1.0,1.0,1.0,1.0,1.0,6,0,0,6,1.0,1.0,1.0,1.0,100.0,28637.27256905126,1.0
extrapolation_top2,extrapolation,cpu_ready,1000,baseline,oracle,,,,12,1.0,1.0,1.0,1.0,1.0,6,0,0,6,1.0,1.0,1.0,1.0,100.0,2456779.0684844246,1.0
extrapolation_top2,extrapolation,cpu_ready,1,baseline,stay_on_ready_device_k,,,,12,1.0,1.0,,,,0,0,0,12,1.0,1.0,1.0,1.0,100.0,44.65234384429675,1.0
extrapolation_top2,extrapolation,cpu_ready,2,baseline,stay_on_ready_device_k,,,,12,0.9166666666666666,0.5,,,0.0,0,0,1,11,1.0137438310493723,1.0,1.0742166876666106,1.164925972592468,91.66666666666666,178.609375377187,1.0485223737219873
extrapolation_top2,extrapolation,cpu_ready,3,baseline,stay_on_ready_device_k,,,,12,0.8333333333333334,0.5,,,0.0,0,0,2,10,1.1601542068282773,1.0,1.9233785022762975,2.3363926279033156,83.33333333333334,401.8710945986708,1.4447534801034743
extrapolation_top2,extrapolation,cpu_ready,5,baseline,stay_on_ready_device_k,,,,12,0.6666666666666666,0.5,,,0.0,0,0,4,8,1.598081444207035,1.0,4.16254089062912,5.251515606745295,66.66666666666666,1116.308596107419,2.21448878793425
extrapolation_top2,extrapolation,cpu_ready,10,baseline,stay_on_ready_device_k,,,,12,0.5,0.5,,,0.0,0,0,6,6,3.092306689484392,1.0966668852329944,10.024914207386212,13.423643715469808,50.0,4465.234384429676,4.642376669228685
extrapolation_top2,extrapolation,cpu_ready,30,baseline,stay_on_ready_device_k,,,,12,0.5,0.5,,,0.0,0,0,6,6,7.745867592704094,2.299845927519195,26.017419948405895,37.22727702052595,50.0,40187.10945986708,10.769603245593858
extrapolation_top2,extrapolation,cpu_ready,100,baseline,stay_on_ready_device_k,,,,12,0.5,0.5,,,0.0,0,0,6,6,13.482079647680278,3.770653525399843,50.74012853396089,63.31409011262751,50.0,446523.43844296754,15.592387067109605
extrapolation_top2,extrapolation,cpu_ready,1000,baseline,stay_on_ready_device_k,,,,12,0.5,0.5,,,0.0,0,0,6,6,18.10294842865176,4.865046410974931,72.44264812576486,81.2887280183054,50.0,44652343.84429675,18.175156413980105
extrapolation_top2,extrapolation,cpu_ready,1,baseline,k_break_even_table_train,,,,12,1.0,1.0,,,,0,0,0,12,1.0,1.0,1.0,1.0,100.0,44.65234384429675,1.0
extrapolation_top2,extrapolation,cpu_ready,2,baseline,k_break_even_table_train,,,,12,0.9166666666666666,0.5,,,0.0,0,0,1,11,1.0137438310493723,1.0,1.0742166876666106,1.164925972592468,91.66666666666666,178.609375377187,1.0485223737219873
extrapolation_top2,extrapolation,cpu_ready,3,baseline,k_break_even_table_train,,,,12,0.8333333333333334,0.5,,,0.0,0,0,2,10,1.1601542068282773,1.0,1.9233785022762975,2.3363926279033156,83.33333333333334,401.8710945986708,1.4447534801034743
extrapolation_top2,extrapolation,cpu_ready,5,baseline,k_break_even_table_train,,,,12,0.6666666666666666,0.5,,,0.0,0,0,4,8,1.598081444207035,1.0,4.16254089062912,5.251515606745295,66.66666666666666,1116.308596107419,2.21448878793425
extrapolation_top2,extrapolation,cpu_ready,10,baseline,k_break_even_table_train,,,,12,0.5,0.5,,,0.0,0,0,6,6,3.092306689484392,1.0966668852329944,10.024914207386212,13.423643715469808,50.0,4465.234384429676,4.642376669228685
extrapolation_top2,extrapolation,cpu_ready,30,baseline,k_break_even_table_train,,,,12,1.0,1.0,1.0,1.0,1.0,6,0,0,6,1.0,1.0,1.0,1.0,100.0,3731.531101325273,1.0
extrapolation_top2,extrapolation,cpu_ready,100,baseline,k_break_even_table_train,,,,12,1.0,1.0,1.0,1.0,1.0,6,0,0,6,1.0,1.0,1.0,1.0,100.0,28637.27256905126,1.0
extrapolation_top2,extrapolation,cpu_ready,1000,baseline,k_break_even_table_train,,,,12,1.0,1.0,1.0,1.0,1.0,6,0,0,6,1.0,1.0,1.0,1.0,100.0,2456779.0684844246,1.0
extrapolation_top2,extrapolation,cpu_ready,1,baseline,oracle_k,,,,12,1.0,1.0,,,,0,0,0,12,1.0,1.0,1.0,1.0,100.0,44.65234384429675,1.0
extrapolation_top2,extrapolation,cpu_ready,2,baseline,oracle_k,,,,12,1.0,1.0,1.0,1.0,1.0,1,0,0,11,1.0,1.0,1.0,1.0,100.0,170.34388569427395,1.0
extrapolation_top2,extrapolation,cpu_ready,3,baseline,oracle_k,,,,12,1.0,1.0,1.0,1.0,1.0,2,0,0,10,1.0,1.0,1.0,1.0,100.0,278.15893862383257,1.0
extrapolation_top2,extrapolation,cpu_ready,5,baseline,oracle_k,,,,12,1.0,1.0,1.0,1.0,1.0,4,0,0,8,1.0,1.0,1.0,1.0,100.0,504.09313525978575,1.0
extrapolation_top2,extrapolation,cpu_ready,10,baseline,oracle_k,,,,12,1.0,1.0,1.0,1.0,1.0,6,0,0,6,1.0,1.0,1.0,1.0,100.0,961.8423283114505,1.0
extrapolation_top2,extrapolation,cpu_ready,30,baseline,oracle_k,,,,12,1.0,1.0,1.0,1.0,1.0,6,0,0,6,1.0,1.0,1.0,1.0,100.0,3731.531101325273,1.0
extrapolation_top2,extrapolation,cpu_ready,100,baseline,oracle_k,,,,12,1.0,1.0,1.0,1.0,1.0,6,0,0,6,1.0,1.0,1.0,1.0,100.0,28637.27256905126,1.0
extrapolation_top2,extrapolation,cpu_ready,1000,baseline,oracle_k,,,,12,1.0,1.0,1.0,1.0,1.0,6,0,0,6,1.0,1.0,1.0,1.0,100.0,2456779.0684844246,1.0
extrapolation_top2,extrapolation,gpu_ready,1,baseline,always_cpu_ref,,,,12,0.4166666666666667,0.5,,,0.0,0,0,7,5,21.163575374645536,7.158539336454411,86.52612105663128,94.12146634665805,41.66666666666667,50.110055388237264,15.6498140221996
extrapolation_top2,extrapolation,gpu_ready,2,baseline,always_cpu_ref,,,,12,0.5,0.5,,,0.0,0,0,6,6,19.941736336069027,5.971238005827513,81.07415194934403,88.85989744335218,50.0,189.03389176516762,17.234844276839503
extrapolation_top2,extrapolation,gpu_ready,3,baseline,always_cpu_ref,,,,12,0.5,0.5,,,0.0,0,0,6,6,19.553472682847865,5.644214047022547,79.29663782195419,87.13948688127412,50.0,417.26241583069145,17.71771688475585
extrapolation_top2,extrapolation,gpu_ready,5,baseline,always_cpu_ref,,,,12,0.5,0.5,,,0.0,0,0,6,6,19.246765014999067,5.389687326035413,77.88895772705646,85.7751988976603,50.0,1141.63352702752,18.06298246592898
extrapolation_top2,extrapolation,gpu_ready,10,baseline,always_cpu_ref,,,,12,0.5,0.5,,,0.0,0,0,6,6,19.019011162703876,5.202929545494886,76.84155752664142,84.75900651514495,50.0,4515.393339569977,18.29249707499919
extrapolation_top2,extrapolation,gpu_ready,30,baseline,always_cpu_ref,,,,12,0.5,0.5,,,0.0,0,0,6,6,18.868259498598228,5.0803944823725455,76.14727161720197,84.08488950070374,50.0,40336.604511888174,18.42951052501446
extrapolation_top2,extrapolation,gpu_ready,100,baseline,always_cpu_ref,,,,12,0.5,0.5,,,0.0,0,0,6,6,18.81570133703448,5.03787956369771,75.9050239372664,83.84958067011691,50.0,447020.6098340715,18.474207963653164
extrapolation_top2,extrapolation,gpu_ready,1000,baseline,always_cpu_ref,,,,12,0.5,0.5,,,0.0,0,0,6,6,18.79545729946661,5.02153254975391,75.81168980596514,83.75890628699533,50.0,44657311.14004749,18.490980426146898
extrapolation_top2,extrapolation,gpu_ready,1,baseline,always_gpu_ref,,,,12,0.5833333333333334,0.5,,0.5833333333333334,1.0,7,5,0,0,11.613187942100375,1.0,53.48024239327165,62.225899948094415,58.333333333333336,22.275395627007548,6.9568033029039
extrapolation_top2,extrapolation,gpu_ready,2,baseline,always_gpu_ref,,,,12,0.5,0.5,,0.5,1.0,6,6,0,0,6.349771726152851,1.2001666702286329,18.736418036035243,21.71847038944617,50.0,89.10158250803019,8.123685573027146
extrapolation_top2,extrapolation,gpu_ready,3,baseline,always_gpu_ref,,,,12,0.5,0.5,,0.5,1.0,6,6,0,0,6.37422083137723,1.3955520083196746,20.99667573718892,24.92845975380626,50.0,200.4785606430679,8.512682293385618
extrapolation_top2,extrapolation,gpu_ready,5,baseline,always_gpu_ref,,,,12,0.5,0.5,,0.5,1.0,6,6,0,0,6.742414803790742,1.6180624426394645,25.063222568808644,28.04015345709663,50.0,556.8848906751887,8.81106044774054
extrapolation_top2,extrapolation,gpu_ready,10,baseline,always_gpu_ref,,,,12,0.5,0.5,,0.5,1.0,6,6,0,0,7.24703067738206,1.8449571383127479,29.089436145118405,30.774476528777683,50.0,2227.5395627007547,9.024077831285698
extrapolation_top2,extrapolation,gpu_ready,30,baseline,always_gpu_ref,,,,12,0.5,0.5,,0.5,1.0,6,6,0,0,7.718914927122079,2.0374142043419727,32.442377224381126,32.82672577297776,50.0,20047.85606430679,9.15972424580816
extrapolation_top2,extrapolation,gpu_ready,100,baseline,always_gpu_ref,,,,12,0.5,0.5,,0.5,1.0,6,6,0,0,7.915022355056905,2.1147605154908553,33.744975457766046,33.92957142030312,50.0,222753.95627007543,9.205846044519935
extrapolation_top2,extrapolation,gpu_ready,1000,baseline,always_gpu_ref,,,,12,0.5,0.5,,0.5,1.0,6,6,0,0,7.995473500226704,2.146181508300811,34.24299042252547,34.665741734542934,50.0,22275395.627007544,9.22343719334009
extrapolation_top2,extrapolation,gpu_ready,1,baseline,stay_on_ready_device,,,,12,0.5833333333333334,0.5,,0.5833333333333334,1.0,7,5,0,0,11.613187942100375,1.0,53.48024239327165,62.225899948094415,58.333333333333336,22.275395627007548,6.9568033029039
extrapolation_top2,extrapolation,gpu_ready,2,baseline,stay_on_ready_device,,,,12,0.5,0.5,,0.5,1.0,6,6,0,0,6.349771726152851,1.2001666702286329,18.736418036035243,21.71847038944617,50.0,89.10158250803019,8.123685573027146
extrapolation_top2,extrapolation,gpu_ready,3,baseline,stay_on_ready_device,,,,12,0.5,0.5,,0.5,1.0,6,6,0,0,6.37422083137723,1.3955520083196746,20.99667573718892,24.92845975380626,50.0,200.4785606430679,8.512682293385618
extrapolation_top2,extrapolation,gpu_ready,5,baseline,stay_on_ready_device,,,,12,0.5,0.5,,0.5,1.0,6,6,0,0,6.742414803790742,1.6180624426394645,25.063222568808644,28.04015345709663,50.0,556.8848906751887,8.81106044774054
extrapolation_top2,extrapolation,gpu_ready,10,baseline,stay_on_ready_device,,,,12,0.5,0.5,,0.5,1.0,6,6,0,0,7.24703067738206,1.8449571383127479,29.089436145118405,30.774476528777683,50.0,2227.5395627007547,9.024077831285698
extrapolation_top2,extrapolation,gpu_ready,30,baseline,stay_on_ready_device,,,,12,0.5,0.5,,0.5,1.0,6,6,0,0,7.718914927122079,2.0374142043419727,32.442377224381126,32.82672577297776,50.0,20047.85606430679,9.15972424580816
extrapolation_top2,extrapolation,gpu_ready,100,baseline,stay_on_ready_device,,,,12,0.5,0.5,,0.5,1.0,6,6,0,0,7.915022355056905,2.1147605154908553,33.744975457766046,33.92957142030312,50.0,222753.95627007543,9.205846044519935
extrapolation_top2,extrapolation,gpu_ready,1000,baseline,stay_on_ready_device,,,,12,0.5,0.5,,0.5,1.0,6,6,0,0,7.995473500226704,2.146181508300811,34.24299042252547,34.665741734542934,50.0,22275395.627007544,9.22343719334009
extrapolation_top2,extrapolation,gpu_ready,1,baseline,best_constant_device_train,,,,12,0.5833333333333334,0.5,,0.5833333333333334,1.0,7,5,0,0,11.613187942100375,1.0,53.48024239327165,62.225899948094415,58.333333333333336,22.275395627007548,6.9568033029039
extrapolation_top2,extrapolation,gpu_ready,2,baseline,best_constant_device_train,,,,12,0.5,0.5,,0.5,1.0,6,6,0,0,6.349771726152851,1.2001666702286329,18.736418036035243,21.71847038944617,50.0,89.10158250803019,8.123685573027146
extrapolation_top2,extrapolation,gpu_ready,3,baseline,best_constant_device_train,,,,12,0.5,0.5,,0.5,1.0,6,6,0,0,6.37422083137723,1.3955520083196746,20.99667573718892,24.92845975380626,50.0,200.4785606430679,8.512682293385618
extrapolation_top2,extrapolation,gpu_ready,5,baseline,best_constant_device_train,,,,12,0.5,0.5,,0.5,1.0,6,6,0,0,6.742414803790742,1.6180624426394645,25.063222568808644,28.04015345709663,50.0,556.8848906751887,8.81106044774054
extrapolation_top2,extrapolation,gpu_ready,10,baseline,best_constant_device_train,,,,12,0.5,0.5,,0.5,1.0,6,6,0,0,7.24703067738206,1.8449571383127479,29.089436145118405,30.774476528777683,50.0,2227.5395627007547,9.024077831285698
extrapolation_top2,extrapolation,gpu_ready,30,baseline,best_constant_device_train,,,,12,0.5,0.5,,0.5,1.0,6,6,0,0,7.718914927122079,2.0374142043419727,32.442377224381126,32.82672577297776,50.0,20047.85606430679,9.15972424580816
extrapolation_top2,extrapolation,gpu_ready,100,baseline,best_constant_device_train,,,,12,0.5,0.5,,0.5,1.0,6,6,0,0,7.915022355056905,2.1147605154908553,33.744975457766046,33.92957142030312,50.0,222753.95627007543,9.205846044519935
extrapolation_top2,extrapolation,gpu_ready,1000,baseline,best_constant_device_train,,,,12,0.5,0.5,,0.5,1.0,6,6,0,0,7.995473500226704,2.146181508300811,34.24299042252547,34.665741734542934,50.0,22275395.627007544,9.22343719334009
extrapolation_top2,extrapolation,gpu_ready,1,baseline,size_threshold_train,,,,12,0.9166666666666666,0.9,0.8366600265340756,0.875,1.0,7,1,0,4,1.0380557337224416,1.0,1.2055009621011847,1.4566688046693004,91.66666666666666,3.2455594822304064,1.0136169657241128
extrapolation_top2,extrapolation,gpu_ready,2,baseline,size_threshold_train,,,,12,0.8333333333333334,0.8333333333333333,0.7071067811865476,0.75,1.0,6,2,0,4,1.1263060033479404,1.0,1.7220857521246047,2.1153386997180204,83.33333333333334,11.311441480484703,1.0313014806092007
extrapolation_top2,extrapolation,gpu_ready,3,baseline,size_threshold_train,,,,12,0.8333333333333334,0.8333333333333333,0.7071067811865476,0.75,1.0,6,2,0,4,1.1857986136445462,1.0,2.082422915344485,2.438479347095207,83.33333333333334,24.462762467856322,1.0387331405385336
extrapolation_top2,extrapolation,gpu_ready,5,baseline,size_threshold_train,,,,12,0.8333333333333334,0.8333333333333333,0.7071067811865476,0.75,1.0,6,2,0,4,1.2491989195524458,1.0,2.469286654111099,2.754262149350419,83.33333333333334,66.02172140995155,1.0445989610198751
extrapolation_top2,extrapolation,gpu_ready,10,baseline,size_threshold_train,,,,12,0.8333333333333334,0.8333333333333333,0.7071067811865476,0.75,1.0,6,2,0,4,1.3103109694056327,1.0,2.8446706624529665,3.0338173562420976,83.33333333333334,258.9143010747429,1.0488984544447781
extrapolation_top2,extrapolation,gpu_ready,30,baseline,size_threshold_train,,,,12,0.8333333333333334,0.8333333333333333,0.7071067811865476,0.75,1.0,6,2,0,4,1.3599785612651152,1.0,3.1513670717000166,3.2449143264974363,83.33333333333334,2301.8443670132406,1.0516964802109958
extrapolation_top2,extrapolation,gpu_ready,100,baseline,size_threshold_train,,,,12,0.8333333333333334,0.8333333333333333,0.7071067811865476,0.75,1.0,6,2,0,4,1.3794695195249667,1.0,3.2720875085329917,3.3241132033178906,83.33333333333334,25471.232413517562,1.052660289807517
extrapolation_top2,extrapolation,gpu_ready,1000,baseline,size_threshold_train,,,,12,0.8333333333333334,0.8333333333333333,0.7071067811865476,0.75,1.0,6,2,0,4,1.3873177932561178,1.0,3.3207523852431984,3.355450502471791,83.33333333333334,2543157.4831897155,1.0530297064862655
extrapolation_top2,extrapolation,gpu_ready,1,baseline,intensity_threshold_train,,,,12,0.9166666666666666,0.9285714285714286,0.8451542547285166,1.0,0.8571428571428571,6,0,1,5,1.0245209561786097,1.0,1.132413163364493,1.2942514741433182,91.66666666666666,3.2148238591774314,1.0040179584807802
extrapolation_top2,extrapolation,gpu_ready,2,baseline,intensity_threshold_train,,,,12,1.0,1.0,1.0,1.0,1.0,6,0,0,6,1.0,1.0,1.0,1.0,100.0,10.968122991351583,1.0
extrapolation_top2,extrapolation,gpu_ready,3,baseline,intensity_threshold_train,,,,12,1.0,1.0,1.0,1.0,1.0,6,0,0,6,1.0,1.0,1.0,1.0,100.0,23.550574746439253,1.0
extrapolation_top2,extrapolation,gpu_ready,5,baseline,intensity_threshold_train,,,,12,1.0,1.0,1.0,1.0,1.0,6,0,0,6,1.0,1.0,1.0,1.0,100.0,63.20293612535518,1.0
extrapolation_top2,extrapolation,gpu_ready,10,baseline,intensity_threshold_train,,,,12,1.0,1.0,1.0,1.0,1.0,6,0,0,6,1.0,1.0,1.0,1.0,100.0,246.8440104736317,1.0
extrapolation_top2,extrapolation,gpu_ready,30,baseline,intensity_threshold_train,,,,12,1.0,1.0,1.0,1.0,1.0,6,0,0,6,1.0,1.0,1.0,1.0,100.0,2188.696463595119,1.0
extrapolation_top2,extrapolation,gpu_ready,100,baseline,intensity_threshold_train,,,,12,1.0,1.0,1.0,1.0,1.0,6,0,0,6,1.0,1.0,1.0,1.0,100.0,24197.010811697925,1.0
extrapolation_top2,extrapolation,gpu_ready,1000,baseline,intensity_threshold_train,,,,12,1.0,1.0,1.0,1.0,1.0,6,0,0,6,1.0,1.0,1.0,1.0,100.0,2415086.1723319157,1.0
extrapolation_top2,extrapolation,gpu_ready,1,baseline,operation_crossover_table_train,,,,12,0.9166666666666666,0.9285714285714286,0.8451542547285166,1.0,0.8571428571428571,6,0,1,5,1.0245209561786097,1.0,1.132413163364493,1.2942514741433182,91.66666666666666,3.2148238591774314,1.0040179584807802
extrapolation_top2,extrapolation,gpu_ready,2,baseline,operation_crossover_table_train,,,,12,1.0,1.0,1.0,1.0,1.0,6,0,0,6,1.0,1.0,1.0,1.0,100.0,10.968122991351583,1.0
extrapolation_top2,extrapolation,gpu_ready,3,baseline,operation_crossover_table_train,,,,12,1.0,1.0,1.0,1.0,1.0,6,0,0,6,1.0,1.0,1.0,1.0,100.0,23.550574746439253,1.0
extrapolation_top2,extrapolation,gpu_ready,5,baseline,operation_crossover_table_train,,,,12,1.0,1.0,1.0,1.0,1.0,6,0,0,6,1.0,1.0,1.0,1.0,100.0,63.20293612535518,1.0
extrapolation_top2,extrapolation,gpu_ready,10,baseline,operation_crossover_table_train,,,,12,1.0,1.0,1.0,1.0,1.0,6,0,0,6,1.0,1.0,1.0,1.0,100.0,246.8440104736317,1.0
extrapolation_top2,extrapolation,gpu_ready,30,baseline,operation_crossover_table_train,,,,12,1.0,1.0,1.0,1.0,1.0,6,0,0,6,1.0,1.0,1.0,1.0,100.0,2188.696463595119,1.0
extrapolation_top2,extrapolation,gpu_ready,100,baseline,operation_crossover_table_train,,,,12,1.0,1.0,1.0,1.0,1.0,6,0,0,6,1.0,1.0,1.0,1.0,100.0,24197.010811697925,1.0
extrapolation_top2,extrapolation,gpu_ready,1000,baseline,operation_crossover_table_train,,,,12,1.0,1.0,1.0,1.0,1.0,6,0,0,6,1.0,1.0,1.0,1.0,100.0,2415086.1723319157,1.0
extrapolation_top2,extrapolation,gpu_ready,1,baseline,oracle,,,,12,1.0,1.0,1.0,1.0,1.0,7,0,0,5,1.0,1.0,1.0,1.0,100.0,3.201958522775738,1.0
extrapolation_top2,extrapolation,gpu_ready,2,baseline,oracle,,,,12,1.0,1.0,1.0,1.0,1.0,6,0,0,6,1.0,1.0,1.0,1.0,100.0,10.968122991351583,1.0
extrapolation_top2,extrapolation,gpu_ready,3,baseline,oracle,,,,12,1.0,1.0,1.0,1.0,1.0,6,0,0,6,1.0,1.0,1.0,1.0,100.0,23.550574746439253,1.0
extrapolation_top2,extrapolation,gpu_ready,5,baseline,oracle,,,,12,1.0,1.0,1.0,1.0,1.0,6,0,0,6,1.0,1.0,1.0,1.0,100.0,63.20293612535518,1.0
extrapolation_top2,extrapolation,gpu_ready,10,baseline,oracle,,,,12,1.0,1.0,1.0,1.0,1.0,6,0,0,6,1.0,1.0,1.0,1.0,100.0,246.8440104736317,1.0
extrapolation_top2,extrapolation,gpu_ready,30,baseline,oracle,,,,12,1.0,1.0,1.0,1.0,1.0,6,0,0,6,1.0,1.0,1.0,1.0,100.0,2188.696463595119,1.0
extrapolation_top2,extrapolation,gpu_ready,100,baseline,oracle,,,,12,1.0,1.0,1.0,1.0,1.0,6,0,0,6,1.0,1.0,1.0,1.0,100.0,24197.010811697925,1.0
extrapolation_top2,extrapolation,gpu_ready,1000,baseline,oracle,,,,12,1.0,1.0,1.0,1.0,1.0,6,0,0,6,1.0,1.0,1.0,1.0,100.0,2415086.1723319157,1.0
extrapolation_top2,extrapolation,gpu_ready,1,baseline,stay_on_ready_device_k,,,,12,0.5833333333333334,0.5,,0.5833333333333334,1.0,7,5,0,0,11.613187942100375,1.0,53.48024239327165,62.225899948094415,58.333333333333336,22.275395627007548,6.9568033029039
extrapolation_top2,extrapolation,gpu_ready,2,baseline,stay_on_ready_device_k,,,,12,0.5,0.5,,0.5,1.0,6,6,0,0,6.349771726152851,1.2001666702286329,18.736418036035243,21.71847038944617,50.0,89.10158250803019,8.123685573027146
extrapolation_top2,extrapolation,gpu_ready,3,baseline,stay_on_ready_device_k,,,,12,0.5,0.5,,0.5,1.0,6,6,0,0,6.37422083137723,1.3955520083196746,20.99667573718892,24.92845975380626,50.0,200.4785606430679,8.512682293385618
extrapolation_top2,extrapolation,gpu_ready,5,baseline,stay_on_ready_device_k,,,,12,0.5,0.5,,0.5,1.0,6,6,0,0,6.742414803790742,1.6180624426394645,25.063222568808644,28.04015345709663,50.0,556.8848906751887,8.81106044774054
extrapolation_top2,extrapolation,gpu_ready,10,baseline,stay_on_ready_device_k,,,,12,0.5,0.5,,0.5,1.0,6,6,0,0,7.24703067738206,1.8449571383127479,29.089436145118405,30.774476528777683,50.0,2227.5395627007547,9.024077831285698
extrapolation_top2,extrapolation,gpu_ready,30,baseline,stay_on_ready_device_k,,,,12,0.5,0.5,,0.5,1.0,6,6,0,0,7.718914927122079,2.0374142043419727,32.442377224381126,32.82672577297776,50.0,20047.85606430679,9.15972424580816
extrapolation_top2,extrapolation,gpu_ready,100,baseline,stay_on_ready_device_k,,,,12,0.5,0.5,,0.5,1.0,6,6,0,0,7.915022355056905,2.1147605154908553,33.744975457766046,33.92957142030312,50.0,222753.95627007543,9.205846044519935
extrapolation_top2,extrapolation,gpu_ready,1000,baseline,stay_on_ready_device_k,,,,12,0.5,0.5,,0.5,1.0,6,6,0,0,7.995473500226704,2.146181508300811,34.24299042252547,34.665741734542934,50.0,22275395.627007544,9.22343719334009
extrapolation_top2,extrapolation,gpu_ready,1,baseline,k_break_even_table_train,,,,12,0.5833333333333334,0.5,,0.5833333333333334,1.0,7,5,0,0,11.613187942100375,1.0,53.48024239327165,62.225899948094415,58.333333333333336,22.275395627007548,6.9568033029039
extrapolation_top2,extrapolation,gpu_ready,2,baseline,k_break_even_table_train,,,,12,0.5,0.5,,0.5,1.0,6,6,0,0,6.349771726152851,1.2001666702286329,18.736418036035243,21.71847038944617,50.0,89.10158250803019,8.123685573027146
extrapolation_top2,extrapolation,gpu_ready,3,baseline,k_break_even_table_train,,,,12,0.5,0.5,,0.5,1.0,6,6,0,0,6.37422083137723,1.3955520083196746,20.99667573718892,24.92845975380626,50.0,200.4785606430679,8.512682293385618
extrapolation_top2,extrapolation,gpu_ready,5,baseline,k_break_even_table_train,,,,12,0.5,0.5,,0.5,1.0,6,6,0,0,6.742414803790742,1.6180624426394645,25.063222568808644,28.04015345709663,50.0,556.8848906751887,8.81106044774054
extrapolation_top2,extrapolation,gpu_ready,10,baseline,k_break_even_table_train,,,,12,0.5,0.5,,0.5,1.0,6,6,0,0,7.24703067738206,1.8449571383127479,29.089436145118405,30.774476528777683,50.0,2227.5395627007547,9.024077831285698
extrapolation_top2,extrapolation,gpu_ready,30,baseline,k_break_even_table_train,,,,12,0.5,0.5,,0.5,1.0,6,6,0,0,7.718914927122079,2.0374142043419727,32.442377224381126,32.82672577297776,50.0,20047.85606430679,9.15972424580816
extrapolation_top2,extrapolation,gpu_ready,100,baseline,k_break_even_table_train,,,,12,0.5,0.5,,0.5,1.0,6,6,0,0,7.915022355056905,2.1147605154908553,33.744975457766046,33.92957142030312,50.0,222753.95627007543,9.205846044519935
extrapolation_top2,extrapolation,gpu_ready,1000,baseline,k_break_even_table_train,,,,12,0.5,0.5,,0.5,1.0,6,6,0,0,7.995473500226704,2.146181508300811,34.24299042252547,34.665741734542934,50.0,22275395.627007544,9.22343719334009
extrapolation_top2,extrapolation,gpu_ready,1,baseline,oracle_k,,,,12,1.0,1.0,1.0,1.0,1.0,7,0,0,5,1.0,1.0,1.0,1.0,100.0,3.201958522775738,1.0
extrapolation_top2,extrapolation,gpu_ready,2,baseline,oracle_k,,,,12,1.0,1.0,1.0,1.0,1.0,6,0,0,6,1.0,1.0,1.0,1.0,100.0,10.968122991351583,1.0
extrapolation_top2,extrapolation,gpu_ready,3,baseline,oracle_k,,,,12,1.0,1.0,1.0,1.0,1.0,6,0,0,6,1.0,1.0,1.0,1.0,100.0,23.550574746439253,1.0
extrapolation_top2,extrapolation,gpu_ready,5,baseline,oracle_k,,,,12,1.0,1.0,1.0,1.0,1.0,6,0,0,6,1.0,1.0,1.0,1.0,100.0,63.20293612535518,1.0
extrapolation_top2,extrapolation,gpu_ready,10,baseline,oracle_k,,,,12,1.0,1.0,1.0,1.0,1.0,6,0,0,6,1.0,1.0,1.0,1.0,100.0,246.8440104736317,1.0
extrapolation_top2,extrapolation,gpu_ready,30,baseline,oracle_k,,,,12,1.0,1.0,1.0,1.0,1.0,6,0,0,6,1.0,1.0,1.0,1.0,100.0,2188.696463595119,1.0
extrapolation_top2,extrapolation,gpu_ready,100,baseline,oracle_k,,,,12,1.0,1.0,1.0,1.0,1.0,6,0,0,6,1.0,1.0,1.0,1.0,100.0,24197.010811697925,1.0
extrapolation_top2,extrapolation,gpu_ready,1000,baseline,oracle_k,,,,12,1.0,1.0,1.0,1.0,1.0,6,0,0,6,1.0,1.0,1.0,1.0,100.0,2415086.1723319157,1.0
extrapolation_top2,extrapolation,none_ready,1,baseline,always_cpu_ref,,,,12,1.0,1.0,,,,0,0,0,12,1.0,1.0,1.0,1.0,100.0,50.110055388237264,1.0
extrapolation_top2,extrapolation,none_ready,2,baseline,always_cpu_ref,,,,12,0.9166666666666666,0.5,,,0.0,0,0,1,11,1.0196683016921253,1.0,1.1062088291374763,1.2360196203055034,91.66666666666666,189.03389176516762,1.0667498930337074
extrapolation_top2,extrapolation,none_ready,3,baseline,always_cpu_ref,,,,12,0.8333333333333334,0.5,,,0.0,0,0,2,10,1.168593574273731,1.0,1.969619216013392,2.4309837419323106,83.33333333333334,417.26241583069145,1.4504510138755875
extrapolation_top2,extrapolation,none_ready,5,baseline,always_cpu_ref,,,,12,0.6666666666666666,0.5,,,0.0,0,0,4,8,1.6171017715441962,1.0,4.224267991354548,5.378579882270913,66.66666666666666,1141.63352702752,2.2373101999125917
extrapolation_top2,extrapolation,none_ready,10,baseline,always_cpu_ref,,,,12,0.5,0.5,,,0.0,0,0,6,6,3.120738274312386,1.1208534096245804,10.102810207984602,13.58555869767545,50.0,4515.393339569977,4.668382259445269
extrapolation_top2,extrapolation,none_ready,30,baseline,always_cpu_ref,,,,12,0.5,0.5,,,0.0,0,0,6,6,7.773683590126473,2.3240085725368558,26.131976100518163,37.37665722027954,50.0,40336.604511888174,10.764727088013053
extrapolation_top2,extrapolation,none_ready,100,baseline,always_cpu_ref,,,,12,0.5,0.5,,,0.0,0,0,6,6,13.497616722404933,3.783795987340343,50.808472371510234,63.390254284315404,50.0,447020.6098340715,15.581863605597874
extrapolation_top2,extrapolation,none_ready,1000,baseline,always_cpu_ref,,,,12,0.5,0.5,,,0.0,0,0,6,6,18.105105132116375,4.866798875701187,72.45253718751151,81.29850407884102,50.0,44657311.14004749,18.173406719284795
extrapolation_top2,extrapolation,none_ready,1,baseline,always_gpu_ref,,,,12,0.0,0.0,,0.0,,0,12,0,0,2517.1629360150805,59.44753513120752,13079.612794922694,25327.725879420967,0.0,715.0558919328516,14.269708672098224
extrapolation_top2,extrapolation,none_ready,2,baseline,always_gpu_ref,,,,12,0.08333333333333333,0.5,,0.08333333333333333,1.0,1,11,0,0,280.9793170040282,37.17233662991769,1244.6229189972657,2233.200556082761,8.333333333333332,916.3159647819855,5.1709243685812805
extrapolation_top2,extrapolation,none_ready,3,baseline,always_gpu_ref,,,,12,0.16666666666666666,0.5,,0.16666666666666666,1.0,2,10,0,0,124.1710535820638,30.03428851771087,514.5613619375539,823.2505535957097,16.666666666666664,1162.1268288851343,4.039683358139826
extrapolation_top2,extrapolation,none_ready,5,baseline,always_gpu_ref,,,,12,0.3333333333333333,0.5,,0.3333333333333333,1.0,4,8,0,0,54.65248685783226,24.56647145915029,200.3843651988206,285.04783869284864,33.33333333333333,1787.4009308534771,3.5028494164356716
extrapolation_top2,extrapolation,none_ready,10,baseline,always_gpu_ref,,,,12,0.5,0.5,,0.5,1.0,6,6,0,0,23.908439547102926,11.312353624382077,70.50642399118027,87.35812185990382,50.0,4130.225032719599,4.27016381968203
extrapolation_top2,extrapolation,none_ready,30,baseline,always_gpu_ref,,,,12,0.5,0.5,,0.5,1.0,6,6,0,0,11.726504887692963,4.702883359660687,38.78595055073435,42.019804885006565,50.0,24639.21925368786,6.575527963676156
extrapolation_top2,extrapolation,none_ready,100,baseline,always_gpu_ref,,,,12,0.5,0.5,,0.5,1.0,6,6,0,0,8.953592661293328,2.825971408118838,35.63954173684069,36.91732507129148,50.0,236755.69147722432,8.252628203913163
extrapolation_top2,extrapolation,none_ready,1000,baseline,always_gpu_ref,,,,12,0.5,0.5,,0.5,1.0,6,6,0,0,8.092958545761954,2.2397158245177176,34.43290148111886,34.965236981063626,50.0,22410387.859585993,9.119964523433808
extrapolation_top2,extrapolation,none_ready,1,baseline,stay_on_ready_device,,,,12,1.0,1.0,,,,0,0,0,12,1.0,1.0,1.0,1.0,100.0,50.110055388237264,1.0
extrapolation_top2,extrapolation,none_ready,2,baseline,stay_on_ready_device,,,,12,0.9166666666666666,0.5,,,0.0,0,0,1,11,1.0196683016921253,1.0,1.1062088291374763,1.2360196203055034,91.66666666666666,189.03389176516762,1.0667498930337074
extrapolation_top2,extrapolation,none_ready,3,baseline,stay_on_ready_device,,,,12,0.8333333333333334,0.5,,,0.0,0,0,2,10,1.168593574273731,1.0,1.969619216013392,2.4309837419323106,83.33333333333334,417.26241583069145,1.4504510138755875
extrapolation_top2,extrapolation,none_ready,5,baseline,stay_on_ready_device,,,,12,0.6666666666666666,0.5,,,0.0,0,0,4,8,1.6171017715441962,1.0,4.224267991354548,5.378579882270913,66.66666666666666,1141.63352702752,2.2373101999125917
extrapolation_top2,extrapolation,none_ready,10,baseline,stay_on_ready_device,,,,12,0.5,0.5,,,0.0,0,0,6,6,3.120738274312386,1.1208534096245804,10.102810207984602,13.58555869767545,50.0,4515.393339569977,4.668382259445269
extrapolation_top2,extrapolation,none_ready,30,baseline,stay_on_ready_device,,,,12,0.5,0.5,,,0.0,0,0,6,6,7.773683590126473,2.3240085725368558,26.131976100518163,37.37665722027954,50.0,40336.604511888174,10.764727088013053
extrapolation_top2,extrapolation,none_ready,100,baseline,stay_on_ready_device,,,,12,0.5,0.5,,,0.0,0,0,6,6,13.497616722404933,3.783795987340343,50.808472371510234,63.390254284315404,50.0,447020.6098340715,15.581863605597874
extrapolation_top2,extrapolation,none_ready,1000,baseline,stay_on_ready_device,,,,12,0.5,0.5,,,0.0,0,0,6,6,18.105105132116375,4.866798875701187,72.45253718751151,81.29850407884102,50.0,44657311.14004749,18.173406719284795
extrapolation_top2,extrapolation,none_ready,1,baseline,best_constant_device_train,,,,12,0.0,0.0,,0.0,,0,12,0,0,2517.1629360150805,59.44753513120752,13079.612794922694,25327.725879420967,0.0,715.0558919328516,14.269708672098224
extrapolation_top2,extrapolation,none_ready,2,baseline,best_constant_device_train,,,,12,0.08333333333333333,0.5,,0.08333333333333333,1.0,1,11,0,0,280.9793170040282,37.17233662991769,1244.6229189972657,2233.200556082761,8.333333333333332,916.3159647819855,5.1709243685812805
extrapolation_top2,extrapolation,none_ready,3,baseline,best_constant_device_train,,,,12,0.16666666666666666,0.5,,0.16666666666666666,1.0,2,10,0,0,124.1710535820638,30.03428851771087,514.5613619375539,823.2505535957097,16.666666666666664,1162.1268288851343,4.039683358139826
extrapolation_top2,extrapolation,none_ready,5,baseline,best_constant_device_train,,,,12,0.3333333333333333,0.5,,0.3333333333333333,1.0,4,8,0,0,54.65248685783226,24.56647145915029,200.3843651988206,285.04783869284864,33.33333333333333,1787.4009308534771,3.5028494164356716
extrapolation_top2,extrapolation,none_ready,10,baseline,best_constant_device_train,,,,12,0.5,0.5,,0.5,1.0,6,6,0,0,23.908439547102926,11.312353624382077,70.50642399118027,87.35812185990382,50.0,4130.225032719599,4.27016381968203
extrapolation_top2,extrapolation,none_ready,30,baseline,best_constant_device_train,,,,12,0.5,0.5,,0.5,1.0,6,6,0,0,11.726504887692963,4.702883359660687,38.78595055073435,42.019804885006565,50.0,24639.21925368786,6.575527963676156
extrapolation_top2,extrapolation,none_ready,100,baseline,best_constant_device_train,,,,12,0.5,0.5,,0.5,1.0,6,6,0,0,8.953592661293328,2.825971408118838,35.63954173684069,36.91732507129148,50.0,236755.69147722432,8.252628203913163
extrapolation_top2,extrapolation,none_ready,1000,baseline,best_constant_device_train,,,,12,0.5,0.5,,0.5,1.0,6,6,0,0,8.092958545761954,2.2397158245177176,34.43290148111886,34.965236981063626,50.0,22410387.859585993,9.119964523433808
extrapolation_top2,extrapolation,none_ready,1,baseline,size_threshold_train,,,,12,0.3333333333333333,0.3333333333333333,,0.0,,0,8,0,4,127.27319166730301,6.2484343713902675,705.4345276344113,907.9556860064207,33.33333333333333,449.24583645674204,8.965183394353165
extrapolation_top2,extrapolation,none_ready,2,baseline,size_threshold_train,,,,12,0.4166666666666667,0.6818181818181819,0.21320071635561041,0.125,1.0,1,7,0,4,56.65958486825787,1.9904269187980432,315.3979472754791,435.7866704727719,41.66666666666667,507.22122363639005,2.86233426718376
extrapolation_top2,extrapolation,none_ready,3,baseline,size_threshold_train,,,,12,0.5,0.7,0.31622776601683794,0.25,1.0,2,6,0,4,33.42496970332554,1.2507853273855676,185.2192786539877,261.997477853609,50.0,570.2820498051555,1.9823644448978295
extrapolation_top2,extrapolation,none_ready,5,baseline,size_threshold_train,,,,12,0.6666666666666666,0.75,0.5,0.5,1.0,4,4,0,4,16.83708103715885,1.0,91.78217232841149,131.1142505218888,66.66666666666666,711.6600191100378,1.3946719169771686
extrapolation_top2,extrapolation,none_ready,10,baseline,size_threshold_train,,,,12,0.8333333333333334,0.8333333333333333,0.7071067811865476,0.75,1.0,6,2,0,4,7.054939217858159,1.0,36.02091518272764,50.416836551361946,83.33333333333334,1154.1001246817975,1.193202926636106
extrapolation_top2,extrapolation,none_ready,30,baseline,size_threshold_train,,,,12,0.8333333333333334,0.8333333333333333,0.7071067811865476,0.75,1.0,6,2,0,4,2.674916749371114,1.0,10.78512711853615,13.693234273131997,83.33333333333334,4195.220294248168,1.119588574401831
extrapolation_top2,extrapolation,none_ready,100,baseline,size_threshold_train,,,,12,0.8333333333333334,0.8333333333333333,0.7071067811865476,0.75,1.0,6,2,0,4,1.699394342636601,1.0,5.141923731861413,5.7407892954015365,83.33333333333334,30858.27370345005,1.075631416926938
extrapolation_top2,extrapolation,none_ready,1000,baseline,size_threshold_train,,,,12,0.8333333333333334,0.8333333333333333,0.7071067811865476,0.75,1.0,6,2,0,4,1.4162494409763138,1.0,3.495690146175639,3.515561642680333,83.33333333333334,2593463.079142902,1.0554164177261867
extrapolation_top2,extrapolation,none_ready,1,baseline,intensity_threshold_train,,,,12,0.5,0.5,,0.0,,0,6,0,6,6.798934661991841,1.852123002780073,23.66623686946007,26.287933695582954,50.0,346.48704529316575,6.914521299341837
extrapolation_top2,extrapolation,none_ready,2,baseline,intensity_threshold_train,,,,12,0.5833333333333334,0.7727272727272727,0.30151134457776363,0.16666666666666666,1.0,1,5,0,6,2.435855425415991,1.0,7.1894380461212375,8.692528133212766,58.333333333333336,396.1417306177606,2.2354940948242774
extrapolation_top2,extrapolation,none_ready,3,baseline,intensity_threshold_train,,,,12,0.6666666666666666,0.8,0.4472135954999579,0.3333333333333333,1.0,2,4,0,6,1.5584505458484639,1.0,3.648297311277849,4.542309550234692,66.66666666666666,450.62556856526896,1.5664250792934262
extrapolation_top2,extrapolation,none_ready,5,baseline,intensity_threshold_train,,,,12,0.8333333333333334,0.875,0.7071067811865476,0.6666666666666666,1.0,4,2,0,6,1.1107784037345458,1.0,1.6238216173692794,2.0731584727872154,83.33333333333334,574.080702329026,1.125051586596189
extrapolation_top2,extrapolation,none_ready,10,baseline,intensity_threshold_train,,,,12,1.0,1.0,1.0,1.0,1.0,6,0,0,6,1.0,1.0,1.0,1.0,100.0,967.2287076394058,1.0
extrapolation_top2,extrapolation,none_ready,30,baseline,intensity_threshold_train,,,,12,1.0,1.0,1.0,1.0,1.0,6,0,0,6,1.0,1.0,1.0,1.0,100.0,3747.1088846093057,1.0
extrapolation_top2,extrapolation,none_ready,100,baseline,intensity_threshold_train,,,,12,1.0,1.0,1.0,1.0,1.0,6,0,0,6,1.0,1.0,1.0,1.0,100.0,28688.52026618156,1.0
extrapolation_top2,extrapolation,none_ready,1000,baseline,intensity_threshold_train,,,,12,1.0,1.0,1.0,1.0,1.0,6,0,0,6,1.0,1.0,1.0,1.0,100.0,2457288.9293595776,1.0
extrapolation_top2,extrapolation,none_ready,1,baseline,operation_crossover_table_train,,,,12,0.5,0.5,,0.0,,0,6,0,6,6.798934661991841,1.852123002780073,23.66623686946007,26.287933695582954,50.0,346.48704529316575,6.914521299341837
extrapolation_top2,extrapolation,none_ready,2,baseline,operation_crossover_table_train,,,,12,0.5833333333333334,0.7727272727272727,0.30151134457776363,0.16666666666666666,1.0,1,5,0,6,2.435855425415991,1.0,7.1894380461212375,8.692528133212766,58.333333333333336,396.1417306177606,2.2354940948242774
extrapolation_top2,extrapolation,none_ready,3,baseline,operation_crossover_table_train,,,,12,0.6666666666666666,0.8,0.4472135954999579,0.3333333333333333,1.0,2,4,0,6,1.5584505458484639,1.0,3.648297311277849,4.542309550234692,66.66666666666666,450.62556856526896,1.5664250792934262
extrapolation_top2,extrapolation,none_ready,5,baseline,operation_crossover_table_train,,,,12,0.8333333333333334,0.875,0.7071067811865476,0.6666666666666666,1.0,4,2,0,6,1.1107784037345458,1.0,1.6238216173692794,2.0731584727872154,83.33333333333334,574.080702329026,1.125051586596189
extrapolation_top2,extrapolation,none_ready,10,baseline,operation_crossover_table_train,,,,12,1.0,1.0,1.0,1.0,1.0,6,0,0,6,1.0,1.0,1.0,1.0,100.0,967.2287076394058,1.0
extrapolation_top2,extrapolation,none_ready,30,baseline,operation_crossover_table_train,,,,12,1.0,1.0,1.0,1.0,1.0,6,0,0,6,1.0,1.0,1.0,1.0,100.0,3747.1088846093057,1.0
extrapolation_top2,extrapolation,none_ready,100,baseline,operation_crossover_table_train,,,,12,1.0,1.0,1.0,1.0,1.0,6,0,0,6,1.0,1.0,1.0,1.0,100.0,28688.52026618156,1.0
extrapolation_top2,extrapolation,none_ready,1000,baseline,operation_crossover_table_train,,,,12,1.0,1.0,1.0,1.0,1.0,6,0,0,6,1.0,1.0,1.0,1.0,100.0,2457288.9293595776,1.0
extrapolation_top2,extrapolation,none_ready,1,baseline,oracle,,,,12,1.0,1.0,,,,0,0,0,12,1.0,1.0,1.0,1.0,100.0,50.110055388237264,1.0
extrapolation_top2,extrapolation,none_ready,2,baseline,oracle,,,,12,1.0,1.0,1.0,1.0,1.0,1,0,0,11,1.0,1.0,1.0,1.0,100.0,177.20544712460963,1.0
extrapolation_top2,extrapolation,none_ready,3,baseline,oracle,,,,12,1.0,1.0,1.0,1.0,1.0,2,0,0,10,1.0,1.0,1.0,1.0,100.0,287.67770289309624,1.0
extrapolation_top2,extrapolation,none_ready,5,baseline,oracle,,,,12,1.0,1.0,1.0,1.0,1.0,4,0,0,8,1.0,1.0,1.0,1.0,100.0,510.27055929576585,1.0
extrapolation_top2,extrapolation,none_ready,10,baseline,oracle,,,,12,1.0,1.0,1.0,1.0,1.0,6,0,0,6,1.0,1.0,1.0,1.0,100.0,967.2287076394058,1.0
extrapolation_top2,extrapolation,none_ready,30,baseline,oracle,,,,12,1.0,1.0,1.0,1.0,1.0,6,0,0,6,1.0,1.0,1.0,1.0,100.0,3747.1088846093057,1.0
extrapolation_top2,extrapolation,none_ready,100,baseline,oracle,,,,12,1.0,1.0,1.0,1.0,1.0,6,0,0,6,1.0,1.0,1.0,1.0,100.0,28688.52026618156,1.0
extrapolation_top2,extrapolation,none_ready,1000,baseline,oracle,,,,12,1.0,1.0,1.0,1.0,1.0,6,0,0,6,1.0,1.0,1.0,1.0,100.0,2457288.9293595776,1.0
extrapolation_top2,extrapolation,none_ready,1,baseline,stay_on_ready_device_k,,,,12,1.0,1.0,,,,0,0,0,12,1.0,1.0,1.0,1.0,100.0,50.110055388237264,1.0
extrapolation_top2,extrapolation,none_ready,2,baseline,stay_on_ready_device_k,,,,12,0.9166666666666666,0.5,,,0.0,0,0,1,11,1.0196683016921253,1.0,1.1062088291374763,1.2360196203055034,91.66666666666666,189.03389176516762,1.0667498930337074
extrapolation_top2,extrapolation,none_ready,3,baseline,stay_on_ready_device_k,,,,12,0.8333333333333334,0.5,,,0.0,0,0,2,10,1.168593574273731,1.0,1.969619216013392,2.4309837419323106,83.33333333333334,417.26241583069145,1.4504510138755875
extrapolation_top2,extrapolation,none_ready,5,baseline,stay_on_ready_device_k,,,,12,0.6666666666666666,0.5,,,0.0,0,0,4,8,1.6171017715441962,1.0,4.224267991354548,5.378579882270913,66.66666666666666,1141.63352702752,2.2373101999125917
extrapolation_top2,extrapolation,none_ready,10,baseline,stay_on_ready_device_k,,,,12,0.5,0.5,,,0.0,0,0,6,6,3.120738274312386,1.1208534096245804,10.102810207984602,13.58555869767545,50.0,4515.393339569977,4.668382259445269
extrapolation_top2,extrapolation,none_ready,30,baseline,stay_on_ready_device_k,,,,12,0.5,0.5,,,0.0,0,0,6,6,7.773683590126473,2.3240085725368558,26.131976100518163,37.37665722027954,50.0,40336.604511888174,10.764727088013053
extrapolation_top2,extrapolation,none_ready,100,baseline,stay_on_ready_device_k,,,,12,0.5,0.5,,,0.0,0,0,6,6,13.497616722404933,3.783795987340343,50.808472371510234,63.390254284315404,50.0,447020.6098340715,15.581863605597874
extrapolation_top2,extrapolation,none_ready,1000,baseline,stay_on_ready_device_k,,,,12,0.5,0.5,,,0.0,0,0,6,6,18.105105132116375,4.866798875701187,72.45253718751151,81.29850407884102,50.0,44657311.14004749,18.173406719284795
extrapolation_top2,extrapolation,none_ready,1,baseline,k_break_even_table_train,,,,12,1.0,1.0,,,,0,0,0,12,1.0,1.0,1.0,1.0,100.0,50.110055388237264,1.0
extrapolation_top2,extrapolation,none_ready,2,baseline,k_break_even_table_train,,,,12,0.9166666666666666,0.5,,,0.0,0,0,1,11,1.0196683016921253,1.0,1.1062088291374763,1.2360196203055034,91.66666666666666,189.03389176516762,1.0667498930337074
extrapolation_top2,extrapolation,none_ready,3,baseline,k_break_even_table_train,,,,12,0.8333333333333334,0.5,,,0.0,0,0,2,10,1.168593574273731,1.0,1.969619216013392,2.4309837419323106,83.33333333333334,417.26241583069145,1.4504510138755875
extrapolation_top2,extrapolation,none_ready,5,baseline,k_break_even_table_train,,,,12,0.6666666666666666,0.5,,,0.0,0,0,4,8,1.6171017715441962,1.0,4.224267991354548,5.378579882270913,66.66666666666666,1141.63352702752,2.2373101999125917
extrapolation_top2,extrapolation,none_ready,10,baseline,k_break_even_table_train,,,,12,0.5,0.5,,,0.0,0,0,6,6,3.120738274312386,1.1208534096245804,10.102810207984602,13.58555869767545,50.0,4515.393339569977,4.668382259445269
extrapolation_top2,extrapolation,none_ready,30,baseline,k_break_even_table_train,,,,12,1.0,1.0,1.0,1.0,1.0,6,0,0,6,1.0,1.0,1.0,1.0,100.0,3747.1088846093057,1.0
extrapolation_top2,extrapolation,none_ready,100,baseline,k_break_even_table_train,,,,12,1.0,1.0,1.0,1.0,1.0,6,0,0,6,1.0,1.0,1.0,1.0,100.0,28688.52026618156,1.0
extrapolation_top2,extrapolation,none_ready,1000,baseline,k_break_even_table_train,,,,12,1.0,1.0,1.0,1.0,1.0,6,0,0,6,1.0,1.0,1.0,1.0,100.0,2457288.9293595776,1.0
extrapolation_top2,extrapolation,none_ready,1,baseline,oracle_k,,,,12,1.0,1.0,,,,0,0,0,12,1.0,1.0,1.0,1.0,100.0,50.110055388237264,1.0
extrapolation_top2,extrapolation,none_ready,2,baseline,oracle_k,,,,12,1.0,1.0,1.0,1.0,1.0,1,0,0,11,1.0,1.0,1.0,1.0,100.0,177.20544712460963,1.0
extrapolation_top2,extrapolation,none_ready,3,baseline,oracle_k,,,,12,1.0,1.0,1.0,1.0,1.0,2,0,0,10,1.0,1.0,1.0,1.0,100.0,287.67770289309624,1.0
extrapolation_top2,extrapolation,none_ready,5,baseline,oracle_k,,,,12,1.0,1.0,1.0,1.0,1.0,4,0,0,8,1.0,1.0,1.0,1.0,100.0,510.27055929576585,1.0
extrapolation_top2,extrapolation,none_ready,10,baseline,oracle_k,,,,12,1.0,1.0,1.0,1.0,1.0,6,0,0,6,1.0,1.0,1.0,1.0,100.0,967.2287076394058,1.0
extrapolation_top2,extrapolation,none_ready,30,baseline,oracle_k,,,,12,1.0,1.0,1.0,1.0,1.0,6,0,0,6,1.0,1.0,1.0,1.0,100.0,3747.1088846093057,1.0
extrapolation_top2,extrapolation,none_ready,100,baseline,oracle_k,,,,12,1.0,1.0,1.0,1.0,1.0,6,0,0,6,1.0,1.0,1.0,1.0,100.0,28688.52026618156,1.0
extrapolation_top2,extrapolation,none_ready,1000,baseline,oracle_k,,,,12,1.0,1.0,1.0,1.0,1.0,6,0,0,6,1.0,1.0,1.0,1.0,100.0,2457288.9293595776,1.0
extrapolation_top2,extrapolation,cpu_ready,1,model_regression,ridge,False,0.0,True,12,1.0,1.0,,,,0,0,0,12,1.0,1.0,1.0,1.0,100.0,44.65234384429675,1.0
extrapolation_top2,extrapolation,cpu_ready,2,model_regression,ridge,False,0.0,True,12,0.9166666666666666,0.5,,,0.0,0,0,1,11,1.0137438310493723,1.0,1.0742166876666106,1.164925972592468,91.66666666666666,178.609375377187,1.0485223737219873
extrapolation_top2,extrapolation,cpu_ready,3,model_regression,ridge,False,0.0,True,12,0.8333333333333334,0.5,,,0.0,0,0,2,10,1.1601542068282773,1.0,1.9233785022762975,2.3363926279033156,83.33333333333334,401.8710945986708,1.4447534801034743
extrapolation_top2,extrapolation,cpu_ready,5,model_regression,ridge,False,0.0,True,12,0.6666666666666666,0.5,,,0.0,0,0,4,8,1.598081444207035,1.0,4.16254089062912,5.251515606745295,66.66666666666666,1116.308596107419,2.21448878793425
extrapolation_top2,extrapolation,cpu_ready,10,model_regression,ridge,False,0.0,True,12,0.5,0.5,,,0.0,0,0,6,6,3.092306689484392,1.0966668852329944,10.024914207386212,13.423643715469808,50.0,4465.234384429676,4.642376669228685
extrapolation_top2,extrapolation,cpu_ready,30,model_regression,ridge,False,0.0,True,12,0.5,0.5,,,0.0,0,0,6,6,7.745867592704094,2.299845927519195,26.017419948405895,37.22727702052595,50.0,40187.10945986708,10.769603245593858
extrapolation_top2,extrapolation,cpu_ready,100,model_regression,ridge,False,0.0,True,12,0.5,0.5,,,0.0,0,0,6,6,13.482079647680278,3.770653525399843,50.74012853396089,63.31409011262751,50.0,446523.43844296754,15.592387067109605
extrapolation_top2,extrapolation,cpu_ready,1000,model_regression,ridge,False,0.0,True,12,0.5,0.5,,,0.0,0,0,6,6,18.10294842865176,4.865046410974931,72.44264812576486,81.2887280183054,50.0,44652343.84429675,18.175156413980105
extrapolation_top2,extrapolation,gpu_ready,1,model_regression,ridge,False,0.0,True,12,0.9166666666666666,0.9,0.8366600265340756,0.875,1.0,7,1,0,4,1.0380557337224416,1.0,1.2055009621011847,1.4566688046693004,91.66666666666666,3.2455594822304064,1.0136169657241128
extrapolation_top2,extrapolation,gpu_ready,2,model_regression,ridge,False,0.0,True,12,0.8333333333333334,0.8333333333333333,0.7071067811865476,0.75,1.0,6,2,0,4,1.1263060033479404,1.0,1.7220857521246047,2.1153386997180204,83.33333333333334,11.311441480484703,1.0313014806092007
extrapolation_top2,extrapolation,gpu_ready,3,model_regression,ridge,False,0.0,True,12,0.8333333333333334,0.8333333333333333,0.7071067811865476,0.75,1.0,6,2,0,4,1.1857986136445462,1.0,2.082422915344485,2.438479347095207,83.33333333333334,24.462762467856322,1.0387331405385336
extrapolation_top2,extrapolation,gpu_ready,5,model_regression,ridge,False,0.0,True,12,0.8333333333333334,0.8333333333333333,0.7071067811865476,0.75,1.0,6,2,0,4,1.2491989195524458,1.0,2.469286654111099,2.754262149350419,83.33333333333334,66.02172140995155,1.0445989610198751
extrapolation_top2,extrapolation,gpu_ready,10,model_regression,ridge,False,0.0,True,12,0.75,0.75,0.5773502691896257,0.6666666666666666,1.0,6,3,0,3,1.9208391351448757,1.0,5.415451640925063,8.326337988870918,75.0,268.2945587595466,1.0868992050678348
extrapolation_top2,extrapolation,gpu_ready,30,model_regression,ridge,False,0.0,True,12,0.6666666666666666,0.6666666666666666,0.4472135954999579,0.6,1.0,6,4,0,2,4.509002233163649,1.0,18.670765211522827,32.12791023007479,66.66666666666666,3947.217158951228,1.8034557210676854
extrapolation_top2,extrapolation,gpu_ready,100,model_regression,ridge,False,0.0,True,12,0.6666666666666666,0.6666666666666666,0.4472135954999579,0.6,1.0,6,4,0,2,4.6607742053820065,1.0,19.363653784626134,33.92957142030312,66.66666666666666,43778.75265008518,1.8092628461743945
extrapolation_top2,extrapolation,gpu_ready,1000,model_regression,ridge,False,0.0,True,12,0.6666666666666666,0.6666666666666666,0.4472135954999579,0.6,1.0,6,4,0,2,4.723282101866959,1.0,19.65079026337724,34.665741734542934,66.66666666666666,4374874.647579408,1.8114776597620097
extrapolation_top2,extrapolation,none_ready,1,model_regression,ridge,False,0.0,True,12,1.0,1.0,,,,0,0,0,12,1.0,1.0,1.0,1.0,100.0,50.110055388237264,1.0
extrapolation_top2,extrapolation,none_ready,2,model_regression,ridge,False,0.0,True,12,0.9166666666666666,0.5,,,0.0,0,0,1,11,1.0196683016921253,1.0,1.1062088291374763,1.2360196203055034,91.66666666666666,189.03389176516762,1.0667498930337074
extrapolation_top2,extrapolation,none_ready,3,model_regression,ridge,False,0.0,True,12,0.8333333333333334,0.5,,,0.0,0,0,2,10,1.168593574273731,1.0,1.969619216013392,2.4309837419323106,83.33333333333334,417.26241583069145,1.4504510138755875
extrapolation_top2,extrapolation,none_ready,5,model_regression,ridge,False,0.0,True,12,0.6666666666666666,0.5,,,0.0,0,0,4,8,1.6171017715441962,1.0,4.224267991354548,5.378579882270913,66.66666666666666,1141.63352702752,2.2373101999125917
extrapolation_top2,extrapolation,none_ready,10,model_regression,ridge,False,0.0,True,12,0.5,0.5,,,0.0,0,0,6,6,3.120738274312386,1.1208534096245804,10.102810207984602,13.58555869767545,50.0,4515.393339569977,4.668382259445269
extrapolation_top2,extrapolation,none_ready,30,model_regression,ridge,False,0.0,True,12,0.6666666666666666,0.6666666666666666,0.4472135954999579,1.0,0.3333333333333333,2,0,4,6,3.414646950346756,1.0,10.897176361375589,15.988628851409482,66.66666666666666,24160.34051558588,6.447728438002136
extrapolation_top2,extrapolation,none_ready,100,model_regression,ridge,False,0.08333333333333333,True,12,0.6666666666666666,0.6666666666666666,0.4472135954999579,1.0,0.3333333333333333,2,0,4,6,5.005571601201631,1.0,17.389745967304954,23.252388161965406,66.66666666666666,264859.9019669346,9.232260831492075
extrapolation_top2,extrapolation,none_ready,1000,model_regression,ridge,False,0.08333333333333333,True,12,0.75,0.75,0.5773502691896257,1.0,0.5,3,0,3,6,4.718233919853417,1.0,18.640908442116626,27.459566656446075,75.0,23882825.13918567,9.719176631544931
extrapolation_top2,extrapolation,cpu_ready,1,model_regression,elasticnet,False,0.0,True,12,1.0,1.0,,,,0,0,0,12,1.0,1.0,1.0,1.0,100.0,44.65234384429675,1.0
extrapolation_top2,extrapolation,cpu_ready,2,model_regression,elasticnet,False,0.0,True,12,0.9166666666666666,0.5,,,0.0,0,0,1,11,1.0137438310493723,1.0,1.0742166876666106,1.164925972592468,91.66666666666666,178.609375377187,1.0485223737219873
extrapolation_top2,extrapolation,cpu_ready,3,model_regression,elasticnet,False,0.0,True,12,0.8333333333333334,0.5,,,0.0,0,0,2,10,1.1601542068282773,1.0,1.9233785022762975,2.3363926279033156,83.33333333333334,401.8710945986708,1.4447534801034743
extrapolation_top2,extrapolation,cpu_ready,5,model_regression,elasticnet,False,0.0,True,12,0.6666666666666666,0.5,,,0.0,0,0,4,8,1.598081444207035,1.0,4.16254089062912,5.251515606745295,66.66666666666666,1116.308596107419,2.21448878793425
extrapolation_top2,extrapolation,cpu_ready,10,model_regression,elasticnet,False,0.0,True,12,0.5,0.5,,,0.0,0,0,6,6,3.092306689484392,1.0966668852329944,10.024914207386212,13.423643715469808,50.0,4465.234384429676,4.642376669228685
extrapolation_top2,extrapolation,cpu_ready,30,model_regression,elasticnet,False,0.0,True,12,0.5,0.5,,,0.0,0,0,6,6,7.745867592704094,2.299845927519195,26.017419948405895,37.22727702052595,50.0,40187.10945986708,10.769603245593858
extrapolation_top2,extrapolation,cpu_ready,100,model_regression,elasticnet,False,0.0,True,12,0.5,0.5,,,0.0,0,0,6,6,13.482079647680278,3.770653525399843,50.74012853396089,63.31409011262751,50.0,446523.43844296754,15.592387067109605
extrapolation_top2,extrapolation,cpu_ready,1000,model_regression,elasticnet,False,0.0,True,12,0.4166666666666667,0.4166666666666667,-0.30151134457776363,0.0,0.0,0,1,6,5,18.64031809798706,8.089264426986734,72.44264812576486,81.2887280183054,41.66666666666667,45563972.84975106,18.546223156264215
extrapolation_top2,extrapolation,gpu_ready,1,model_regression,elasticnet,False,0.0,True,12,0.6666666666666666,0.6,0.3567530340063379,0.6363636363636364,1.0,7,4,0,1,10.438849608247372,1.0,53.48024239327165,62.225899948094415,66.66666666666666,5.9180664627784525,1.8482645607939212
extrapolation_top2,extrapolation,gpu_ready,2,model_regression,elasticnet,False,0.0,True,12,0.5833333333333334,0.5833333333333334,0.30151134457776363,0.5454545454545454,1.0,6,5,0,1,4.623232527032337,1.0,15.596641771439856,16.296557019608127,58.333333333333336,22.255666643444133,2.029122636661973
extrapolation_top2,extrapolation,gpu_ready,3,model_regression,elasticnet,False,0.0,True,12,0.5833333333333334,0.5833333333333334,0.30151134457776363,0.5454545454545454,1.0,6,5,0,1,4.380182518560042,1.0,14.631062088388134,17.77976154177474,58.333333333333336,49.14047329923321,2.0865933773723735
extrapolation_top2,extrapolation,gpu_ready,5,model_regression,elasticnet,False,0.0,True,12,0.5833333333333334,0.5833333333333334,0.30151134457776363,0.5454545454545454,1.0,6,5,0,1,4.489068682366023,1.0,15.544840853381722,22.627551842027575,58.333333333333336,134.55170603618154,2.1288837874448574
extrapolation_top2,extrapolation,gpu_ready,10,model_regression,elasticnet,False,0.0,True,12,0.5,0.5,,0.5,1.0,6,6,0,0,7.24703067738206,1.8449571383127479,29.089436145118405,30.774476528777683,50.0,2227.5395627007547,9.024077831285698
extrapolation_top2,extrapolation,gpu_ready,30,model_regression,elasticnet,False,0.0,True,12,0.5,0.5,,0.5,1.0,6,6,0,0,7.718914927122079,2.0374142043419727,32.442377224381126,32.82672577297776,50.0,20047.85606430679,9.15972424580816
extrapolation_top2,extrapolation,gpu_ready,100,model_regression,elasticnet,False,0.0,True,12,0.5,0.5,,0.5,1.0,6,6,0,0,7.915022355056905,2.1147605154908553,33.744975457766046,33.92957142030312,50.0,222753.95627007543,9.205846044519935
extrapolation_top2,extrapolation,gpu_ready,1000,model_regression,elasticnet,False,0.0,True,12,0.5,0.5,,0.5,1.0,6,6,0,0,7.995473500226704,2.146181508300811,34.24299042252547,34.665741734542934,50.0,22275395.627007544,9.22343719334009
extrapolation_top2,extrapolation,none_ready,1,model_regression,elasticnet,False,0.0,True,12,1.0,1.0,,,,0,0,0,12,1.0,1.0,1.0,1.0,100.0,50.110055388237264,1.0
extrapolation_top2,extrapolation,none_ready,2,model_regression,elasticnet,False,0.0,True,12,0.8333333333333334,0.45454545454545453,-0.09090909090909091,0.0,0.0,0,1,1,10,22.73120654470395,1.0,118.3721173034317,261.5384589161419,83.33333333333334,255.56883065239717,1.4422176902535222
extrapolation_top2,extrapolation,none_ready,3,model_regression,elasticnet,False,0.0,True,12,0.75,0.45,-0.13483997249264842,0.0,0.0,0,1,2,9,10.15309167581511,1.0,50.30333080638615,108.81397721849656,75.0,501.0094495377724,1.74156510740755
extrapolation_top2,extrapolation,none_ready,5,model_regression,elasticnet,False,0.0,True,12,0.5833333333333334,0.4375,-0.21320071635561041,0.0,0.0,0,1,4,7,5.476880787251928,1.0,24.251025620070724,47.31734818849278,58.333333333333336,1265.1991110168526,2.47946719239099
extrapolation_top2,extrapolation,none_ready,10,model_regression,elasticnet,False,0.0,True,12,0.4166666666666667,0.4166666666666667,-0.30151134457776363,0.0,0.0,0,1,6,5,4.8394638783760655,1.7020864205514732,17.20317554566536,21.624707248764153,41.66666666666667,4769.972403013143,4.931586878407092
extrapolation_top2,extrapolation,none_ready,30,model_regression,elasticnet,False,0.08333333333333333,True,12,0.5833333333333334,0.5833333333333334,0.19245008972987526,0.6666666666666666,0.3333333333333333,2,1,4,5,5.1054323759189195,1.0,16.41304797395989,16.931782457077063,58.333333333333336,26700.951582808502,7.125747450915745
extrapolation_top2,extrapolation,none_ready,100,model_regression,elasticnet,False,0.0,True,12,0.75,0.75,0.50709255283711,0.8,0.6666666666666666,4,1,2,5,2.800295316151145,1.0,8.954389464458655,9.65384036064525,75.0,110902.15530106895,3.86573285314412
extrapolation_top2,extrapolation,none_ready,1000,model_regression,elasticnet,False,0.0,True,12,0.75,0.75,0.50709255283711,0.8,0.6666666666666666,4,1,2,5,3.051454784795874,1.0,9.945017946947951,11.425642630392549,75.0,10710400.81606894,4.35862494153681
extrapolation_top2,extrapolation,cpu_ready,1,model_regression,huber,False,0.0,True,12,1.0,1.0,,,,0,0,0,12,1.0,1.0,1.0,1.0,100.0,44.65234384429675,1.0
extrapolation_top2,extrapolation,cpu_ready,2,model_regression,huber,False,0.0,True,12,0.9166666666666666,0.5,,,0.0,0,0,1,11,1.0137438310493723,1.0,1.0742166876666106,1.164925972592468,91.66666666666666,178.609375377187,1.0485223737219873
extrapolation_top2,extrapolation,cpu_ready,3,model_regression,huber,False,0.0,True,12,0.8333333333333334,0.5,,,0.0,0,0,2,10,1.1601542068282773,1.0,1.9233785022762975,2.3363926279033156,83.33333333333334,401.8710945986708,1.4447534801034743
extrapolation_top2,extrapolation,cpu_ready,5,model_regression,huber,False,0.0,True,12,0.6666666666666666,0.5,,,0.0,0,0,4,8,1.598081444207035,1.0,4.16254089062912,5.251515606745295,66.66666666666666,1116.308596107419,2.21448878793425
extrapolation_top2,extrapolation,cpu_ready,10,model_regression,huber,False,0.0,True,12,0.5,0.5,,,0.0,0,0,6,6,3.092306689484392,1.0966668852329944,10.024914207386212,13.423643715469808,50.0,4465.234384429676,4.642376669228685
extrapolation_top2,extrapolation,cpu_ready,30,model_regression,huber,False,0.0,True,12,0.5,0.5,,,0.0,0,0,6,6,7.745867592704094,2.299845927519195,26.017419948405895,37.22727702052595,50.0,40187.10945986708,10.769603245593858
extrapolation_top2,extrapolation,cpu_ready,100,model_regression,huber,False,0.0,True,12,0.5,0.5,,,0.0,0,0,6,6,13.482079647680278,3.770653525399843,50.74012853396089,63.31409011262751,50.0,446523.43844296754,15.592387067109605
extrapolation_top2,extrapolation,cpu_ready,1000,model_regression,huber,False,0.08333333333333333,True,12,0.75,0.75,0.5773502691896257,1.0,0.5,3,0,3,6,4.717727526609035,1.0,18.639528645337382,27.45921978209813,75.0,23880221.044529397,9.720133711193247
extrapolation_top2,extrapolation,gpu_ready,1,model_regression,huber,False,0.0,True,12,0.9166666666666666,0.9,0.8366600265340756,0.875,1.0,7,1,0,4,1.0380557337224416,1.0,1.2055009621011847,1.4566688046693004,91.66666666666666,3.2455594822304064,1.0136169657241128
extrapolation_top2,extrapolation,gpu_ready,2,model_regression,huber,False,0.0,True,12,0.8333333333333334,0.8333333333333333,0.7071067811865476,0.75,1.0,6,2,0,4,1.1263060033479404,1.0,1.7220857521246047,2.1153386997180204,83.33333333333334,11.311441480484703,1.0313014806092007
extrapolation_top2,extrapolation,gpu_ready,3,model_regression,huber,False,0.0,True,12,0.75,0.75,0.5773502691896257,0.6666666666666666,1.0,6,3,0,3,2.584112075459108,1.0,9.342056334700985,17.77976154177474,75.0,39.677347723873815,1.684771949350105
extrapolation_top2,extrapolation,gpu_ready,5,model_regression,huber,False,0.0,True,12,0.75,0.75,0.5773502691896257,0.6666666666666666,1.0,6,3,0,3,3.051494906388077,1.0,11.697242511055125,22.627551842027575,75.0,108.82406587155596,1.7218197846966623
extrapolation_top2,extrapolation,gpu_ready,10,model_regression,huber,False,0.0,True,12,0.75,0.75,0.5773502691896257,0.6666666666666666,1.0,6,3,0,3,3.536208197764489,1.0,14.138444579070962,27.710766740306276,75.0,431.5758243601683,1.7483747064880475
extrapolation_top2,extrapolation,gpu_ready,30,model_regression,huber,False,0.0,True,12,0.75,0.75,0.5773502691896257,0.6666666666666666,1.0,6,3,0,3,3.9539710804380146,1.0,16.242262483107226,32.12791023007479,75.0,3863.79661716329,1.7653414630262059
extrapolation_top2,extrapolation,gpu_ready,100,model_regression,huber,False,0.0,True,12,0.6666666666666666,0.6666666666666666,0.4472135954999579,0.6,1.0,6,4,0,2,4.6607742053820065,1.0,19.363653784626134,33.92957142030312,66.66666666666666,43778.75265008518,1.8092628461743945
extrapolation_top2,extrapolation,gpu_ready,1000,model_regression,huber,False,0.0,True,12,0.6666666666666666,0.6666666666666666,0.4472135954999579,0.6,1.0,6,4,0,2,4.723282101866959,1.0,19.65079026337724,34.665741734542934,66.66666666666666,4374874.647579408,1.8114776597620097
extrapolation_top2,extrapolation,none_ready,1,model_regression,huber,False,0.0,True,12,1.0,1.0,,,,0,0,0,12,1.0,1.0,1.0,1.0,100.0,50.110055388237264,1.0
extrapolation_top2,extrapolation,none_ready,2,model_regression,huber,False,0.0,True,12,0.9166666666666666,0.5,,,0.0,0,0,1,11,1.0196683016921253,1.0,1.1062088291374763,1.2360196203055034,91.66666666666666,189.03389176516762,1.0667498930337074
extrapolation_top2,extrapolation,none_ready,3,model_regression,huber,False,0.0,True,12,0.9166666666666666,0.75,0.674199862463242,1.0,0.5,1,0,1,10,1.0493449291127048,1.0,1.2664626172086064,1.5921391493524597,91.66666666666666,336.80811725081537,1.1707828374032048
extrapolation_top2,extrapolation,none_ready,5,model_regression,huber,False,0.0,True,12,0.75,0.625,0.42640143271122083,1.0,0.25,1,0,3,8,1.2522201146882865,1.0,2.242454658235259,3.2798309896957054,75.0,837.4004032666652,1.6410909624540704
extrapolation_top2,extrapolation,none_ready,10,model_regression,huber,False,0.0,True,12,0.6666666666666666,0.6666666666666666,0.4472135954999579,1.0,0.3333333333333333,2,0,4,6,1.803234392176874,1.0,4.903723054118809,7.2532887164193705,66.66666666666666,2842.8112260381395,2.939130325211535
extrapolation_top2,extrapolation,none_ready,30,model_regression,huber,False,0.0,True,12,0.8333333333333334,0.8333333333333333,0.7071067811865476,1.0,0.6666666666666666,4,0,2,6,1.6879743372381883,1.0,4.979863135593586,6.607674901784549,83.33333333333334,9795.14254769393,2.614053354020756
extrapolation_top2,extrapolation,none_ready,100,model_regression,huber,False,0.0,True,12,0.8333333333333334,0.8333333333333333,0.7071067811865476,1.0,0.6666666666666666,4,0,2,6,2.1851193612771613,1.0,7.956403748364737,9.65384036064525,83.33333333333334,100602.36969182423,3.5067117006524646
extrapolation_top2,extrapolation,none_ready,1000,model_regression,huber,False,0.0,True,12,1.0,1.0,1.0,1.0,1.0,6,0,0,6,1.0,1.0,1.0,1.0,100.0,2457288.9293595776,1.0
extrapolation_top2,extrapolation,cpu_ready,1,model_regression,tree,False,0.0,True,12,1.0,1.0,,,,0,0,0,12,1.0,1.0,1.0,1.0,100.0,44.65234384429675,1.0
extrapolation_top2,extrapolation,cpu_ready,2,model_regression,tree,False,0.0,True,12,0.9166666666666666,0.5,,,0.0,0,0,1,11,1.0137438310493723,1.0,1.0742166876666106,1.164925972592468,91.66666666666666,178.609375377187,1.0485223737219873
extrapolation_top2,extrapolation,cpu_ready,3,model_regression,tree,False,0.0,True,12,0.8333333333333334,0.5,,,0.0,0,0,2,10,1.1601542068282773,1.0,1.9233785022762975,2.3363926279033156,83.33333333333334,401.8710945986708,1.4447534801034743
extrapolation_top2,extrapolation,cpu_ready,5,model_regression,tree,False,0.0,True,12,0.6666666666666666,0.5,,,0.0,0,0,4,8,1.598081444207035,1.0,4.16254089062912,5.251515606745295,66.66666666666666,1116.308596107419,2.21448878793425
extrapolation_top2,extrapolation,cpu_ready,10,model_regression,tree,False,0.0,True,12,0.5,0.5,,,0.0,0,0,6,6,3.092306689484392,1.0966668852329944,10.024914207386212,13.423643715469808,50.0,4465.234384429676,4.642376669228685
extrapolation_top2,extrapolation,cpu_ready,30,model_regression,tree,False,0.0,True,12,0.5,0.5,,,0.0,0,0,6,6,7.745867592704094,2.299845927519195,26.017419948405895,37.22727702052595,50.0,40187.10945986708,10.769603245593858
extrapolation_top2,extrapolation,cpu_ready,100,model_regression,tree,False,0.0,True,12,0.5,0.5,,,0.0,0,0,6,6,13.482079647680278,3.770653525399843,50.74012853396089,63.31409011262751,50.0,446523.43844296754,15.592387067109605
extrapolation_top2,extrapolation,cpu_ready,1000,model_regression,tree,False,0.0,True,12,0.5,0.5,,,0.0,0,0,6,6,18.10294842865176,4.865046410974931,72.44264812576486,81.2887280183054,50.0,44652343.84429675,18.175156413980105
extrapolation_top2,extrapolation,gpu_ready,1,model_regression,tree,False,0.0,True,12,0.75,0.7,0.5291502622129182,0.7,1.0,7,3,0,2,2.733970913603235,1.0,10.78383418658963,15.09206000623601,75.0,21.14737888199952,6.604513684851582
extrapolation_top2,extrapolation,gpu_ready,2,model_regression,tree,False,0.0,True,12,0.6666666666666666,0.6666666666666666,0.4472135954999579,0.6,1.0,6,4,0,2,3.9063933210921427,1.0,17.276729258167112,21.71847038944617,66.66666666666666,84.79718706771084,7.731239623641513
extrapolation_top2,extrapolation,gpu_ready,3,model_regression,tree,False,0.0,True,12,0.6666666666666666,0.6666666666666666,0.4472135954999579,0.6,1.0,6,4,0,2,4.578150388276296,1.0,20.99667573718892,24.92845975380626,66.66666666666666,191.01543506770852,8.11086086536335
extrapolation_top2,extrapolation,gpu_ready,5,model_regression,tree,False,0.0,True,12,0.6666666666666666,0.6666666666666666,0.4472135954999579,0.6,1.0,6,4,0,2,5.304841027812796,1.0,25.063222568808644,28.04015345709663,66.66666666666666,531.1572505105631,8.403996444992345
extrapolation_top2,extrapolation,gpu_ready,10,model_regression,tree,False,0.0,True,12,0.6666666666666666,0.6666666666666666,0.4472135954999579,0.6,1.0,6,4,0,2,6.017414575162629,1.0,29.089436145118405,30.774476528777683,66.66666666666666,2126.4594858677115,8.614588143287614
extrapolation_top2,extrapolation,gpu_ready,30,model_regression,tree,False,0.0,True,12,0.8333333333333334,0.8333333333333333,0.7071067811865476,0.75,1.0,6,2,0,4,1.3599785612651152,1.0,3.1513670717000166,3.2449143264974363,83.33333333333334,2301.8443670132406,1.0516964802109958
extrapolation_top2,extrapolation,gpu_ready,100,model_regression,tree,False,0.0,True,12,0.8333333333333334,0.8333333333333333,0.7071067811865476,0.75,1.0,6,2,0,4,1.3794695195249667,1.0,3.2720875085329917,3.3241132033178906,83.33333333333334,25471.232413517562,1.052660289807517
extrapolation_top2,extrapolation,gpu_ready,1000,model_regression,tree,False,0.0,True,12,0.8333333333333334,0.8333333333333333,0.7071067811865476,0.75,1.0,6,2,0,4,1.3873177932561178,1.0,3.3207523852431984,3.355450502471791,83.33333333333334,2543157.4831897155,1.0530297064862655
extrapolation_top2,extrapolation,none_ready,1,model_regression,tree,False,0.0,True,12,1.0,1.0,,,,0,0,0,12,1.0,1.0,1.0,1.0,100.0,50.110055388237264,1.0
extrapolation_top2,extrapolation,none_ready,2,model_regression,tree,False,0.0,True,12,0.9166666666666666,0.5,,,0.0,0,0,1,11,1.0196683016921253,1.0,1.1062088291374763,1.2360196203055034,91.66666666666666,189.03389176516762,1.0667498930337074
extrapolation_top2,extrapolation,none_ready,3,model_regression,tree,False,0.0,True,12,0.8333333333333334,0.5,,,0.0,0,0,2,10,1.168593574273731,1.0,1.969619216013392,2.4309837419323106,83.33333333333334,417.26241583069145,1.4504510138755875
extrapolation_top2,extrapolation,none_ready,5,model_regression,tree,False,0.0,True,12,0.6666666666666666,0.5,,,0.0,0,0,4,8,1.6171017715441962,1.0,4.224267991354548,5.378579882270913,66.66666666666666,1141.63352702752,2.2373101999125917
extrapolation_top2,extrapolation,none_ready,10,model_regression,tree,False,0.0,True,12,0.5,0.5,,,0.0,0,0,6,6,3.120738274312386,1.1208534096245804,10.102810207984602,13.58555869767545,50.0,4515.393339569977,4.668382259445269
extrapolation_top2,extrapolation,none_ready,30,model_regression,tree,False,0.0,True,12,0.5,0.5,,,0.0,0,0,6,6,7.773683590126473,2.3240085725368558,26.131976100518163,37.37665722027954,50.0,40336.604511888174,10.764727088013053
extrapolation_top2,extrapolation,none_ready,100,model_regression,tree,False,0.0,True,12,0.5,0.5,,,0.0,0,0,6,6,13.497616722404933,3.783795987340343,50.808472371510234,63.390254284315404,50.0,447020.6098340715,15.581863605597874
extrapolation_top2,extrapolation,none_ready,1000,model_regression,tree,False,0.0,True,12,0.5,0.5,,,0.0,0,0,6,6,18.105105132116375,4.866798875701187,72.45253718751151,81.29850407884102,50.0,44657311.14004749,18.173406719284795
extrapolation_top2,extrapolation,cpu_ready,1,model_regression,random_forest,False,0.0,True,12,1.0,1.0,,,,0,0,0,12,1.0,1.0,1.0,1.0,100.0,44.65234384429675,1.0
extrapolation_top2,extrapolation,cpu_ready,2,model_regression,random_forest,False,0.0,True,12,0.9166666666666666,0.5,,,0.0,0,0,1,11,1.0137438310493723,1.0,1.0742166876666106,1.164925972592468,91.66666666666666,178.609375377187,1.0485223737219873
extrapolation_top2,extrapolation,cpu_ready,3,model_regression,random_forest,False,0.0,True,12,0.8333333333333334,0.5,,,0.0,0,0,2,10,1.1601542068282773,1.0,1.9233785022762975,2.3363926279033156,83.33333333333334,401.8710945986708,1.4447534801034743
extrapolation_top2,extrapolation,cpu_ready,5,model_regression,random_forest,False,0.0,True,12,0.6666666666666666,0.5,,,0.0,0,0,4,8,1.598081444207035,1.0,4.16254089062912,5.251515606745295,66.66666666666666,1116.308596107419,2.21448878793425
extrapolation_top2,extrapolation,cpu_ready,10,model_regression,random_forest,False,0.0,True,12,0.5,0.5,,,0.0,0,0,6,6,3.092306689484392,1.0966668852329944,10.024914207386212,13.423643715469808,50.0,4465.234384429676,4.642376669228685
extrapolation_top2,extrapolation,cpu_ready,30,model_regression,random_forest,False,0.0,True,12,1.0,1.0,1.0,1.0,1.0,6,0,0,6,1.0,1.0,1.0,1.0,100.0,3731.531101325273,1.0
extrapolation_top2,extrapolation,cpu_ready,100,model_regression,random_forest,False,0.0,True,12,1.0,1.0,1.0,1.0,1.0,6,0,0,6,1.0,1.0,1.0,1.0,100.0,28637.27256905126,1.0
extrapolation_top2,extrapolation,cpu_ready,1000,model_regression,random_forest,False,0.0,True,12,1.0,1.0,1.0,1.0,1.0,6,0,0,6,1.0,1.0,1.0,1.0,100.0,2456779.0684844246,1.0
extrapolation_top2,extrapolation,gpu_ready,1,model_regression,random_forest,False,0.0,True,12,0.75,0.7,0.5291502622129182,0.7,1.0,7,3,0,2,2.733970913603235,1.0,10.78383418658963,15.09206000623601,75.0,21.14737888199952,6.604513684851582
extrapolation_top2,extrapolation,gpu_ready,2,model_regression,random_forest,False,0.0,True,12,0.6666666666666666,0.6666666666666666,0.4472135954999579,0.6,1.0,6,4,0,2,3.9063933210921427,1.0,17.276729258167112,21.71847038944617,66.66666666666666,84.79718706771084,7.731239623641513
extrapolation_top2,extrapolation,gpu_ready,3,model_regression,random_forest,False,0.0,True,12,0.6666666666666666,0.6666666666666666,0.4472135954999579,0.6,1.0,6,4,0,2,4.578150388276296,1.0,20.99667573718892,24.92845975380626,66.66666666666666,191.01543506770852,8.11086086536335
extrapolation_top2,extrapolation,gpu_ready,5,model_regression,random_forest,False,0.0,True,12,0.6666666666666666,0.6666666666666666,0.4472135954999579,0.6,1.0,6,4,0,2,5.304841027812796,1.0,25.063222568808644,28.04015345709663,66.66666666666666,531.1572505105631,8.403996444992345
extrapolation_top2,extrapolation,gpu_ready,10,model_regression,random_forest,False,0.16666666666666666,True,12,0.6666666666666666,0.6666666666666666,0.4472135954999579,0.6,1.0,6,4,0,2,6.017414575162629,1.0,29.089436145118405,30.774476528777683,66.66666666666666,2126.4594858677115,8.614588143287614
extrapolation_top2,extrapolation,gpu_ready,30,model_regression,random_forest,False,0.0,True,12,0.8333333333333334,0.8333333333333333,0.7071067811865476,0.75,1.0,6,2,0,4,1.3599785612651152,1.0,3.1513670717000166,3.2449143264974363,83.33333333333334,2301.8443670132406,1.0516964802109958
extrapolation_top2,extrapolation,gpu_ready,100,model_regression,random_forest,False,0.0,True,12,0.8333333333333334,0.8333333333333333,0.7071067811865476,0.75,1.0,6,2,0,4,1.3794695195249667,1.0,3.2720875085329917,3.3241132033178906,83.33333333333334,25471.232413517562,1.052660289807517
extrapolation_top2,extrapolation,gpu_ready,1000,model_regression,random_forest,False,0.0,True,12,0.8333333333333334,0.8333333333333333,0.7071067811865476,0.75,1.0,6,2,0,4,1.3873177932561178,1.0,3.3207523852431984,3.355450502471791,83.33333333333334,2543157.4831897155,1.0530297064862655
extrapolation_top2,extrapolation,none_ready,1,model_regression,random_forest,False,0.0,True,12,1.0,1.0,,,,0,0,0,12,1.0,1.0,1.0,1.0,100.0,50.110055388237264,1.0
extrapolation_top2,extrapolation,none_ready,2,model_regression,random_forest,False,0.0,True,12,0.9166666666666666,0.5,,,0.0,0,0,1,11,1.0196683016921253,1.0,1.1062088291374763,1.2360196203055034,91.66666666666666,189.03389176516762,1.0667498930337074
extrapolation_top2,extrapolation,none_ready,3,model_regression,random_forest,False,0.0,True,12,0.8333333333333334,0.5,,,0.0,0,0,2,10,1.168593574273731,1.0,1.969619216013392,2.4309837419323106,83.33333333333334,417.26241583069145,1.4504510138755875
extrapolation_top2,extrapolation,none_ready,5,model_regression,random_forest,False,0.0,True,12,0.6666666666666666,0.5,,,0.0,0,0,4,8,1.6171017715441962,1.0,4.224267991354548,5.378579882270913,66.66666666666666,1141.63352702752,2.2373101999125917
extrapolation_top2,extrapolation,none_ready,10,model_regression,random_forest,False,0.0,True,12,0.5,0.5,,,0.0,0,0,6,6,3.120738274312386,1.1208534096245804,10.102810207984602,13.58555869767545,50.0,4515.393339569977,4.668382259445269
extrapolation_top2,extrapolation,none_ready,30,model_regression,random_forest,False,0.0,True,12,1.0,1.0,1.0,1.0,1.0,6,0,0,6,1.0,1.0,1.0,1.0,100.0,3747.1088846093057,1.0
extrapolation_top2,extrapolation,none_ready,100,model_regression,random_forest,False,0.0,True,12,1.0,1.0,1.0,1.0,1.0,6,0,0,6,1.0,1.0,1.0,1.0,100.0,28688.52026618156,1.0
extrapolation_top2,extrapolation,none_ready,1000,model_regression,random_forest,False,0.0,True,12,1.0,1.0,1.0,1.0,1.0,6,0,0,6,1.0,1.0,1.0,1.0,100.0,2457288.9293595776,1.0
extrapolation_top2,extrapolation,cpu_ready,1,model_classification,logistic,False,0.0,False,12,0.5833333333333334,0.5833333333333334,,0.0,,0,5,0,7,109.78070671176266,1.0,580.893439431596,1244.5860801737253,58.333333333333336,298.91059984471315,6.694174910213402
extrapolation_top2,extrapolation,cpu_ready,2,model_classification,logistic,False,0.0,False,12,0.6666666666666666,0.8181818181818181,0.3567530340063379,0.2,1.0,1,4,0,7,30.823368189412676,1.0,160.77364391512225,344.41388826086745,66.66666666666666,387.4133375661431,2.274301399120696
extrapolation_top2,extrapolation,cpu_ready,3,model_classification,logistic,False,0.0,False,12,0.5833333333333334,0.55,0.07559289460184544,0.2,0.5,1,4,1,6,15.482618852019797,1.0,78.715607230324,168.60477181138904,58.333333333333336,514.1241184578887,1.8483106133546294
extrapolation_top2,extrapolation,cpu_ready,5,model_classification,logistic,False,0.0,False,12,0.75,0.75,0.47809144373375745,0.6,0.75,3,2,1,6,7.2667734820427805,1.0,34.508445759385374,72.68685975953709,75.0,882.1698097523266,1.7500135352918424
extrapolation_top2,extrapolation,cpu_ready,10,model_classification,logistic,False,0.0,False,12,0.75,0.75,0.50709255283711,0.8,0.6666666666666666,4,1,2,5,3.770548719451906,1.0,16.062528650495764,26.840564700157724,75.0,2470.9247934689447,2.5689499419377224
extrapolation_top2,extrapolation,cpu_ready,30,model_classification,logistic,False,0.0,False,12,0.75,0.75,0.50709255283711,0.8,0.6666666666666666,4,1,2,5,3.3678277615938597,1.0,11.977512260889277,15.981898704949359,75.0,18377.955520914322,4.925044176742167
extrapolation_top2,extrapolation,cpu_ready,100,model_classification,logistic,False,0.0,False,12,0.75,0.75,0.50709255283711,0.8,0.6666666666666666,4,1,2,5,4.128571686253019,1.0,17.38823775080921,23.249451148115472,75.0,194407.8990534673,6.788631793921845
extrapolation_top2,extrapolation,cpu_ready,1000,model_classification,logistic,False,0.0,False,12,0.8333333333333334,0.8333333333333334,0.6666666666666666,0.8333333333333334,0.8333333333333334,5,1,1,5,3.4118575669629485,1.0,14.27233796374563,27.45921978209813,83.33333333333334,16643644.211677164,6.774579132972079
extrapolation_top2,extrapolation,gpu_ready,1,model_classification,logistic,False,0.0,False,12,0.8333333333333334,0.8285714285714285,0.6571428571428571,0.8571428571428571,0.8571428571428571,6,1,1,4,3.3173814612205432,1.0,13.559526771057845,28.351908729977218,83.33333333333334,17.52492305473865,5.473188653157978
extrapolation_top2,extrapolation,gpu_ready,2,model_classification,logistic,False,0.0,False,12,0.75,0.75,0.50709255283711,0.7142857142857143,0.8333333333333334,5,2,1,4,3.3908428132874158,1.0,13.841935058518057,28.1744417192737,75.0,68.05830138268479,6.205100128467659
extrapolation_top2,extrapolation,gpu_ready,3,model_classification,logistic,False,0.0,False,12,0.75,0.75,0.50709255283711,0.7142857142857143,0.8333333333333334,5,2,1,4,3.4454135751045896,1.0,13.993084432786574,28.115379537520507,75.0,151.86569071710372,6.448491909526122
extrapolation_top2,extrapolation,gpu_ready,5,model_classification,logistic,False,0.0,False,12,0.75,0.75,0.50709255283711,0.7142857142857143,0.8333333333333334,5,2,1,4,3.50487920688338,1.0,14.14551773372976,28.068163447971216,75.0,419.30250240536003,6.6342250552051185
extrapolation_top2,extrapolation,gpu_ready,10,model_classification,logistic,False,0.0,False,12,0.75,0.75,0.50709255283711,0.7142857142857143,0.8333333333333334,5,2,1,4,3.5630418871881595,1.0,14.283346501958782,28.032771013390324,75.0,1670.189724239275,6.7661748042198795
extrapolation_top2,extrapolation,gpu_ready,30,model_classification,logistic,False,0.0,False,12,0.75,0.75,0.50709255283711,0.7142857142857143,0.8333333333333334,5,2,1,4,3.6107440117527148,1.0,14.388836312206609,28.00918540585119,75.0,14992.241363193136,6.849849493779102
extrapolation_top2,extrapolation,gpu_ready,100,model_classification,logistic,False,0.0,False,12,0.75,0.75,0.50709255283711,0.7142857142857143,0.8333333333333334,5,2,1,4,3.6295472037036998,1.0,14.428681756389981,28.000932210144793,75.0,166432.55676992095,6.878227978865057
extrapolation_top2,extrapolation,gpu_ready,1000,model_classification,logistic,False,0.0,False,12,0.75,0.75,0.50709255283711,0.7142857142857143,0.8333333333333334,5,2,1,4,3.6371302165481487,1.0,14.444484862136436,27.997749079504374,75.0,16637628.130610373,6.889041194975544
extrapolation_top2,extrapolation,none_ready,1,model_classification,logistic,False,0.0,False,12,0.5833333333333334,0.5833333333333334,,0.0,,0,5,0,7,49.73783891209351,1.0,257.3392926583612,539.7353980573132,58.333333333333336,299.84888437709276,5.983806684186558
extrapolation_top2,extrapolation,none_ready,2,model_classification,logistic,False,0.0,False,12,0.6666666666666666,0.8181818181818181,0.3567530340063379,0.2,1.0,1,4,0,7,19.997995338034787,1.0,102.3850277518657,216.89808284133073,66.66666666666666,389.0096624602007,2.1952466403961712
extrapolation_top2,extrapolation,none_ready,3,model_classification,logistic,False,0.0,False,12,0.5833333333333334,0.55,0.07559289460184544,0.2,0.5,1,4,1,6,11.56478874862655,1.0,57.57860866888115,122.4007520361159,58.333333333333336,516.3784837136243,1.794989596067219
extrapolation_top2,extrapolation,none_ready,5,model_classification,logistic,False,0.0,False,12,0.75,0.75,0.47809144373375745,0.6,0.75,3,2,1,6,6.162864211807148,1.0,28.624528529973887,59.60138107920286,75.0,885.7402557314181,1.7358247298332186
extrapolation_top2,extrapolation,none_ready,10,model_classification,logistic,False,0.0,False,12,0.75,0.75,0.50709255283711,0.8,0.6666666666666666,4,1,2,5,3.5548490667674266,1.0,14.898404122351828,24.242434062935967,75.0,2477.7854412564266,2.5617368691461277
extrapolation_top2,extrapolation,none_ready,30,model_classification,logistic,False,0.0,False,12,0.75,0.75,0.50709255283711,0.8,0.6666666666666666,4,1,2,5,3.343819839718682,1.0,11.818054678761017,15.988628851409482,75.0,18397.976975935366,4.9099125599211515
extrapolation_top2,extrapolation,none_ready,100,model_classification,logistic,False,0.0,False,12,0.75,0.75,0.50709255283711,0.8,0.6666666666666666,4,1,2,5,4.124780807944277,1.0,17.389745967304954,23.252388161965406,75.0,194473.98333380584,6.778808440777427
extrapolation_top2,extrapolation,none_ready,1000,model_classification,logistic,False,0.0,False,12,0.8333333333333334,0.8333333333333334,0.6666666666666666,0.8333333333333334,0.8333333333333334,5,1,1,5,3.4115831921234587,1.0,14.270492402370206,27.459566656446075,83.33333333333334,16644295.40322293,6.773438485136053
extrapolation_top2,extrapolation,cpu_ready,1,model_regression,ridge,True,0.0,True,12,1.0,1.0,,,,0,0,0,12,1.0,1.0,1.0,1.0,100.0,44.65234384429675,1.0
extrapolation_top2,extrapolation,cpu_ready,2,model_regression,ridge,True,0.0,True,12,0.9166666666666666,0.5,,,0.0,0,0,1,11,1.0137438310493723,1.0,1.0742166876666106,1.164925972592468,91.66666666666666,178.609375377187,1.0485223737219873
extrapolation_top2,extrapolation,cpu_ready,3,model_regression,ridge,True,0.0,True,12,0.8333333333333334,0.5,,,0.0,0,0,2,10,1.1601542068282773,1.0,1.9233785022762975,2.3363926279033156,83.33333333333334,401.8710945986708,1.4447534801034743
extrapolation_top2,extrapolation,cpu_ready,5,model_regression,ridge,True,0.0,True,12,0.6666666666666666,0.5,,,0.0,0,0,4,8,1.598081444207035,1.0,4.16254089062912,5.251515606745295,66.66666666666666,1116.308596107419,2.21448878793425
extrapolation_top2,extrapolation,cpu_ready,10,model_regression,ridge,True,0.0,True,12,0.5,0.5,,,0.0,0,0,6,6,3.092306689484392,1.0966668852329944,10.024914207386212,13.423643715469808,50.0,4465.234384429676,4.642376669228685
extrapolation_top2,extrapolation,cpu_ready,30,model_regression,ridge,True,0.0,True,12,0.5,0.5,,,0.0,0,0,6,6,7.745867592704094,2.299845927519195,26.017419948405895,37.22727702052595,50.0,40187.10945986708,10.769603245593858
extrapolation_top2,extrapolation,cpu_ready,100,model_regression,ridge,True,0.0,True,12,0.4166666666666667,0.4166666666666667,-0.30151134457776363,0.0,0.0,0,1,6,5,14.08812211392506,7.406908322868531,50.74012853396089,63.31409011262751,41.66666666666667,456804.7386780404,15.951405203710506
extrapolation_top2,extrapolation,cpu_ready,1000,model_regression,ridge,True,0.0,True,12,0.5,0.5,0.0,0.5,0.3333333333333333,2,2,4,4,13.203270120523166,4.224218016011804,51.68249848839137,81.2887280183054,50.0,40367218.43101639,16.430951789213484
extrapolation_top2,extrapolation,gpu_ready,1,model_regression,ridge,True,0.0,True,12,0.8333333333333334,0.8571428571428572,0.7142857142857143,1.0,0.7142857142857143,5,0,2,5,4.681730216578433,1.0,22.56422855641993,28.351908729977218,83.33333333333334,19.985839821681047,6.241754750887769
extrapolation_top2,extrapolation,gpu_ready,2,model_regression,ridge,True,0.0,True,12,0.75,0.75,0.50709255283711,0.8,0.6666666666666666,4,1,2,5,4.6983477611156275,1.0,22.471467714184268,28.1744417192737,75.0,77.76908878926592,7.09046469032005
extrapolation_top2,extrapolation,gpu_ready,3,model_regression,ridge,True,0.0,True,12,0.6666666666666666,0.6666666666666666,0.3333333333333333,0.6666666666666666,0.6666666666666666,4,2,2,4,4.845205740818429,1.0,22.44054908559556,28.115379537520507,66.66666666666666,174.36436273106006,7.403826216913165
extrapolation_top2,extrapolation,gpu_ready,5,model_regression,ridge,True,0.0,True,12,0.6666666666666666,0.6666666666666666,0.3333333333333333,0.6666666666666666,0.6666666666666666,4,2,2,4,4.904143028991546,1.0,22.415814777500938,28.068163447971216,66.66666666666666,481.775224677416,7.622671575286861
extrapolation_top2,extrapolation,gpu_ready,10,model_regression,ridge,True,0.0,True,12,0.6666666666666666,0.6666666666666666,0.3333333333333333,0.6666666666666666,0.6666666666666666,4,2,2,4,4.961908165575614,1.0,22.397264393382834,28.032771013390324,66.66666666666666,1920.009617027694,7.77823052438533
extrapolation_top2,extrapolation,gpu_ready,30,model_regression,ridge,True,0.0,True,12,0.6666666666666666,0.6666666666666666,0.3333333333333333,0.6666666666666666,0.6666666666666666,4,2,2,4,5.009344648604239,1.0,22.384897635853086,28.00918540585119,66.66666666666666,17240.193436205784,7.87692296440563
extrapolation_top2,extrapolation,gpu_ready,100,model_regression,ridge,True,0.0,True,12,0.5833333333333334,0.5833333333333333,0.1690308509457033,0.5714285714285714,0.6666666666666666,4,3,2,3,5.56522848444128,1.0,22.380569301943435,28.000932210144793,58.333333333333336,192331.02944713668,7.94854500598707
extrapolation_top2,extrapolation,gpu_ready,1000,model_regression,ridge,True,0.0,True,12,0.5833333333333334,0.5833333333333334,0.19245008972987526,0.5555555555555556,0.8333333333333334,5,4,1,2,6.9730945251589915,1.0,30.99834577427172,34.665741734542934,58.333333333333336,18469345.295000065,7.647489148251288
extrapolation_top2,extrapolation,none_ready,1,model_regression,ridge,True,0.0,True,12,1.0,1.0,,,,0,0,0,12,1.0,1.0,1.0,1.0,100.0,50.110055388237264,1.0
extrapolation_top2,extrapolation,none_ready,2,model_regression,ridge,True,0.0,True,12,0.9166666666666666,0.5,,,0.0,0,0,1,11,1.0196683016921253,1.0,1.1062088291374763,1.2360196203055034,91.66666666666666,189.03389176516762,1.0667498930337074
extrapolation_top2,extrapolation,none_ready,3,model_regression,ridge,True,0.0,True,12,0.8333333333333334,0.5,,,0.0,0,0,2,10,1.168593574273731,1.0,1.969619216013392,2.4309837419323106,83.33333333333334,417.26241583069145,1.4504510138755875
extrapolation_top2,extrapolation,none_ready,5,model_regression,ridge,True,0.0,True,12,0.6666666666666666,0.5,,,0.0,0,0,4,8,1.6171017715441962,1.0,4.224267991354548,5.378579882270913,66.66666666666666,1141.63352702752,2.2373101999125917
extrapolation_top2,extrapolation,none_ready,10,model_regression,ridge,True,0.0,True,12,0.5,0.5,,,0.0,0,0,6,6,3.120738274312386,1.1208534096245804,10.102810207984602,13.58555869767545,50.0,4515.393339569977,4.668382259445269
extrapolation_top2,extrapolation,none_ready,30,model_regression,ridge,True,0.0,True,12,0.5,0.5,,,0.0,0,0,6,6,7.773683590126473,2.3240085725368558,26.131976100518163,37.37665722027954,50.0,40336.604511888174,10.764727088013053
extrapolation_top2,extrapolation,none_ready,100,model_regression,ridge,True,0.0,True,12,0.5,0.5,,,0.0,0,0,6,6,13.497616722404933,3.783795987340343,50.808472371510234,63.390254284315404,50.0,447020.6098340715,15.581863605597874
extrapolation_top2,extrapolation,none_ready,1000,model_regression,ridge,True,0.0,True,12,0.5,0.5,,,0.0,0,0,6,6,18.105105132116375,4.866798875701187,72.45253718751151,81.29850407884102,50.0,44657311.14004749,18.173406719284795
extrapolation_top2,extrapolation,cpu_ready,1,model_regression,elasticnet,True,0.0,True,12,0.5,0.5,,0.0,,0,6,0,6,8.113175641792646,2.01958890731617,28.910598987610186,37.87218791531008,50.0,345.68679774544506,7.741739133579617
extrapolation_top2,extrapolation,cpu_ready,2,model_regression,elasticnet,True,0.0,True,12,0.5833333333333334,0.7727272727272727,0.30151134457776363,0.16666666666666666,1.0,1,5,0,6,2.636204065092835,1.0,8.0173258113068,10.52253490496757,58.333333333333336,394.8319128722361,2.317851980791749
extrapolation_top2,extrapolation,cpu_ready,3,model_regression,elasticnet,True,0.0,True,12,0.6666666666666666,0.8,0.4472135954999579,0.3333333333333333,1.0,2,4,0,6,1.6267197143500214,1.0,3.9321592107079306,5.169927118543708,66.66666666666666,448.8061806219406,1.6134882554641983
extrapolation_top2,extrapolation,cpu_ready,5,model_regression,elasticnet,True,0.0,True,12,0.8333333333333334,0.875,0.7071067811865476,0.6666666666666666,1.0,4,2,0,6,1.1249764818065089,1.0,1.7005587351696452,2.2428604475331273,83.33333333333334,571.24217399009,1.133207603979171
extrapolation_top2,extrapolation,cpu_ready,10,model_regression,elasticnet,True,0.0,True,12,1.0,1.0,1.0,1.0,1.0,6,0,0,6,1.0,1.0,1.0,1.0,100.0,961.8423283114505,1.0
extrapolation_top2,extrapolation,cpu_ready,30,model_regression,elasticnet,True,0.0,True,12,1.0,1.0,1.0,1.0,1.0,6,0,0,6,1.0,1.0,1.0,1.0,100.0,3731.531101325273,1.0
extrapolation_top2,extrapolation,cpu_ready,100,model_regression,elasticnet,True,0.0,True,12,1.0,1.0,1.0,1.0,1.0,6,0,0,6,1.0,1.0,1.0,1.0,100.0,28637.27256905126,1.0
extrapolation_top2,extrapolation,cpu_ready,1000,model_regression,elasticnet,True,0.0,True,12,1.0,1.0,1.0,1.0,1.0,6,0,0,6,1.0,1.0,1.0,1.0,100.0,2456779.0684844246,1.0
extrapolation_top2,extrapolation,gpu_ready,1,model_regression,elasticnet,True,0.0,True,12,0.75,0.7,0.5291502622129182,0.7,1.0,7,3,0,2,2.733970913603235,1.0,10.78383418658963,15.09206000623601,75.0,21.14737888199952,6.604513684851582
extrapolation_top2,extrapolation,gpu_ready,2,model_regression,elasticnet,True,0.0,True,12,0.6666666666666666,0.6666666666666666,0.4472135954999579,0.6,1.0,6,4,0,2,3.9063933210921427,1.0,17.276729258167112,21.71847038944617,66.66666666666666,84.79718706771084,7.731239623641513
extrapolation_top2,extrapolation,gpu_ready,3,model_regression,elasticnet,True,0.0,True,12,0.6666666666666666,0.6666666666666666,0.4472135954999579,0.6,1.0,6,4,0,2,4.578150388276296,1.0,20.99667573718892,24.92845975380626,66.66666666666666,191.01543506770852,8.11086086536335
extrapolation_top2,extrapolation,gpu_ready,5,model_regression,elasticnet,True,0.0,True,12,0.6666666666666666,0.6666666666666666,0.4472135954999579,0.6,1.0,6,4,0,2,5.304841027812796,1.0,25.063222568808644,28.04015345709663,66.66666666666666,531.1572505105631,8.403996444992345
extrapolation_top2,extrapolation,gpu_ready,10,model_regression,elasticnet,True,0.0,True,12,0.6666666666666666,0.6666666666666666,0.4472135954999579,0.6,1.0,6,4,0,2,6.017414575162629,1.0,29.089436145118405,30.774476528777683,66.66666666666666,2126.4594858677115,8.614588143287614
extrapolation_top2,extrapolation,gpu_ready,30,model_regression,elasticnet,True,0.0,True,12,0.6666666666666666,0.6666666666666666,0.4472135954999579,0.6,1.0,6,4,0,2,6.60619822818616,1.0,32.442377224381126,32.82672577297776,66.66666666666666,19149.778380867898,8.749398877089044
extrapolation_top2,extrapolation,gpu_ready,100,model_regression,elasticnet,True,0.0,True,12,0.5833333333333334,0.5833333333333334,0.30151134457776363,0.5454545454545454,1.0,6,5,0,1,7.376936071841044,1.0,33.744975457766046,33.92957142030312,58.333333333333336,213744.8698249884,8.833523755820885
extrapolation_top2,extrapolation,gpu_ready,1000,model_regression,elasticnet,True,0.0,True,12,0.5,0.5,,0.5,1.0,6,6,0,0,7.995473500226704,2.146181508300811,34.24299042252547,34.665741734542934,50.0,22275395.627007544,9.22343719334009
extrapolation_top2,extrapolation,none_ready,1,model_regression,elasticnet,True,0.0,True,12,1.0,1.0,,,,0,0,0,12,1.0,1.0,1.0,1.0,100.0,50.110055388237264,1.0
extrapolation_top2,extrapolation,none_ready,2,model_regression,elasticnet,True,0.0,True,12,0.9166666666666666,0.5,,,0.0,0,0,1,11,1.0196683016921253,1.0,1.1062088291374763,1.2360196203055034,91.66666666666666,189.03389176516762,1.0667498930337074
extrapolation_top2,extrapolation,none_ready,3,model_regression,elasticnet,True,0.0,True,12,0.8333333333333334,0.5,,,0.0,0,0,2,10,1.168593574273731,1.0,1.969619216013392,2.4309837419323106,83.33333333333334,417.26241583069145,1.4504510138755875
extrapolation_top2,extrapolation,none_ready,5,model_regression,elasticnet,True,0.0,True,12,0.6666666666666666,0.5,,,0.0,0,0,4,8,1.6171017715441962,1.0,4.224267991354548,5.378579882270913,66.66666666666666,1141.63352702752,2.2373101999125917
extrapolation_top2,extrapolation,none_ready,10,model_regression,elasticnet,True,0.0,True,12,0.5,0.5,,,0.0,0,0,6,6,3.120738274312386,1.1208534096245804,10.102810207984602,13.58555869767545,50.0,4515.393339569977,4.668382259445269
extrapolation_top2,extrapolation,none_ready,30,model_regression,elasticnet,True,0.0,True,12,0.5,0.5,,,0.0,0,0,6,6,7.773683590126473,2.3240085725368558,26.131976100518163,37.37665722027954,50.0,40336.604511888174,10.764727088013053
extrapolation_top2,extrapolation,none_ready,100,model_regression,elasticnet,True,0.0,True,12,0.5,0.5,,,0.0,0,0,6,6,13.497616722404933,3.783795987340343,50.808472371510234,63.390254284315404,50.0,447020.6098340715,15.581863605597874
extrapolation_top2,extrapolation,none_ready,1000,model_regression,elasticnet,True,0.0,True,12,0.6666666666666666,0.6666666666666666,0.4472135954999579,1.0,0.3333333333333333,2,0,4,6,10.544759573013575,1.0,44.44947922179964,65.21492791278739,66.66666666666666,24328302.454420503,9.900464761692058
extrapolation_top2,extrapolation,cpu_ready,1,model_regression,huber,True,0.0,True,12,1.0,1.0,,,,0,0,0,12,1.0,1.0,1.0,1.0,100.0,44.65234384429675,1.0
extrapolation_top2,extrapolation,cpu_ready,2,model_regression,huber,True,0.0,True,12,0.9166666666666666,0.5,,,0.0,0,0,1,11,1.0137438310493723,1.0,1.0742166876666106,1.164925972592468,91.66666666666666,178.609375377187,1.0485223737219873
extrapolation_top2,extrapolation,cpu_ready,3,model_regression,huber,True,0.0,True,12,0.8333333333333334,0.5,,,0.0,0,0,2,10,1.1601542068282773,1.0,1.9233785022762975,2.3363926279033156,83.33333333333334,401.8710945986708,1.4447534801034743
extrapolation_top2,extrapolation,cpu_ready,5,model_regression,huber,True,0.0,True,12,0.6666666666666666,0.5,,,0.0,0,0,4,8,1.598081444207035,1.0,4.16254089062912,5.251515606745295,66.66666666666666,1116.308596107419,2.21448878793425
extrapolation_top2,extrapolation,cpu_ready,10,model_regression,huber,True,0.0,True,12,0.5833333333333334,0.5833333333333334,0.30151134457776363,1.0,0.16666666666666666,1,0,5,6,2.8289268873595064,1.0,10.024914207386212,13.423643715469808,58.333333333333336,4167.104407160361,4.332419445997834
extrapolation_top2,extrapolation,cpu_ready,30,model_regression,huber,True,0.0,True,12,0.75,0.75,0.5773502691896257,1.0,0.5,3,0,3,6,2.928881419129283,1.0,10.802596975487209,15.981898704949359,75.0,22053.76771324807,5.910112260732748
extrapolation_top2,extrapolation,cpu_ready,100,model_regression,huber,True,0.0,True,12,0.8333333333333334,0.8333333333333333,0.7071067811865476,1.0,0.6666666666666666,4,0,2,6,3.5737097753589544,1.0,15.761539402557538,23.249451148115472,83.33333333333334,226562.39071412137,7.911451419398467
extrapolation_top2,extrapolation,cpu_ready,1000,model_regression,huber,True,0.0,True,12,1.0,1.0,1.0,1.0,1.0,6,0,0,6,1.0,1.0,1.0,1.0,100.0,2456779.0684844246,1.0
extrapolation_top2,extrapolation,gpu_ready,1,model_regression,huber,True,0.0,True,12,0.75,0.7571428571428571,0.50709255283711,0.8333333333333334,0.7142857142857143,5,1,2,4,5.856068550431434,1.0,22.56422855641993,28.351908729977218,75.0,36.34316898591014,11.350293492997748
extrapolation_top2,extrapolation,gpu_ready,2,model_regression,huber,True,0.0,True,12,0.75,0.75,0.50709255283711,0.7142857142857143,0.8333333333333334,5,2,1,4,4.160350150296667,1.0,19.566280615761887,21.71847038944617,75.0,87.8681447516519,8.011228978826765
extrapolation_top2,extrapolation,gpu_ready,3,model_regression,huber,True,0.0,True,12,0.75,0.75,0.50709255283711,0.7142857142857143,0.8333333333333334,5,2,1,4,4.459755813250974,1.0,21.00643518292415,24.92845975380626,75.0,197.5611373131345,8.388803222010745
extrapolation_top2,extrapolation,gpu_ready,5,model_regression,huber,True,0.0,True,12,0.75,0.75,0.50709255283711,0.7142857142857143,0.8333333333333334,5,2,1,4,4.755620350639462,1.0,22.40321028160737,28.04015345709663,75.0,548.6130821057977,8.680183480996702
extrapolation_top2,extrapolation,gpu_ready,10,model_regression,huber,True,0.0,True,12,0.8333333333333334,0.8333333333333333,0.7071067811865476,0.75,1.0,6,2,0,4,3.6220325671169316,1.0,15.32796729009396,30.774476528777683,83.33333333333334,1944.4744827056065,7.877341155552642
extrapolation_top2,extrapolation,gpu_ready,30,model_regression,huber,True,0.0,True,12,0.75,0.75,0.5773502691896257,0.6666666666666666,1.0,6,3,0,3,4.012205709013262,1.0,16.556729477413562,32.82672577297776,75.0,17587.82613071785,8.035753894273837
extrapolation_top2,extrapolation,gpu_ready,100,model_regression,huber,True,0.0,True,12,0.75,0.75,0.5773502691896257,0.6666666666666666,1.0,6,3,0,3,4.095631385984003,1.0,16.945536340703615,33.593942397508435,75.0,195437.34958842074,8.076921199454006
extrapolation_top2,extrapolation,gpu_ready,1000,model_regression,huber,True,0.0,True,12,0.75,0.75,0.5773502691896257,0.6666666666666666,1.0,6,3,0,3,4.12874304204114,1.0,17.099194119798586,33.897102985420275,75.0,19544432.954494826,8.0926441376721
extrapolation_top2,extrapolation,none_ready,1,model_regression,huber,True,0.0,True,12,1.0,1.0,,,,0,0,0,12,1.0,1.0,1.0,1.0,100.0,50.110055388237264,1.0
extrapolation_top2,extrapolation,none_ready,2,model_regression,huber,True,0.0,True,12,0.9166666666666666,0.5,,,0.0,0,0,1,11,1.0196683016921253,1.0,1.1062088291374763,1.2360196203055034,91.66666666666666,189.03389176516762,1.0667498930337074
extrapolation_top2,extrapolation,none_ready,3,model_regression,huber,True,0.0,True,12,0.8333333333333334,0.5,,,0.0,0,0,2,10,1.168593574273731,1.0,1.969619216013392,2.4309837419323106,83.33333333333334,417.26241583069145,1.4504510138755875
extrapolation_top2,extrapolation,none_ready,5,model_regression,huber,True,0.0,True,12,0.6666666666666666,0.5,,,0.0,0,0,4,8,1.6171017715441962,1.0,4.224267991354548,5.378579882270913,66.66666666666666,1141.63352702752,2.2373101999125917
extrapolation_top2,extrapolation,none_ready,10,model_regression,huber,True,0.0,True,12,0.5,0.5,,,0.0,0,0,6,6,3.120738274312386,1.1208534096245804,10.102810207984602,13.58555869767545,50.0,4515.393339569977,4.668382259445269
extrapolation_top2,extrapolation,none_ready,30,model_regression,huber,True,0.08333333333333333,True,12,0.5833333333333334,0.5833333333333334,0.30151134457776363,1.0,0.16666666666666666,1,0,5,6,4.742295488436511,1.0,16.41304797395989,16.931782457077063,58.333333333333336,27500.835376851606,7.339214371326975
extrapolation_top2,extrapolation,none_ready,100,model_regression,huber,True,0.0,True,12,0.6666666666666666,0.6666666666666666,0.4472135954999579,1.0,0.3333333333333333,2,0,4,6,5.005571601201631,1.0,17.389745967304954,23.252388161965406,66.66666666666666,264859.9019669346,9.232260831492075
extrapolation_top2,extrapolation,none_ready,1000,model_regression,huber,True,0.0,True,12,0.9166666666666666,0.9166666666666667,0.8451542547285166,1.0,0.8333333333333334,5,0,1,6,3.2049638880371725,1.0,12.906804995400716,27.459566656446075,91.66666666666666,16541527.65896212,6.731616889379467
extrapolation_top2,extrapolation,cpu_ready,1,model_regression,tree,True,0.0,True,12,1.0,1.0,,,,0,0,0,12,1.0,1.0,1.0,1.0,100.0,44.65234384429675,1.0
extrapolation_top2,extrapolation,cpu_ready,2,model_regression,tree,True,0.0,True,12,0.9166666666666666,0.5,,,0.0,0,0,1,11,1.0137438310493723,1.0,1.0742166876666106,1.164925972592468,91.66666666666666,178.609375377187,1.0485223737219873
extrapolation_top2,extrapolation,cpu_ready,3,model_regression,tree,True,0.0,True,12,0.8333333333333334,0.5,,,0.0,0,0,2,10,1.1601542068282773,1.0,1.9233785022762975,2.3363926279033156,83.33333333333334,401.8710945986708,1.4447534801034743
extrapolation_top2,extrapolation,cpu_ready,5,model_regression,tree,True,0.0,True,12,0.6666666666666666,0.5,,,0.0,0,0,4,8,1.598081444207035,1.0,4.16254089062912,5.251515606745295,66.66666666666666,1116.308596107419,2.21448878793425
extrapolation_top2,extrapolation,cpu_ready,10,model_regression,tree,True,0.0,True,12,0.5,0.5,,,0.0,0,0,6,6,3.092306689484392,1.0966668852329944,10.024914207386212,13.423643715469808,50.0,4465.234384429676,4.642376669228685
extrapolation_top2,extrapolation,cpu_ready,30,model_regression,tree,True,0.0,True,12,0.5,0.5,,,0.0,0,0,6,6,7.745867592704094,2.299845927519195,26.017419948405895,37.22727702052595,50.0,40187.10945986708,10.769603245593858
extrapolation_top2,extrapolation,cpu_ready,100,model_regression,tree,True,0.0,True,12,0.5,0.5,,,0.0,0,0,6,6,13.482079647680278,3.770653525399843,50.74012853396089,63.31409011262751,50.0,446523.43844296754,15.592387067109605
extrapolation_top2,extrapolation,cpu_ready,1000,model_regression,tree,True,0.0,True,12,0.5,0.5,,,0.0,0,0,6,6,18.10294842865176,4.865046410974931,72.44264812576486,81.2887280183054,50.0,44652343.84429675,18.175156413980105
extrapolation_top2,extrapolation,gpu_ready,1,model_regression,tree,True,0.0,True,12,0.75,0.7,0.5291502622129182,0.7,1.0,7,3,0,2,2.733970913603235,1.0,10.78383418658963,15.09206000623601,75.0,21.14737888199952,6.604513684851582
extrapolation_top2,extrapolation,gpu_ready,2,model_regression,tree,True,0.0,True,12,0.6666666666666666,0.6666666666666666,0.4472135954999579,0.6,1.0,6,4,0,2,3.9063933210921427,1.0,17.276729258167112,21.71847038944617,66.66666666666666,84.79718706771084,7.731239623641513
extrapolation_top2,extrapolation,gpu_ready,3,model_regression,tree,True,0.0,True,12,0.6666666666666666,0.6666666666666666,0.4472135954999579,0.6,1.0,6,4,0,2,4.578150388276296,1.0,20.99667573718892,24.92845975380626,66.66666666666666,191.01543506770852,8.11086086536335
extrapolation_top2,extrapolation,gpu_ready,5,model_regression,tree,True,0.0,True,12,0.6666666666666666,0.6666666666666666,0.4472135954999579,0.6,1.0,6,4,0,2,5.304841027812796,1.0,25.063222568808644,28.04015345709663,66.66666666666666,531.1572505105631,8.403996444992345
extrapolation_top2,extrapolation,gpu_ready,10,model_regression,tree,True,0.0,True,12,0.6666666666666666,0.6666666666666666,0.4472135954999579,0.6,1.0,6,4,0,2,6.017414575162629,1.0,29.089436145118405,30.774476528777683,66.66666666666666,2126.4594858677115,8.614588143287614
extrapolation_top2,extrapolation,gpu_ready,30,model_regression,tree,True,0.0,True,12,0.8333333333333334,0.8333333333333333,0.7071067811865476,0.75,1.0,6,2,0,4,1.3599785612651152,1.0,3.1513670717000166,3.2449143264974363,83.33333333333334,2301.8443670132406,1.0516964802109958
extrapolation_top2,extrapolation,gpu_ready,100,model_regression,tree,True,0.0,True,12,0.8333333333333334,0.8333333333333333,0.7071067811865476,0.75,1.0,6,2,0,4,1.3794695195249667,1.0,3.2720875085329917,3.3241132033178906,83.33333333333334,25471.232413517562,1.052660289807517
extrapolation_top2,extrapolation,gpu_ready,1000,model_regression,tree,True,0.0,True,12,0.8333333333333334,0.8333333333333333,0.7071067811865476,0.75,1.0,6,2,0,4,1.3873177932561178,1.0,3.3207523852431984,3.355450502471791,83.33333333333334,2543157.4831897155,1.0530297064862655
extrapolation_top2,extrapolation,none_ready,1,model_regression,tree,True,0.0,True,12,1.0,1.0,,,,0,0,0,12,1.0,1.0,1.0,1.0,100.0,50.110055388237264,1.0
extrapolation_top2,extrapolation,none_ready,2,model_regression,tree,True,0.0,True,12,0.9166666666666666,0.5,,,0.0,0,0,1,11,1.0196683016921253,1.0,1.1062088291374763,1.2360196203055034,91.66666666666666,189.03389176516762,1.0667498930337074
extrapolation_top2,extrapolation,none_ready,3,model_regression,tree,True,0.0,True,12,0.8333333333333334,0.5,,,0.0,0,0,2,10,1.168593574273731,1.0,1.969619216013392,2.4309837419323106,83.33333333333334,417.26241583069145,1.4504510138755875
extrapolation_top2,extrapolation,none_ready,5,model_regression,tree,True,0.0,True,12,0.6666666666666666,0.5,,,0.0,0,0,4,8,1.6171017715441962,1.0,4.224267991354548,5.378579882270913,66.66666666666666,1141.63352702752,2.2373101999125917
extrapolation_top2,extrapolation,none_ready,10,model_regression,tree,True,0.0,True,12,0.5,0.5,,,0.0,0,0,6,6,3.120738274312386,1.1208534096245804,10.102810207984602,13.58555869767545,50.0,4515.393339569977,4.668382259445269
extrapolation_top2,extrapolation,none_ready,30,model_regression,tree,True,0.0,True,12,0.5,0.5,,,0.0,0,0,6,6,7.773683590126473,2.3240085725368558,26.131976100518163,37.37665722027954,50.0,40336.604511888174,10.764727088013053
extrapolation_top2,extrapolation,none_ready,100,model_regression,tree,True,0.0,True,12,0.5,0.5,,,0.0,0,0,6,6,13.497616722404933,3.783795987340343,50.808472371510234,63.390254284315404,50.0,447020.6098340715,15.581863605597874
extrapolation_top2,extrapolation,none_ready,1000,model_regression,tree,True,0.0,True,12,0.5,0.5,,,0.0,0,0,6,6,18.105105132116375,4.866798875701187,72.45253718751151,81.29850407884102,50.0,44657311.14004749,18.173406719284795
extrapolation_top2,extrapolation,cpu_ready,1,model_regression,random_forest,True,0.0,True,12,1.0,1.0,,,,0,0,0,12,1.0,1.0,1.0,1.0,100.0,44.65234384429675,1.0
extrapolation_top2,extrapolation,cpu_ready,2,model_regression,random_forest,True,0.0,True,12,0.9166666666666666,0.5,,,0.0,0,0,1,11,1.0137438310493723,1.0,1.0742166876666106,1.164925972592468,91.66666666666666,178.609375377187,1.0485223737219873
extrapolation_top2,extrapolation,cpu_ready,3,model_regression,random_forest,True,0.0,True,12,0.8333333333333334,0.5,,,0.0,0,0,2,10,1.1601542068282773,1.0,1.9233785022762975,2.3363926279033156,83.33333333333334,401.8710945986708,1.4447534801034743
extrapolation_top2,extrapolation,cpu_ready,5,model_regression,random_forest,True,0.0,True,12,0.6666666666666666,0.5,,,0.0,0,0,4,8,1.598081444207035,1.0,4.16254089062912,5.251515606745295,66.66666666666666,1116.308596107419,2.21448878793425
extrapolation_top2,extrapolation,cpu_ready,10,model_regression,random_forest,True,0.0,True,12,0.5,0.5,,,0.0,0,0,6,6,3.092306689484392,1.0966668852329944,10.024914207386212,13.423643715469808,50.0,4465.234384429676,4.642376669228685
extrapolation_top2,extrapolation,cpu_ready,30,model_regression,random_forest,True,0.0,True,12,1.0,1.0,1.0,1.0,1.0,6,0,0,6,1.0,1.0,1.0,1.0,100.0,3731.531101325273,1.0
extrapolation_top2,extrapolation,cpu_ready,100,model_regression,random_forest,True,0.0,True,12,1.0,1.0,1.0,1.0,1.0,6,0,0,6,1.0,1.0,1.0,1.0,100.0,28637.27256905126,1.0
extrapolation_top2,extrapolation,cpu_ready,1000,model_regression,random_forest,True,0.0,True,12,1.0,1.0,1.0,1.0,1.0,6,0,0,6,1.0,1.0,1.0,1.0,100.0,2456779.0684844246,1.0
extrapolation_top2,extrapolation,gpu_ready,1,model_regression,random_forest,True,0.0,True,12,0.75,0.7,0.5291502622129182,0.7,1.0,7,3,0,2,2.733970913603235,1.0,10.78383418658963,15.09206000623601,75.0,21.14737888199952,6.604513684851582
extrapolation_top2,extrapolation,gpu_ready,2,model_regression,random_forest,True,0.0,True,12,0.6666666666666666,0.6666666666666666,0.4472135954999579,0.6,1.0,6,4,0,2,3.9063933210921427,1.0,17.276729258167112,21.71847038944617,66.66666666666666,84.79718706771084,7.731239623641513
extrapolation_top2,extrapolation,gpu_ready,3,model_regression,random_forest,True,0.0,True,12,0.6666666666666666,0.6666666666666666,0.4472135954999579,0.6,1.0,6,4,0,2,4.578150388276296,1.0,20.99667573718892,24.92845975380626,66.66666666666666,191.01543506770852,8.11086086536335
extrapolation_top2,extrapolation,gpu_ready,5,model_regression,random_forest,True,0.0,True,12,0.6666666666666666,0.6666666666666666,0.4472135954999579,0.6,1.0,6,4,0,2,5.304841027812796,1.0,25.063222568808644,28.04015345709663,66.66666666666666,531.1572505105631,8.403996444992345
extrapolation_top2,extrapolation,gpu_ready,10,model_regression,random_forest,True,0.0,True,12,0.8333333333333334,0.8333333333333333,0.7071067811865476,0.75,1.0,6,2,0,4,1.3103109694056327,1.0,2.8446706624529665,3.0338173562420976,83.33333333333334,258.9143010747429,1.0488984544447781
extrapolation_top2,extrapolation,gpu_ready,30,model_regression,random_forest,True,0.0,True,12,0.8333333333333334,0.8333333333333333,0.7071067811865476,0.75,1.0,6,2,0,4,1.3599785612651152,1.0,3.1513670717000166,3.2449143264974363,83.33333333333334,2301.8443670132406,1.0516964802109958
extrapolation_top2,extrapolation,gpu_ready,100,model_regression,random_forest,True,0.0,True,12,0.8333333333333334,0.8333333333333333,0.7071067811865476,0.75,1.0,6,2,0,4,1.3794695195249667,1.0,3.2720875085329917,3.3241132033178906,83.33333333333334,25471.232413517562,1.052660289807517
extrapolation_top2,extrapolation,gpu_ready,1000,model_regression,random_forest,True,0.0,True,12,0.8333333333333334,0.8333333333333333,0.7071067811865476,0.75,1.0,6,2,0,4,1.3873177932561178,1.0,3.3207523852431984,3.355450502471791,83.33333333333334,2543157.4831897155,1.0530297064862655
extrapolation_top2,extrapolation,none_ready,1,model_regression,random_forest,True,0.0,True,12,1.0,1.0,,,,0,0,0,12,1.0,1.0,1.0,1.0,100.0,50.110055388237264,1.0
extrapolation_top2,extrapolation,none_ready,2,model_regression,random_forest,True,0.0,True,12,0.9166666666666666,0.5,,,0.0,0,0,1,11,1.0196683016921253,1.0,1.1062088291374763,1.2360196203055034,91.66666666666666,189.03389176516762,1.0667498930337074
extrapolation_top2,extrapolation,none_ready,3,model_regression,random_forest,True,0.0,True,12,0.8333333333333334,0.5,,,0.0,0,0,2,10,1.168593574273731,1.0,1.969619216013392,2.4309837419323106,83.33333333333334,417.26241583069145,1.4504510138755875
extrapolation_top2,extrapolation,none_ready,5,model_regression,random_forest,True,0.0,True,12,0.6666666666666666,0.5,,,0.0,0,0,4,8,1.6171017715441962,1.0,4.224267991354548,5.378579882270913,66.66666666666666,1141.63352702752,2.2373101999125917
extrapolation_top2,extrapolation,none_ready,10,model_regression,random_forest,True,0.0,True,12,0.5,0.5,,,0.0,0,0,6,6,3.120738274312386,1.1208534096245804,10.102810207984602,13.58555869767545,50.0,4515.393339569977,4.668382259445269
extrapolation_top2,extrapolation,none_ready,30,model_regression,random_forest,True,0.0,True,12,1.0,1.0,1.0,1.0,1.0,6,0,0,6,1.0,1.0,1.0,1.0,100.0,3747.1088846093057,1.0
extrapolation_top2,extrapolation,none_ready,100,model_regression,random_forest,True,0.0,True,12,1.0,1.0,1.0,1.0,1.0,6,0,0,6,1.0,1.0,1.0,1.0,100.0,28688.52026618156,1.0
extrapolation_top2,extrapolation,none_ready,1000,model_regression,random_forest,True,0.0,True,12,1.0,1.0,1.0,1.0,1.0,6,0,0,6,1.0,1.0,1.0,1.0,100.0,2457288.9293595776,1.0
extrapolation_top2,extrapolation,cpu_ready,1,model_classification,logistic,True,0.0,False,12,0.5,0.5,,0.0,,0,6,0,6,111.49557253384154,2.01958890731617,580.893439431596,1244.5860801737253,50.0,353.3673952372184,7.913747965155304
extrapolation_top2,extrapolation,cpu_ready,2,model_classification,logistic,True,0.0,False,12,0.5833333333333334,0.7727272727272727,0.30151134457776363,0.16666666666666666,1.0,1,5,0,6,31.237335629423498,1.0,160.77364391512225,344.41388826086745,58.333333333333336,439.9966706516427,2.5829906888547223
extrapolation_top2,extrapolation,cpu_ready,3,model_classification,logistic,True,0.0,False,12,0.5,0.5,0.0,0.16666666666666666,0.5,1,5,1,5,15.642572186468776,1.2927289270180056,78.715607230324,168.60477181138904,50.0,559.8390152437476,2.012658726746309
extrapolation_top2,extrapolation,cpu_ready,5,model_classification,logistic,True,0.0,False,12,0.6666666666666666,0.6875,0.3535533905932738,0.5,0.75,3,3,1,5,7.288178259888196,1.0,34.508445759385374,72.68685975953709,66.66666666666666,899.1629119609985,1.783723778538687
extrapolation_top2,extrapolation,cpu_ready,10,model_classification,logistic,True,0.0,False,12,0.8333333333333334,0.8333333333333334,0.6666666666666666,0.8333333333333334,0.8333333333333334,5,1,1,5,3.6737250182593257,1.0,16.062528650495764,26.840564700157724,83.33333333333334,2328.7013643635355,2.4210843043803822
extrapolation_top2,extrapolation,cpu_ready,30,model_classification,logistic,True,0.0,False,12,0.9166666666666666,0.9166666666666667,0.8451542547285166,1.0,0.8333333333333334,5,0,1,6,2.24849155874578,1.0,7.7418544172272,15.981898704949359,91.66666666666666,16063.142651999933,4.304705552714012
extrapolation_top2,extrapolation,cpu_ready,100,model_classification,logistic,True,0.0,False,12,0.9166666666666666,0.9166666666666667,0.8451542547285166,1.0,0.8333333333333334,5,0,1,6,2.8541209290096226,1.0,11.012253016651947,23.249451148115472,91.66666666666666,168513.99294583907,5.884428851927566
extrapolation_top2,extrapolation,cpu_ready,1000,model_classification,logistic,True,0.0,False,12,0.8333333333333334,0.8333333333333334,0.6666666666666666,0.8333333333333334,0.8333333333333334,5,1,1,5,3.4118575669629485,1.0,14.27233796374563,27.45921978209813,83.33333333333334,16643644.211677164,6.774579132972079
extrapolation_top2,extrapolation,gpu_ready,1,model_classification,logistic,True,0.0,False,12,0.9166666666666666,0.9,0.8366600265340756,0.875,1.0,7,1,0,4,1.0380557337224416,1.0,1.2055009621011847,1.4566688046693004,91.66666666666666,3.2455594822304064,1.0136169657241128
extrapolation_top2,extrapolation,gpu_ready,2,model_classification,logistic,True,0.0,False,12,0.8333333333333334,0.8333333333333333,0.7071067811865476,0.75,1.0,6,2,0,4,1.1263060033479404,1.0,1.7220857521246047,2.1153386997180204,83.33333333333334,11.311441480484703,1.0313014806092007
extrapolation_top2,extrapolation,gpu_ready,3,model_classification,logistic,True,0.0,False,12,0.8333333333333334,0.8333333333333333,0.7071067811865476,0.75,1.0,6,2,0,4,1.1857986136445462,1.0,2.082422915344485,2.438479347095207,83.33333333333334,24.462762467856322,1.0387331405385336
extrapolation_top2,extrapolation,gpu_ready,5,model_classification,logistic,True,0.0,False,12,0.8333333333333334,0.8333333333333333,0.7071067811865476,0.75,1.0,6,2,0,4,1.2491989195524458,1.0,2.469286654111099,2.754262149350419,83.33333333333334,66.02172140995155,1.0445989610198751
extrapolation_top2,extrapolation,gpu_ready,10,model_classification,logistic,True,0.0,False,12,0.8333333333333334,0.8333333333333333,0.7071067811865476,0.75,1.0,6,2,0,4,1.3103109694056327,1.0,2.8446706624529665,3.0338173562420976,83.33333333333334,258.9143010747429,1.0488984544447781
extrapolation_top2,extrapolation,gpu_ready,30,model_classification,logistic,True,0.0,False,12,0.8333333333333334,0.8333333333333333,0.7071067811865476,0.75,1.0,6,2,0,4,1.3599785612651152,1.0,3.1513670717000166,3.2449143264974363,83.33333333333334,2301.8443670132406,1.0516964802109958
extrapolation_top2,extrapolation,gpu_ready,100,model_classification,logistic,True,0.0,False,12,0.8333333333333334,0.8333333333333333,0.7071067811865476,0.75,1.0,6,2,0,4,1.3794695195249667,1.0,3.2720875085329917,3.3241132033178906,83.33333333333334,25471.232413517562,1.052660289807517
extrapolation_top2,extrapolation,gpu_ready,1000,model_classification,logistic,True,0.0,False,12,0.8333333333333334,0.8333333333333333,0.7071067811865476,0.75,1.0,6,2,0,4,1.3873177932561178,1.0,3.3207523852431984,3.355450502471791,83.33333333333334,2543157.4831897155,1.0530297064862655
extrapolation_top2,extrapolation,none_ready,1,model_classification,logistic,True,0.0,False,12,0.5,0.5,,0.0,,0,6,0,6,51.447939928221956,1.852123002780073,257.3392926583612,539.7353980573132,50.0,354.2986490395185,7.07041024589819
extrapolation_top2,extrapolation,none_ready,2,model_classification,logistic,True,0.0,False,12,0.5833333333333334,0.7727272727272727,0.30151134457776363,0.16666666666666666,1.0,1,5,0,6,20.411298426849257,1.0,102.3850277518657,216.89808284133073,58.333333333333336,441.5788356571113,2.491903284138868
extrapolation_top2,extrapolation,none_ready,3,model_classification,logistic,True,0.0,False,12,0.5833333333333334,0.55,0.07559289460184544,0.2,0.5,1,4,1,6,1.6077954749611691,1.0,3.648297311277849,4.542309550234692,58.333333333333336,499.7559829229881,1.737207916696631
extrapolation_top2,extrapolation,none_ready,5,model_classification,logistic,True,0.0,False,12,0.75,0.75,0.47809144373375745,0.6,0.75,3,2,1,6,1.3007643195425211,1.0,2.616161105396035,3.2798309896957054,75.0,828.7205736370709,1.624080712751298
extrapolation_top2,extrapolation,none_ready,10,model_classification,logistic,True,0.0,False,12,0.9166666666666666,0.9166666666666667,0.8451542547285166,1.0,0.8333333333333334,5,0,1,6,1.5211073930349475,1.0,3.8139799223887123,7.2532887164193705,91.66666666666666,2228.9422316269856,2.3044624441171586
extrapolation_top2,extrapolation,none_ready,30,model_classification,logistic,True,0.0,False,12,0.9166666666666666,0.9166666666666667,0.8451542547285166,1.0,0.8333333333333334,5,0,1,6,2.2490524042841233,1.0,7.744882983134256,15.988628851409482,91.66666666666666,16084.260023653895,4.292445327574442
extrapolation_top2,extrapolation,none_ready,100,model_classification,logistic,True,0.0,False,12,0.9166666666666666,0.9166666666666667,0.8451542547285166,1.0,0.8333333333333334,5,0,1,6,2.854365680163784,1.0,11.013574672884417,23.252388161965406,91.66666666666666,168583.70491259545,5.876347171217622
extrapolation_top2,extrapolation,none_ready,1000,model_classification,logistic,True,0.0,False,12,0.8333333333333334,0.8333333333333334,0.6666666666666666,0.8333333333333334,0.8333333333333334,5,1,1,5,3.4115831921234587,1.0,14.270492402370206,27.459566656446075,83.33333333333334,16644295.40322293,6.773438485136053
