run,kernel_ref,level,rep,elapsed_ns,pkg_uj,dram_uj,n_compute,n_memory,freq_applied,accepted,cmd_args
pacca_cpu_final_20260913__cpu_cholmod__F0__rep01,cpu_cholmod,F0,1,58043400000.0,5994354100,515675974,11040,32523,3200000,True,
pacca_cpu_final_20260913__cpu_cholmod__F0__rep02,cpu_cholmod,F0,2,57961500000.0,5987083977,515418368,11044,32734,3200000,True,
pacca_cpu_final_20260913__cpu_cholmod__F0__rep03,cpu_cholmod,F0,3,57992000000.0,5998201258,515083328,11111,32697,3200000,True,
pacca_cpu_final_20260913__cpu_cholmod__F1__rep01,cpu_cholmod,F1,1,60946700000.0,6042458775,535045698,12293,34090,2900000,True,
pacca_cpu_final_20260913__cpu_cholmod__F1__rep02,cpu_cholmod,F1,2,61102800000.0,6075059216,539415959,12408,34188,2900000,True,
pacca_cpu_final_20260913__cpu_cholmod__F1__rep03,cpu_cholmod,F1,3,60983300000.0,6048391254,531770227,12278,33990,2900000,True,
pacca_cpu_final_20260913__cpu_cholmod__F2__rep01,cpu_cholmod,F2,1,64692600000.0,6178742239,559923191,14602,34573,2600000,True,
pacca_cpu_final_20260913__cpu_cholmod__F2__rep02,cpu_cholmod,F2,2,64698700000.0,6176375057,556233978,14472,34520,2600000,True,
pacca_cpu_final_20260913__cpu_cholmod__F2__rep03,cpu_cholmod,F2,3,64766000000.0,6216278825,556913620,14394,34712,2600000,True,
pacca_cpu_final_20260913__cpu_cholmod__F3__rep01,cpu_cholmod,F3,1,69547100000.0,6451124721,587392260,16689,35775,2300000,True,
pacca_cpu_final_20260913__cpu_cholmod__F3__rep02,cpu_cholmod,F3,2,69540200000.0,6445106913,594974619,16734,36033,2300000,True,
pacca_cpu_final_20260913__cpu_cholmod__F3__rep03,cpu_cholmod,F3,3,69512600000.0,6445259989,589905408,16440,35899,2300000,True,
pacca_cpu_final_20260913__cpu_cholmod__F4__rep01,cpu_cholmod,F4,1,76182500000.0,6863867866,627816895,19637,41450,2000000,True,
pacca_cpu_final_20260913__cpu_cholmod__F4__rep02,cpu_cholmod,F4,2,75959700000.0,6849039107,627326821,19744,38720,2000000,True,
pacca_cpu_final_20260913__cpu_cholmod__F4__rep03,cpu_cholmod,F4,3,76002700000.0,6850288677,628947657,19500,38895,2000000,True,
pacca_cpu_final_20260913__cpu_cholmod__F5__rep01,cpu_cholmod,F5,1,84999500000.0,7462875243,687175510,23262,50700,1700000,True,
pacca_cpu_final_20260913__cpu_cholmod__F5__rep02,cpu_cholmod,F5,2,84968100000.0,7456939223,685163926,23307,51352,1700000,True,
pacca_cpu_final_20260913__cpu_cholmod__F5__rep03,cpu_cholmod,F5,3,85236100000.0,7485926454,683817832,23348,51406,1700000,True,
pacca_cpu_final_20260913__cpu_cholmod__F6__rep01,cpu_cholmod,F6,1,98224100000.0,8411153821,766720699,29492,60503,1400000,True,
pacca_cpu_final_20260913__cpu_cholmod__F6__rep02,cpu_cholmod,F6,2,98169400000.0,8408370198,765891638,29183,58961,1400000,True,
pacca_cpu_final_20260913__cpu_cholmod__F6__rep03,cpu_cholmod,F6,3,98190800000.0,8435588024,769627914,29268,56623,1400000,True,
pacca_cpu_final_20260913__cpu_cholmod__F7__rep01,cpu_cholmod,F7,1,119251000000.0,9970277454,897621930,38491,68635,1100000,True,
pacca_cpu_final_20260913__cpu_cholmod__F7__rep02,cpu_cholmod,F7,2,119159000000.0,9969323295,897691851,38338,68462,1100000,True,
pacca_cpu_final_20260913__cpu_cholmod__F7__rep03,cpu_cholmod,F7,3,119010000000.0,9948656599,899886100,38540,66642,1100000,True,
pacca_cpu_final_20260913__cpu_cholmod__F8__rep01,cpu_cholmod,F8,1,157500000000.0,12854691030,1138108294,52993,103542,800000,True,
pacca_cpu_final_20260913__cpu_cholmod__F8__rep02,cpu_cholmod,F8,2,157595000000.0,12881272321,1139972767,53038,103592,800000,True,
pacca_cpu_final_20260913__cpu_cholmod__F8__rep03,cpu_cholmod,F8,3,157701000000.0,12860449988,1133973852,53252,103458,800000,True,
pacca_cpu_final_20260913__cpu_cholmod__REF__rep01,cpu_cholmod,REF,1,58015800000.0,5987035149,514255904,11111,46013,,True,
pacca_cpu_final_20260913__cpu_cholmod__REF__rep02,cpu_cholmod,REF,2,57972600000.0,5999427696,513111954,10999,46084,,True,
pacca_cpu_final_20260913__cpu_cholmod__REF__rep03,cpu_cholmod,REF,3,58027100000.0,5994815586,514379054,11133,45996,,True,
pacca_cpu_final_20260913__cpu_gap_pr__F0__rep01,cpu_gap_pr,F0,1,8181010000.0,771268899,59833312,0,5895,3200000,True,
pacca_cpu_final_20260913__cpu_gap_pr__F0__rep02,cpu_gap_pr,F0,2,8233880000.0,778468527,59757654,0,5978,3200000,True,
pacca_cpu_final_20260913__cpu_gap_pr__F0__rep03,cpu_gap_pr,F0,3,8215870000.0,777257959,60359020,0,5951,3200000,True,
pacca_cpu_final_20260913__cpu_gap_pr__F1__rep01,cpu_gap_pr,F1,1,8672330000.0,794262737,62526434,0,6376,2900000,True,
pacca_cpu_final_20260913__cpu_gap_pr__F1__rep02,cpu_gap_pr,F1,2,8692450000.0,796337439,62959286,0,6313,2900000,True,
pacca_cpu_final_20260913__cpu_gap_pr__F1__rep03,cpu_gap_pr,F1,3,8568850000.0,785284062,61566511,0,6231,2900000,True,
pacca_cpu_final_20260913__cpu_gap_pr__F2__rep01,cpu_gap_pr,F2,1,9239990000.0,824142361,64981410,0,6862,2600000,True,
pacca_cpu_final_20260913__cpu_gap_pr__F2__rep02,cpu_gap_pr,F2,2,9224120000.0,823790676,65611571,0,6878,2600000,True,
pacca_cpu_final_20260913__cpu_gap_pr__F2__rep03,cpu_gap_pr,F2,3,9271610000.0,832887944,66694001,0,6895,2600000,True,
pacca_cpu_final_20260913__cpu_gap_pr__F3__rep01,cpu_gap_pr,F3,1,10174200000.0,887341539,72408459,0,7683,2300000,True,
pacca_cpu_final_20260913__cpu_gap_pr__F3__rep02,cpu_gap_pr,F3,2,10070300000.0,880364751,71207714,0,7623,2300000,True,
pacca_cpu_final_20260913__cpu_gap_pr__F3__rep03,cpu_gap_pr,F3,3,10130900000.0,883801143,71840186,0,7718,2300000,True,
pacca_cpu_final_20260913__cpu_gap_pr__F4__rep01,cpu_gap_pr,F4,1,11064700000.0,944964866,77673556,0,8815,2000000,True,
pacca_cpu_final_20260913__cpu_gap_pr__F4__rep02,cpu_gap_pr,F4,2,11144800000.0,949952768,77593660,0,8895,2000000,True,
pacca_cpu_final_20260913__cpu_gap_pr__F4__rep03,cpu_gap_pr,F4,3,11009200000.0,938963416,76598042,0,8776,2000000,True,
pacca_cpu_final_20260913__cpu_gap_pr__F5__rep01,cpu_gap_pr,F5,1,12314400000.0,1026636288,83765174,0,10517,1700000,True,
pacca_cpu_final_20260913__cpu_gap_pr__F5__rep02,cpu_gap_pr,F5,2,12402100000.0,1032823100,83952171,0,10586,1700000,True,
pacca_cpu_final_20260913__cpu_gap_pr__F5__rep03,cpu_gap_pr,F5,3,12332500000.0,1029927661,84476487,0,10181,1700000,True,
pacca_cpu_final_20260913__cpu_gap_pr__F6__rep01,cpu_gap_pr,F6,1,14453600000.0,1186981642,98052085,0,12841,1400000,True,
pacca_cpu_final_20260913__cpu_gap_pr__F6__rep02,cpu_gap_pr,F6,2,14508300000.0,1191690187,98254902,0,12842,1400000,True,
pacca_cpu_final_20260913__cpu_gap_pr__F6__rep03,cpu_gap_pr,F6,3,14518200000.0,1192673460,98026671,0,12990,1400000,True,
pacca_cpu_final_20260913__cpu_gap_pr__F7__rep01,cpu_gap_pr,F7,1,17639400000.0,1416147620,118755203,0,15398,1100000,True,
pacca_cpu_final_20260913__cpu_gap_pr__F7__rep02,cpu_gap_pr,F7,2,17642400000.0,1415669960,117196501,0,15477,1100000,True,
pacca_cpu_final_20260913__cpu_gap_pr__F7__rep03,cpu_gap_pr,F7,3,17643700000.0,1417180515,117287536,0,15223,1100000,True,
pacca_cpu_final_20260913__cpu_gap_pr__F8__rep01,cpu_gap_pr,F8,1,23575600000.0,1882383304,153775128,0,22602,800000,True,
pacca_cpu_final_20260913__cpu_gap_pr__F8__rep02,cpu_gap_pr,F8,2,23427500000.0,1869959873,153217199,0,22457,800000,True,
pacca_cpu_final_20260913__cpu_gap_pr__F8__rep03,cpu_gap_pr,F8,3,23542700000.0,1885591792,153339660,0,22581,800000,True,
pacca_cpu_final_20260913__cpu_gap_pr__REF__rep01,cpu_gap_pr,REF,1,8160360000.0,771163797,59240973,0,7272,,True,
pacca_cpu_final_20260913__cpu_gap_pr__REF__rep02,cpu_gap_pr,REF,2,8160060000.0,769719221,59595963,0,7275,,True,
pacca_cpu_final_20260913__cpu_gap_pr__REF__rep03,cpu_gap_pr,REF,3,8138460000.0,768735947,58801189,0,7238,,True,
pacca_cpu_final_20260913__cpu_hpcg__F0__rep01,cpu_hpcg,F0,1,19157800000.0,1699281783,165111878,0,9851,3200000,True,
pacca_cpu_final_20260913__cpu_hpcg__F0__rep02,cpu_hpcg,F0,2,19245400000.0,1701797524,163852060,0,10025,3200000,True,
pacca_cpu_final_20260913__cpu_hpcg__F0__rep03,cpu_hpcg,F0,3,19249000000.0,1714816899,165056889,0,10013,3200000,True,
pacca_cpu_final_20260913__cpu_hpcg__F1__rep01,cpu_hpcg,F1,1,19754100000.0,1719734916,168820796,0,10289,2900000,True,
pacca_cpu_final_20260913__cpu_hpcg__F1__rep02,cpu_hpcg,F1,2,19800100000.0,1727404086,168926780,0,10531,2900000,True,
pacca_cpu_final_20260913__cpu_hpcg__F1__rep03,cpu_hpcg,F1,3,19714300000.0,1710663467,166909811,0,10095,2900000,True,
pacca_cpu_final_20260913__cpu_hpcg__F2__rep01,cpu_hpcg,F2,1,20657500000.0,1771131147,173791461,0,10828,2600000,True,
pacca_cpu_final_20260913__cpu_hpcg__F2__rep02,cpu_hpcg,F2,2,20794600000.0,1779611899,174674837,0,10890,2600000,True,
pacca_cpu_final_20260913__cpu_hpcg__F2__rep03,cpu_hpcg,F2,3,20592100000.0,1777196012,171414345,0,10972,2600000,True,
pacca_cpu_final_20260913__cpu_hpcg__F3__rep01,cpu_hpcg,F3,1,22014900000.0,1854053969,180356476,0,12092,2300000,True,
pacca_cpu_final_20260913__cpu_hpcg__F3__rep02,cpu_hpcg,F3,2,21985200000.0,1856041452,181458566,0,11787,2300000,True,
pacca_cpu_final_20260913__cpu_hpcg__F3__rep03,cpu_hpcg,F3,3,22012300000.0,1867580974,181810879,0,11172,2300000,True,
pacca_cpu_final_20260913__cpu_hpcg__F4__rep01,cpu_hpcg,F4,1,19130200000.0,1583546910,154301142,0,11549,2000000,True,
pacca_cpu_final_20260913__cpu_hpcg__F4__rep02,cpu_hpcg,F4,2,18908600000.0,1568676038,150910051,0,12922,2000000,True,
pacca_cpu_final_20260913__cpu_hpcg__F4__rep03,cpu_hpcg,F4,3,18847300000.0,1564471397,150722901,0,12042,2000000,True,
pacca_cpu_final_20260913__cpu_hpcg__F5__rep01,cpu_hpcg,F5,1,21154000000.0,1741390500,164777220,0,14445,1700000,True,
pacca_cpu_final_20260913__cpu_hpcg__F5__rep02,cpu_hpcg,F5,2,21169300000.0,1740705139,165065030,13,15549,1700000,True,
pacca_cpu_final_20260913__cpu_hpcg__F5__rep03,cpu_hpcg,F5,3,21083100000.0,1737090402,164979319,0,14294,1700000,True,
pacca_cpu_final_20260913__cpu_hpcg__F6__rep01,cpu_hpcg,F6,1,24622300000.0,2001684328,188532414,0,20592,1400000,True,
pacca_cpu_final_20260913__cpu_hpcg__F6__rep02,cpu_hpcg,F6,2,24713100000.0,2004333980,188835476,12,21024,1400000,True,
pacca_cpu_final_20260913__cpu_hpcg__F6__rep03,cpu_hpcg,F6,3,24596300000.0,2000036017,187107586,0,21574,1400000,True,
pacca_cpu_final_20260913__cpu_hpcg__F7__rep01,cpu_hpcg,F7,1,30397000000.0,2419025119,226725896,26,25372,1100000,True,
pacca_cpu_final_20260913__cpu_hpcg__F7__rep02,cpu_hpcg,F7,2,30145700000.0,2396054901,223436197,26,24312,1100000,True,
pacca_cpu_final_20260913__cpu_hpcg__F7__rep03,cpu_hpcg,F7,3,30095300000.0,2392037272,224708927,13,25390,1100000,True,
pacca_cpu_final_20260913__cpu_hpcg__F8__rep01,cpu_hpcg,F8,1,40639500000.0,3210913472,288408810,39,39620,800000,True,
pacca_cpu_final_20260913__cpu_hpcg__F8__rep02,cpu_hpcg,F8,2,40460000000.0,3202149700,288139040,39,39453,800000,True,
pacca_cpu_final_20260913__cpu_hpcg__F8__rep03,cpu_hpcg,F8,3,40519400000.0,3213530531,285890460,26,39526,800000,True,
pacca_cpu_final_20260913__cpu_hpcg__REF__rep01,cpu_hpcg,REF,1,19152500000.0,1700653179,162438279,0,18254,,True,
pacca_cpu_final_20260913__cpu_hpcg__REF__rep02,cpu_hpcg,REF,2,19106300000.0,1695516289,161724427,0,18205,,True,
pacca_cpu_final_20260913__cpu_hpcg__REF__rep03,cpu_hpcg,REF,3,19083700000.0,1690711431,162810773,0,18191,,True,
pacca_cpu_final_20260913__cpu_lulesh__F0__rep01,cpu_lulesh,F0,1,91242900000.0,10411729633,1381012379,0,90268,3200000,True,
pacca_cpu_final_20260913__cpu_lulesh__F0__rep02,cpu_lulesh,F0,2,91676300000.0,10452932408,1377192597,0,90704,3200000,True,
pacca_cpu_final_20260913__cpu_lulesh__F0__rep03,cpu_lulesh,F0,3,91513900000.0,10419313170,1376991187,0,90543,3200000,True,
pacca_cpu_final_20260913__cpu_lulesh__F1__rep01,cpu_lulesh,F1,1,96037000000.0,10440085700,1414458409,0,95073,2900000,True,
pacca_cpu_final_20260913__cpu_lulesh__F1__rep02,cpu_lulesh,F1,2,95293100000.0,10407091582,1411942339,0,94317,2900000,True,
pacca_cpu_final_20260913__cpu_lulesh__F1__rep03,cpu_lulesh,F1,3,96300700000.0,10445520318,1425817420,0,95339,2900000,True,
pacca_cpu_final_20260913__cpu_lulesh__F2__rep01,cpu_lulesh,F2,1,101225000000.0,10599985071,1455059804,0,100262,2600000,True,
pacca_cpu_final_20260913__cpu_lulesh__F2__rep02,cpu_lulesh,F2,2,101188000000.0,10574953153,1454512401,0,100227,2600000,True,
pacca_cpu_final_20260913__cpu_lulesh__F2__rep03,cpu_lulesh,F2,3,100924000000.0,10588926322,1446709983,0,99928,2600000,True,
pacca_cpu_final_20260913__cpu_lulesh__F3__rep01,cpu_lulesh,F3,1,107986000000.0,10915988717,1511091312,0,107017,2300000,True,
pacca_cpu_final_20260913__cpu_lulesh__F3__rep02,cpu_lulesh,F3,2,108766000000.0,11026113313,1521133972,0,107791,2300000,True,
pacca_cpu_final_20260913__cpu_lulesh__F3__rep03,cpu_lulesh,F3,3,108376000000.0,10946973318,1519051412,0,107392,2300000,True,
pacca_cpu_final_20260913__cpu_lulesh__F4__rep01,cpu_lulesh,F4,1,117742000000.0,11542857596,1588505380,0,116781,2000000,True,
pacca_cpu_final_20260913__cpu_lulesh__F4__rep02,cpu_lulesh,F4,2,118085000000.0,11611720701,1588270280,0,117109,2000000,True,
pacca_cpu_final_20260913__cpu_lulesh__F4__rep03,cpu_lulesh,F4,3,117489000000.0,11545469467,1581689260,0,116527,2000000,True,
pacca_cpu_final_20260913__cpu_lulesh__F5__rep01,cpu_lulesh,F5,1,130850000000.0,12354022939,1676686960,0,129888,1700000,True,
pacca_cpu_final_20260913__cpu_lulesh__F5__rep02,cpu_lulesh,F5,2,130815000000.0,12376246088,1680853088,0,129854,1700000,True,
pacca_cpu_final_20260913__cpu_lulesh__F5__rep03,cpu_lulesh,F5,3,131021000000.0,12375571345,1681996993,0,130060,1700000,True,
pacca_cpu_final_20260913__cpu_lulesh__F6__rep01,cpu_lulesh,F6,1,151897000000.0,13872552438,1837644475,0,150926,1400000,True,
pacca_cpu_final_20260913__cpu_lulesh__F6__rep02,cpu_lulesh,F6,2,152033000000.0,13852447997,1838160666,0,151070,1400000,True,
pacca_cpu_final_20260913__cpu_lulesh__F6__rep03,cpu_lulesh,F6,3,151992000000.0,13870593092,1834418730,13,151005,1400000,True,
pacca_cpu_final_20260913__cpu_lulesh__F7__rep01,cpu_lulesh,F7,1,184359000000.0,16259733399,2067321251,0,183344,1100000,True,
pacca_cpu_final_20260913__cpu_lulesh__F7__rep02,cpu_lulesh,F7,2,183772000000.0,16189477110,2065199049,0,182777,1100000,True,
pacca_cpu_final_20260913__cpu_lulesh__F7__rep03,cpu_lulesh,F7,3,183733000000.0,16246962009,2054648062,0,182722,1100000,True,
pacca_cpu_final_20260913__cpu_lulesh__F8__rep01,cpu_lulesh,F8,1,244427000000.0,20876767478,2476002778,13,243423,800000,True,
pacca_cpu_final_20260913__cpu_lulesh__F8__rep02,cpu_lulesh,F8,2,244904000000.0,20940271588,2470744169,0,243931,800000,True,
pacca_cpu_final_20260913__cpu_lulesh__F8__rep03,cpu_lulesh,F8,3,245080000000.0,20963913800,2492741132,45,244054,800000,True,
pacca_cpu_final_20260913__cpu_lulesh__REF__rep01,cpu_lulesh,REF,1,91645000000.0,10440661870,1380431805,0,90750,,True,
pacca_cpu_final_20260913__cpu_lulesh__REF__rep02,cpu_lulesh,REF,2,91238700000.0,10396820979,1378658489,0,90348,,True,
pacca_cpu_final_20260913__cpu_lulesh__REF__rep03,cpu_lulesh,REF,3,92069500000.0,10448759018,1384515131,0,91180,,True,
pacca_cpu_final_20260913__cpu_rajaperf_basic_daxpy__F0__rep01,cpu_rajaperf_basic_daxpy,F0,1,1755500000.0,155430022,23243255,26,734,3200000,True,
pacca_cpu_final_20260913__cpu_rajaperf_basic_daxpy__F0__rep02,cpu_rajaperf_basic_daxpy,F0,2,1694100000.0,150535015,22942212,0,718,3200000,True,
pacca_cpu_final_20260913__cpu_rajaperf_basic_daxpy__F0__rep03,cpu_rajaperf_basic_daxpy,F0,3,1598990000.0,142429750,22230961,0,636,3200000,True,
pacca_cpu_final_20260913__cpu_rajaperf_basic_daxpy__F1__rep01,cpu_rajaperf_basic_daxpy,F1,1,1680170000.0,144633114,22796709,27,679,2900000,True,
pacca_cpu_final_20260913__cpu_rajaperf_basic_daxpy__F1__rep02,cpu_rajaperf_basic_daxpy,F1,2,1718280000.0,146947316,23034992,10,720,2900000,True,
pacca_cpu_final_20260913__cpu_rajaperf_basic_daxpy__F1__rep03,cpu_rajaperf_basic_daxpy,F1,3,1655040000.0,142640076,22604450,16,679,2900000,True,
pacca_cpu_final_20260913__cpu_rajaperf_basic_daxpy__F2__rep01,cpu_rajaperf_basic_daxpy,F2,1,1636340000.0,136676775,22384741,28,637,2600000,True,
pacca_cpu_final_20260913__cpu_rajaperf_basic_daxpy__F2__rep02,cpu_rajaperf_basic_daxpy,F2,2,1653880000.0,138207777,22577124,31,646,2600000,True,
pacca_cpu_final_20260913__cpu_rajaperf_basic_daxpy__F2__rep03,cpu_rajaperf_basic_daxpy,F2,3,1670710000.0,140112862,22708260,33,665,2600000,True,
pacca_cpu_final_20260913__cpu_rajaperf_basic_daxpy__F3__rep01,cpu_rajaperf_basic_daxpy,F3,1,1728200000.0,141713688,23246483,46,711,2300000,True,
pacca_cpu_final_20260913__cpu_rajaperf_basic_daxpy__F3__rep02,cpu_rajaperf_basic_daxpy,F3,2,1734710000.0,142929993,23236814,40,732,2300000,True,
pacca_cpu_final_20260913__cpu_rajaperf_basic_daxpy__F3__rep03,cpu_rajaperf_basic_daxpy,F3,3,1775460000.0,145635247,23544114,49,757,2300000,True,
pacca_cpu_final_20260913__cpu_rajaperf_basic_daxpy__F4__rep01,cpu_rajaperf_basic_daxpy,F4,1,1734000000.0,140109138,23221804,65,703,2000000,True,
pacca_cpu_final_20260913__cpu_rajaperf_basic_daxpy__F4__rep02,cpu_rajaperf_basic_daxpy,F4,2,1754200000.0,142165407,23585241,52,740,2000000,True,
pacca_cpu_final_20260913__cpu_rajaperf_basic_daxpy__F4__rep03,cpu_rajaperf_basic_daxpy,F4,3,1756900000.0,142606813,23357684,65,733,2000000,True,
pacca_cpu_final_20260913__cpu_rajaperf_basic_daxpy__F5__rep01,cpu_rajaperf_basic_daxpy,F5,1,1810020000.0,145237970,23961162,52,797,1700000,True,
pacca_cpu_final_20260913__cpu_rajaperf_basic_daxpy__F5__rep02,cpu_rajaperf_basic_daxpy,F5,2,1812820000.0,144875301,24066471,63,766,1700000,True,
pacca_cpu_final_20260913__cpu_rajaperf_basic_daxpy__F5__rep03,cpu_rajaperf_basic_daxpy,F5,3,1832330000.0,143980344,23749945,51,784,1700000,True,
pacca_cpu_final_20260913__cpu_rajaperf_basic_daxpy__F6__rep01,cpu_rajaperf_basic_daxpy,F6,1,1877010000.0,146784597,24298542,65,818,1400000,True,
pacca_cpu_final_20260913__cpu_rajaperf_basic_daxpy__F6__rep02,cpu_rajaperf_basic_daxpy,F6,2,1926260000.0,152112769,24873134,65,878,1400000,True,
pacca_cpu_final_20260913__cpu_rajaperf_basic_daxpy__F6__rep03,cpu_rajaperf_basic_daxpy,F6,3,2109990000.0,165518802,25800222,81,988,1400000,True,
pacca_cpu_final_20260913__cpu_rajaperf_basic_daxpy__F7__rep01,cpu_rajaperf_basic_daxpy,F7,1,2042330000.0,160296037,25948632,52,996,1100000,True,
pacca_cpu_final_20260913__cpu_rajaperf_basic_daxpy__F7__rep02,cpu_rajaperf_basic_daxpy,F7,2,2073710000.0,161272170,26024428,65,981,1100000,True,
pacca_cpu_final_20260913__cpu_rajaperf_basic_daxpy__F7__rep03,cpu_rajaperf_basic_daxpy,F7,3,2044210000.0,158779867,25797713,65,942,1100000,True,
pacca_cpu_final_20260913__cpu_rajaperf_basic_daxpy__F8__rep01,cpu_rajaperf_basic_daxpy,F8,1,2385050000.0,184552262,28461902,65,1348,800000,True,
pacca_cpu_final_20260913__cpu_rajaperf_basic_daxpy__F8__rep02,cpu_rajaperf_basic_daxpy,F8,2,2352350000.0,182019981,28115755,65,1311,800000,True,
pacca_cpu_final_20260913__cpu_rajaperf_basic_daxpy__F8__rep03,cpu_rajaperf_basic_daxpy,F8,3,2491350000.0,194837087,29248811,66,1460,800000,True,
pacca_cpu_final_20260913__cpu_rajaperf_basic_daxpy__REF__rep01,cpu_rajaperf_basic_daxpy,REF,1,1674020000.0,149701582,22970762,0,782,,True,
pacca_cpu_final_20260913__cpu_rajaperf_basic_daxpy__REF__rep02,cpu_rajaperf_basic_daxpy,REF,2,1634140000.0,145727471,22487466,27,719,,True,
pacca_cpu_final_20260913__cpu_rajaperf_basic_daxpy__REF__rep03,cpu_rajaperf_basic_daxpy,REF,3,1690850000.0,148932968,22773240,14,765,,True,
pacca_cpu_final_20260913__cpu_rajaperf_basic_init3__F0__rep01,cpu_rajaperf_basic_init3,F0,1,4177600000.0,422739641,71474562,0,1381,3200000,True,--repfact 3
pacca_cpu_final_20260913__cpu_rajaperf_basic_init3__F0__rep02,cpu_rajaperf_basic_init3,F0,2,4111910000.0,417148224,71275356,0,1332,3200000,True,--repfact 3
pacca_cpu_final_20260913__cpu_rajaperf_basic_init3__F0__rep03,cpu_rajaperf_basic_init3,F0,3,4246960000.0,429466186,72047976,0,1465,3200000,True,--repfact 3
pacca_cpu_final_20260913__cpu_rajaperf_basic_init3__F1__rep01,cpu_rajaperf_basic_init3,F1,1,4013460000.0,395432093,69929660,0,1229,2900000,True,--repfact 3
pacca_cpu_final_20260913__cpu_rajaperf_basic_init3__F1__rep02,cpu_rajaperf_basic_init3,F1,2,4048530000.0,398408160,70161929,0,1269,2900000,True,--repfact 3
pacca_cpu_final_20260913__cpu_rajaperf_basic_init3__F1__rep03,cpu_rajaperf_basic_init3,F1,3,3997340000.0,392456698,69459338,0,1202,2900000,True,--repfact 3
pacca_cpu_final_20260913__cpu_rajaperf_basic_init3__F2__rep01,cpu_rajaperf_basic_init3,F2,1,4218600000.0,404710084,72100179,0,1440,2600000,True,--repfact 3
pacca_cpu_final_20260913__cpu_rajaperf_basic_init3__F2__rep02,cpu_rajaperf_basic_init3,F2,2,4106980000.0,394294706,70202229,0,1311,2600000,True,--repfact 3
pacca_cpu_final_20260913__cpu_rajaperf_basic_init3__F2__rep03,cpu_rajaperf_basic_init3,F2,3,4195610000.0,402546455,71539312,0,1404,2600000,True,--repfact 3
pacca_cpu_final_20260913__cpu_rajaperf_basic_init3__F3__rep01,cpu_rajaperf_basic_init3,F3,1,4164580000.0,391930820,71143057,0,1386,2300000,True,--repfact 3
pacca_cpu_final_20260913__cpu_rajaperf_basic_init3__F3__rep02,cpu_rajaperf_basic_init3,F3,2,4047980000.0,380100589,70284130,0,1265,2300000,True,--repfact 3
pacca_cpu_final_20260913__cpu_rajaperf_basic_init3__F3__rep03,cpu_rajaperf_basic_init3,F3,3,4276050000.0,402156136,72640467,0,1498,2300000,True,--repfact 3
pacca_cpu_final_20260913__cpu_rajaperf_basic_init3__F4__rep01,cpu_rajaperf_basic_init3,F4,1,4152520000.0,385955921,71343487,0,1350,2000000,True,--repfact 3
pacca_cpu_final_20260913__cpu_rajaperf_basic_init3__F4__rep02,cpu_rajaperf_basic_init3,F4,2,4613790000.0,426262702,75339005,0,1815,2000000,True,--repfact 3
pacca_cpu_final_20260913__cpu_rajaperf_basic_init3__F4__rep03,cpu_rajaperf_basic_init3,F4,3,4434680000.0,411006272,73842803,0,1632,2000000,True,--repfact 3
pacca_cpu_final_20260913__cpu_rajaperf_basic_init3__F5__rep01,cpu_rajaperf_basic_init3,F5,1,4508980000.0,409964283,73862311,0,1686,1700000,True,--repfact 3
pacca_cpu_final_20260913__cpu_rajaperf_basic_init3__F5__rep02,cpu_rajaperf_basic_init3,F5,2,4578680000.0,415207433,75110852,0,1763,1700000,True,--repfact 3
pacca_cpu_final_20260913__cpu_rajaperf_basic_init3__F5__rep03,cpu_rajaperf_basic_init3,F5,3,4458380000.0,405851623,73589053,0,1642,1700000,True,--repfact 3
pacca_cpu_final_20260913__cpu_rajaperf_basic_init3__F6__rep01,cpu_rajaperf_basic_init3,F6,1,4616880000.0,413613749,75720541,0,1800,1400000,True,--repfact 3
pacca_cpu_final_20260913__cpu_rajaperf_basic_init3__F6__rep02,cpu_rajaperf_basic_init3,F6,2,4597260000.0,410704820,75161342,0,1791,1400000,True,--repfact 3
pacca_cpu_final_20260913__cpu_rajaperf_basic_init3__F6__rep03,cpu_rajaperf_basic_init3,F6,3,4660460000.0,415715855,75837984,0,1825,1400000,True,--repfact 3
pacca_cpu_final_20260913__cpu_rajaperf_basic_init3__F7__rep01,cpu_rajaperf_basic_init3,F7,1,5316360000.0,460562175,81478528,36,2313,1100000,True,--repfact 3
pacca_cpu_final_20260913__cpu_rajaperf_basic_init3__F7__rep02,cpu_rajaperf_basic_init3,F7,2,5215490000.0,455835747,80954305,26,2354,1100000,True,--repfact 3
pacca_cpu_final_20260913__cpu_rajaperf_basic_init3__F7__rep03,cpu_rajaperf_basic_init3,F7,3,5188020000.0,451417851,80475476,26,2323,1100000,True,--repfact 3
pacca_cpu_final_20260913__cpu_rajaperf_basic_init3__F8__rep01,cpu_rajaperf_basic_init3,F8,1,6087530000.0,520730417,89137402,39,3257,800000,True,--repfact 3
pacca_cpu_final_20260913__cpu_rajaperf_basic_init3__F8__rep02,cpu_rajaperf_basic_init3,F8,2,6100310000.0,523239139,89945946,39,3269,800000,True,--repfact 3
pacca_cpu_final_20260913__cpu_rajaperf_basic_init3__F8__rep03,cpu_rajaperf_basic_init3,F8,3,6118200000.0,521017954,89012768,39,3272,800000,True,--repfact 3
pacca_cpu_final_20260913__cpu_rajaperf_basic_init3__REF__rep01,cpu_rajaperf_basic_init3,REF,1,4259340000.0,429024903,71974505,42,1459,,True,--repfact 3
pacca_cpu_final_20260913__cpu_rajaperf_basic_init3__REF__rep02,cpu_rajaperf_basic_init3,REF,2,4319540000.0,433810901,72377874,42,1520,,True,--repfact 3
pacca_cpu_final_20260913__cpu_rajaperf_basic_init3__REF__rep03,cpu_rajaperf_basic_init3,REF,3,3985750000.0,405751708,69637980,0,1261,,True,--repfact 3
pacca_cpu_final_20260913__cpu_rajaperf_lcals_first_sum__F0__rep01,cpu_rajaperf_lcals_first_sum,F0,1,5445430000.0,566443008,89115814,0,4377,3200000,True,
pacca_cpu_final_20260913__cpu_rajaperf_lcals_first_sum__F0__rep02,cpu_rajaperf_lcals_first_sum,F0,2,5110960000.0,538420008,86110802,0,4142,3200000,True,
pacca_cpu_final_20260913__cpu_rajaperf_lcals_first_sum__F0__rep03,cpu_rajaperf_lcals_first_sum,F0,3,5032880000.0,530288437,85758306,0,4064,3200000,True,
pacca_cpu_final_20260913__cpu_rajaperf_lcals_first_sum__F1__rep01,cpu_rajaperf_lcals_first_sum,F1,1,5382530000.0,544743356,88889251,0,4414,2900000,True,
pacca_cpu_final_20260913__cpu_rajaperf_lcals_first_sum__F1__rep02,cpu_rajaperf_lcals_first_sum,F1,2,5069970000.0,517101948,85573022,0,4083,2900000,True,
pacca_cpu_final_20260913__cpu_rajaperf_lcals_first_sum__F1__rep03,cpu_rajaperf_lcals_first_sum,F1,3,5178880000.0,525613950,86565365,0,4194,2900000,True,
pacca_cpu_final_20260913__cpu_rajaperf_lcals_first_sum__F2__rep01,cpu_rajaperf_lcals_first_sum,F2,1,5343050000.0,530614181,89065691,0,4384,2600000,True,
pacca_cpu_final_20260913__cpu_rajaperf_lcals_first_sum__F2__rep02,cpu_rajaperf_lcals_first_sum,F2,2,5195010000.0,514791712,87297623,0,4236,2600000,True,
pacca_cpu_final_20260913__cpu_rajaperf_lcals_first_sum__F2__rep03,cpu_rajaperf_lcals_first_sum,F2,3,5403580000.0,531550885,89254356,0,4443,2600000,True,
pacca_cpu_final_20260913__cpu_rajaperf_lcals_first_sum__F3__rep01,cpu_rajaperf_lcals_first_sum,F3,1,5302800000.0,511061314,88055845,13,4329,2300000,True,
pacca_cpu_final_20260913__cpu_rajaperf_lcals_first_sum__F3__rep02,cpu_rajaperf_lcals_first_sum,F3,2,5522540000.0,530425706,90002005,0,4559,2300000,True,
pacca_cpu_final_20260913__cpu_rajaperf_lcals_first_sum__F3__rep03,cpu_rajaperf_lcals_first_sum,F3,3,5300400000.0,511664705,88307133,0,4340,2300000,True,
pacca_cpu_final_20260913__cpu_rajaperf_lcals_first_sum__F4__rep01,cpu_rajaperf_lcals_first_sum,F4,1,5659310000.0,533269692,91350287,52,4630,2000000,True,
pacca_cpu_final_20260913__cpu_rajaperf_lcals_first_sum__F4__rep02,cpu_rajaperf_lcals_first_sum,F4,2,5460140000.0,517149860,89722917,27,4467,2000000,True,
pacca_cpu_final_20260913__cpu_rajaperf_lcals_first_sum__F4__rep03,cpu_rajaperf_lcals_first_sum,F4,3,5479510000.0,518933852,89803258,39,4477,2000000,True,
pacca_cpu_final_20260913__cpu_rajaperf_lcals_first_sum__F5__rep01,cpu_rajaperf_lcals_first_sum,F5,1,5416870000.0,505802050,89410875,39,4387,1700000,True,
pacca_cpu_final_20260913__cpu_rajaperf_lcals_first_sum__F5__rep02,cpu_rajaperf_lcals_first_sum,F5,2,5660970000.0,523582828,91023203,38,4619,1700000,True,
pacca_cpu_final_20260913__cpu_rajaperf_lcals_first_sum__F5__rep03,cpu_rajaperf_lcals_first_sum,F5,3,5722450000.0,529073475,91461426,59,4538,1700000,True,
pacca_cpu_final_20260913__cpu_rajaperf_lcals_first_sum__F6__rep01,cpu_rajaperf_lcals_first_sum,F6,1,6068270000.0,549463376,94973709,51,5036,1400000,True,
pacca_cpu_final_20260913__cpu_rajaperf_lcals_first_sum__F6__rep02,cpu_rajaperf_lcals_first_sum,F6,2,5782440000.0,526450557,92590321,53,4754,1400000,True,
pacca_cpu_final_20260913__cpu_rajaperf_lcals_first_sum__F6__rep03,cpu_rajaperf_lcals_first_sum,F6,3,6078420000.0,549426938,94912831,52,5037,1400000,True,
pacca_cpu_final_20260913__cpu_rajaperf_lcals_first_sum__F7__rep01,cpu_rajaperf_lcals_first_sum,F7,1,6536310000.0,578480636,99515851,52,5500,1100000,True,
pacca_cpu_final_20260913__cpu_rajaperf_lcals_first_sum__F7__rep02,cpu_rajaperf_lcals_first_sum,F7,2,6165710000.0,554596908,96759387,65,5124,1100000,True,
pacca_cpu_final_20260913__cpu_rajaperf_lcals_first_sum__F7__rep03,cpu_rajaperf_lcals_first_sum,F7,3,6059500000.0,545081918,95257877,63,5026,1100000,True,
pacca_cpu_final_20260913__cpu_rajaperf_lcals_first_sum__F8__rep01,cpu_rajaperf_lcals_first_sum,F8,1,7199470000.0,630511081,104735798,83,6139,800000,True,
pacca_cpu_final_20260913__cpu_rajaperf_lcals_first_sum__F8__rep02,cpu_rajaperf_lcals_first_sum,F8,2,7086550000.0,620148925,104489576,52,6059,800000,True,
pacca_cpu_final_20260913__cpu_rajaperf_lcals_first_sum__F8__rep03,cpu_rajaperf_lcals_first_sum,F8,3,6991290000.0,614142776,103790763,65,5960,800000,True,
pacca_cpu_final_20260913__cpu_rajaperf_lcals_first_sum__REF__rep01,cpu_rajaperf_lcals_first_sum,REF,1,5627240000.0,587831747,91327215,0,4735,,True,
pacca_cpu_final_20260913__cpu_rajaperf_lcals_first_sum__REF__rep02,cpu_rajaperf_lcals_first_sum,REF,2,5096900000.0,537787686,85953212,0,4213,,True,
pacca_cpu_final_20260913__cpu_rajaperf_lcals_first_sum__REF__rep03,cpu_rajaperf_lcals_first_sum,REF,3,5374960000.0,562910119,88726934,0,4477,,True,
pacca_cpu_final_20260913__cpu_rajaperf_lcals_tridiag_elim__F0__rep01,cpu_rajaperf_lcals_tridiag_elim,F0,1,4394310000.0,466024930,71724733,0,367,3200000,True,--repfact 2
pacca_cpu_final_20260913__cpu_rajaperf_lcals_tridiag_elim__F0__rep02,cpu_rajaperf_lcals_tridiag_elim,F0,2,4546080000.0,478952021,72913741,9,493,3200000,True,--repfact 2
pacca_cpu_final_20260913__cpu_rajaperf_lcals_tridiag_elim__F0__rep03,cpu_rajaperf_lcals_tridiag_elim,F0,3,4448180000.0,468529623,72609531,0,407,3200000,True,--repfact 2
pacca_cpu_final_20260913__cpu_rajaperf_lcals_tridiag_elim__F1__rep01,cpu_rajaperf_lcals_tridiag_elim,F1,1,4680360000.0,470855667,74158152,34,528,2900000,True,--repfact 2
pacca_cpu_final_20260913__cpu_rajaperf_lcals_tridiag_elim__F1__rep02,cpu_rajaperf_lcals_tridiag_elim,F1,2,4546040000.0,462457129,73391224,0,516,2900000,True,--repfact 2
pacca_cpu_final_20260913__cpu_rajaperf_lcals_tridiag_elim__F1__rep03,cpu_rajaperf_lcals_tridiag_elim,F1,3,4400200000.0,448123364,72070727,0,368,2900000,True,--repfact 2
pacca_cpu_final_20260913__cpu_rajaperf_lcals_tridiag_elim__F2__rep01,cpu_rajaperf_lcals_tridiag_elim,F2,1,4621940000.0,456989431,74110323,0,583,2600000,True,--repfact 2
pacca_cpu_final_20260913__cpu_rajaperf_lcals_tridiag_elim__F2__rep02,cpu_rajaperf_lcals_tridiag_elim,F2,2,4538230000.0,450036445,73515077,0,505,2600000,True,--repfact 2
pacca_cpu_final_20260913__cpu_rajaperf_lcals_tridiag_elim__F2__rep03,cpu_rajaperf_lcals_tridiag_elim,F2,3,4469650000.0,442609524,72520822,0,440,2600000,True,--repfact 2
pacca_cpu_final_20260913__cpu_rajaperf_lcals_tridiag_elim__F3__rep01,cpu_rajaperf_lcals_tridiag_elim,F3,1,4570060000.0,439580174,73665782,0,530,2300000,True,--repfact 2
pacca_cpu_final_20260913__cpu_rajaperf_lcals_tridiag_elim__F3__rep02,cpu_rajaperf_lcals_tridiag_elim,F3,2,4555660000.0,439992221,73573141,0,525,2300000,True,--repfact 2
pacca_cpu_final_20260913__cpu_rajaperf_lcals_tridiag_elim__F3__rep03,cpu_rajaperf_lcals_tridiag_elim,F3,3,4553580000.0,441043793,73359491,0,512,2300000,True,--repfact 2
pacca_cpu_final_20260913__cpu_rajaperf_lcals_tridiag_elim__F4__rep01,cpu_rajaperf_lcals_tridiag_elim,F4,1,4723730000.0,447720838,75252882,2,692,2000000,True,--repfact 2
pacca_cpu_final_20260913__cpu_rajaperf_lcals_tridiag_elim__F4__rep02,cpu_rajaperf_lcals_tridiag_elim,F4,2,4850770000.0,457166493,76385525,0,803,2000000,True,--repfact 2
pacca_cpu_final_20260913__cpu_rajaperf_lcals_tridiag_elim__F4__rep03,cpu_rajaperf_lcals_tridiag_elim,F4,3,4646850000.0,438910558,74590896,2,612,2000000,True,--repfact 2
pacca_cpu_final_20260913__cpu_rajaperf_lcals_tridiag_elim__F5__rep01,cpu_rajaperf_lcals_tridiag_elim,F5,1,4957790000.0,458681748,77844915,30,896,1700000,True,--repfact 2
pacca_cpu_final_20260913__cpu_rajaperf_lcals_tridiag_elim__F5__rep02,cpu_rajaperf_lcals_tridiag_elim,F5,2,4868030000.0,451846499,77150480,19,811,1700000,True,--repfact 2
pacca_cpu_final_20260913__cpu_rajaperf_lcals_tridiag_elim__F5__rep03,cpu_rajaperf_lcals_tridiag_elim,F5,3,4888700000.0,454450802,76931705,16,843,1700000,True,--repfact 2
pacca_cpu_final_20260913__cpu_rajaperf_lcals_tridiag_elim__F6__rep01,cpu_rajaperf_lcals_tridiag_elim,F6,1,5211700000.0,471321974,79374395,34,1144,1400000,True,--repfact 2
pacca_cpu_final_20260913__cpu_rajaperf_lcals_tridiag_elim__F6__rep02,cpu_rajaperf_lcals_tridiag_elim,F6,2,5002540000.0,453435485,78123024,36,934,1400000,True,--repfact 2
pacca_cpu_final_20260913__cpu_rajaperf_lcals_tridiag_elim__F6__rep03,cpu_rajaperf_lcals_tridiag_elim,F6,3,5005980000.0,453683653,78314458,34,936,1400000,True,--repfact 2
pacca_cpu_final_20260913__cpu_rajaperf_lcals_tridiag_elim__F7__rep01,cpu_rajaperf_lcals_tridiag_elim,F7,1,5398200000.0,481449878,81961091,65,1294,1100000,True,--repfact 2
pacca_cpu_final_20260913__cpu_rajaperf_lcals_tridiag_elim__F7__rep02,cpu_rajaperf_lcals_tridiag_elim,F7,2,5325480000.0,475277592,81074241,65,1217,1100000,True,--repfact 2
pacca_cpu_final_20260913__cpu_rajaperf_lcals_tridiag_elim__F7__rep03,cpu_rajaperf_lcals_tridiag_elim,F7,3,5527050000.0,489102568,82433554,76,1399,1100000,True,--repfact 2
pacca_cpu_final_20260913__cpu_rajaperf_lcals_tridiag_elim__F8__rep01,cpu_rajaperf_lcals_tridiag_elim,F8,1,6197700000.0,543272352,88524393,65,2096,800000,True,--repfact 2
pacca_cpu_final_20260913__cpu_rajaperf_lcals_tridiag_elim__F8__rep02,cpu_rajaperf_lcals_tridiag_elim,F8,2,6146150000.0,535246433,87444013,65,2037,800000,True,--repfact 2
pacca_cpu_final_20260913__cpu_rajaperf_lcals_tridiag_elim__F8__rep03,cpu_rajaperf_lcals_tridiag_elim,F8,3,6234600000.0,540277547,88415915,64,2133,800000,True,--repfact 2
pacca_cpu_final_20260913__cpu_rajaperf_lcals_tridiag_elim__REF__rep01,cpu_rajaperf_lcals_tridiag_elim,REF,1,4667050000.0,487896700,74158442,53,607,,True,--repfact 2
pacca_cpu_final_20260913__cpu_rajaperf_lcals_tridiag_elim__REF__rep02,cpu_rajaperf_lcals_tridiag_elim,REF,2,4680330000.0,491872520,74265312,0,715,,True,--repfact 2
pacca_cpu_final_20260913__cpu_rajaperf_lcals_tridiag_elim__REF__rep03,cpu_rajaperf_lcals_tridiag_elim,REF,3,4648100000.0,489498259,74806014,0,689,,True,--repfact 2
pacca_cpu_final_20260913__cpu_rajaperf_polybench_fdtd_2d__F0__rep01,cpu_rajaperf_polybench_fdtd_2d,F0,1,1059360000.0,83135956,12152637,0,87,3200000,True,
pacca_cpu_final_20260913__cpu_rajaperf_polybench_fdtd_2d__F0__rep02,cpu_rajaperf_polybench_fdtd_2d,F0,2,1089970000.0,85587672,12336405,0,115,3200000,True,
pacca_cpu_final_20260913__cpu_rajaperf_polybench_fdtd_2d__F0__rep03,cpu_rajaperf_polybench_fdtd_2d,F0,3,1060670000.0,84391263,12326017,0,100,3200000,True,
pacca_cpu_final_20260913__cpu_rajaperf_polybench_fdtd_2d__F1__rep01,cpu_rajaperf_polybench_fdtd_2d,F1,1,1093450000.0,82980989,12364879,0,116,2900000,True,
pacca_cpu_final_20260913__cpu_rajaperf_polybench_fdtd_2d__F1__rep02,cpu_rajaperf_polybench_fdtd_2d,F1,2,1045940000.0,80181374,12105299,0,86,2900000,True,
pacca_cpu_final_20260913__cpu_rajaperf_polybench_fdtd_2d__F1__rep03,cpu_rajaperf_polybench_fdtd_2d,F1,3,1113950000.0,86233788,12795313,0,154,2900000,True,
pacca_cpu_final_20260913__cpu_rajaperf_polybench_fdtd_2d__F2__rep01,cpu_rajaperf_polybench_fdtd_2d,F2,1,1108120000.0,83285859,12648189,0,145,2600000,True,
pacca_cpu_final_20260913__cpu_rajaperf_polybench_fdtd_2d__F2__rep02,cpu_rajaperf_polybench_fdtd_2d,F2,2,1106900000.0,82745455,12560978,0,134,2600000,True,
pacca_cpu_final_20260913__cpu_rajaperf_polybench_fdtd_2d__F2__rep03,cpu_rajaperf_polybench_fdtd_2d,F2,3,1126100000.0,85127834,12851128,0,165,2600000,True,
pacca_cpu_final_20260913__cpu_rajaperf_polybench_fdtd_2d__F3__rep01,cpu_rajaperf_polybench_fdtd_2d,F3,1,1108080000.0,81216284,12671460,0,141,2300000,True,
pacca_cpu_final_20260913__cpu_rajaperf_polybench_fdtd_2d__F3__rep02,cpu_rajaperf_polybench_fdtd_2d,F3,2,1135360000.0,82505771,12801341,0,160,2300000,True,
pacca_cpu_final_20260913__cpu_rajaperf_polybench_fdtd_2d__F3__rep03,cpu_rajaperf_polybench_fdtd_2d,F3,3,1134270000.0,83983672,12808334,0,171,2300000,True,
pacca_cpu_final_20260913__cpu_rajaperf_polybench_fdtd_2d__F4__rep01,cpu_rajaperf_polybench_fdtd_2d,F4,1,1132280000.0,81100012,12799123,0,161,2000000,True,
pacca_cpu_final_20260913__cpu_rajaperf_polybench_fdtd_2d__F4__rep02,cpu_rajaperf_polybench_fdtd_2d,F4,2,1166700000.0,83884734,13072947,0,195,2000000,True,
pacca_cpu_final_20260913__cpu_rajaperf_polybench_fdtd_2d__F4__rep03,cpu_rajaperf_polybench_fdtd_2d,F4,3,1126790000.0,80820227,12769442,0,162,2000000,True,
pacca_cpu_final_20260913__cpu_rajaperf_polybench_fdtd_2d__F5__rep01,cpu_rajaperf_polybench_fdtd_2d,F5,1,1160460000.0,83190949,13018372,0,196,1700000,True,
pacca_cpu_final_20260913__cpu_rajaperf_polybench_fdtd_2d__F5__rep02,cpu_rajaperf_polybench_fdtd_2d,F5,2,1211600000.0,86207115,13367702,0,232,1700000,True,
pacca_cpu_final_20260913__cpu_rajaperf_polybench_fdtd_2d__F5__rep03,cpu_rajaperf_polybench_fdtd_2d,F5,3,1195060000.0,85582056,13456335,0,222,1700000,True,
pacca_cpu_final_20260913__cpu_rajaperf_polybench_fdtd_2d__F6__rep01,cpu_rajaperf_polybench_fdtd_2d,F6,1,1281420000.0,91568919,13989693,0,309,1400000,True,
pacca_cpu_final_20260913__cpu_rajaperf_polybench_fdtd_2d__F6__rep02,cpu_rajaperf_polybench_fdtd_2d,F6,2,1254500000.0,88904069,13774880,0,285,1400000,True,
pacca_cpu_final_20260913__cpu_rajaperf_polybench_fdtd_2d__F6__rep03,cpu_rajaperf_polybench_fdtd_2d,F6,3,1232540000.0,85302577,13425490,0,241,1400000,True,
pacca_cpu_final_20260913__cpu_rajaperf_polybench_fdtd_2d__F7__rep01,cpu_rajaperf_polybench_fdtd_2d,F7,1,1318100000.0,93702641,14328894,8,348,1100000,True,
pacca_cpu_final_20260913__cpu_rajaperf_polybench_fdtd_2d__F7__rep02,cpu_rajaperf_polybench_fdtd_2d,F7,2,1357750000.0,97318477,14844810,9,384,1100000,True,
pacca_cpu_final_20260913__cpu_rajaperf_polybench_fdtd_2d__F7__rep03,cpu_rajaperf_polybench_fdtd_2d,F7,3,1329360000.0,92846503,14303527,7,341,1100000,True,
pacca_cpu_final_20260913__cpu_rajaperf_polybench_fdtd_2d__F8__rep01,cpu_rajaperf_polybench_fdtd_2d,F8,1,1571130000.0,111768695,16247559,51,541,800000,True,
pacca_cpu_final_20260913__cpu_rajaperf_polybench_fdtd_2d__F8__rep02,cpu_rajaperf_polybench_fdtd_2d,F8,2,1555310000.0,110127648,15944819,41,530,800000,True,
pacca_cpu_final_20260913__cpu_rajaperf_polybench_fdtd_2d__F8__rep03,cpu_rajaperf_polybench_fdtd_2d,F8,3,1551080000.0,110873679,16130346,46,533,800000,True,
pacca_cpu_final_20260913__cpu_rajaperf_polybench_fdtd_2d__REF__rep01,cpu_rajaperf_polybench_fdtd_2d,REF,1,1089630000.0,84812039,12329642,13,162,,True,
pacca_cpu_final_20260913__cpu_rajaperf_polybench_fdtd_2d__REF__rep02,cpu_rajaperf_polybench_fdtd_2d,REF,2,1066480000.0,84114531,12253510,13,154,,True,
pacca_cpu_final_20260913__cpu_rajaperf_polybench_fdtd_2d__REF__rep03,cpu_rajaperf_polybench_fdtd_2d,REF,3,1068550000.0,84809475,12329398,26,158,,True,
pacca_cpu_final_20260913__cpu_rajaperf_polybench_jacobi_1d__F0__rep01,cpu_rajaperf_polybench_jacobi_1d,F0,1,4051730000.0,423077958,64671279,9,3068,3200000,True,
pacca_cpu_final_20260913__cpu_rajaperf_polybench_jacobi_1d__F0__rep02,cpu_rajaperf_polybench_jacobi_1d,F0,2,4300950000.0,445681720,67479380,13,3300,3200000,True,
pacca_cpu_final_20260913__cpu_rajaperf_polybench_jacobi_1d__F0__rep03,cpu_rajaperf_polybench_jacobi_1d,F0,3,4368060000.0,449650887,67185421,52,3229,3200000,True,
pacca_cpu_final_20260913__cpu_rajaperf_polybench_jacobi_1d__F1__rep01,cpu_rajaperf_polybench_jacobi_1d,F1,1,4307530000.0,431226130,67760900,47,3295,2900000,True,
pacca_cpu_final_20260913__cpu_rajaperf_polybench_jacobi_1d__F1__rep02,cpu_rajaperf_polybench_jacobi_1d,F1,2,4154740000.0,414868017,65989726,20,3155,2900000,True,
pacca_cpu_final_20260913__cpu_rajaperf_polybench_jacobi_1d__F1__rep03,cpu_rajaperf_polybench_jacobi_1d,F1,3,4248940000.0,423773695,66281283,23,3239,2900000,True,
pacca_cpu_final_20260913__cpu_rajaperf_polybench_jacobi_1d__F2__rep01,cpu_rajaperf_polybench_jacobi_1d,F2,1,4052660000.0,398171100,65064596,31,3058,2600000,True,
pacca_cpu_final_20260913__cpu_rajaperf_polybench_jacobi_1d__F2__rep02,cpu_rajaperf_polybench_jacobi_1d,F2,2,4138590000.0,404728639,65604854,29,3145,2600000,True,
pacca_cpu_final_20260913__cpu_rajaperf_polybench_jacobi_1d__F2__rep03,cpu_rajaperf_polybench_jacobi_1d,F2,3,4151030000.0,405698668,66069745,39,3132,2600000,True,
pacca_cpu_final_20260913__cpu_rajaperf_polybench_jacobi_1d__F3__rep01,cpu_rajaperf_polybench_jacobi_1d,F3,1,4121880000.0,393556305,65711374,43,3118,2300000,True,
pacca_cpu_final_20260913__cpu_rajaperf_polybench_jacobi_1d__F3__rep02,cpu_rajaperf_polybench_jacobi_1d,F3,2,4244050000.0,404923646,67075475,49,3235,2300000,True,
pacca_cpu_final_20260913__cpu_rajaperf_polybench_jacobi_1d__F3__rep03,cpu_rajaperf_polybench_jacobi_1d,F3,3,4095720000.0,391214574,65596853,44,3090,2300000,True,
pacca_cpu_final_20260913__cpu_rajaperf_polybench_jacobi_1d__F4__rep01,cpu_rajaperf_polybench_jacobi_1d,F4,1,4350490000.0,404674318,67775985,65,3307,2000000,True,
pacca_cpu_final_20260913__cpu_rajaperf_polybench_jacobi_1d__F4__rep02,cpu_rajaperf_polybench_jacobi_1d,F4,2,4187800000.0,389129924,66180181,65,3142,2000000,True,
pacca_cpu_final_20260913__cpu_rajaperf_polybench_jacobi_1d__F4__rep03,cpu_rajaperf_polybench_jacobi_1d,F4,3,4286960000.0,400495435,67517845,65,3263,2000000,True,
pacca_cpu_final_20260913__cpu_rajaperf_polybench_jacobi_1d__F5__rep01,cpu_rajaperf_polybench_jacobi_1d,F5,1,4272190000.0,396635154,67253490,65,3248,1700000,True,
pacca_cpu_final_20260913__cpu_rajaperf_polybench_jacobi_1d__F5__rep02,cpu_rajaperf_polybench_jacobi_1d,F5,2,4371110000.0,404028323,67843582,52,3355,1700000,True,
pacca_cpu_final_20260913__cpu_rajaperf_polybench_jacobi_1d__F5__rep03,cpu_rajaperf_polybench_jacobi_1d,F5,3,4748560000.0,432405571,70494750,54,3633,1700000,True,
pacca_cpu_final_20260913__cpu_rajaperf_polybench_jacobi_1d__F6__rep01,cpu_rajaperf_polybench_jacobi_1d,F6,1,4590550000.0,413424540,69860610,65,3550,1400000,True,
pacca_cpu_final_20260913__cpu_rajaperf_polybench_jacobi_1d__F6__rep02,cpu_rajaperf_polybench_jacobi_1d,F6,2,4597200000.0,414803015,70160567,65,3526,1400000,True,
pacca_cpu_final_20260913__cpu_rajaperf_polybench_jacobi_1d__F6__rep03,cpu_rajaperf_polybench_jacobi_1d,F6,3,4712370000.0,425115916,71422726,65,3684,1400000,True,
pacca_cpu_final_20260913__cpu_rajaperf_polybench_jacobi_1d__F7__rep01,cpu_rajaperf_polybench_jacobi_1d,F7,1,5067890000.0,446666215,74069641,52,3999,1100000,True,
pacca_cpu_final_20260913__cpu_rajaperf_polybench_jacobi_1d__F7__rep02,cpu_rajaperf_polybench_jacobi_1d,F7,2,5070340000.0,446401140,74340053,65,3986,1100000,True,
pacca_cpu_final_20260913__cpu_rajaperf_polybench_jacobi_1d__F7__rep03,cpu_rajaperf_polybench_jacobi_1d,F7,3,5120060000.0,451752078,74773900,65,4082,1100000,True,
pacca_cpu_final_20260913__cpu_rajaperf_polybench_jacobi_1d__F8__rep01,cpu_rajaperf_polybench_jacobi_1d,F8,1,6039330000.0,523536502,82348578,65,5007,800000,True,
pacca_cpu_final_20260913__cpu_rajaperf_polybench_jacobi_1d__F8__rep02,cpu_rajaperf_polybench_jacobi_1d,F8,2,6108750000.0,523164798,82691972,65,5060,800000,True,
pacca_cpu_final_20260913__cpu_rajaperf_polybench_jacobi_1d__F8__rep03,cpu_rajaperf_polybench_jacobi_1d,F8,3,6077890000.0,523417117,82632882,65,5039,800000,True,
pacca_cpu_final_20260913__cpu_rajaperf_polybench_jacobi_1d__REF__rep01,cpu_rajaperf_polybench_jacobi_1d,REF,1,4326220000.0,449354623,67284688,39,3405,,True,
pacca_cpu_final_20260913__cpu_rajaperf_polybench_jacobi_1d__REF__rep02,cpu_rajaperf_polybench_jacobi_1d,REF,2,4151730000.0,431978692,65916699,51,3210,,True,
pacca_cpu_final_20260913__cpu_rajaperf_polybench_jacobi_1d__REF__rep03,cpu_rajaperf_polybench_jacobi_1d,REF,3,4083970000.0,425358835,65302680,65,3111,,True,
pacca_cpu_final_20260913__cpu_rajaperf_stream_add__F0__rep01,cpu_rajaperf_stream_add,F0,1,2604040000.0,255997330,39447913,0,1642,3200000,True,
pacca_cpu_final_20260913__cpu_rajaperf_stream_add__F0__rep02,cpu_rajaperf_stream_add,F0,2,2621040000.0,257707409,39441166,0,1649,3200000,True,
pacca_cpu_final_20260913__cpu_rajaperf_stream_add__F0__rep03,cpu_rajaperf_stream_add,F0,3,2542000000.0,248779514,38695046,0,1565,3200000,True,
pacca_cpu_final_20260913__cpu_rajaperf_stream_add__F1__rep01,cpu_rajaperf_stream_add,F1,1,2533330000.0,240750544,38623825,0,1555,2900000,True,
pacca_cpu_final_20260913__cpu_rajaperf_stream_add__F1__rep02,cpu_rajaperf_stream_add,F1,2,2551420000.0,242154105,38574544,0,1579,2900000,True,
pacca_cpu_final_20260913__cpu_rajaperf_stream_add__F1__rep03,cpu_rajaperf_stream_add,F1,3,2619510000.0,248357580,39354644,0,1655,2900000,True,
pacca_cpu_final_20260913__cpu_rajaperf_stream_add__F2__rep01,cpu_rajaperf_stream_add,F2,1,2583810000.0,238726806,39060777,0,1616,2600000,True,
pacca_cpu_final_20260913__cpu_rajaperf_stream_add__F2__rep02,cpu_rajaperf_stream_add,F2,2,2595190000.0,240086971,39450362,0,1635,2600000,True,
pacca_cpu_final_20260913__cpu_rajaperf_stream_add__F2__rep03,cpu_rajaperf_stream_add,F2,3,2985730000.0,269713604,41585492,2,1722,2600000,True,
pacca_cpu_final_20260913__cpu_rajaperf_stream_add__F3__rep01,cpu_rajaperf_stream_add,F3,1,2621080000.0,236019477,39416962,0,1660,2300000,True,
pacca_cpu_final_20260913__cpu_rajaperf_stream_add__F3__rep02,cpu_rajaperf_stream_add,F3,2,2674920000.0,240618525,39909453,0,1696,2300000,True,
pacca_cpu_final_20260913__cpu_rajaperf_stream_add__F3__rep03,cpu_rajaperf_stream_add,F3,3,2854330000.0,253922629,40872833,0,1838,2300000,True,
pacca_cpu_final_20260913__cpu_rajaperf_stream_add__F4__rep01,cpu_rajaperf_stream_add,F4,1,2730400000.0,241457329,40346773,0,1761,2000000,True,
pacca_cpu_final_20260913__cpu_rajaperf_stream_add__F4__rep02,cpu_rajaperf_stream_add,F4,2,2674630000.0,236982914,40025764,0,1715,2000000,True,
pacca_cpu_final_20260913__cpu_rajaperf_stream_add__F4__rep03,cpu_rajaperf_stream_add,F4,3,2760720000.0,245016951,40710943,0,1789,2000000,True,
pacca_cpu_final_20260913__cpu_rajaperf_stream_add__F5__rep01,cpu_rajaperf_stream_add,F5,1,2793640000.0,242672597,40941163,35,1786,1700000,True,
pacca_cpu_final_20260913__cpu_rajaperf_stream_add__F5__rep02,cpu_rajaperf_stream_add,F5,2,2790030000.0,242584035,41055025,36,1785,1700000,True,
pacca_cpu_final_20260913__cpu_rajaperf_stream_add__F5__rep03,cpu_rajaperf_stream_add,F5,3,2810210000.0,245195051,41252671,35,1812,1700000,True,
pacca_cpu_final_20260913__cpu_rajaperf_stream_add__F6__rep01,cpu_rajaperf_stream_add,F6,1,2885100000.0,246616983,41781316,39,1884,1400000,True,
pacca_cpu_final_20260913__cpu_rajaperf_stream_add__F6__rep02,cpu_rajaperf_stream_add,F6,2,2888420000.0,247403969,42290179,26,1900,1400000,True,
pacca_cpu_final_20260913__cpu_rajaperf_stream_add__F6__rep03,cpu_rajaperf_stream_add,F6,3,2903620000.0,246406535,42155754,39,1882,1400000,True,
pacca_cpu_final_20260913__cpu_rajaperf_stream_add__F7__rep01,cpu_rajaperf_stream_add,F7,1,3112740000.0,259991217,43823147,52,2079,1100000,True,
pacca_cpu_final_20260913__cpu_rajaperf_stream_add__F7__rep02,cpu_rajaperf_stream_add,F7,2,3115290000.0,260201361,43825871,52,2080,1100000,True,
pacca_cpu_final_20260913__cpu_rajaperf_stream_add__F7__rep03,cpu_rajaperf_stream_add,F7,3,3169880000.0,264623529,44646486,65,2133,1100000,True,
pacca_cpu_final_20260913__cpu_rajaperf_stream_add__F8__rep01,cpu_rajaperf_stream_add,F8,1,3546730000.0,296046605,47541369,65,2513,800000,True,
pacca_cpu_final_20260913__cpu_rajaperf_stream_add__F8__rep02,cpu_rajaperf_stream_add,F8,2,3833240000.0,314346546,48927242,75,2691,800000,True,
pacca_cpu_final_20260913__cpu_rajaperf_stream_add__F8__rep03,cpu_rajaperf_stream_add,F8,3,3532150000.0,294644937,47747628,65,2505,800000,True,
pacca_cpu_final_20260913__cpu_rajaperf_stream_add__REF__rep01,cpu_rajaperf_stream_add,REF,1,2551860000.0,249302279,38678844,0,1645,,True,
pacca_cpu_final_20260913__cpu_rajaperf_stream_add__REF__rep02,cpu_rajaperf_stream_add,REF,2,2565850000.0,251361417,38802192,0,1666,,True,
pacca_cpu_final_20260913__cpu_rajaperf_stream_add__REF__rep03,cpu_rajaperf_stream_add,REF,3,2578610000.0,252965234,38714340,0,1686,,True,
pacca_cpu_final_20260913__cpu_rajaperf_stream_mul__F0__rep01,cpu_rajaperf_stream_mul,F0,1,5083020000.0,526914057,81793249,0,4120,3200000,True,
pacca_cpu_final_20260913__cpu_rajaperf_stream_mul__F0__rep02,cpu_rajaperf_stream_mul,F0,2,4708890000.0,491589196,78517014,0,3744,3200000,True,
pacca_cpu_final_20260913__cpu_rajaperf_stream_mul__F0__rep03,cpu_rajaperf_stream_mul,F0,3,4816240000.0,502553279,79645497,0,3856,3200000,True,
pacca_cpu_final_20260913__cpu_rajaperf_stream_mul__F1__rep01,cpu_rajaperf_stream_mul,F1,1,4755550000.0,480572684,78385862,0,3781,2900000,True,
pacca_cpu_final_20260913__cpu_rajaperf_stream_mul__F1__rep02,cpu_rajaperf_stream_mul,F1,2,4964350000.0,496325512,80155430,0,3978,2900000,True,
pacca_cpu_final_20260913__cpu_rajaperf_stream_mul__F1__rep03,cpu_rajaperf_stream_mul,F1,3,5135210000.0,513147795,82029742,0,4175,2900000,True,
pacca_cpu_final_20260913__cpu_rajaperf_stream_mul__F2__rep01,cpu_rajaperf_stream_mul,F2,1,4788640000.0,469331746,78504086,0,3818,2600000,True,
pacca_cpu_final_20260913__cpu_rajaperf_stream_mul__F2__rep02,cpu_rajaperf_stream_mul,F2,2,4951140000.0,483603864,80498334,0,3980,2600000,True,
pacca_cpu_final_20260913__cpu_rajaperf_stream_mul__F2__rep03,cpu_rajaperf_stream_mul,F2,3,4880850000.0,475868471,79758334,0,3908,2600000,True,
pacca_cpu_final_20260913__cpu_rajaperf_stream_mul__F3__rep01,cpu_rajaperf_stream_mul,F3,1,4955310000.0,471266005,79826847,0,3851,2300000,True,
pacca_cpu_final_20260913__cpu_rajaperf_stream_mul__F3__rep02,cpu_rajaperf_stream_mul,F3,2,4897700000.0,467740684,79922778,0,3930,2300000,True,
pacca_cpu_final_20260913__cpu_rajaperf_stream_mul__F3__rep03,cpu_rajaperf_stream_mul,F3,3,4823830000.0,462712560,79371719,0,3863,2300000,True,
pacca_cpu_final_20260913__cpu_rajaperf_stream_mul__F4__rep01,cpu_rajaperf_stream_mul,F4,1,4892510000.0,459846418,79899736,40,3878,2000000,True,
pacca_cpu_final_20260913__cpu_rajaperf_stream_mul__F4__rep02,cpu_rajaperf_stream_mul,F4,2,5053310000.0,474701055,81380134,39,4042,2000000,True,
pacca_cpu_final_20260913__cpu_rajaperf_stream_mul__F4__rep03,cpu_rajaperf_stream_mul,F4,3,4957110000.0,465553434,80483416,39,3943,2000000,True,
pacca_cpu_final_20260913__cpu_rajaperf_stream_mul__F5__rep01,cpu_rajaperf_stream_mul,F5,1,5109730000.0,472109509,81930169,39,4093,1700000,True,
pacca_cpu_final_20260913__cpu_rajaperf_stream_mul__F5__rep02,cpu_rajaperf_stream_mul,F5,2,5322350000.0,487535128,83566795,62,4193,1700000,True,
pacca_cpu_final_20260913__cpu_rajaperf_stream_mul__F5__rep03,cpu_rajaperf_stream_mul,F5,3,5059610000.0,464985626,81428666,52,4029,1700000,True,
pacca_cpu_final_20260913__cpu_rajaperf_stream_mul__F6__rep01,cpu_rajaperf_stream_mul,F6,1,5136480000.0,462159461,81841582,52,4072,1400000,True,
pacca_cpu_final_20260913__cpu_rajaperf_stream_mul__F6__rep02,cpu_rajaperf_stream_mul,F6,2,5193260000.0,471981458,83276569,52,4167,1400000,True,
pacca_cpu_final_20260913__cpu_rajaperf_stream_mul__F6__rep03,cpu_rajaperf_stream_mul,F6,3,5519930000.0,496204601,85778578,66,4459,1400000,True,
pacca_cpu_final_20260913__cpu_rajaperf_stream_mul__F7__rep01,cpu_rajaperf_stream_mul,F7,1,5463110000.0,485572671,85055592,57,4400,1100000,True,
pacca_cpu_final_20260913__cpu_rajaperf_stream_mul__F7__rep02,cpu_rajaperf_stream_mul,F7,2,5492300000.0,488162934,85306940,65,4399,1100000,True,
pacca_cpu_final_20260913__cpu_rajaperf_stream_mul__F7__rep03,cpu_rajaperf_stream_mul,F7,3,5558380000.0,493165851,86010434,76,4510,1100000,True,
pacca_cpu_final_20260913__cpu_rajaperf_stream_mul__F8__rep01,cpu_rajaperf_stream_mul,F8,1,6437400000.0,562143031,94517005,66,5410,800000,True,
pacca_cpu_final_20260913__cpu_rajaperf_stream_mul__F8__rep02,cpu_rajaperf_stream_mul,F8,2,6181210000.0,542054521,92436297,52,5157,800000,True,
pacca_cpu_final_20260913__cpu_rajaperf_stream_mul__F8__rep03,cpu_rajaperf_stream_mul,F8,3,6764890000.0,584960172,96761239,97,5679,800000,True,
pacca_cpu_final_20260913__cpu_rajaperf_stream_mul__REF__rep01,cpu_rajaperf_stream_mul,REF,1,4838630000.0,504356314,79181861,0,3938,,True,
pacca_cpu_final_20260913__cpu_rajaperf_stream_mul__REF__rep02,cpu_rajaperf_stream_mul,REF,2,4766840000.0,497084360,78531962,0,3869,,True,
pacca_cpu_final_20260913__cpu_rajaperf_stream_mul__REF__rep03,cpu_rajaperf_stream_mul,REF,3,4999000000.0,516112693,80099738,32,4004,,True,
pacca_cpu_final_20260913__cpu_rajaperf_stream_triad__F0__rep01,cpu_rajaperf_stream_triad,F0,1,2547140000.0,252692956,38772862,0,1574,3200000,True,
pacca_cpu_final_20260913__cpu_rajaperf_stream_triad__F0__rep02,cpu_rajaperf_stream_triad,F0,2,2783170000.0,272950595,40651963,27,1769,3200000,True,
pacca_cpu_final_20260913__cpu_rajaperf_stream_triad__F0__rep03,cpu_rajaperf_stream_triad,F0,3,2593550000.0,258216502,39290094,0,1631,3200000,True,
pacca_cpu_final_20260913__cpu_rajaperf_stream_triad__F1__rep01,cpu_rajaperf_stream_triad,F1,1,2531880000.0,242246572,38696102,0,1572,2900000,True,
pacca_cpu_final_20260913__cpu_rajaperf_stream_triad__F1__rep02,cpu_rajaperf_stream_triad,F1,2,2867350000.0,269004072,41094209,7,1803,2900000,True,
pacca_cpu_final_20260913__cpu_rajaperf_stream_triad__F1__rep03,cpu_rajaperf_stream_triad,F1,3,2561970000.0,244185410,38896134,0,1593,2900000,True,
pacca_cpu_final_20260913__cpu_rajaperf_stream_triad__F2__rep01,cpu_rajaperf_stream_triad,F2,1,2742620000.0,253253624,40385574,36,1730,2600000,True,
pacca_cpu_final_20260913__cpu_rajaperf_stream_triad__F2__rep02,cpu_rajaperf_stream_triad,F2,2,2628150000.0,245141279,39846769,0,1667,2600000,True,
pacca_cpu_final_20260913__cpu_rajaperf_stream_triad__F2__rep03,cpu_rajaperf_stream_triad,F2,3,2674280000.0,247979040,39975319,0,1707,2600000,True,
pacca_cpu_final_20260913__cpu_rajaperf_stream_triad__F3__rep01,cpu_rajaperf_stream_triad,F3,1,2667090000.0,240744684,40034929,9,1682,2300000,True,
pacca_cpu_final_20260913__cpu_rajaperf_stream_triad__F3__rep02,cpu_rajaperf_stream_triad,F3,2,2644880000.0,239287717,39858459,0,1681,2300000,True,
pacca_cpu_final_20260913__cpu_rajaperf_stream_triad__F3__rep03,cpu_rajaperf_stream_triad,F3,3,2649880000.0,240001705,39803547,0,1674,2300000,True,
pacca_cpu_final_20260913__cpu_rajaperf_stream_triad__F4__rep01,cpu_rajaperf_stream_triad,F4,1,2677450000.0,238500855,40316968,20,1694,2000000,True,
pacca_cpu_final_20260913__cpu_rajaperf_stream_triad__F4__rep02,cpu_rajaperf_stream_triad,F4,2,2879910000.0,252303981,41359695,52,1782,2000000,True,
pacca_cpu_final_20260913__cpu_rajaperf_stream_triad__F4__rep03,cpu_rajaperf_stream_triad,F4,3,2700160000.0,238867675,40052983,29,1696,2000000,True,
pacca_cpu_final_20260913__cpu_rajaperf_stream_triad__F5__rep01,cpu_rajaperf_stream_triad,F5,1,2926860000.0,253634666,42120073,78,1861,1700000,True,
pacca_cpu_final_20260913__cpu_rajaperf_stream_triad__F5__rep02,cpu_rajaperf_stream_triad,F5,2,2759230000.0,240551569,40857166,36,1761,1700000,True,
pacca_cpu_final_20260913__cpu_rajaperf_stream_triad__F5__rep03,cpu_rajaperf_stream_triad,F5,3,2809630000.0,245723553,41215461,40,1810,1700000,True,
pacca_cpu_final_20260913__cpu_rajaperf_stream_triad__F6__rep01,cpu_rajaperf_stream_triad,F6,1,2896450000.0,246505655,41934515,65,1859,1400000,True,
pacca_cpu_final_20260913__cpu_rajaperf_stream_triad__F6__rep02,cpu_rajaperf_stream_triad,F6,2,2846910000.0,244661178,41844260,65,1823,1400000,True,
pacca_cpu_final_20260913__cpu_rajaperf_stream_triad__F6__rep03,cpu_rajaperf_stream_triad,F6,3,2929620000.0,251419400,42316250,50,1911,1400000,True,
pacca_cpu_final_20260913__cpu_rajaperf_stream_triad__F7__rep01,cpu_rajaperf_stream_triad,F7,1,3136920000.0,263402524,44088143,63,2093,1100000,True,
pacca_cpu_final_20260913__cpu_rajaperf_stream_triad__F7__rep02,cpu_rajaperf_stream_triad,F7,2,3109520000.0,262272522,44007268,66,2058,1100000,True,
pacca_cpu_final_20260913__cpu_rajaperf_stream_triad__F7__rep03,cpu_rajaperf_stream_triad,F7,3,3217240000.0,269120344,44536158,52,2178,1100000,True,
pacca_cpu_final_20260913__cpu_rajaperf_stream_triad__F8__rep01,cpu_rajaperf_stream_triad,F8,1,3589160000.0,298156708,47875781,51,2573,800000,True,
pacca_cpu_final_20260913__cpu_rajaperf_stream_triad__F8__rep02,cpu_rajaperf_stream_triad,F8,2,3532190000.0,294948525,47406821,65,2496,800000,True,
pacca_cpu_final_20260913__cpu_rajaperf_stream_triad__F8__rep03,cpu_rajaperf_stream_triad,F8,3,3553180000.0,295538795,47376312,65,2515,800000,True,
pacca_cpu_final_20260913__cpu_rajaperf_stream_triad__REF__rep01,cpu_rajaperf_stream_triad,REF,1,2672040000.0,262398132,39578622,21,1745,,True,
pacca_cpu_final_20260913__cpu_rajaperf_stream_triad__REF__rep02,cpu_rajaperf_stream_triad,REF,2,2578760000.0,255768510,39166838,0,1683,,True,
pacca_cpu_final_20260913__cpu_rajaperf_stream_triad__REF__rep03,cpu_rajaperf_stream_triad,REF,3,2544100000.0,253124413,38741681,0,1657,,True,
pacca_cpu_final_20260913__dgemm_n2048__F0__rep01,dgemm_n2048,F0,1,3370410000.0,434424425,31840340,2397,0,3200000,True,--size 2048 --iterations 80
pacca_cpu_final_20260913__dgemm_n2048__F0__rep02,dgemm_n2048,F0,2,3344970000.0,431239252,31761852,2370,0,3200000,True,--size 2048 --iterations 80
pacca_cpu_final_20260913__dgemm_n2048__F0__rep03,dgemm_n2048,F0,3,3416510000.0,440204500,32187497,2440,0,3200000,True,--size 2048 --iterations 80
pacca_cpu_final_20260913__dgemm_n2048__F1__rep01,dgemm_n2048,F1,1,3627800000.0,449445138,33786868,2657,0,2900000,True,--size 2048 --iterations 80
pacca_cpu_final_20260913__dgemm_n2048__F1__rep02,dgemm_n2048,F1,2,3620860000.0,451940371,33974063,2655,0,2900000,True,--size 2048 --iterations 80
pacca_cpu_final_20260913__dgemm_n2048__F1__rep03,dgemm_n2048,F1,3,3601580000.0,448209302,33727228,2643,0,2900000,True,--size 2048 --iterations 80
pacca_cpu_final_20260913__dgemm_n2048__F2__rep01,dgemm_n2048,F2,1,3939910000.0,449405283,35951543,2970,0,2600000,True,--size 2048 --iterations 80
pacca_cpu_final_20260913__dgemm_n2048__F2__rep02,dgemm_n2048,F2,2,3936820000.0,449739266,35877108,2976,0,2600000,True,--size 2048 --iterations 80
pacca_cpu_final_20260913__dgemm_n2048__F2__rep03,dgemm_n2048,F2,3,3980440000.0,452916138,36021723,3004,0,2600000,True,--size 2048 --iterations 80
pacca_cpu_final_20260913__dgemm_n2048__F3__rep01,dgemm_n2048,F3,1,4416660000.0,474278998,39121335,3449,0,2300000,True,--size 2048 --iterations 80
pacca_cpu_final_20260913__dgemm_n2048__F3__rep02,dgemm_n2048,F3,2,4410210000.0,474006416,38749622,3438,0,2300000,True,--size 2048 --iterations 80
pacca_cpu_final_20260913__dgemm_n2048__F3__rep03,dgemm_n2048,F3,3,4419470000.0,474079292,38789386,3448,0,2300000,True,--size 2048 --iterations 80
pacca_cpu_final_20260913__dgemm_n2048__F4__rep01,dgemm_n2048,F4,1,4999240000.0,504874013,42949288,4030,0,2000000,True,--size 2048 --iterations 80
pacca_cpu_final_20260913__dgemm_n2048__F4__rep02,dgemm_n2048,F4,2,5000350000.0,506827682,42779595,4040,0,2000000,True,--size 2048 --iterations 80
pacca_cpu_final_20260913__dgemm_n2048__F4__rep03,dgemm_n2048,F4,3,4995660000.0,504921681,42814373,4033,0,2000000,True,--size 2048 --iterations 80
pacca_cpu_final_20260913__dgemm_n2048__F5__rep01,dgemm_n2048,F5,1,5787780000.0,554229111,47591109,4817,0,1700000,True,--size 2048 --iterations 80
pacca_cpu_final_20260913__dgemm_n2048__F5__rep02,dgemm_n2048,F5,2,5770340000.0,548840514,47725948,4787,0,1700000,True,--size 2048 --iterations 80
pacca_cpu_final_20260913__dgemm_n2048__F5__rep03,dgemm_n2048,F5,3,5844080000.0,560465668,48420231,4883,0,1700000,True,--size 2048 --iterations 80
pacca_cpu_final_20260913__dgemm_n2048__F6__rep01,dgemm_n2048,F6,1,6842700000.0,630696628,54662616,5879,0,1400000,True,--size 2048 --iterations 80
pacca_cpu_final_20260913__dgemm_n2048__F6__rep02,dgemm_n2048,F6,2,6921740000.0,636410480,54412170,5950,0,1400000,True,--size 2048 --iterations 80
pacca_cpu_final_20260913__dgemm_n2048__F6__rep03,dgemm_n2048,F6,3,6929680000.0,637397661,54986838,5955,0,1400000,True,--size 2048 --iterations 80
pacca_cpu_final_20260913__dgemm_n2048__F7__rep01,dgemm_n2048,F7,1,8717100000.0,761034612,65758773,7752,0,1100000,True,--size 2048 --iterations 80
pacca_cpu_final_20260913__dgemm_n2048__F7__rep02,dgemm_n2048,F7,2,8742530000.0,763304442,66226004,7759,0,1100000,True,--size 2048 --iterations 80
pacca_cpu_final_20260913__dgemm_n2048__F7__rep03,dgemm_n2048,F7,3,8651650000.0,755647846,65354960,7690,0,1100000,True,--size 2048 --iterations 80
pacca_cpu_final_20260913__dgemm_n2048__F8__rep01,dgemm_n2048,F8,1,11932100000.0,1002478574,86277526,10957,0,800000,True,--size 2048 --iterations 80
pacca_cpu_final_20260913__dgemm_n2048__F8__rep02,dgemm_n2048,F8,2,11853300000.0,993164388,85105867,10871,0,800000,True,--size 2048 --iterations 80
pacca_cpu_final_20260913__dgemm_n2048__F8__rep03,dgemm_n2048,F8,3,11928300000.0,1001553405,86443822,10962,0,800000,True,--size 2048 --iterations 80
pacca_cpu_final_20260913__dgemm_n2048__REF__rep01,dgemm_n2048,REF,1,3364890000.0,435142135,32010568,2466,0,,True,--size 2048 --iterations 80
pacca_cpu_final_20260913__dgemm_n2048__REF__rep02,dgemm_n2048,REF,2,3378880000.0,436965861,31828162,2468,0,,True,--size 2048 --iterations 80
pacca_cpu_final_20260913__dgemm_n2048__REF__rep03,dgemm_n2048,REF,3,3353580000.0,434784592,31896048,2463,0,,True,--size 2048 --iterations 80
pacca_cpu_final_20260913__dual_axpy_cpu_N10000000__F0__rep01,dual_axpy_cpu_N10000000,F0,1,1921920000.0,163733712,19402206,0,1311,3200000,True,--size 10000000 --iterations 153
pacca_cpu_final_20260913__dual_axpy_cpu_N10000000__F0__rep02,dual_axpy_cpu_N10000000,F0,2,1951070000.0,164710455,19370060,0,1324,3200000,True,--size 10000000 --iterations 153
pacca_cpu_final_20260913__dual_axpy_cpu_N10000000__F0__rep03,dual_axpy_cpu_N10000000,F0,3,1964890000.0,167335754,20109723,0,1356,3200000,True,--size 10000000 --iterations 153
pacca_cpu_final_20260913__dual_axpy_cpu_N10000000__F1__rep01,dual_axpy_cpu_N10000000,F1,1,2001910000.0,166364442,20356741,0,1391,2900000,True,--size 10000000 --iterations 153
pacca_cpu_final_20260913__dual_axpy_cpu_N10000000__F1__rep02,dual_axpy_cpu_N10000000,F1,2,2003150000.0,167025635,20582402,0,1394,2900000,True,--size 10000000 --iterations 153
pacca_cpu_final_20260913__dual_axpy_cpu_N10000000__F1__rep03,dual_axpy_cpu_N10000000,F1,3,1984820000.0,164132637,20249504,0,1370,2900000,True,--size 10000000 --iterations 153
pacca_cpu_final_20260913__dual_axpy_cpu_N10000000__F2__rep01,dual_axpy_cpu_N10000000,F2,1,2013670000.0,163433968,20188672,0,1402,2600000,True,--size 10000000 --iterations 153
pacca_cpu_final_20260913__dual_axpy_cpu_N10000000__F2__rep02,dual_axpy_cpu_N10000000,F2,2,2049440000.0,166065676,20580122,0,1424,2600000,True,--size 10000000 --iterations 153
pacca_cpu_final_20260913__dual_axpy_cpu_N10000000__F2__rep03,dual_axpy_cpu_N10000000,F2,3,2053500000.0,167380797,20757449,0,1444,2600000,True,--size 10000000 --iterations 153
pacca_cpu_final_20260913__dual_axpy_cpu_N10000000__F3__rep01,dual_axpy_cpu_N10000000,F3,1,2082880000.0,164748663,20265615,0,1454,2300000,True,--size 10000000 --iterations 153
pacca_cpu_final_20260913__dual_axpy_cpu_N10000000__F3__rep02,dual_axpy_cpu_N10000000,F3,2,2088190000.0,166673401,20828287,0,1476,2300000,True,--size 10000000 --iterations 153
pacca_cpu_final_20260913__dual_axpy_cpu_N10000000__F3__rep03,dual_axpy_cpu_N10000000,F3,3,2119000000.0,168376400,21182162,0,1482,2300000,True,--size 10000000 --iterations 153
pacca_cpu_final_20260913__dual_axpy_cpu_N10000000__F4__rep01,dual_axpy_cpu_N10000000,F4,1,2177600000.0,170582632,21370917,0,1541,2000000,True,--size 10000000 --iterations 153
pacca_cpu_final_20260913__dual_axpy_cpu_N10000000__F4__rep02,dual_axpy_cpu_N10000000,F4,2,2158240000.0,169856010,21571638,0,1544,2000000,True,--size 10000000 --iterations 153
pacca_cpu_final_20260913__dual_axpy_cpu_N10000000__F4__rep03,dual_axpy_cpu_N10000000,F4,3,2161510000.0,169339288,21394097,0,1537,2000000,True,--size 10000000 --iterations 153
pacca_cpu_final_20260913__dual_axpy_cpu_N10000000__F5__rep01,dual_axpy_cpu_N10000000,F5,1,2248300000.0,176029213,22286913,0,1621,1700000,True,--size 10000000 --iterations 153
pacca_cpu_final_20260913__dual_axpy_cpu_N10000000__F5__rep02,dual_axpy_cpu_N10000000,F5,2,2267150000.0,174808879,21455068,0,1611,1700000,True,--size 10000000 --iterations 153
pacca_cpu_final_20260913__dual_axpy_cpu_N10000000__F5__rep03,dual_axpy_cpu_N10000000,F5,3,2270050000.0,176094642,22294349,0,1630,1700000,True,--size 10000000 --iterations 153
pacca_cpu_final_20260913__dual_axpy_cpu_N10000000__F6__rep01,dual_axpy_cpu_N10000000,F6,1,2472770000.0,190949402,23396882,0,1842,1400000,True,--size 10000000 --iterations 153
pacca_cpu_final_20260913__dual_axpy_cpu_N10000000__F6__rep02,dual_axpy_cpu_N10000000,F6,2,2484870000.0,191792416,23768779,0,1824,1400000,True,--size 10000000 --iterations 153
pacca_cpu_final_20260913__dual_axpy_cpu_N10000000__F6__rep03,dual_axpy_cpu_N10000000,F6,3,2446020000.0,188532721,23246942,0,1810,1400000,True,--size 10000000 --iterations 153
pacca_cpu_final_20260913__dual_axpy_cpu_N10000000__F7__rep01,dual_axpy_cpu_N10000000,F7,1,2730220000.0,208072953,25447634,0,2076,1100000,True,--size 10000000 --iterations 153
pacca_cpu_final_20260913__dual_axpy_cpu_N10000000__F7__rep02,dual_axpy_cpu_N10000000,F7,2,2743080000.0,209028274,25753679,0,2056,1100000,True,--size 10000000 --iterations 153
pacca_cpu_final_20260913__dual_axpy_cpu_N10000000__F7__rep03,dual_axpy_cpu_N10000000,F7,3,2734550000.0,206528402,25417645,0,2031,1100000,True,--size 10000000 --iterations 153
pacca_cpu_final_20260913__dual_axpy_cpu_N10000000__F8__rep01,dual_axpy_cpu_N10000000,F8,1,3281900000.0,251620633,28924053,0,2667,800000,True,--size 10000000 --iterations 153
pacca_cpu_final_20260913__dual_axpy_cpu_N10000000__F8__rep02,dual_axpy_cpu_N10000000,F8,2,3283670000.0,249571077,29036676,0,2659,800000,True,--size 10000000 --iterations 153
pacca_cpu_final_20260913__dual_axpy_cpu_N10000000__F8__rep03,dual_axpy_cpu_N10000000,F8,3,3295980000.0,251617215,29391805,0,2677,800000,True,--size 10000000 --iterations 153
pacca_cpu_final_20260913__dual_axpy_cpu_N10000000__REF__rep01,dual_axpy_cpu_N10000000,REF,1,2039160000.0,173767621,20685936,0,1580,,True,--size 10000000 --iterations 153
pacca_cpu_final_20260913__dual_axpy_cpu_N10000000__REF__rep02,dual_axpy_cpu_N10000000,REF,2,2003410000.0,170072867,20395909,0,1550,,True,--size 10000000 --iterations 153
pacca_cpu_final_20260913__dual_axpy_cpu_N10000000__REF__rep03,dual_axpy_cpu_N10000000,REF,3,1943040000.0,165504581,19972375,0,1502,,True,--size 10000000 --iterations 153
pacca_cpu_final_20260913__dual_axpy_cpu_N100000__F0__rep01,dual_axpy_cpu_N100000,F0,1,1889780000.0,159468463,9615545,1280,0,3200000,True,--size 100000 --iterations 21336
pacca_cpu_final_20260913__dual_axpy_cpu_N100000__F0__rep02,dual_axpy_cpu_N100000,F0,2,1877980000.0,157196924,9470440,1256,0,3200000,True,--size 100000 --iterations 21336
pacca_cpu_final_20260913__dual_axpy_cpu_N100000__F0__rep03,dual_axpy_cpu_N100000,F0,3,1846290000.0,153334690,9325870,1207,14,3200000,True,--size 100000 --iterations 21336
pacca_cpu_final_20260913__dual_axpy_cpu_N100000__F1__rep01,dual_axpy_cpu_N100000,F1,1,1950510000.0,158795614,9936784,1318,13,2900000,True,--size 100000 --iterations 21336
pacca_cpu_final_20260913__dual_axpy_cpu_N100000__F1__rep02,dual_axpy_cpu_N100000,F1,2,1938480000.0,158228110,9854317,1320,0,2900000,True,--size 100000 --iterations 21336
pacca_cpu_final_20260913__dual_axpy_cpu_N100000__F1__rep03,dual_axpy_cpu_N100000,F1,3,1953630000.0,158518515,9852466,1315,13,2900000,True,--size 100000 --iterations 21336
pacca_cpu_final_20260913__dual_axpy_cpu_N100000__F2__rep01,dual_axpy_cpu_N100000,F2,1,2092460000.0,167550047,10810781,1484,0,2600000,True,--size 100000 --iterations 21336
pacca_cpu_final_20260913__dual_axpy_cpu_N100000__F2__rep02,dual_axpy_cpu_N100000,F2,2,2084710000.0,166775940,10748632,1478,0,2600000,True,--size 100000 --iterations 21336
pacca_cpu_final_20260913__dual_axpy_cpu_N100000__F2__rep03,dual_axpy_cpu_N100000,F2,3,2143970000.0,176011634,10605623,1512,0,2600000,True,--size 100000 --iterations 21336
pacca_cpu_final_20260913__dual_axpy_cpu_N100000__F3__rep01,dual_axpy_cpu_N100000,F3,1,2382930000.0,189680667,12549473,1759,0,2300000,True,--size 100000 --iterations 21336
pacca_cpu_final_20260913__dual_axpy_cpu_N100000__F3__rep02,dual_axpy_cpu_N100000,F3,2,2298560000.0,180259182,12063760,1678,0,2300000,True,--size 100000 --iterations 21336
pacca_cpu_final_20260913__dual_axpy_cpu_N100000__F3__rep03,dual_axpy_cpu_N100000,F3,3,2273530000.0,177412692,11773350,1662,0,2300000,True,--size 100000 --iterations 21336
pacca_cpu_final_20260913__dual_axpy_cpu_N100000__F4__rep01,dual_axpy_cpu_N100000,F4,1,2590960000.0,201620272,13764966,1965,0,2000000,True,--size 100000 --iterations 21336
pacca_cpu_final_20260913__dual_axpy_cpu_N100000__F4__rep02,dual_axpy_cpu_N100000,F4,2,2622610000.0,202650666,13973307,1984,0,2000000,True,--size 100000 --iterations 21336
pacca_cpu_final_20260913__dual_axpy_cpu_N100000__F4__rep03,dual_axpy_cpu_N100000,F4,3,2548840000.0,198061566,13508003,1907,13,2000000,True,--size 100000 --iterations 21336
pacca_cpu_final_20260913__dual_axpy_cpu_N100000__F5__rep01,dual_axpy_cpu_N100000,F5,1,2905010000.0,223231972,15669556,2242,38,1700000,True,--size 100000 --iterations 21336
pacca_cpu_final_20260913__dual_axpy_cpu_N100000__F5__rep02,dual_axpy_cpu_N100000,F5,2,2900750000.0,223854224,15615288,2278,0,1700000,True,--size 100000 --iterations 21336
pacca_cpu_final_20260913__dual_axpy_cpu_N100000__F5__rep03,dual_axpy_cpu_N100000,F5,3,2858330000.0,220596604,15344905,2244,0,1700000,True,--size 100000 --iterations 21336
pacca_cpu_final_20260913__dual_axpy_cpu_N100000__F6__rep01,dual_axpy_cpu_N100000,F6,1,3409020000.0,261224368,18867593,2787,13,1400000,True,--size 100000 --iterations 21336
pacca_cpu_final_20260913__dual_axpy_cpu_N100000__F6__rep02,dual_axpy_cpu_N100000,F6,2,3405060000.0,259351875,18634513,2758,26,1400000,True,--size 100000 --iterations 21336
pacca_cpu_final_20260913__dual_axpy_cpu_N100000__F6__rep03,dual_axpy_cpu_N100000,F6,3,3427150000.0,261119144,18793205,2804,0,1400000,True,--size 100000 --iterations 21336
pacca_cpu_final_20260913__dual_axpy_cpu_N100000__F7__rep01,dual_axpy_cpu_N100000,F7,1,4208000000.0,319874120,23487719,3572,13,1100000,True,--size 100000 --iterations 21336
pacca_cpu_final_20260913__dual_axpy_cpu_N100000__F7__rep02,dual_axpy_cpu_N100000,F7,2,4138810000.0,312407282,23068865,3470,37,1100000,True,--size 100000 --iterations 21336
pacca_cpu_final_20260913__dual_axpy_cpu_N100000__F7__rep03,dual_axpy_cpu_N100000,F7,3,4238320000.0,321520966,23431766,3621,0,1100000,True,--size 100000 --iterations 21336
pacca_cpu_final_20260913__dual_axpy_cpu_N100000__F8__rep01,dual_axpy_cpu_N100000,F8,1,5676940000.0,435279648,32553947,5051,13,800000,True,--size 100000 --iterations 21336
pacca_cpu_final_20260913__dual_axpy_cpu_N100000__F8__rep02,dual_axpy_cpu_N100000,F8,2,5662730000.0,432694937,32032677,5022,13,800000,True,--size 100000 --iterations 21336
pacca_cpu_final_20260913__dual_axpy_cpu_N100000__F8__rep03,dual_axpy_cpu_N100000,F8,3,5659760000.0,433211293,32195959,4983,52,800000,True,--size 100000 --iterations 21336
pacca_cpu_final_20260913__dual_axpy_cpu_N100000__REF__rep01,dual_axpy_cpu_N100000,REF,1,1821210000.0,152148170,9179632,1372,13,,True,--size 100000 --iterations 21336
pacca_cpu_final_20260913__dual_axpy_cpu_N100000__REF__rep02,dual_axpy_cpu_N100000,REF,2,1815400000.0,150862285,8976679,1358,0,,True,--size 100000 --iterations 21336
pacca_cpu_final_20260913__dual_axpy_cpu_N100000__REF__rep03,dual_axpy_cpu_N100000,REF,3,1836710000.0,151364297,9140174,1358,13,,True,--size 100000 --iterations 21336
pacca_cpu_final_20260913__dual_axpy_cpu_N3162278__F0__rep01,dual_axpy_cpu_N3162278,F0,1,1857960000.0,161398330,18307353,0,1247,3200000,True,--size 3162278 --iterations 475
pacca_cpu_final_20260913__dual_axpy_cpu_N3162278__F0__rep02,dual_axpy_cpu_N3162278,F0,2,1865410000.0,162152906,18421001,0,1252,3200000,True,--size 3162278 --iterations 475
pacca_cpu_final_20260913__dual_axpy_cpu_N3162278__F0__rep03,dual_axpy_cpu_N3162278,F0,3,1878020000.0,162387340,18536333,0,1256,3200000,True,--size 3162278 --iterations 475
pacca_cpu_final_20260913__dual_axpy_cpu_N3162278__F1__rep01,dual_axpy_cpu_N3162278,F1,1,1920610000.0,161648634,18539132,0,1298,2900000,True,--size 3162278 --iterations 475
pacca_cpu_final_20260913__dual_axpy_cpu_N3162278__F1__rep02,dual_axpy_cpu_N3162278,F1,2,1916930000.0,159971148,18412051,0,1289,2900000,True,--size 3162278 --iterations 475
pacca_cpu_final_20260913__dual_axpy_cpu_N3162278__F1__rep03,dual_axpy_cpu_N3162278,F1,3,1915910000.0,159989641,18694260,0,1281,2900000,True,--size 3162278 --iterations 475
pacca_cpu_final_20260913__dual_axpy_cpu_N3162278__F2__rep01,dual_axpy_cpu_N3162278,F2,1,1945630000.0,159109150,18961963,0,1330,2600000,True,--size 3162278 --iterations 475
pacca_cpu_final_20260913__dual_axpy_cpu_N3162278__F2__rep02,dual_axpy_cpu_N3162278,F2,2,1974690000.0,162588329,19313772,0,1365,2600000,True,--size 3162278 --iterations 475
pacca_cpu_final_20260913__dual_axpy_cpu_N3162278__F2__rep03,dual_axpy_cpu_N3162278,F2,3,1947630000.0,160255632,19141585,0,1338,2600000,True,--size 3162278 --iterations 475
pacca_cpu_final_20260913__dual_axpy_cpu_N3162278__F3__rep01,dual_axpy_cpu_N3162278,F3,1,2035240000.0,161392776,19452925,0,1398,2300000,True,--size 3162278 --iterations 475
pacca_cpu_final_20260913__dual_axpy_cpu_N3162278__F3__rep02,dual_axpy_cpu_N3162278,F3,2,2012940000.0,160458695,19517827,0,1387,2300000,True,--size 3162278 --iterations 475
pacca_cpu_final_20260913__dual_axpy_cpu_N3162278__F3__rep03,dual_axpy_cpu_N3162278,F3,3,2011360000.0,160303849,19455342,0,1385,2300000,True,--size 3162278 --iterations 475
pacca_cpu_final_20260913__dual_axpy_cpu_N3162278__F4__rep01,dual_axpy_cpu_N3162278,F4,1,2073490000.0,162739879,19907901,0,1457,2000000,True,--size 3162278 --iterations 475
pacca_cpu_final_20260913__dual_axpy_cpu_N3162278__F4__rep02,dual_axpy_cpu_N3162278,F4,2,2089670000.0,163268076,20150421,0,1467,2000000,True,--size 3162278 --iterations 475
pacca_cpu_final_20260913__dual_axpy_cpu_N3162278__F4__rep03,dual_axpy_cpu_N3162278,F4,3,2090530000.0,162650707,19791912,0,1457,2000000,True,--size 3162278 --iterations 475
pacca_cpu_final_20260913__dual_axpy_cpu_N3162278__F5__rep01,dual_axpy_cpu_N3162278,F5,1,2225080000.0,170758840,21094508,0,1596,1700000,True,--size 3162278 --iterations 475
pacca_cpu_final_20260913__dual_axpy_cpu_N3162278__F5__rep02,dual_axpy_cpu_N3162278,F5,2,2186640000.0,168975398,20491627,0,1574,1700000,True,--size 3162278 --iterations 475
pacca_cpu_final_20260913__dual_axpy_cpu_N3162278__F5__rep03,dual_axpy_cpu_N3162278,F5,3,2181650000.0,168348995,20752109,0,1560,1700000,True,--size 3162278 --iterations 475
pacca_cpu_final_20260913__dual_axpy_cpu_N3162278__F6__rep01,dual_axpy_cpu_N3162278,F6,1,2361190000.0,180276577,21998921,0,1741,1400000,True,--size 3162278 --iterations 475
pacca_cpu_final_20260913__dual_axpy_cpu_N3162278__F6__rep02,dual_axpy_cpu_N3162278,F6,2,2343490000.0,179846403,21697573,0,1721,1400000,True,--size 3162278 --iterations 475
pacca_cpu_final_20260913__dual_axpy_cpu_N3162278__F6__rep03,dual_axpy_cpu_N3162278,F6,3,2374070000.0,182003379,22016149,0,1751,1400000,True,--size 3162278 --iterations 475
pacca_cpu_final_20260913__dual_axpy_cpu_N3162278__F7__rep01,dual_axpy_cpu_N3162278,F7,1,2648010000.0,201821993,24016593,0,2035,1100000,True,--size 3162278 --iterations 475
pacca_cpu_final_20260913__dual_axpy_cpu_N3162278__F7__rep02,dual_axpy_cpu_N3162278,F7,2,2674400000.0,203365691,24364531,0,2055,1100000,True,--size 3162278 --iterations 475
pacca_cpu_final_20260913__dual_axpy_cpu_N3162278__F7__rep03,dual_axpy_cpu_N3162278,F7,3,2658420000.0,201688510,23879612,0,2037,1100000,True,--size 3162278 --iterations 475
pacca_cpu_final_20260913__dual_axpy_cpu_N3162278__F8__rep01,dual_axpy_cpu_N3162278,F8,1,3169150000.0,239401182,27681234,0,2559,800000,True,--size 3162278 --iterations 475
pacca_cpu_final_20260913__dual_axpy_cpu_N3162278__F8__rep02,dual_axpy_cpu_N3162278,F8,2,3183020000.0,242867115,27624853,0,2559,800000,True,--size 3162278 --iterations 475
pacca_cpu_final_20260913__dual_axpy_cpu_N3162278__F8__rep03,dual_axpy_cpu_N3162278,F8,3,3181440000.0,242198721,27855027,0,2560,800000,True,--size 3162278 --iterations 475
pacca_cpu_final_20260913__dual_axpy_cpu_N3162278__REF__rep01,dual_axpy_cpu_N3162278,REF,1,1881080000.0,162812144,18557829,0,1425,,True,--size 3162278 --iterations 475
pacca_cpu_final_20260913__dual_axpy_cpu_N3162278__REF__rep02,dual_axpy_cpu_N3162278,REF,2,1924700000.0,166566041,18968588,0,1451,,True,--size 3162278 --iterations 475
pacca_cpu_final_20260913__dual_axpy_cpu_N3162278__REF__rep03,dual_axpy_cpu_N3162278,REF,3,1892600000.0,164705206,18758535,0,1454,,True,--size 3162278 --iterations 475
pacca_cpu_final_20260913__dual_cholesky_cpu_N1024__F0__rep01,dual_cholesky_cpu_N1024,F0,1,1830770000.0,149281417,11141827,0,1216,3200000,True,--size 1024 --iterations 121
pacca_cpu_final_20260913__dual_cholesky_cpu_N1024__F0__rep02,dual_cholesky_cpu_N1024,F0,2,1855220000.0,150838909,11211397,0,1234,3200000,True,--size 1024 --iterations 121
pacca_cpu_final_20260913__dual_cholesky_cpu_N1024__F0__rep03,dual_cholesky_cpu_N1024,F0,3,1857910000.0,151264932,11330171,0,1247,3200000,True,--size 1024 --iterations 121
pacca_cpu_final_20260913__dual_cholesky_cpu_N1024__F1__rep01,dual_cholesky_cpu_N1024,F1,1,1986830000.0,157457727,12132150,17,1346,2900000,True,--size 1024 --iterations 121
pacca_cpu_final_20260913__dual_cholesky_cpu_N1024__F1__rep02,dual_cholesky_cpu_N1024,F1,2,1978470000.0,156206753,12028033,0,1356,2900000,True,--size 1024 --iterations 121
pacca_cpu_final_20260913__dual_cholesky_cpu_N1024__F1__rep03,dual_cholesky_cpu_N1024,F1,3,2087990000.0,165603641,13195179,18,1457,2900000,True,--size 1024 --iterations 121
pacca_cpu_final_20260913__dual_cholesky_cpu_N1024__F2__rep01,dual_cholesky_cpu_N1024,F2,1,2120170000.0,165412723,13004143,0,1505,2600000,True,--size 1024 --iterations 121
pacca_cpu_final_20260913__dual_cholesky_cpu_N1024__F2__rep02,dual_cholesky_cpu_N1024,F2,2,2079650000.0,162596141,12516639,16,1450,2600000,True,--size 1024 --iterations 121
pacca_cpu_final_20260913__dual_cholesky_cpu_N1024__F2__rep03,dual_cholesky_cpu_N1024,F2,3,1982500000.0,154266390,11899514,31,1337,2600000,True,--size 1024 --iterations 121
pacca_cpu_final_20260913__dual_cholesky_cpu_N1024__F3__rep01,dual_cholesky_cpu_N1024,F3,1,2274650000.0,175643288,14283820,408,1258,2300000,True,--size 1024 --iterations 121
pacca_cpu_final_20260913__dual_cholesky_cpu_N1024__F3__rep02,dual_cholesky_cpu_N1024,F3,2,2270270000.0,173009872,14018442,362,1283,2300000,True,--size 1024 --iterations 121
pacca_cpu_final_20260913__dual_cholesky_cpu_N1024__F3__rep03,dual_cholesky_cpu_N1024,F3,3,2228990000.0,172238938,13650599,355,1263,2300000,True,--size 1024 --iterations 121
pacca_cpu_final_20260913__dual_cholesky_cpu_N1024__F4__rep01,dual_cholesky_cpu_N1024,F4,1,2319860000.0,175989295,13961434,1105,603,2000000,True,--size 1024 --iterations 121
pacca_cpu_final_20260913__dual_cholesky_cpu_N1024__F4__rep02,dual_cholesky_cpu_N1024,F4,2,2526060000.0,192620113,15915275,514,1392,2000000,True,--size 1024 --iterations 121
pacca_cpu_final_20260913__dual_cholesky_cpu_N1024__F4__rep03,dual_cholesky_cpu_N1024,F4,3,2398790000.0,182055381,14598908,917,857,2000000,True,--size 1024 --iterations 121
pacca_cpu_final_20260913__dual_cholesky_cpu_N1024__F5__rep01,dual_cholesky_cpu_N1024,F5,1,2569020000.0,193794792,15555464,1290,662,1700000,True,--size 1024 --iterations 121
pacca_cpu_final_20260913__dual_cholesky_cpu_N1024__F5__rep02,dual_cholesky_cpu_N1024,F5,2,2632840000.0,199084696,15899638,948,1064,1700000,True,--size 1024 --iterations 121
pacca_cpu_final_20260913__dual_cholesky_cpu_N1024__F5__rep03,dual_cholesky_cpu_N1024,F5,3,2742760000.0,206889119,17196481,677,1441,1700000,True,--size 1024 --iterations 121
pacca_cpu_final_20260913__dual_cholesky_cpu_N1024__F6__rep01,dual_cholesky_cpu_N1024,F6,1,2989480000.0,225545809,18165109,1262,1115,1400000,True,--size 1024 --iterations 121
pacca_cpu_final_20260913__dual_cholesky_cpu_N1024__F6__rep02,dual_cholesky_cpu_N1024,F6,2,3118600000.0,235749031,19058843,1430,1068,1400000,True,--size 1024 --iterations 121
pacca_cpu_final_20260913__dual_cholesky_cpu_N1024__F6__rep03,dual_cholesky_cpu_N1024,F6,3,3021640000.0,226137726,18537419,1350,1038,1400000,True,--size 1024 --iterations 121
pacca_cpu_final_20260913__dual_cholesky_cpu_N1024__F7__rep01,dual_cholesky_cpu_N1024,F7,1,3585950000.0,268973128,21543578,1511,1461,1100000,True,--size 1024 --iterations 121
pacca_cpu_final_20260913__dual_cholesky_cpu_N1024__F7__rep02,dual_cholesky_cpu_N1024,F7,2,3690950000.0,276988488,22717516,1514,1556,1100000,True,--size 1024 --iterations 121
pacca_cpu_final_20260913__dual_cholesky_cpu_N1024__F7__rep03,dual_cholesky_cpu_N1024,F7,3,3634620000.0,272131933,22207231,1645,1368,1100000,True,--size 1024 --iterations 121
pacca_cpu_final_20260913__dual_cholesky_cpu_N1024__F8__rep01,dual_cholesky_cpu_N1024,F8,1,4753840000.0,359765680,28989292,2500,1632,800000,True,--size 1024 --iterations 121
pacca_cpu_final_20260913__dual_cholesky_cpu_N1024__F8__rep02,dual_cholesky_cpu_N1024,F8,2,4798330000.0,362097400,29597912,2712,1456,800000,True,--size 1024 --iterations 121
pacca_cpu_final_20260913__dual_cholesky_cpu_N1024__F8__rep03,dual_cholesky_cpu_N1024,F8,3,4840850000.0,366685279,30091412,2745,1473,800000,True,--size 1024 --iterations 121
pacca_cpu_final_20260913__dual_cholesky_cpu_N1024__REF__rep01,dual_cholesky_cpu_N1024,REF,1,1861190000.0,151390787,11301850,0,1405,,True,--size 1024 --iterations 121
pacca_cpu_final_20260913__dual_cholesky_cpu_N1024__REF__rep02,dual_cholesky_cpu_N1024,REF,2,1888700000.0,154214388,11611843,0,1455,,True,--size 1024 --iterations 121
pacca_cpu_final_20260913__dual_cholesky_cpu_N1024__REF__rep03,dual_cholesky_cpu_N1024,REF,3,1900760000.0,154457124,11440774,0,1448,,True,--size 1024 --iterations 121
pacca_cpu_final_20260913__dual_cholesky_cpu_N2048__F0__rep01,dual_cholesky_cpu_N2048,F0,1,2037810000.0,159058003,14615998,272,383,3200000,True,--size 2048 --iterations 22
pacca_cpu_final_20260913__dual_cholesky_cpu_N2048__F0__rep02,dual_cholesky_cpu_N2048,F0,2,2057080000.0,161399856,15016950,243,475,3200000,True,--size 2048 --iterations 22
pacca_cpu_final_20260913__dual_cholesky_cpu_N2048__F0__rep03,dual_cholesky_cpu_N2048,F0,3,2016090000.0,159112629,14803653,233,437,3200000,True,--size 2048 --iterations 22
pacca_cpu_final_20260913__dual_cholesky_cpu_N2048__F1__rep01,dual_cholesky_cpu_N2048,F1,1,2089420000.0,159873309,14915419,260,472,2900000,True,--size 2048 --iterations 22
pacca_cpu_final_20260913__dual_cholesky_cpu_N2048__F1__rep02,dual_cholesky_cpu_N2048,F1,2,2093010000.0,161202468,15195669,294,427,2900000,True,--size 2048 --iterations 22
pacca_cpu_final_20260913__dual_cholesky_cpu_N2048__F1__rep03,dual_cholesky_cpu_N2048,F1,3,2077700000.0,159828570,14889547,241,476,2900000,True,--size 2048 --iterations 22
pacca_cpu_final_20260913__dual_cholesky_cpu_N2048__F2__rep01,dual_cholesky_cpu_N2048,F2,1,2184950000.0,165205571,15611431,290,458,2600000,True,--size 2048 --iterations 22
pacca_cpu_final_20260913__dual_cholesky_cpu_N2048__F2__rep02,dual_cholesky_cpu_N2048,F2,2,2161240000.0,164452337,15580939,186,528,2600000,True,--size 2048 --iterations 22
pacca_cpu_final_20260913__dual_cholesky_cpu_N2048__F2__rep03,dual_cholesky_cpu_N2048,F2,3,2174930000.0,165792422,15575400,226,512,2600000,True,--size 2048 --iterations 22
pacca_cpu_final_20260913__dual_cholesky_cpu_N2048__F3__rep01,dual_cholesky_cpu_N2048,F3,1,2253450000.0,170421011,16026781,424,443,2300000,True,--size 2048 --iterations 22
pacca_cpu_final_20260913__dual_cholesky_cpu_N2048__F3__rep02,dual_cholesky_cpu_N2048,F3,2,2268290000.0,170222281,16015917,392,450,2300000,True,--size 2048 --iterations 22
pacca_cpu_final_20260913__dual_cholesky_cpu_N2048__F3__rep03,dual_cholesky_cpu_N2048,F3,3,2285980000.0,173015548,16682876,402,462,2300000,True,--size 2048 --iterations 22
pacca_cpu_final_20260913__dual_cholesky_cpu_N2048__F4__rep01,dual_cholesky_cpu_N2048,F4,1,2392020000.0,178947113,16829633,435,644,2000000,True,--size 2048 --iterations 22
pacca_cpu_final_20260913__dual_cholesky_cpu_N2048__F4__rep02,dual_cholesky_cpu_N2048,F4,2,2420000000.0,181045740,17070623,421,575,2000000,True,--size 2048 --iterations 22
pacca_cpu_final_20260913__dual_cholesky_cpu_N2048__F4__rep03,dual_cholesky_cpu_N2048,F4,3,2429230000.0,181014307,17287271,487,785,2000000,True,--size 2048 --iterations 22
pacca_cpu_final_20260913__dual_cholesky_cpu_N2048__F5__rep01,dual_cholesky_cpu_N2048,F5,1,2575080000.0,190736695,18091975,534,1045,1700000,True,--size 2048 --iterations 22
pacca_cpu_final_20260913__dual_cholesky_cpu_N2048__F5__rep02,dual_cholesky_cpu_N2048,F5,2,2582810000.0,193379631,18236621,545,933,1700000,True,--size 2048 --iterations 22
pacca_cpu_final_20260913__dual_cholesky_cpu_N2048__F5__rep03,dual_cholesky_cpu_N2048,F5,3,2633250000.0,197461836,18676527,640,919,1700000,True,--size 2048 --iterations 22
pacca_cpu_final_20260913__dual_cholesky_cpu_N2048__F6__rep01,dual_cholesky_cpu_N2048,F6,1,2852910000.0,213636233,20253971,692,1296,1400000,True,--size 2048 --iterations 22
pacca_cpu_final_20260913__dual_cholesky_cpu_N2048__F6__rep02,dual_cholesky_cpu_N2048,F6,2,2890050000.0,214121034,20198356,692,1356,1400000,True,--size 2048 --iterations 22
pacca_cpu_final_20260913__dual_cholesky_cpu_N2048__F6__rep03,dual_cholesky_cpu_N2048,F6,3,2862840000.0,212099982,20250207,676,1283,1400000,True,--size 2048 --iterations 22
pacca_cpu_final_20260913__dual_cholesky_cpu_N2048__F7__rep01,dual_cholesky_cpu_N2048,F7,1,3290540000.0,242443776,22203941,835,1461,1100000,True,--size 2048 --iterations 22
pacca_cpu_final_20260913__dual_cholesky_cpu_N2048__F7__rep02,dual_cholesky_cpu_N2048,F7,2,3319540000.0,244781417,22748178,843,1517,1100000,True,--size 2048 --iterations 22
pacca_cpu_final_20260913__dual_cholesky_cpu_N2048__F7__rep03,dual_cholesky_cpu_N2048,F7,3,3293560000.0,242863391,22295037,857,1324,1100000,True,--size 2048 --iterations 22
pacca_cpu_final_20260913__dual_cholesky_cpu_N2048__F8__rep01,dual_cholesky_cpu_N2048,F8,1,4200750000.0,311948482,28193188,1430,2143,800000,True,--size 2048 --iterations 22
pacca_cpu_final_20260913__dual_cholesky_cpu_N2048__F8__rep02,dual_cholesky_cpu_N2048,F8,2,4109280000.0,307009407,28175287,1379,2120,800000,True,--size 2048 --iterations 22
pacca_cpu_final_20260913__dual_cholesky_cpu_N2048__F8__rep03,dual_cholesky_cpu_N2048,F8,3,4139260000.0,305973521,27372358,1430,2072,800000,True,--size 2048 --iterations 22
pacca_cpu_final_20260913__dual_cholesky_cpu_N2048__REF__rep01,dual_cholesky_cpu_N2048,REF,1,2052210000.0,161722791,14845881,389,1220,,True,--size 2048 --iterations 22
pacca_cpu_final_20260913__dual_cholesky_cpu_N2048__REF__rep02,dual_cholesky_cpu_N2048,REF,2,2032580000.0,159421772,14712205,300,1290,,True,--size 2048 --iterations 22
pacca_cpu_final_20260913__dual_cholesky_cpu_N2048__REF__rep03,dual_cholesky_cpu_N2048,REF,3,2054000000.0,161486403,14952813,322,1279,,True,--size 2048 --iterations 22
pacca_cpu_final_20260913__dual_cholesky_cpu_N256__F0__rep01,dual_cholesky_cpu_N256,F0,1,1842930000.0,152400000,9250747,1229,0,3200000,True,--size 256 --iterations 2860
pacca_cpu_final_20260913__dual_cholesky_cpu_N256__F0__rep02,dual_cholesky_cpu_N256,F0,2,1849140000.0,153492100,9169091,1226,0,3200000,True,--size 256 --iterations 2860
pacca_cpu_final_20260913__dual_cholesky_cpu_N256__F0__rep03,dual_cholesky_cpu_N256,F0,3,1864600000.0,154347322,9281867,1234,0,3200000,True,--size 256 --iterations 2860
pacca_cpu_final_20260913__dual_cholesky_cpu_N256__F1__rep01,dual_cholesky_cpu_N256,F1,1,1969830000.0,158766683,9993088,1353,0,2900000,True,--size 256 --iterations 2860
pacca_cpu_final_20260913__dual_cholesky_cpu_N256__F1__rep02,dual_cholesky_cpu_N256,F1,2,1980370000.0,159782794,10079931,1360,0,2900000,True,--size 256 --iterations 2860
pacca_cpu_final_20260913__dual_cholesky_cpu_N256__F1__rep03,dual_cholesky_cpu_N256,F1,3,2000920000.0,161448744,10170369,1381,0,2900000,True,--size 256 --iterations 2860
pacca_cpu_final_20260913__dual_cholesky_cpu_N256__F2__rep01,dual_cholesky_cpu_N256,F2,1,2116730000.0,167344664,10762693,1506,0,2600000,True,--size 256 --iterations 2860
pacca_cpu_final_20260913__dual_cholesky_cpu_N256__F2__rep02,dual_cholesky_cpu_N256,F2,2,2107600000.0,167468444,10959787,1499,0,2600000,True,--size 256 --iterations 2860
pacca_cpu_final_20260913__dual_cholesky_cpu_N256__F2__rep03,dual_cholesky_cpu_N256,F2,3,2118630000.0,167712827,10862266,1505,0,2600000,True,--size 256 --iterations 2860
pacca_cpu_final_20260913__dual_cholesky_cpu_N256__F3__rep01,dual_cholesky_cpu_N256,F3,1,2360430000.0,182833761,12345065,1739,0,2300000,True,--size 256 --iterations 2860
pacca_cpu_final_20260913__dual_cholesky_cpu_N256__F3__rep02,dual_cholesky_cpu_N256,F3,2,2365890000.0,183518451,12332060,1740,0,2300000,True,--size 256 --iterations 2860
pacca_cpu_final_20260913__dual_cholesky_cpu_N256__F3__rep03,dual_cholesky_cpu_N256,F3,3,2395970000.0,186957590,12618399,1773,0,2300000,True,--size 256 --iterations 2860
pacca_cpu_final_20260913__dual_cholesky_cpu_N256__F4__rep01,dual_cholesky_cpu_N256,F4,1,2736960000.0,212294866,14414895,2125,0,2000000,True,--size 256 --iterations 2860
pacca_cpu_final_20260913__dual_cholesky_cpu_N256__F4__rep02,dual_cholesky_cpu_N256,F4,2,2730470000.0,212008063,14429843,2110,0,2000000,True,--size 256 --iterations 2860
pacca_cpu_final_20260913__dual_cholesky_cpu_N256__F4__rep03,dual_cholesky_cpu_N256,F4,3,2776970000.0,216500727,14809833,2161,0,2000000,True,--size 256 --iterations 2860
pacca_cpu_final_20260913__dual_cholesky_cpu_N256__F5__rep01,dual_cholesky_cpu_N256,F5,1,3130430000.0,237407351,16787802,2494,0,1700000,True,--size 256 --iterations 2860
pacca_cpu_final_20260913__dual_cholesky_cpu_N256__F5__rep02,dual_cholesky_cpu_N256,F5,2,3152690000.0,241698783,16977783,2527,0,1700000,True,--size 256 --iterations 2860
pacca_cpu_final_20260913__dual_cholesky_cpu_N256__F5__rep03,dual_cholesky_cpu_N256,F5,3,3164000000.0,243081775,16982908,2542,0,1700000,True,--size 256 --iterations 2860
pacca_cpu_final_20260913__dual_cholesky_cpu_N256__F6__rep01,dual_cholesky_cpu_N256,F6,1,3569290000.0,271626013,19559658,2935,0,1400000,True,--size 256 --iterations 2860
pacca_cpu_final_20260913__dual_cholesky_cpu_N256__F6__rep02,dual_cholesky_cpu_N256,F6,2,3551270000.0,271663611,19586402,2942,0,1400000,True,--size 256 --iterations 2860
pacca_cpu_final_20260913__dual_cholesky_cpu_N256__F6__rep03,dual_cholesky_cpu_N256,F6,3,3562690000.0,271087563,19481796,2941,0,1400000,True,--size 256 --iterations 2860
pacca_cpu_final_20260913__dual_cholesky_cpu_N256__F7__rep01,dual_cholesky_cpu_N256,F7,1,4268790000.0,320963839,23712506,3645,0,1100000,True,--size 256 --iterations 2860
pacca_cpu_final_20260913__dual_cholesky_cpu_N256__F7__rep02,dual_cholesky_cpu_N256,F7,2,4269420000.0,322318694,23841209,3662,0,1100000,True,--size 256 --iterations 2860
pacca_cpu_final_20260913__dual_cholesky_cpu_N256__F7__rep03,dual_cholesky_cpu_N256,F7,3,4275240000.0,323877223,23988289,3665,0,1100000,True,--size 256 --iterations 2860
pacca_cpu_final_20260913__dual_cholesky_cpu_N256__F8__rep01,dual_cholesky_cpu_N256,F8,1,5675090000.0,427685002,32235004,5035,0,800000,True,--size 256 --iterations 2860
pacca_cpu_final_20260913__dual_cholesky_cpu_N256__F8__rep02,dual_cholesky_cpu_N256,F8,2,5619490000.0,425905953,31908318,5007,0,800000,True,--size 256 --iterations 2860
pacca_cpu_final_20260913__dual_cholesky_cpu_N256__F8__rep03,dual_cholesky_cpu_N256,F8,3,5574120000.0,423778334,31742527,4959,0,800000,True,--size 256 --iterations 2860
pacca_cpu_final_20260913__dual_cholesky_cpu_N256__REF__rep01,dual_cholesky_cpu_N256,REF,1,1867360000.0,154687775,9338064,1410,0,,True,--size 256 --iterations 2860
pacca_cpu_final_20260913__dual_cholesky_cpu_N256__REF__rep02,dual_cholesky_cpu_N256,REF,2,1845670000.0,153694919,9324248,1410,0,,True,--size 256 --iterations 2860
pacca_cpu_final_20260913__dual_cholesky_cpu_N256__REF__rep03,dual_cholesky_cpu_N256,REF,3,1857570000.0,154608552,9267363,1407,0,,True,--size 256 --iterations 2860
pacca_cpu_final_20260913__dual_fft_cpu_N1024__F0__rep01,dual_fft_cpu_N1024,F0,1,1897090000.0,166276308,16569732,0,1274,3200000,True,--size 1024 --iterations 184
pacca_cpu_final_20260913__dual_fft_cpu_N1024__F0__rep02,dual_fft_cpu_N1024,F0,2,1913310000.0,168298703,16897795,0,1292,3200000,True,--size 1024 --iterations 184
pacca_cpu_final_20260913__dual_fft_cpu_N1024__F0__rep03,dual_fft_cpu_N1024,F0,3,1909430000.0,168244137,17353612,0,1297,3200000,True,--size 1024 --iterations 184
pacca_cpu_final_20260913__dual_fft_cpu_N1024__F1__rep01,dual_fft_cpu_N1024,F1,1,1969140000.0,168311825,17498717,0,1358,2900000,True,--size 1024 --iterations 184
pacca_cpu_final_20260913__dual_fft_cpu_N1024__F1__rep02,dual_fft_cpu_N1024,F1,2,1948040000.0,166339784,17579272,0,1338,2900000,True,--size 1024 --iterations 184
pacca_cpu_final_20260913__dual_fft_cpu_N1024__F1__rep03,dual_fft_cpu_N1024,F1,3,1911530000.0,163170237,17183522,0,1298,2900000,True,--size 1024 --iterations 184
pacca_cpu_final_20260913__dual_fft_cpu_N1024__F2__rep01,dual_fft_cpu_N1024,F2,1,1985250000.0,165171696,17827591,0,1376,2600000,True,--size 1024 --iterations 184
pacca_cpu_final_20260913__dual_fft_cpu_N1024__F2__rep02,dual_fft_cpu_N1024,F2,2,1982300000.0,164023628,17650876,0,1363,2600000,True,--size 1024 --iterations 184
pacca_cpu_final_20260913__dual_fft_cpu_N1024__F2__rep03,dual_fft_cpu_N1024,F2,3,1981260000.0,164739813,17590425,0,1366,2600000,True,--size 1024 --iterations 184
pacca_cpu_final_20260913__dual_fft_cpu_N1024__F3__rep01,dual_fft_cpu_N1024,F3,1,2007990000.0,164134345,17947880,0,1395,2300000,True,--size 1024 --iterations 184
pacca_cpu_final_20260913__dual_fft_cpu_N1024__F3__rep02,dual_fft_cpu_N1024,F3,2,2036700000.0,165415897,17855406,0,1407,2300000,True,--size 1024 --iterations 184
pacca_cpu_final_20260913__dual_fft_cpu_N1024__F3__rep03,dual_fft_cpu_N1024,F3,3,1990930000.0,162643260,17757272,0,1380,2300000,True,--size 1024 --iterations 184
pacca_cpu_final_20260913__dual_fft_cpu_N1024__F4__rep01,dual_fft_cpu_N1024,F4,1,2095030000.0,169064753,18503085,0,1486,2000000,True,--size 1024 --iterations 184
pacca_cpu_final_20260913__dual_fft_cpu_N1024__F4__rep02,dual_fft_cpu_N1024,F4,2,2120860000.0,169008539,18466213,0,1488,2000000,True,--size 1024 --iterations 184
pacca_cpu_final_20260913__dual_fft_cpu_N1024__F4__rep03,dual_fft_cpu_N1024,F4,3,2188880000.0,176077552,19006945,0,1565,2000000,True,--size 1024 --iterations 184
pacca_cpu_final_20260913__dual_fft_cpu_N1024__F5__rep01,dual_fft_cpu_N1024,F5,1,2284980000.0,181258386,19628493,0,1674,1700000,True,--size 1024 --iterations 184
pacca_cpu_final_20260913__dual_fft_cpu_N1024__F5__rep02,dual_fft_cpu_N1024,F5,2,2278110000.0,180991724,19803494,0,1668,1700000,True,--size 1024 --iterations 184
pacca_cpu_final_20260913__dual_fft_cpu_N1024__F5__rep03,dual_fft_cpu_N1024,F5,3,2220820000.0,175863991,19308692,0,1609,1700000,True,--size 1024 --iterations 184
pacca_cpu_final_20260913__dual_fft_cpu_N1024__F6__rep01,dual_fft_cpu_N1024,F6,1,2372310000.0,183382465,19793151,0,1749,1400000,True,--size 1024 --iterations 184
pacca_cpu_final_20260913__dual_fft_cpu_N1024__F6__rep02,dual_fft_cpu_N1024,F6,2,2492670000.0,193471063,20888417,0,1860,1400000,True,--size 1024 --iterations 184
pacca_cpu_final_20260913__dual_fft_cpu_N1024__F6__rep03,dual_fft_cpu_N1024,F6,3,2453030000.0,191528989,20606622,0,1830,1400000,True,--size 1024 --iterations 184
pacca_cpu_final_20260913__dual_fft_cpu_N1024__F7__rep01,dual_fft_cpu_N1024,F7,1,2730350000.0,210098583,22445299,0,2109,1100000,True,--size 1024 --iterations 184
pacca_cpu_final_20260913__dual_fft_cpu_N1024__F7__rep02,dual_fft_cpu_N1024,F7,2,2816720000.0,218257742,23334183,0,2207,1100000,True,--size 1024 --iterations 184
pacca_cpu_final_20260913__dual_fft_cpu_N1024__F7__rep03,dual_fft_cpu_N1024,F7,3,2781790000.0,213447269,22494458,0,2150,1100000,True,--size 1024 --iterations 184
pacca_cpu_final_20260913__dual_fft_cpu_N1024__F8__rep01,dual_fft_cpu_N1024,F8,1,3486200000.0,267680589,27453754,0,2856,800000,True,--size 1024 --iterations 184
pacca_cpu_final_20260913__dual_fft_cpu_N1024__F8__rep02,dual_fft_cpu_N1024,F8,2,3363190000.0,258302928,27075110,0,2741,800000,True,--size 1024 --iterations 184
pacca_cpu_final_20260913__dual_fft_cpu_N1024__F8__rep03,dual_fft_cpu_N1024,F8,3,3397350000.0,261213259,27093010,0,2780,800000,True,--size 1024 --iterations 184
pacca_cpu_final_20260913__dual_fft_cpu_N1024__REF__rep01,dual_fft_cpu_N1024,REF,1,1927360000.0,170324698,17627084,0,1489,,True,--size 1024 --iterations 184
pacca_cpu_final_20260913__dual_fft_cpu_N1024__REF__rep02,dual_fft_cpu_N1024,REF,2,1893500000.0,167739378,17156517,0,1452,,True,--size 1024 --iterations 184
pacca_cpu_final_20260913__dual_fft_cpu_N1024__REF__rep03,dual_fft_cpu_N1024,REF,3,1894840000.0,166194216,16943633,0,1444,,True,--size 1024 --iterations 184
pacca_cpu_final_20260913__dual_fft_cpu_N128__F0__rep01,dual_fft_cpu_N128,F0,1,1832500000.0,159412678,9265511,1223,0,3200000,True,--size 128 --iterations 30919
pacca_cpu_final_20260913__dual_fft_cpu_N128__F0__rep02,dual_fft_cpu_N128,F0,2,1844410000.0,160146746,9246846,1236,0,3200000,True,--size 128 --iterations 30919
pacca_cpu_final_20260913__dual_fft_cpu_N128__F0__rep03,dual_fft_cpu_N128,F0,3,1851260000.0,159896929,9170958,1231,0,3200000,True,--size 128 --iterations 30919
pacca_cpu_final_20260913__dual_fft_cpu_N128__F1__rep01,dual_fft_cpu_N128,F1,1,1959350000.0,163343515,9870367,1338,0,2900000,True,--size 128 --iterations 30919
pacca_cpu_final_20260913__dual_fft_cpu_N128__F1__rep02,dual_fft_cpu_N128,F1,2,1942720000.0,163899238,9960560,1333,0,2900000,True,--size 128 --iterations 30919
pacca_cpu_final_20260913__dual_fft_cpu_N128__F1__rep03,dual_fft_cpu_N128,F1,3,1938630000.0,163054087,9836906,1328,0,2900000,True,--size 128 --iterations 30919
pacca_cpu_final_20260913__dual_fft_cpu_N128__F2__rep01,dual_fft_cpu_N128,F2,1,2078360000.0,170715017,10558576,1461,0,2600000,True,--size 128 --iterations 30919
pacca_cpu_final_20260913__dual_fft_cpu_N128__F2__rep02,dual_fft_cpu_N128,F2,2,2072180000.0,170600149,10696475,1460,0,2600000,True,--size 128 --iterations 30919
pacca_cpu_final_20260913__dual_fft_cpu_N128__F2__rep03,dual_fft_cpu_N128,F2,3,2084960000.0,171038320,10458422,1460,0,2600000,True,--size 128 --iterations 30919
pacca_cpu_final_20260913__dual_fft_cpu_N128__F3__rep01,dual_fft_cpu_N128,F3,1,2236070000.0,181210778,11568208,1624,0,2300000,True,--size 128 --iterations 30919
pacca_cpu_final_20260913__dual_fft_cpu_N128__F3__rep02,dual_fft_cpu_N128,F3,2,2259670000.0,181987083,11572737,1625,0,2300000,True,--size 128 --iterations 30919
pacca_cpu_final_20260913__dual_fft_cpu_N128__F3__rep03,dual_fft_cpu_N128,F3,3,2243250000.0,182501303,11500291,1630,0,2300000,True,--size 128 --iterations 30919
pacca_cpu_final_20260913__dual_fft_cpu_N128__F4__rep01,dual_fft_cpu_N128,F4,1,2462820000.0,195801012,12895238,1851,0,2000000,True,--size 128 --iterations 30919
pacca_cpu_final_20260913__dual_fft_cpu_N128__F4__rep02,dual_fft_cpu_N128,F4,2,2472290000.0,195325306,12929633,1855,0,2000000,True,--size 128 --iterations 30919
pacca_cpu_final_20260913__dual_fft_cpu_N128__F4__rep03,dual_fft_cpu_N128,F4,3,2473390000.0,196249375,13000517,1851,0,2000000,True,--size 128 --iterations 30919
pacca_cpu_final_20260913__dual_fft_cpu_N128__F5__rep01,dual_fft_cpu_N128,F5,1,2789420000.0,217453056,14952415,2167,0,1700000,True,--size 128 --iterations 30919
pacca_cpu_final_20260913__dual_fft_cpu_N128__F5__rep02,dual_fft_cpu_N128,F5,2,2786550000.0,217288873,14927996,2165,0,1700000,True,--size 128 --iterations 30919
pacca_cpu_final_20260913__dual_fft_cpu_N128__F5__rep03,dual_fft_cpu_N128,F5,3,2784850000.0,219090259,15012574,2174,0,1700000,True,--size 128 --iterations 30919
pacca_cpu_final_20260913__dual_fft_cpu_N128__F6__rep01,dual_fft_cpu_N128,F6,1,3247960000.0,250562958,17696607,2626,0,1400000,True,--size 128 --iterations 30919
pacca_cpu_final_20260913__dual_fft_cpu_N128__F6__rep02,dual_fft_cpu_N128,F6,2,3213060000.0,247784827,17509274,2602,0,1400000,True,--size 128 --iterations 30919
pacca_cpu_final_20260913__dual_fft_cpu_N128__F6__rep03,dual_fft_cpu_N128,F6,3,3245270000.0,252451685,17573381,2624,0,1400000,True,--size 128 --iterations 30919
pacca_cpu_final_20260913__dual_fft_cpu_N128__F7__rep01,dual_fft_cpu_N128,F7,1,3950090000.0,302925556,21808329,3329,0,1100000,True,--size 128 --iterations 30919
pacca_cpu_final_20260913__dual_fft_cpu_N128__F7__rep02,dual_fft_cpu_N128,F7,2,3960140000.0,306626840,22180547,3350,0,1100000,True,--size 128 --iterations 30919
pacca_cpu_final_20260913__dual_fft_cpu_N128__F7__rep03,dual_fft_cpu_N128,F7,3,3969560000.0,306186350,22064114,3349,0,1100000,True,--size 128 --iterations 30919
pacca_cpu_final_20260913__dual_fft_cpu_N128__F8__rep01,dual_fft_cpu_N128,F8,1,5251360000.0,403233038,29755149,4631,0,800000,True,--size 128 --iterations 30919
pacca_cpu_final_20260913__dual_fft_cpu_N128__F8__rep02,dual_fft_cpu_N128,F8,2,5246630000.0,408941824,29967482,4636,0,800000,True,--size 128 --iterations 30919
pacca_cpu_final_20260913__dual_fft_cpu_N128__F8__rep03,dual_fft_cpu_N128,F8,3,5314390000.0,409556447,30211518,4694,0,800000,True,--size 128 --iterations 30919
pacca_cpu_final_20260913__dual_fft_cpu_N128__REF__rep01,dual_fft_cpu_N128,REF,1,1856370000.0,160945389,9358092,1412,0,,True,--size 128 --iterations 30919
pacca_cpu_final_20260913__dual_fft_cpu_N128__REF__rep02,dual_fft_cpu_N128,REF,2,1860430000.0,160573136,9178761,1402,0,,True,--size 128 --iterations 30919
pacca_cpu_final_20260913__dual_fft_cpu_N128__REF__rep03,dual_fft_cpu_N128,REF,3,1844630000.0,159666706,9185967,1393,0,,True,--size 128 --iterations 30919
pacca_cpu_final_20260913__dual_fft_cpu_N4096__F0__rep01,dual_fft_cpu_N4096,F0,1,2577140000.0,232273209,27504259,0,1830,3200000,True,--size 4096 --iterations 8
pacca_cpu_final_20260913__dual_fft_cpu_N4096__F0__rep02,dual_fft_cpu_N4096,F0,2,2609890000.0,235417854,27962341,0,1873,3200000,True,--size 4096 --iterations 8
pacca_cpu_final_20260913__dual_fft_cpu_N4096__F0__rep03,dual_fft_cpu_N4096,F0,3,2583050000.0,232903518,27735763,0,1825,3200000,True,--size 4096 --iterations 8
pacca_cpu_final_20260913__dual_fft_cpu_N4096__F1__rep01,dual_fft_cpu_N4096,F1,1,2665170000.0,233464124,28579222,0,1900,2900000,True,--size 4096 --iterations 8
pacca_cpu_final_20260913__dual_fft_cpu_N4096__F1__rep02,dual_fft_cpu_N4096,F1,2,2608890000.0,229845664,28231178,0,1859,2900000,True,--size 4096 --iterations 8
pacca_cpu_final_20260913__dual_fft_cpu_N4096__F1__rep03,dual_fft_cpu_N4096,F1,3,2654380000.0,231999345,28126480,0,1885,2900000,True,--size 4096 --iterations 8
pacca_cpu_final_20260913__dual_fft_cpu_N4096__F2__rep01,dual_fft_cpu_N4096,F2,1,2674980000.0,228739832,28135017,0,1881,2600000,True,--size 4096 --iterations 8
pacca_cpu_final_20260913__dual_fft_cpu_N4096__F2__rep02,dual_fft_cpu_N4096,F2,2,2682660000.0,231136494,28774786,0,1950,2600000,True,--size 4096 --iterations 8
pacca_cpu_final_20260913__dual_fft_cpu_N4096__F2__rep03,dual_fft_cpu_N4096,F2,3,2679370000.0,229212060,28137908,0,1921,2600000,True,--size 4096 --iterations 8
pacca_cpu_final_20260913__dual_fft_cpu_N4096__F3__rep01,dual_fft_cpu_N4096,F3,1,2729770000.0,231376971,28828566,0,1946,2300000,True,--size 4096 --iterations 8
pacca_cpu_final_20260913__dual_fft_cpu_N4096__F3__rep02,dual_fft_cpu_N4096,F3,2,2778650000.0,234923715,29244451,0,2003,2300000,True,--size 4096 --iterations 8
pacca_cpu_final_20260913__dual_fft_cpu_N4096__F3__rep03,dual_fft_cpu_N4096,F3,3,2765740000.0,233437391,29308297,0,1990,2300000,True,--size 4096 --iterations 8
pacca_cpu_final_20260913__dual_fft_cpu_N4096__F4__rep01,dual_fft_cpu_N4096,F4,1,2809620000.0,232647720,29362781,0,2026,2000000,True,--size 4096 --iterations 8
pacca_cpu_final_20260913__dual_fft_cpu_N4096__F4__rep02,dual_fft_cpu_N4096,F4,2,2853530000.0,235703926,29737065,0,2110,2000000,True,--size 4096 --iterations 8
pacca_cpu_final_20260913__dual_fft_cpu_N4096__F4__rep03,dual_fft_cpu_N4096,F4,3,2853060000.0,235719367,29579643,0,2032,2000000,True,--size 4096 --iterations 8
pacca_cpu_final_20260913__dual_fft_cpu_N4096__F5__rep01,dual_fft_cpu_N4096,F5,1,2998000000.0,244807418,30625704,0,2299,1700000,True,--size 4096 --iterations 8
pacca_cpu_final_20260913__dual_fft_cpu_N4096__F5__rep02,dual_fft_cpu_N4096,F5,2,2991960000.0,244271164,30822875,0,2278,1700000,True,--size 4096 --iterations 8
pacca_cpu_final_20260913__dual_fft_cpu_N4096__F5__rep03,dual_fft_cpu_N4096,F5,3,3005830000.0,245218550,30682329,0,2311,1700000,True,--size 4096 --iterations 8
pacca_cpu_final_20260913__dual_fft_cpu_N4096__F6__rep01,dual_fft_cpu_N4096,F6,1,3181510000.0,253512901,31852458,0,2441,1400000,True,--size 4096 --iterations 8
pacca_cpu_final_20260913__dual_fft_cpu_N4096__F6__rep02,dual_fft_cpu_N4096,F6,2,3229330000.0,258270579,32324570,0,2584,1400000,True,--size 4096 --iterations 8
pacca_cpu_final_20260913__dual_fft_cpu_N4096__F6__rep03,dual_fft_cpu_N4096,F6,3,3168440000.0,254234518,31991367,0,2490,1400000,True,--size 4096 --iterations 8
pacca_cpu_final_20260913__dual_fft_cpu_N4096__F7__rep01,dual_fft_cpu_N4096,F7,1,3548760000.0,281465588,34775462,0,2718,1100000,True,--size 4096 --iterations 8
pacca_cpu_final_20260913__dual_fft_cpu_N4096__F7__rep02,dual_fft_cpu_N4096,F7,2,3580680000.0,282123973,34805175,0,2778,1100000,True,--size 4096 --iterations 8
pacca_cpu_final_20260913__dual_fft_cpu_N4096__F7__rep03,dual_fft_cpu_N4096,F7,3,3549440000.0,280753188,34756352,0,2676,1100000,True,--size 4096 --iterations 8
pacca_cpu_final_20260913__dual_fft_cpu_N4096__F8__rep01,dual_fft_cpu_N4096,F8,1,4218900000.0,328888867,39116852,0,3598,800000,True,--size 4096 --iterations 8
pacca_cpu_final_20260913__dual_fft_cpu_N4096__F8__rep02,dual_fft_cpu_N4096,F8,2,4217540000.0,330144724,39325269,0,3601,800000,True,--size 4096 --iterations 8
pacca_cpu_final_20260913__dual_fft_cpu_N4096__F8__rep03,dual_fft_cpu_N4096,F8,3,4223870000.0,330480294,39306527,0,3604,800000,True,--size 4096 --iterations 8
pacca_cpu_final_20260913__dual_fft_cpu_N4096__REF__rep01,dual_fft_cpu_N4096,REF,1,2594080000.0,234759958,27920618,0,2140,,True,--size 4096 --iterations 8
pacca_cpu_final_20260913__dual_fft_cpu_N4096__REF__rep02,dual_fft_cpu_N4096,REF,2,2598250000.0,234511058,27696718,0,2141,,True,--size 4096 --iterations 8
pacca_cpu_final_20260913__dual_fft_cpu_N4096__REF__rep03,dual_fft_cpu_N4096,REF,3,2594710000.0,234992929,27584921,0,2145,,True,--size 4096 --iterations 8
pacca_cpu_final_20260913__dual_fft_cpu_N472__F0__rep01,dual_fft_cpu_N472,F0,1,1286250000.0,105276586,6604796,0,664,3200000,True,--size 472 --iterations 420
pacca_cpu_final_20260913__dual_fft_cpu_N472__F0__rep02,dual_fft_cpu_N472,F0,2,1265830000.0,103481730,6529352,0,653,3200000,True,--size 472 --iterations 420
pacca_cpu_final_20260913__dual_fft_cpu_N472__F0__rep03,dual_fft_cpu_N472,F0,3,1265450000.0,103437480,6456524,0,651,3200000,True,--size 472 --iterations 420
pacca_cpu_final_20260913__dual_fft_cpu_N472__F1__rep01,dual_fft_cpu_N472,F1,1,1409340000.0,111445515,7276450,0,788,2900000,True,--size 472 --iterations 420
pacca_cpu_final_20260913__dual_fft_cpu_N472__F1__rep02,dual_fft_cpu_N472,F1,2,1357030000.0,107365021,7054585,28,709,2900000,True,--size 472 --iterations 420
pacca_cpu_final_20260913__dual_fft_cpu_N472__F1__rep03,dual_fft_cpu_N472,F1,3,1438820000.0,114569837,7550030,0,828,2900000,True,--size 472 --iterations 420
pacca_cpu_final_20260913__dual_fft_cpu_N472__F2__rep01,dual_fft_cpu_N472,F2,1,1443350000.0,111927570,7580492,83,749,2600000,True,--size 472 --iterations 420
pacca_cpu_final_20260913__dual_fft_cpu_N472__F2__rep02,dual_fft_cpu_N472,F2,2,1515340000.0,118238588,8052115,99,807,2600000,True,--size 472 --iterations 420
pacca_cpu_final_20260913__dual_fft_cpu_N472__F2__rep03,dual_fft_cpu_N472,F2,3,1448560000.0,112301227,7563509,0,835,2600000,True,--size 472 --iterations 420
pacca_cpu_final_20260913__dual_fft_cpu_N472__F3__rep01,dual_fft_cpu_N472,F3,1,1577910000.0,119975218,8379459,546,413,2300000,True,--size 472 --iterations 420
pacca_cpu_final_20260913__dual_fft_cpu_N472__F3__rep02,dual_fft_cpu_N472,F3,2,1601190000.0,122605948,8634861,629,363,2300000,True,--size 472 --iterations 420
pacca_cpu_final_20260913__dual_fft_cpu_N472__F3__rep03,dual_fft_cpu_N472,F3,3,1604590000.0,122014885,8601140,571,414,2300000,True,--size 472 --iterations 420
pacca_cpu_final_20260913__dual_fft_cpu_N472__F4__rep01,dual_fft_cpu_N472,F4,1,1741320000.0,131611845,9380139,1107,14,2000000,True,--size 472 --iterations 420
pacca_cpu_final_20260913__dual_fft_cpu_N472__F4__rep02,dual_fft_cpu_N472,F4,2,1745930000.0,130843110,9330583,1085,37,2000000,True,--size 472 --iterations 420
pacca_cpu_final_20260913__dual_fft_cpu_N472__F4__rep03,dual_fft_cpu_N472,F4,3,1753990000.0,132307401,9449356,1130,13,2000000,True,--size 472 --iterations 420
pacca_cpu_final_20260913__dual_fft_cpu_N472__F5__rep01,dual_fft_cpu_N472,F5,1,1988260000.0,147726855,11067240,1354,13,1700000,True,--size 472 --iterations 420
pacca_cpu_final_20260913__dual_fft_cpu_N472__F5__rep02,dual_fft_cpu_N472,F5,2,2043300000.0,152008766,11252629,1412,13,1700000,True,--size 472 --iterations 420
pacca_cpu_final_20260913__dual_fft_cpu_N472__F5__rep03,dual_fft_cpu_N472,F5,3,1965820000.0,146756399,10698510,1342,14,1700000,True,--size 472 --iterations 420
pacca_cpu_final_20260913__dual_fft_cpu_N472__F6__rep01,dual_fft_cpu_N472,F6,1,2327970000.0,172932113,13165084,1705,13,1400000,True,--size 472 --iterations 420
pacca_cpu_final_20260913__dual_fft_cpu_N472__F6__rep02,dual_fft_cpu_N472,F6,2,2324780000.0,172026842,13018311,1701,13,1400000,True,--size 472 --iterations 420
pacca_cpu_final_20260913__dual_fft_cpu_N472__F6__rep03,dual_fft_cpu_N472,F6,3,2330200000.0,171902209,12985829,1686,26,1400000,True,--size 472 --iterations 420
pacca_cpu_final_20260913__dual_fft_cpu_N472__F7__rep01,dual_fft_cpu_N472,F7,1,2830480000.0,209082472,16119483,2208,0,1100000,True,--size 472 --iterations 420
pacca_cpu_final_20260913__dual_fft_cpu_N472__F7__rep02,dual_fft_cpu_N472,F7,2,2846330000.0,210056408,16081172,2221,0,1100000,True,--size 472 --iterations 420
pacca_cpu_final_20260913__dual_fft_cpu_N472__F7__rep03,dual_fft_cpu_N472,F7,3,2816450000.0,209018203,16253434,2204,0,1100000,True,--size 472 --iterations 420
pacca_cpu_final_20260913__dual_fft_cpu_N472__F8__rep01,dual_fft_cpu_N472,F8,1,3680210000.0,273198336,21044753,3070,0,800000,True,--size 472 --iterations 420
pacca_cpu_final_20260913__dual_fft_cpu_N472__F8__rep02,dual_fft_cpu_N472,F8,2,3718770000.0,275428799,21487289,3096,0,800000,True,--size 472 --iterations 420
pacca_cpu_final_20260913__dual_fft_cpu_N472__F8__rep03,dual_fft_cpu_N472,F8,3,3765480000.0,277768515,21653998,3121,14,800000,True,--size 472 --iterations 420
pacca_cpu_final_20260913__dual_fft_cpu_N472__REF__rep01,dual_fft_cpu_N472,REF,1,1290090000.0,106449068,6708821,0,846,,True,--size 472 --iterations 420
pacca_cpu_final_20260913__dual_fft_cpu_N472__REF__rep02,dual_fft_cpu_N472,REF,2,1270790000.0,105007666,6601583,0,828,,True,--size 472 --iterations 420
pacca_cpu_final_20260913__dual_fft_cpu_N472__REF__rep03,dual_fft_cpu_N472,REF,3,1289390000.0,106226840,6640001,0,855,,True,--size 472 --iterations 420
pacca_cpu_final_20260913__dual_gemm_cpu_N2048__F0__rep01,dual_gemm_cpu_N2048,F0,1,1948800000.0,237917970,16992853,1339,0,3200000,True,--size 2048 --iterations 41
pacca_cpu_final_20260913__dual_gemm_cpu_N2048__F0__rep02,dual_gemm_cpu_N2048,F0,2,1943830000.0,237474245,17026467,1335,0,3200000,True,--size 2048 --iterations 41
pacca_cpu_final_20260913__dual_gemm_cpu_N2048__F0__rep03,dual_gemm_cpu_N2048,F0,3,1963600000.0,237493899,17029114,1337,0,3200000,True,--size 2048 --iterations 41
pacca_cpu_final_20260913__dual_gemm_cpu_N2048__F1__rep01,dual_gemm_cpu_N2048,F1,1,2101750000.0,241075432,18029383,1492,0,2900000,True,--size 2048 --iterations 41
pacca_cpu_final_20260913__dual_gemm_cpu_N2048__F1__rep02,dual_gemm_cpu_N2048,F1,2,2100030000.0,239552366,18005147,1481,0,2900000,True,--size 2048 --iterations 41
pacca_cpu_final_20260913__dual_gemm_cpu_N2048__F1__rep03,dual_gemm_cpu_N2048,F1,3,2135140000.0,242917713,18023416,1517,0,2900000,True,--size 2048 --iterations 41
pacca_cpu_final_20260913__dual_gemm_cpu_N2048__F2__rep01,dual_gemm_cpu_N2048,F2,1,2286680000.0,242094228,19060342,1661,0,2600000,True,--size 2048 --iterations 41
pacca_cpu_final_20260913__dual_gemm_cpu_N2048__F2__rep02,dual_gemm_cpu_N2048,F2,2,2287540000.0,241558220,19308233,1664,0,2600000,True,--size 2048 --iterations 41
pacca_cpu_final_20260913__dual_gemm_cpu_N2048__F2__rep03,dual_gemm_cpu_N2048,F2,3,2274710000.0,240763666,19306963,1665,0,2600000,True,--size 2048 --iterations 41
pacca_cpu_final_20260913__dual_gemm_cpu_N2048__F3__rep01,dual_gemm_cpu_N2048,F3,1,2522030000.0,253008447,20765390,1898,0,2300000,True,--size 2048 --iterations 41
pacca_cpu_final_20260913__dual_gemm_cpu_N2048__F3__rep02,dual_gemm_cpu_N2048,F3,2,2512830000.0,253153100,20882067,1902,0,2300000,True,--size 2048 --iterations 41
pacca_cpu_final_20260913__dual_gemm_cpu_N2048__F3__rep03,dual_gemm_cpu_N2048,F3,3,2520050000.0,252951989,21034011,1903,0,2300000,True,--size 2048 --iterations 41
pacca_cpu_final_20260913__dual_gemm_cpu_N2048__F4__rep01,dual_gemm_cpu_N2048,F4,1,2868000000.0,272612706,23179698,2252,0,2000000,True,--size 2048 --iterations 41
pacca_cpu_final_20260913__dual_gemm_cpu_N2048__F4__rep02,dual_gemm_cpu_N2048,F4,2,2844660000.0,268574874,22700686,2210,0,2000000,True,--size 2048 --iterations 41
pacca_cpu_final_20260913__dual_gemm_cpu_N2048__F4__rep03,dual_gemm_cpu_N2048,F4,3,2834180000.0,269328717,23142857,2213,0,2000000,True,--size 2048 --iterations 41
pacca_cpu_final_20260913__dual_gemm_cpu_N2048__F5__rep01,dual_gemm_cpu_N2048,F5,1,3253860000.0,294805092,25639556,2634,0,1700000,True,--size 2048 --iterations 41
pacca_cpu_final_20260913__dual_gemm_cpu_N2048__F5__rep02,dual_gemm_cpu_N2048,F5,2,3250580000.0,295456214,25655866,2634,0,1700000,True,--size 2048 --iterations 41
pacca_cpu_final_20260913__dual_gemm_cpu_N2048__F5__rep03,dual_gemm_cpu_N2048,F5,3,3257580000.0,295162635,25493748,2632,0,1700000,True,--size 2048 --iterations 41
pacca_cpu_final_20260913__dual_gemm_cpu_N2048__F6__rep01,dual_gemm_cpu_N2048,F6,1,3865010000.0,340264387,29381645,3243,0,1400000,True,--size 2048 --iterations 41
pacca_cpu_final_20260913__dual_gemm_cpu_N2048__F6__rep02,dual_gemm_cpu_N2048,F6,2,3851310000.0,338701099,29413378,3238,0,1400000,True,--size 2048 --iterations 41
pacca_cpu_final_20260913__dual_gemm_cpu_N2048__F6__rep03,dual_gemm_cpu_N2048,F6,3,3859000000.0,340574018,29321348,3247,0,1400000,True,--size 2048 --iterations 41
pacca_cpu_final_20260913__dual_gemm_cpu_N2048__F7__rep01,dual_gemm_cpu_N2048,F7,1,4813660000.0,406298581,35527808,4198,0,1100000,True,--size 2048 --iterations 41
pacca_cpu_final_20260913__dual_gemm_cpu_N2048__F7__rep02,dual_gemm_cpu_N2048,F7,2,4834940000.0,408650138,35142188,4206,0,1100000,True,--size 2048 --iterations 41
pacca_cpu_final_20260913__dual_gemm_cpu_N2048__F7__rep03,dual_gemm_cpu_N2048,F7,3,4812010000.0,406806636,35225328,4200,0,1100000,True,--size 2048 --iterations 41
pacca_cpu_final_20260913__dual_gemm_cpu_N2048__F8__rep01,dual_gemm_cpu_N2048,F8,1,6527000000.0,534170813,45330779,5862,46,800000,True,--size 2048 --iterations 41
pacca_cpu_final_20260913__dual_gemm_cpu_N2048__F8__rep02,dual_gemm_cpu_N2048,F8,2,6532030000.0,532682535,45786643,5863,36,800000,True,--size 2048 --iterations 41
pacca_cpu_final_20260913__dual_gemm_cpu_N2048__F8__rep03,dual_gemm_cpu_N2048,F8,3,6518450000.0,533994116,45770960,5874,33,800000,True,--size 2048 --iterations 41
pacca_cpu_final_20260913__dual_gemm_cpu_N2048__REF__rep01,dual_gemm_cpu_N2048,REF,1,1965250000.0,238263977,17054848,1497,10,,True,--size 2048 --iterations 41
pacca_cpu_final_20260913__dual_gemm_cpu_N2048__REF__rep02,dual_gemm_cpu_N2048,REF,2,1949550000.0,238574340,17057343,1497,14,,True,--size 2048 --iterations 41
pacca_cpu_final_20260913__dual_gemm_cpu_N2048__REF__rep03,dual_gemm_cpu_N2048,REF,3,1945660000.0,237496889,17188295,1496,15,,True,--size 2048 --iterations 41
pacca_cpu_final_20260913__dual_spmv_cpu_N1000000__F0__rep01,dual_spmv_cpu_N1000000,F0,1,1621710000.0,150767802,19563238,0,1012,3200000,True,--size 1000000 --iterations 714
pacca_cpu_final_20260913__dual_spmv_cpu_N1000000__F0__rep02,dual_spmv_cpu_N1000000,F0,2,1616500000.0,149289047,19279500,0,991,3200000,True,--size 1000000 --iterations 714
pacca_cpu_final_20260913__dual_spmv_cpu_N1000000__F0__rep03,dual_spmv_cpu_N1000000,F0,3,1616120000.0,149648054,19305035,0,994,3200000,True,--size 1000000 --iterations 714
pacca_cpu_final_20260913__dual_spmv_cpu_N1000000__F1__rep01,dual_spmv_cpu_N1000000,F1,1,1611980000.0,144417050,19417261,0,1000,2900000,True,--size 1000000 --iterations 714
pacca_cpu_final_20260913__dual_spmv_cpu_N1000000__F1__rep02,dual_spmv_cpu_N1000000,F1,2,1646960000.0,147663014,19594817,0,1031,2900000,True,--size 1000000 --iterations 714
pacca_cpu_final_20260913__dual_spmv_cpu_N1000000__F1__rep03,dual_spmv_cpu_N1000000,F1,3,1606120000.0,143859556,19325522,0,996,2900000,True,--size 1000000 --iterations 714
pacca_cpu_final_20260913__dual_spmv_cpu_N1000000__F2__rep01,dual_spmv_cpu_N1000000,F2,1,1642740000.0,142363771,19567185,0,1027,2600000,True,--size 1000000 --iterations 714
pacca_cpu_final_20260913__dual_spmv_cpu_N1000000__F2__rep02,dual_spmv_cpu_N1000000,F2,2,1682550000.0,144966853,19741697,0,1059,2600000,True,--size 1000000 --iterations 714
pacca_cpu_final_20260913__dual_spmv_cpu_N1000000__F2__rep03,dual_spmv_cpu_N1000000,F2,3,1658700000.0,144659053,19691391,0,1046,2600000,True,--size 1000000 --iterations 714
pacca_cpu_final_20260913__dual_spmv_cpu_N1000000__F3__rep01,dual_spmv_cpu_N1000000,F3,1,1688170000.0,143439757,19930009,0,1079,2300000,True,--size 1000000 --iterations 714
pacca_cpu_final_20260913__dual_spmv_cpu_N1000000__F3__rep02,dual_spmv_cpu_N1000000,F3,2,1682830000.0,142529115,19983804,0,1070,2300000,True,--size 1000000 --iterations 714
pacca_cpu_final_20260913__dual_spmv_cpu_N1000000__F3__rep03,dual_spmv_cpu_N1000000,F3,3,1723340000.0,146025688,20192848,0,1113,2300000,True,--size 1000000 --iterations 714
pacca_cpu_final_20260913__dual_spmv_cpu_N1000000__F4__rep01,dual_spmv_cpu_N1000000,F4,1,1761030000.0,144368954,20557340,0,1141,2000000,True,--size 1000000 --iterations 714
pacca_cpu_final_20260913__dual_spmv_cpu_N1000000__F4__rep02,dual_spmv_cpu_N1000000,F4,2,1765490000.0,145694085,20408349,0,1144,2000000,True,--size 1000000 --iterations 714
pacca_cpu_final_20260913__dual_spmv_cpu_N1000000__F4__rep03,dual_spmv_cpu_N1000000,F4,3,1771010000.0,145705865,20634008,0,1150,2000000,True,--size 1000000 --iterations 714
pacca_cpu_final_20260913__dual_spmv_cpu_N1000000__F5__rep01,dual_spmv_cpu_N1000000,F5,1,1829770000.0,150828533,21109777,0,1220,1700000,True,--size 1000000 --iterations 714
pacca_cpu_final_20260913__dual_spmv_cpu_N1000000__F5__rep02,dual_spmv_cpu_N1000000,F5,2,1826290000.0,149781966,21059502,0,1211,1700000,True,--size 1000000 --iterations 714
pacca_cpu_final_20260913__dual_spmv_cpu_N1000000__F5__rep03,dual_spmv_cpu_N1000000,F5,3,1837270000.0,150244366,21018451,0,1218,1700000,True,--size 1000000 --iterations 714
pacca_cpu_final_20260913__dual_spmv_cpu_N1000000__F6__rep01,dual_spmv_cpu_N1000000,F6,1,2560820000.0,205842369,25846887,0,1934,1400000,True,--size 1000000 --iterations 714
pacca_cpu_final_20260913__dual_spmv_cpu_N1000000__F6__rep02,dual_spmv_cpu_N1000000,F6,2,2061700000.0,165913089,23126072,0,1450,1400000,True,--size 1000000 --iterations 714
pacca_cpu_final_20260913__dual_spmv_cpu_N1000000__F6__rep03,dual_spmv_cpu_N1000000,F6,3,2120880000.0,170531179,23106794,0,1482,1400000,True,--size 1000000 --iterations 714
pacca_cpu_final_20260913__dual_spmv_cpu_N1000000__F7__rep01,dual_spmv_cpu_N1000000,F7,1,2385060000.0,189174564,25220673,0,1725,1100000,True,--size 1000000 --iterations 714
pacca_cpu_final_20260913__dual_spmv_cpu_N1000000__F7__rep02,dual_spmv_cpu_N1000000,F7,2,2373090000.0,188957219,25157561,0,1714,1100000,True,--size 1000000 --iterations 714
pacca_cpu_final_20260913__dual_spmv_cpu_N1000000__F7__rep03,dual_spmv_cpu_N1000000,F7,3,2389470000.0,189685610,25502912,0,1747,1100000,True,--size 1000000 --iterations 714
pacca_cpu_final_20260913__dual_spmv_cpu_N1000000__F8__rep01,dual_spmv_cpu_N1000000,F8,1,3071440000.0,243158984,30540177,0,2442,800000,True,--size 1000000 --iterations 714
pacca_cpu_final_20260913__dual_spmv_cpu_N1000000__F8__rep02,dual_spmv_cpu_N1000000,F8,2,3049180000.0,242573598,30431624,0,2432,800000,True,--size 1000000 --iterations 714
pacca_cpu_final_20260913__dual_spmv_cpu_N1000000__F8__rep03,dual_spmv_cpu_N1000000,F8,3,3056180000.0,242442190,30759090,0,2435,800000,True,--size 1000000 --iterations 714
pacca_cpu_final_20260913__dual_spmv_cpu_N1000000__REF__rep01,dual_spmv_cpu_N1000000,REF,1,1649600000.0,151642861,19431444,0,1185,,True,--size 1000000 --iterations 714
pacca_cpu_final_20260913__dual_spmv_cpu_N1000000__REF__rep02,dual_spmv_cpu_N1000000,REF,2,1611350000.0,149690108,19531444,0,1172,,True,--size 1000000 --iterations 714
pacca_cpu_final_20260913__dual_spmv_cpu_N1000000__REF__rep03,dual_spmv_cpu_N1000000,REF,3,1591050000.0,147651233,19245136,0,1146,,True,--size 1000000 --iterations 714
pacca_cpu_final_20260913__dual_spmv_cpu_N100000__F0__rep01,dual_spmv_cpu_N100000,F0,1,1487310000.0,146165458,7050255,873,0,3200000,True,--size 100000 --iterations 13136
pacca_cpu_final_20260913__dual_spmv_cpu_N100000__F0__rep02,dual_spmv_cpu_N100000,F0,2,1515040000.0,146677786,7077290,873,0,3200000,True,--size 100000 --iterations 13136
pacca_cpu_final_20260913__dual_spmv_cpu_N100000__F0__rep03,dual_spmv_cpu_N100000,F0,3,1479920000.0,145450800,7032691,868,0,3200000,True,--size 100000 --iterations 13136
pacca_cpu_final_20260913__dual_spmv_cpu_N100000__F1__rep01,dual_spmv_cpu_N100000,F1,1,1555850000.0,147462025,7430216,932,0,2900000,True,--size 100000 --iterations 13136
pacca_cpu_final_20260913__dual_spmv_cpu_N100000__F1__rep02,dual_spmv_cpu_N100000,F1,2,1564470000.0,147397877,7393235,931,0,2900000,True,--size 100000 --iterations 13136
pacca_cpu_final_20260913__dual_spmv_cpu_N100000__F1__rep03,dual_spmv_cpu_N100000,F1,3,1597610000.0,151891579,7817612,989,0,2900000,True,--size 100000 --iterations 13136
pacca_cpu_final_20260913__dual_spmv_cpu_N100000__F2__rep01,dual_spmv_cpu_N100000,F2,1,1661300000.0,152303443,8136173,1049,0,2600000,True,--size 100000 --iterations 13136
pacca_cpu_final_20260913__dual_spmv_cpu_N100000__F2__rep02,dual_spmv_cpu_N100000,F2,2,1664580000.0,152349463,8200219,1055,0,2600000,True,--size 100000 --iterations 13136
pacca_cpu_final_20260913__dual_spmv_cpu_N100000__F2__rep03,dual_spmv_cpu_N100000,F2,3,1703790000.0,155488799,8312230,1091,0,2600000,True,--size 100000 --iterations 13136
pacca_cpu_final_20260913__dual_spmv_cpu_N100000__F3__rep01,dual_spmv_cpu_N100000,F3,1,1848240000.0,158366294,9095514,1214,0,2300000,True,--size 100000 --iterations 13136
pacca_cpu_final_20260913__dual_spmv_cpu_N100000__F3__rep02,dual_spmv_cpu_N100000,F3,2,1891600000.0,165925356,9504038,1283,0,2300000,True,--size 100000 --iterations 13136
pacca_cpu_final_20260913__dual_spmv_cpu_N100000__F3__rep03,dual_spmv_cpu_N100000,F3,3,1847500000.0,161627943,9150563,1224,0,2300000,True,--size 100000 --iterations 13136
pacca_cpu_final_20260913__dual_spmv_cpu_N100000__F4__rep01,dual_spmv_cpu_N100000,F4,1,2058690000.0,176220557,10624871,1449,0,2000000,True,--size 100000 --iterations 13136
pacca_cpu_final_20260913__dual_spmv_cpu_N100000__F4__rep02,dual_spmv_cpu_N100000,F4,2,2118680000.0,180297756,11014577,1511,0,2000000,True,--size 100000 --iterations 13136
pacca_cpu_final_20260913__dual_spmv_cpu_N100000__F4__rep03,dual_spmv_cpu_N100000,F4,3,2051250000.0,175663064,10472437,1442,0,2000000,True,--size 100000 --iterations 13136
pacca_cpu_final_20260913__dual_spmv_cpu_N100000__F5__rep01,dual_spmv_cpu_N100000,F5,1,2365290000.0,200205664,12436712,1753,0,1700000,True,--size 100000 --iterations 13136
pacca_cpu_final_20260913__dual_spmv_cpu_N100000__F5__rep02,dual_spmv_cpu_N100000,F5,2,2415930000.0,204217312,12648709,1804,0,1700000,True,--size 100000 --iterations 13136
pacca_cpu_final_20260913__dual_spmv_cpu_N100000__F5__rep03,dual_spmv_cpu_N100000,F5,3,2378010000.0,199539223,12390552,1755,0,1700000,True,--size 100000 --iterations 13136
pacca_cpu_final_20260913__dual_spmv_cpu_N100000__F6__rep01,dual_spmv_cpu_N100000,F6,1,2895970000.0,239154417,15637732,2285,0,1400000,True,--size 100000 --iterations 13136
pacca_cpu_final_20260913__dual_spmv_cpu_N100000__F6__rep02,dual_spmv_cpu_N100000,F6,2,2856600000.0,235542793,15339336,2237,0,1400000,True,--size 100000 --iterations 13136
pacca_cpu_final_20260913__dual_spmv_cpu_N100000__F6__rep03,dual_spmv_cpu_N100000,F6,3,2821240000.0,232000200,15153885,2202,0,1400000,True,--size 100000 --iterations 13136
pacca_cpu_final_20260913__dual_spmv_cpu_N100000__F7__rep01,dual_spmv_cpu_N100000,F7,1,3684540000.0,294266764,20217910,3052,0,1100000,True,--size 100000 --iterations 13136
pacca_cpu_final_20260913__dual_spmv_cpu_N100000__F7__rep02,dual_spmv_cpu_N100000,F7,2,3518510000.0,282871163,19302388,2899,0,1100000,True,--size 100000 --iterations 13136
pacca_cpu_final_20260913__dual_spmv_cpu_N100000__F7__rep03,dual_spmv_cpu_N100000,F7,3,3631510000.0,291160754,19827117,3005,0,1100000,True,--size 100000 --iterations 13136
pacca_cpu_final_20260913__dual_spmv_cpu_N100000__F8__rep01,dual_spmv_cpu_N100000,F8,1,4891370000.0,390570534,27657061,4277,0,800000,True,--size 100000 --iterations 13136
pacca_cpu_final_20260913__dual_spmv_cpu_N100000__F8__rep02,dual_spmv_cpu_N100000,F8,2,4758520000.0,377625315,26585862,4133,0,800000,True,--size 100000 --iterations 13136
pacca_cpu_final_20260913__dual_spmv_cpu_N100000__F8__rep03,dual_spmv_cpu_N100000,F8,3,4756930000.0,379504827,26785343,4144,0,800000,True,--size 100000 --iterations 13136
pacca_cpu_final_20260913__dual_spmv_cpu_N100000__REF__rep01,dual_spmv_cpu_N100000,REF,1,1494610000.0,144404294,7089148,1036,0,,True,--size 100000 --iterations 13136
pacca_cpu_final_20260913__dual_spmv_cpu_N100000__REF__rep02,dual_spmv_cpu_N100000,REF,2,1485510000.0,145511774,7018508,1032,0,,True,--size 100000 --iterations 13136
pacca_cpu_final_20260913__dual_spmv_cpu_N100000__REF__rep03,dual_spmv_cpu_N100000,REF,3,1481240000.0,146315849,7049582,1047,0,,True,--size 100000 --iterations 13136
pacca_cpu_final_20260913__dual_stencil_cpu_N1024__F0__rep01,dual_stencil_cpu_N1024,F0,1,1868960000.0,160616288,15283598,0,1240,3200000,True,--size 1024 --iterations 1564
pacca_cpu_final_20260913__dual_stencil_cpu_N1024__F0__rep02,dual_stencil_cpu_N1024,F0,2,1885930000.0,164089485,15337133,0,1276,3200000,True,--size 1024 --iterations 1564
pacca_cpu_final_20260913__dual_stencil_cpu_N1024__F0__rep03,dual_stencil_cpu_N1024,F0,3,1898130000.0,165108281,15176942,0,1288,3200000,True,--size 1024 --iterations 1564
pacca_cpu_final_20260913__dual_stencil_cpu_N1024__F1__rep01,dual_stencil_cpu_N1024,F1,1,1909080000.0,160947586,15417336,0,1300,2900000,True,--size 1024 --iterations 1564
pacca_cpu_final_20260913__dual_stencil_cpu_N1024__F1__rep02,dual_stencil_cpu_N1024,F1,2,1917200000.0,161467421,15704104,0,1300,2900000,True,--size 1024 --iterations 1564
pacca_cpu_final_20260913__dual_stencil_cpu_N1024__F1__rep03,dual_stencil_cpu_N1024,F1,3,1911610000.0,162194043,15483340,0,1304,2900000,True,--size 1024 --iterations 1564
pacca_cpu_final_20260913__dual_stencil_cpu_N1024__F2__rep01,dual_stencil_cpu_N1024,F2,1,2029730000.0,167344421,16430043,0,1417,2600000,True,--size 1024 --iterations 1564
pacca_cpu_final_20260913__dual_stencil_cpu_N1024__F2__rep02,dual_stencil_cpu_N1024,F2,2,1990340000.0,164117988,15801091,0,1378,2600000,True,--size 1024 --iterations 1564
pacca_cpu_final_20260913__dual_stencil_cpu_N1024__F2__rep03,dual_stencil_cpu_N1024,F2,3,1993220000.0,164133674,15499680,0,1385,2600000,True,--size 1024 --iterations 1564
pacca_cpu_final_20260913__dual_stencil_cpu_N1024__F3__rep01,dual_stencil_cpu_N1024,F3,1,2028120000.0,163870369,16240980,0,1417,2300000,True,--size 1024 --iterations 1564
pacca_cpu_final_20260913__dual_stencil_cpu_N1024__F3__rep02,dual_stencil_cpu_N1024,F3,2,2019580000.0,163073252,16052225,0,1407,2300000,True,--size 1024 --iterations 1564
pacca_cpu_final_20260913__dual_stencil_cpu_N1024__F3__rep03,dual_stencil_cpu_N1024,F3,3,2027920000.0,163924080,16158161,0,1419,2300000,True,--size 1024 --iterations 1564
pacca_cpu_final_20260913__dual_stencil_cpu_N1024__F4__rep01,dual_stencil_cpu_N1024,F4,1,2140940000.0,168295833,16684528,0,1530,2000000,True,--size 1024 --iterations 1564
pacca_cpu_final_20260913__dual_stencil_cpu_N1024__F4__rep02,dual_stencil_cpu_N1024,F4,2,2159810000.0,169576043,17073866,0,1535,2000000,True,--size 1024 --iterations 1564
pacca_cpu_final_20260913__dual_stencil_cpu_N1024__F4__rep03,dual_stencil_cpu_N1024,F4,3,2147570000.0,169090265,16966644,0,1533,2000000,True,--size 1024 --iterations 1564
pacca_cpu_final_20260913__dual_stencil_cpu_N1024__F5__rep01,dual_stencil_cpu_N1024,F5,1,2298960000.0,177993257,18141470,0,1673,1700000,True,--size 1024 --iterations 1564
pacca_cpu_final_20260913__dual_stencil_cpu_N1024__F5__rep02,dual_stencil_cpu_N1024,F5,2,2271860000.0,177368381,17667476,0,1660,1700000,True,--size 1024 --iterations 1564
pacca_cpu_final_20260913__dual_stencil_cpu_N1024__F5__rep03,dual_stencil_cpu_N1024,F5,3,2284040000.0,177506137,17809261,0,1674,1700000,True,--size 1024 --iterations 1564
pacca_cpu_final_20260913__dual_stencil_cpu_N1024__F6__rep01,dual_stencil_cpu_N1024,F6,1,2560520000.0,196893905,19744803,0,1938,1400000,True,--size 1024 --iterations 1564
pacca_cpu_final_20260913__dual_stencil_cpu_N1024__F6__rep02,dual_stencil_cpu_N1024,F6,2,2476730000.0,191333068,19530312,0,1856,1400000,True,--size 1024 --iterations 1564
pacca_cpu_final_20260913__dual_stencil_cpu_N1024__F6__rep03,dual_stencil_cpu_N1024,F6,3,2462300000.0,191731870,19501472,0,1850,1400000,True,--size 1024 --iterations 1564
pacca_cpu_final_20260913__dual_stencil_cpu_N1024__F7__rep01,dual_stencil_cpu_N1024,F7,1,2949140000.0,227047149,23044233,0,2337,1100000,True,--size 1024 --iterations 1564
pacca_cpu_final_20260913__dual_stencil_cpu_N1024__F7__rep02,dual_stencil_cpu_N1024,F7,2,2863670000.0,218665639,21540121,0,2242,1100000,True,--size 1024 --iterations 1564
pacca_cpu_final_20260913__dual_stencil_cpu_N1024__F7__rep03,dual_stencil_cpu_N1024,F7,3,2903340000.0,221868084,21894651,0,2279,1100000,True,--size 1024 --iterations 1564
pacca_cpu_final_20260913__dual_stencil_cpu_N1024__F8__rep01,dual_stencil_cpu_N1024,F8,1,3620470000.0,275499417,26420942,0,3000,800000,True,--size 1024 --iterations 1564
pacca_cpu_final_20260913__dual_stencil_cpu_N1024__F8__rep02,dual_stencil_cpu_N1024,F8,2,3968500000.0,304241652,29260929,0,3351,800000,True,--size 1024 --iterations 1564
pacca_cpu_final_20260913__dual_stencil_cpu_N1024__F8__rep03,dual_stencil_cpu_N1024,F8,3,3615910000.0,277450767,26591522,0,2994,800000,True,--size 1024 --iterations 1564
pacca_cpu_final_20260913__dual_stencil_cpu_N1024__REF__rep01,dual_stencil_cpu_N1024,REF,1,1883070000.0,163492257,15205798,0,1443,,True,--size 1024 --iterations 1564
pacca_cpu_final_20260913__dual_stencil_cpu_N1024__REF__rep02,dual_stencil_cpu_N1024,REF,2,1859900000.0,159869220,14923865,0,1396,,True,--size 1024 --iterations 1564
pacca_cpu_final_20260913__dual_stencil_cpu_N1024__REF__rep03,dual_stencil_cpu_N1024,REF,3,1866340000.0,161972669,15115819,0,1412,,True,--size 1024 --iterations 1564
pacca_cpu_final_20260913__dual_stencil_cpu_N1536__F0__rep01,dual_stencil_cpu_N1536,F0,1,1876620000.0,164255378,18244240,0,1252,3200000,True,--size 1536 --iterations 672
pacca_cpu_final_20260913__dual_stencil_cpu_N1536__F0__rep02,dual_stencil_cpu_N1536,F0,2,1905400000.0,167214477,18665067,0,1280,3200000,True,--size 1536 --iterations 672
pacca_cpu_final_20260913__dual_stencil_cpu_N1536__F0__rep03,dual_stencil_cpu_N1536,F0,3,1874940000.0,164208564,17973752,0,1254,3200000,True,--size 1536 --iterations 672
pacca_cpu_final_20260913__dual_stencil_cpu_N1536__F1__rep01,dual_stencil_cpu_N1536,F1,1,1993940000.0,169799309,18790374,0,1381,2900000,True,--size 1536 --iterations 672
pacca_cpu_final_20260913__dual_stencil_cpu_N1536__F1__rep02,dual_stencil_cpu_N1536,F1,2,1909620000.0,162737620,18197683,0,1300,2900000,True,--size 1536 --iterations 672
pacca_cpu_final_20260913__dual_stencil_cpu_N1536__F1__rep03,dual_stencil_cpu_N1536,F1,3,1907180000.0,162529369,18292619,0,1293,2900000,True,--size 1536 --iterations 672
pacca_cpu_final_20260913__dual_stencil_cpu_N1536__F2__rep01,dual_stencil_cpu_N1536,F2,1,1958070000.0,162485851,18664042,0,1338,2600000,True,--size 1536 --iterations 672
pacca_cpu_final_20260913__dual_stencil_cpu_N1536__F2__rep02,dual_stencil_cpu_N1536,F2,2,1953220000.0,163607797,18536425,0,1343,2600000,True,--size 1536 --iterations 672
pacca_cpu_final_20260913__dual_stencil_cpu_N1536__F2__rep03,dual_stencil_cpu_N1536,F2,3,1957160000.0,163450021,19047674,0,1347,2600000,True,--size 1536 --iterations 672
pacca_cpu_final_20260913__dual_stencil_cpu_N1536__F3__rep01,dual_stencil_cpu_N1536,F3,1,2043950000.0,164241401,19120532,0,1409,2300000,True,--size 1536 --iterations 672
pacca_cpu_final_20260913__dual_stencil_cpu_N1536__F3__rep02,dual_stencil_cpu_N1536,F3,2,1989910000.0,161803785,18719321,0,1381,2300000,True,--size 1536 --iterations 672
pacca_cpu_final_20260913__dual_stencil_cpu_N1536__F3__rep03,dual_stencil_cpu_N1536,F3,3,2011480000.0,163397653,18930261,0,1395,2300000,True,--size 1536 --iterations 672
pacca_cpu_final_20260913__dual_stencil_cpu_N1536__F4__rep01,dual_stencil_cpu_N1536,F4,1,2092240000.0,166579590,19767355,0,1479,2000000,True,--size 1536 --iterations 672
pacca_cpu_final_20260913__dual_stencil_cpu_N1536__F4__rep02,dual_stencil_cpu_N1536,F4,2,2132490000.0,168526241,20253528,0,1508,2000000,True,--size 1536 --iterations 672
pacca_cpu_final_20260913__dual_stencil_cpu_N1536__F4__rep03,dual_stencil_cpu_N1536,F4,3,2135020000.0,169245356,20001491,0,1515,2000000,True,--size 1536 --iterations 672
pacca_cpu_final_20260913__dual_stencil_cpu_N1536__F5__rep01,dual_stencil_cpu_N1536,F5,1,2240180000.0,174835612,20761426,0,1625,1700000,True,--size 1536 --iterations 672
pacca_cpu_final_20260913__dual_stencil_cpu_N1536__F5__rep02,dual_stencil_cpu_N1536,F5,2,2255980000.0,176878576,20964381,0,1642,1700000,True,--size 1536 --iterations 672
pacca_cpu_final_20260913__dual_stencil_cpu_N1536__F5__rep03,dual_stencil_cpu_N1536,F5,3,2212910000.0,171854785,20349306,0,1591,1700000,True,--size 1536 --iterations 672
pacca_cpu_final_20260913__dual_stencil_cpu_N1536__F6__rep01,dual_stencil_cpu_N1536,F6,1,2486800000.0,194106986,22840972,0,1877,1400000,True,--size 1536 --iterations 672
pacca_cpu_final_20260913__dual_stencil_cpu_N1536__F6__rep02,dual_stencil_cpu_N1536,F6,2,2435120000.0,190286256,22417942,0,1822,1400000,True,--size 1536 --iterations 672
pacca_cpu_final_20260913__dual_stencil_cpu_N1536__F6__rep03,dual_stencil_cpu_N1536,F6,3,2461510000.0,190743042,22392162,0,1830,1400000,True,--size 1536 --iterations 672
pacca_cpu_final_20260913__dual_stencil_cpu_N1536__F7__rep01,dual_stencil_cpu_N1536,F7,1,2800490000.0,215677122,25136416,0,2178,1100000,True,--size 1536 --iterations 672
pacca_cpu_final_20260913__dual_stencil_cpu_N1536__F7__rep02,dual_stencil_cpu_N1536,F7,2,2785460000.0,215423826,24998900,0,2175,1100000,True,--size 1536 --iterations 672
pacca_cpu_final_20260913__dual_stencil_cpu_N1536__F7__rep03,dual_stencil_cpu_N1536,F7,3,2840830000.0,218871083,25286616,0,2222,1100000,True,--size 1536 --iterations 672
pacca_cpu_final_20260913__dual_stencil_cpu_N1536__F8__rep01,dual_stencil_cpu_N1536,F8,1,3493700000.0,269571881,29547513,0,2882,800000,True,--size 1536 --iterations 672
pacca_cpu_final_20260913__dual_stencil_cpu_N1536__F8__rep02,dual_stencil_cpu_N1536,F8,2,3483310000.0,269858623,29381079,0,2873,800000,True,--size 1536 --iterations 672
pacca_cpu_final_20260913__dual_stencil_cpu_N1536__F8__rep03,dual_stencil_cpu_N1536,F8,3,3494940000.0,267006824,29142905,0,2875,800000,True,--size 1536 --iterations 672
pacca_cpu_final_20260913__dual_stencil_cpu_N1536__REF__rep01,dual_stencil_cpu_N1536,REF,1,1880990000.0,164732550,17810470,0,1430,,True,--size 1536 --iterations 672
pacca_cpu_final_20260913__dual_stencil_cpu_N1536__REF__rep02,dual_stencil_cpu_N1536,REF,2,1874060000.0,163547066,18037736,0,1421,,True,--size 1536 --iterations 672
pacca_cpu_final_20260913__dual_stencil_cpu_N1536__REF__rep03,dual_stencil_cpu_N1536,REF,3,1877310000.0,163467721,18222239,0,1422,,True,--size 1536 --iterations 672
pacca_cpu_final_20260913__dual_stencil_cpu_N256__F0__rep01,dual_stencil_cpu_N256,F0,1,1925750000.0,165868533,9717489,1311,0,3200000,True,--size 256 --iterations 40444
pacca_cpu_final_20260913__dual_stencil_cpu_N256__F0__rep02,dual_stencil_cpu_N256,F0,2,1829280000.0,156222195,9176665,1218,0,3200000,True,--size 256 --iterations 40444
pacca_cpu_final_20260913__dual_stencil_cpu_N256__F0__rep03,dual_stencil_cpu_N256,F0,3,1853330000.0,158307456,9320852,1240,0,3200000,True,--size 256 --iterations 40444
pacca_cpu_final_20260913__dual_stencil_cpu_N256__F1__rep01,dual_stencil_cpu_N256,F1,1,1966290000.0,162201245,9890945,1339,0,2900000,True,--size 256 --iterations 40444
pacca_cpu_final_20260913__dual_stencil_cpu_N256__F1__rep02,dual_stencil_cpu_N256,F1,2,1965480000.0,162759471,10014799,1356,0,2900000,True,--size 256 --iterations 40444
pacca_cpu_final_20260913__dual_stencil_cpu_N256__F1__rep03,dual_stencil_cpu_N256,F1,3,1975200000.0,162745555,9976273,1353,0,2900000,True,--size 256 --iterations 40444
pacca_cpu_final_20260913__dual_stencil_cpu_N256__F2__rep01,dual_stencil_cpu_N256,F2,1,2158570000.0,175978920,11149936,1546,0,2600000,True,--size 256 --iterations 40444
pacca_cpu_final_20260913__dual_stencil_cpu_N256__F2__rep02,dual_stencil_cpu_N256,F2,2,2115610000.0,171817126,10837434,1492,0,2600000,True,--size 256 --iterations 40444
pacca_cpu_final_20260913__dual_stencil_cpu_N256__F2__rep03,dual_stencil_cpu_N256,F2,3,2117340000.0,172686631,10897287,1504,0,2600000,True,--size 256 --iterations 40444
pacca_cpu_final_20260913__dual_stencil_cpu_N256__F3__rep01,dual_stencil_cpu_N256,F3,1,2523360000.0,204570399,13454407,1907,0,2300000,True,--size 256 --iterations 40444
pacca_cpu_final_20260913__dual_stencil_cpu_N256__F3__rep02,dual_stencil_cpu_N256,F3,2,2283680000.0,183478534,11896393,1664,0,2300000,True,--size 256 --iterations 40444
pacca_cpu_final_20260913__dual_stencil_cpu_N256__F3__rep03,dual_stencil_cpu_N256,F3,3,2291500000.0,183274189,11790869,1658,0,2300000,True,--size 256 --iterations 40444
pacca_cpu_final_20260913__dual_stencil_cpu_N256__F4__rep01,dual_stencil_cpu_N256,F4,1,2569080000.0,200399878,13436383,1937,0,2000000,True,--size 256 --iterations 40444
pacca_cpu_final_20260913__dual_stencil_cpu_N256__F4__rep02,dual_stencil_cpu_N256,F4,2,2584810000.0,201906649,13684565,1963,0,2000000,True,--size 256 --iterations 40444
pacca_cpu_final_20260913__dual_stencil_cpu_N256__F4__rep03,dual_stencil_cpu_N256,F4,3,2578290000.0,200662267,13573073,1952,0,2000000,True,--size 256 --iterations 40444
pacca_cpu_final_20260913__dual_stencil_cpu_N256__F5__rep01,dual_stencil_cpu_N256,F5,1,2918930000.0,226712982,15728110,2308,0,1700000,True,--size 256 --iterations 40444
pacca_cpu_final_20260913__dual_stencil_cpu_N256__F5__rep02,dual_stencil_cpu_N256,F5,2,2933500000.0,228269557,15828417,2322,0,1700000,True,--size 256 --iterations 40444
pacca_cpu_final_20260913__dual_stencil_cpu_N256__F5__rep03,dual_stencil_cpu_N256,F5,3,2933830000.0,227515225,15756200,2309,0,1700000,True,--size 256 --iterations 40444
pacca_cpu_final_20260913__dual_stencil_cpu_N256__F6__rep01,dual_stencil_cpu_N256,F6,1,3628930000.0,282384531,20109831,3019,0,1400000,True,--size 256 --iterations 40444
pacca_cpu_final_20260913__dual_stencil_cpu_N256__F6__rep02,dual_stencil_cpu_N256,F6,2,3456380000.0,264822076,18906654,2830,0,1400000,True,--size 256 --iterations 40444
pacca_cpu_final_20260913__dual_stencil_cpu_N256__F6__rep03,dual_stencil_cpu_N256,F6,3,3483270000.0,267951279,19097476,2862,0,1400000,True,--size 256 --iterations 40444
pacca_cpu_final_20260913__dual_stencil_cpu_N256__F7__rep01,dual_stencil_cpu_N256,F7,1,4241260000.0,323168301,23253491,3618,0,1100000,True,--size 256 --iterations 40444
pacca_cpu_final_20260913__dual_stencil_cpu_N256__F7__rep02,dual_stencil_cpu_N256,F7,2,4369110000.0,336391351,24397013,3750,0,1100000,True,--size 256 --iterations 40444
pacca_cpu_final_20260913__dual_stencil_cpu_N256__F7__rep03,dual_stencil_cpu_N256,F7,3,4197480000.0,321778778,23570308,3578,0,1100000,True,--size 256 --iterations 40444
pacca_cpu_final_20260913__dual_stencil_cpu_N256__F8__rep01,dual_stencil_cpu_N256,F8,1,5650380000.0,433711597,32198758,5038,0,800000,True,--size 256 --iterations 40444
pacca_cpu_final_20260913__dual_stencil_cpu_N256__F8__rep02,dual_stencil_cpu_N256,F8,2,5655000000.0,433127492,32242883,5023,0,800000,True,--size 256 --iterations 40444
pacca_cpu_final_20260913__dual_stencil_cpu_N256__F8__rep03,dual_stencil_cpu_N256,F8,3,5636510000.0,432144218,32172212,4985,26,800000,True,--size 256 --iterations 40444
pacca_cpu_final_20260913__dual_stencil_cpu_N256__REF__rep01,dual_stencil_cpu_N256,REF,1,1925430000.0,164448432,9554223,1472,0,,True,--size 256 --iterations 40444
pacca_cpu_final_20260913__dual_stencil_cpu_N256__REF__rep02,dual_stencil_cpu_N256,REF,2,1956080000.0,170712942,10036785,1512,0,,True,--size 256 --iterations 40444
pacca_cpu_final_20260913__dual_stencil_cpu_N256__REF__rep03,dual_stencil_cpu_N256,REF,3,1856870000.0,158108360,9237926,1408,0,,True,--size 256 --iterations 40444
pacca_cpu_final_20260913__dual_stencil_cpu_N512__F0__rep01,dual_stencil_cpu_N512,F0,1,1844360000.0,157652306,9289334,1224,0,3200000,True,--size 512 --iterations 8078
pacca_cpu_final_20260913__dual_stencil_cpu_N512__F0__rep02,dual_stencil_cpu_N512,F0,2,1839440000.0,157588403,9354955,1163,63,3200000,True,--size 512 --iterations 8078
pacca_cpu_final_20260913__dual_stencil_cpu_N512__F0__rep03,dual_stencil_cpu_N512,F0,3,1848240000.0,158215537,9308306,1234,0,3200000,True,--size 512 --iterations 8078
pacca_cpu_final_20260913__dual_stencil_cpu_N512__F1__rep01,dual_stencil_cpu_N512,F1,1,1938440000.0,161315444,10094435,987,334,2900000,True,--size 512 --iterations 8078
pacca_cpu_final_20260913__dual_stencil_cpu_N512__F1__rep02,dual_stencil_cpu_N512,F1,2,1913190000.0,160212786,9810681,1178,128,2900000,True,--size 512 --iterations 8078
pacca_cpu_final_20260913__dual_stencil_cpu_N512__F1__rep03,dual_stencil_cpu_N512,F1,3,1944010000.0,162065320,9869097,1322,13,2900000,True,--size 512 --iterations 8078
pacca_cpu_final_20260913__dual_stencil_cpu_N512__F2__rep01,dual_stencil_cpu_N512,F2,1,2044840000.0,166732056,10713397,1131,301,2600000,True,--size 512 --iterations 8078
pacca_cpu_final_20260913__dual_stencil_cpu_N512__F2__rep02,dual_stencil_cpu_N512,F2,2,2037200000.0,166510621,10699306,1237,193,2600000,True,--size 512 --iterations 8078
pacca_cpu_final_20260913__dual_stencil_cpu_N512__F2__rep03,dual_stencil_cpu_N512,F2,3,2063990000.0,168102841,10768262,357,1086,2600000,True,--size 512 --iterations 8078
pacca_cpu_final_20260913__dual_stencil_cpu_N512__F3__rep01,dual_stencil_cpu_N512,F3,1,2203840000.0,175606850,11561414,1574,13,2300000,True,--size 512 --iterations 8078
pacca_cpu_final_20260913__dual_stencil_cpu_N512__F3__rep02,dual_stencil_cpu_N512,F3,2,2211670000.0,176397375,11563786,1602,0,2300000,True,--size 512 --iterations 8078
pacca_cpu_final_20260913__dual_stencil_cpu_N512__F3__rep03,dual_stencil_cpu_N512,F3,3,2201150000.0,175709084,11556365,1581,0,2300000,True,--size 512 --iterations 8078
pacca_cpu_final_20260913__dual_stencil_cpu_N512__F4__rep01,dual_stencil_cpu_N512,F4,1,2413660000.0,189066105,12871002,1781,13,2000000,True,--size 512 --iterations 8078
pacca_cpu_final_20260913__dual_stencil_cpu_N512__F4__rep02,dual_stencil_cpu_N512,F4,2,2401220000.0,188769231,12631466,1782,0,2000000,True,--size 512 --iterations 8078
pacca_cpu_final_20260913__dual_stencil_cpu_N512__F4__rep03,dual_stencil_cpu_N512,F4,3,2419350000.0,189756717,12900669,1808,0,2000000,True,--size 512 --iterations 8078
pacca_cpu_final_20260913__dual_stencil_cpu_N512__F5__rep01,dual_stencil_cpu_N512,F5,1,2699360000.0,208237565,14538105,2048,26,1700000,True,--size 512 --iterations 8078
pacca_cpu_final_20260913__dual_stencil_cpu_N512__F5__rep02,dual_stencil_cpu_N512,F5,2,2682150000.0,207696368,14573939,2019,50,1700000,True,--size 512 --iterations 8078
pacca_cpu_final_20260913__dual_stencil_cpu_N512__F5__rep03,dual_stencil_cpu_N512,F5,3,2738140000.0,211730660,14783303,2072,40,1700000,True,--size 512 --iterations 8078
pacca_cpu_final_20260913__dual_stencil_cpu_N512__F6__rep01,dual_stencil_cpu_N512,F6,1,3115670000.0,239131956,17052798,2507,0,1400000,True,--size 512 --iterations 8078
pacca_cpu_final_20260913__dual_stencil_cpu_N512__F6__rep02,dual_stencil_cpu_N512,F6,2,3192240000.0,246138347,17815626,2567,13,1400000,True,--size 512 --iterations 8078
pacca_cpu_final_20260913__dual_stencil_cpu_N512__F6__rep03,dual_stencil_cpu_N512,F6,3,3111220000.0,237744814,17032159,2490,0,1400000,True,--size 512 --iterations 8078
pacca_cpu_final_20260913__dual_stencil_cpu_N512__F7__rep01,dual_stencil_cpu_N512,F7,1,3801610000.0,291154955,21194494,3175,13,1100000,True,--size 512 --iterations 8078
pacca_cpu_final_20260913__dual_stencil_cpu_N512__F7__rep02,dual_stencil_cpu_N512,F7,2,3868560000.0,295077064,21609475,3198,37,1100000,True,--size 512 --iterations 8078
pacca_cpu_final_20260913__dual_stencil_cpu_N512__F7__rep03,dual_stencil_cpu_N512,F7,3,3859470000.0,293023603,21578003,3230,0,1100000,True,--size 512 --iterations 8078
pacca_cpu_final_20260913__dual_stencil_cpu_N512__F8__rep01,dual_stencil_cpu_N512,F8,1,5043850000.0,386818712,29122693,4242,189,800000,True,--size 512 --iterations 8078
pacca_cpu_final_20260913__dual_stencil_cpu_N512__F8__rep02,dual_stencil_cpu_N512,F8,2,5079160000.0,385384389,28719186,4401,36,800000,True,--size 512 --iterations 8078
pacca_cpu_final_20260913__dual_stencil_cpu_N512__F8__rep03,dual_stencil_cpu_N512,F8,3,5081940000.0,388227766,29013420,4444,26,800000,True,--size 512 --iterations 8078
pacca_cpu_final_20260913__dual_stencil_cpu_N512__REF__rep01,dual_stencil_cpu_N512,REF,1,1851750000.0,158711935,9538188,1397,13,,True,--size 512 --iterations 8078
pacca_cpu_final_20260913__dual_stencil_cpu_N512__REF__rep02,dual_stencil_cpu_N512,REF,2,1840560000.0,156735744,9316017,1389,0,,True,--size 512 --iterations 8078
pacca_cpu_final_20260913__dual_stencil_cpu_N512__REF__rep03,dual_stencil_cpu_N512,REF,3,1831750000.0,157016810,9311886,1397,0,,True,--size 512 --iterations 8078
pacca_cpu_final_20260913__ert_probe__F0__rep00,ert_probe,F0,0,382946000.0,8927834,518609,0,0,3200000,False,
pacca_cpu_final_20260913__ert_probe__F1__rep00,ert_probe,F1,0,381411000.0,8344034,514248,0,0,2900000,False,
pacca_cpu_final_20260913__ert_probe__F2__rep00,ert_probe,F2,0,398734000.0,8401529,549866,0,0,2600000,False,
pacca_cpu_final_20260913__ert_probe__F3__rep00,ert_probe,F3,0,392132000.0,8557534,574744,0,0,2300000,False,
pacca_cpu_final_20260913__ert_probe__F4__rep00,ert_probe,F4,0,415776000.0,8193277,574163,0,0,2000000,False,
pacca_cpu_final_20260913__ert_probe__F5__rep00,ert_probe,F5,0,410427000.0,8420145,609889,0,0,1700000,False,
pacca_cpu_final_20260913__ert_probe__F6__rep00,ert_probe,F6,0,400721000.0,8365335,635517,0,0,1400000,False,
pacca_cpu_final_20260913__ert_probe__F7__rep00,ert_probe,F7,0,420730000.0,9685889,745401,0,0,1100000,False,
pacca_cpu_final_20260913__ert_probe__F8__rep00,ert_probe,F8,0,444965000.0,10412205,810685,0,0,800000,False,
pacca_cpu_final_20260913__ert_probe__REF__rep00,ert_probe,REF,0,382561000.0,8982521,523046,0,0,,True,
pacca_cpu_final_20260913__hpccg_cpu_N46__F0__rep01,hpccg_cpu_N46,F0,1,3277600000.0,345563446,19375093,40,2615,3200000,True,--size 46 --iterations 800
pacca_cpu_final_20260913__hpccg_cpu_N46__F0__rep02,hpccg_cpu_N46,F0,2,3277240000.0,343203956,18342986,2639,13,3200000,True,--size 46 --iterations 800
pacca_cpu_final_20260913__hpccg_cpu_N46__F0__rep03,hpccg_cpu_N46,F0,3,3267510000.0,341755107,18320985,2647,0,3200000,True,--size 46 --iterations 800
pacca_cpu_final_20260913__hpccg_cpu_N46__F1__rep01,hpccg_cpu_N46,F1,1,3467470000.0,349687826,20528056,41,2805,2900000,True,--size 46 --iterations 800
pacca_cpu_final_20260913__hpccg_cpu_N46__F1__rep02,hpccg_cpu_N46,F1,2,3448720000.0,349110434,21270535,0,2837,2900000,True,--size 46 --iterations 800
pacca_cpu_final_20260913__hpccg_cpu_N46__F1__rep03,hpccg_cpu_N46,F1,3,3416350000.0,343322485,19259181,2793,0,2900000,True,--size 46 --iterations 800
pacca_cpu_final_20260913__hpccg_cpu_N46__F2__rep01,hpccg_cpu_N46,F2,1,3638880000.0,352043593,20460215,3029,0,2600000,True,--size 46 --iterations 800
pacca_cpu_final_20260913__hpccg_cpu_N46__F2__rep02,hpccg_cpu_N46,F2,2,3689250000.0,358428282,22496416,23,3057,2600000,True,--size 46 --iterations 800
pacca_cpu_final_20260913__hpccg_cpu_N46__F2__rep03,hpccg_cpu_N46,F2,3,3656090000.0,356906618,21833972,2783,264,2600000,True,--size 46 --iterations 800
pacca_cpu_final_20260913__hpccg_cpu_N46__F3__rep01,hpccg_cpu_N46,F3,1,4034340000.0,379765385,25297785,21,3400,2300000,True,--size 46 --iterations 800
pacca_cpu_final_20260913__hpccg_cpu_N46__F3__rep02,hpccg_cpu_N46,F3,2,4019530000.0,374724382,23118499,3410,0,2300000,True,--size 46 --iterations 800
pacca_cpu_final_20260913__hpccg_cpu_N46__F3__rep03,hpccg_cpu_N46,F3,3,3950710000.0,367924229,22228529,3341,0,2300000,True,--size 46 --iterations 800
pacca_cpu_final_20260913__hpccg_cpu_N46__F4__rep01,hpccg_cpu_N46,F4,1,4578950000.0,409944446,27043331,3937,13,2000000,True,--size 46 --iterations 800
pacca_cpu_final_20260913__hpccg_cpu_N46__F4__rep02,hpccg_cpu_N46,F4,2,4521760000.0,408980460,27050583,3832,76,2000000,True,--size 46 --iterations 800
pacca_cpu_final_20260913__hpccg_cpu_N46__F4__rep03,hpccg_cpu_N46,F4,3,4504630000.0,404379397,26335079,3879,13,2000000,True,--size 46 --iterations 800
pacca_cpu_final_20260913__hpccg_cpu_N46__F5__rep01,hpccg_cpu_N46,F5,1,5211880000.0,458542955,30703061,4577,13,1700000,True,--size 46 --iterations 800
pacca_cpu_final_20260913__hpccg_cpu_N46__F5__rep02,hpccg_cpu_N46,F5,2,5187770000.0,457438709,30416293,4573,0,1700000,True,--size 46 --iterations 800
pacca_cpu_final_20260913__hpccg_cpu_N46__F5__rep03,hpccg_cpu_N46,F5,3,5178020000.0,455035090,29813672,4562,0,1700000,True,--size 46 --iterations 800
pacca_cpu_final_20260913__hpccg_cpu_N46__F6__rep01,hpccg_cpu_N46,F6,1,6313810000.0,537906582,36873031,5701,0,1400000,True,--size 46 --iterations 800
pacca_cpu_final_20260913__hpccg_cpu_N46__F6__rep02,hpccg_cpu_N46,F6,2,6279170000.0,535667208,38274205,5558,107,1400000,True,--size 46 --iterations 800
pacca_cpu_final_20260913__hpccg_cpu_N46__F6__rep03,hpccg_cpu_N46,F6,3,6247430000.0,532545756,36878171,5626,0,1400000,True,--size 46 --iterations 800
pacca_cpu_final_20260913__hpccg_cpu_N46__F7__rep01,hpccg_cpu_N46,F7,1,7856100000.0,651421733,46569788,7230,0,1100000,True,--size 46 --iterations 800
pacca_cpu_final_20260913__hpccg_cpu_N46__F7__rep02,hpccg_cpu_N46,F7,2,7909010000.0,655953704,47942305,7269,26,1100000,True,--size 46 --iterations 800
pacca_cpu_final_20260913__hpccg_cpu_N46__F7__rep03,hpccg_cpu_N46,F7,3,7988610000.0,664715522,49813020,133,7236,1100000,True,--size 46 --iterations 800
pacca_cpu_final_20260913__hpccg_cpu_N46__F8__rep01,hpccg_cpu_N46,F8,1,10734300000.0,872024806,64303467,10098,13,800000,True,--size 46 --iterations 800
pacca_cpu_final_20260913__hpccg_cpu_N46__F8__rep02,hpccg_cpu_N46,F8,2,10741800000.0,869870637,64871863,10105,13,800000,True,--size 46 --iterations 800
pacca_cpu_final_20260913__hpccg_cpu_N46__F8__rep03,hpccg_cpu_N46,F8,3,10714700000.0,872504175,64643846,10060,26,800000,True,--size 46 --iterations 800
pacca_cpu_final_20260913__hpccg_cpu_N46__REF__rep01,hpccg_cpu_N46,REF,1,3260140000.0,342265237,18823300,2768,59,,True,--size 46 --iterations 800
pacca_cpu_final_20260913__hpccg_cpu_N46__REF__rep02,hpccg_cpu_N46,REF,2,3327230000.0,348503746,19006700,2856,28,,True,--size 46 --iterations 800
pacca_cpu_final_20260913__hpccg_cpu_N46__REF__rep03,hpccg_cpu_N46,REF,3,3323010000.0,347890955,19401226,781,2080,,True,--size 46 --iterations 800
pacca_cpu_final_20260913__npb_bt__F0__rep01,npb_bt,F0,1,27484800000.0,3068731401,225791892,101,26757,3200000,True,
pacca_cpu_final_20260913__npb_bt__F0__rep02,npb_bt,F0,2,27451300000.0,3056953783,225790791,168,26668,3200000,True,
pacca_cpu_final_20260913__npb_bt__F0__rep03,npb_bt,F0,3,27411800000.0,3047350963,228183588,147,26652,3200000,True,
pacca_cpu_final_20260913__npb_bt__F1__rep01,npb_bt,F1,1,29784000000.0,3122625673,240345650,1006,28164,2900000,True,
pacca_cpu_final_20260913__npb_bt__F1__rep02,npb_bt,F1,2,30034700000.0,3146230532,246147915,1256,28157,2900000,True,
pacca_cpu_final_20260913__npb_bt__F1__rep03,npb_bt,F1,3,29737600000.0,3125385737,240491413,1421,27702,2900000,True,
pacca_cpu_final_20260913__npb_bt__F2__rep01,npb_bt,F2,1,32778700000.0,3280605676,259376494,5678,26491,2600000,True,
pacca_cpu_final_20260913__npb_bt__F2__rep02,npb_bt,F2,2,32988600000.0,3294093069,261683688,5681,26698,2600000,True,
pacca_cpu_final_20260913__npb_bt__F2__rep03,npb_bt,F2,3,32869200000.0,3282651996,261929895,6020,26229,2600000,True,
pacca_cpu_final_20260913__npb_bt__F3__rep01,npb_bt,F3,1,36480700000.0,3545714739,286839688,12159,23713,2300000,True,
pacca_cpu_final_20260913__npb_bt__F3__rep02,npb_bt,F3,2,36414900000.0,3530823847,284806149,14290,21512,2300000,True,
pacca_cpu_final_20260913__npb_bt__F3__rep03,npb_bt,F3,3,36435500000.0,3530968499,283754427,14178,21633,2300000,True,
pacca_cpu_final_20260913__npb_bt__F4__rep01,npb_bt,F4,1,41411800000.0,3827283171,316126810,32119,8674,2000000,True,
pacca_cpu_final_20260913__npb_bt__F4__rep02,npb_bt,F4,2,41434000000.0,3836458806,317212130,32337,8479,2000000,True,
pacca_cpu_final_20260913__npb_bt__F4__rep03,npb_bt,F4,3,41519200000.0,3835536934,317562103,31954,8945,2000000,True,
pacca_cpu_final_20260913__npb_bt__F5__rep01,npb_bt,F5,1,48197500000.0,4300959998,360836500,39218,8370,1700000,True,
pacca_cpu_final_20260913__npb_bt__F5__rep02,npb_bt,F5,2,48198600000.0,4299872904,355502783,39527,8061,1700000,True,
pacca_cpu_final_20260913__npb_bt__F5__rep03,npb_bt,F5,3,48404700000.0,4320658067,362349594,39493,8288,1700000,True,
pacca_cpu_final_20260913__npb_bt__F6__rep01,npb_bt,F6,1,57910400000.0,5016124854,419884830,48838,8450,1400000,True,
pacca_cpu_final_20260913__npb_bt__F6__rep02,npb_bt,F6,2,57980500000.0,5024646927,413712092,49479,7891,1400000,True,
pacca_cpu_final_20260913__npb_bt__F6__rep03,npb_bt,F6,3,58060200000.0,5024075578,420429985,49375,8055,1400000,True,
pacca_cpu_final_20260913__npb_bt__F7__rep01,npb_bt,F7,1,73382800000.0,6164049283,514414397,64424,8337,1100000,True,
pacca_cpu_final_20260913__npb_bt__F7__rep02,npb_bt,F7,2,73373900000.0,6161867526,515081798,64381,8376,1100000,True,
pacca_cpu_final_20260913__npb_bt__F7__rep03,npb_bt,F7,3,73544200000.0,6175302794,518605679,64343,8581,1100000,True,
pacca_cpu_final_20260913__npb_bt__F8__rep01,npb_bt,F8,1,101156000000.0,8236508089,684624494,90555,9991,800000,True,
pacca_cpu_final_20260913__npb_bt__F8__rep02,npb_bt,F8,2,101244000000.0,8258279762,694242458,90598,10026,800000,True,
pacca_cpu_final_20260913__npb_bt__F8__rep03,npb_bt,F8,3,101129000000.0,8235197179,685300587,90448,10059,800000,True,
pacca_cpu_final_20260913__npb_bt__REF__rep01,npb_bt,REF,1,27469900000.0,3064359709,225398529,141,26835,,True,
pacca_cpu_final_20260913__npb_bt__REF__rep02,npb_bt,REF,2,27354900000.0,3048416818,224991197,56,26823,,True,
pacca_cpu_final_20260913__npb_bt__REF__rep03,npb_bt,REF,3,27508900000.0,3062125462,227049582,115,26920,,True,
pacca_cpu_final_20260913__npb_cg__F0__rep01,npb_cg,F0,1,7420110000.0,846270600,89845486,0,6792,3200000,True,
pacca_cpu_final_20260913__npb_cg__F0__rep02,npb_cg,F0,2,7527690000.0,856184942,90618397,0,6860,3200000,True,
pacca_cpu_final_20260913__npb_cg__F0__rep03,npb_cg,F0,3,7445890000.0,847367642,90820540,0,6810,3200000,True,
pacca_cpu_final_20260913__npb_cg__F1__rep01,npb_cg,F1,1,7807600000.0,846900054,93044440,0,7183,2900000,True,
pacca_cpu_final_20260913__npb_cg__F1__rep02,npb_cg,F1,2,7842450000.0,849790305,94493090,0,7233,2900000,True,
pacca_cpu_final_20260913__npb_cg__F1__rep03,npb_cg,F1,3,7841560000.0,850760457,94387245,0,7231,2900000,True,
pacca_cpu_final_20260913__npb_cg__F2__rep01,npb_cg,F2,1,8402020000.0,872931359,98556724,0,7783,2600000,True,
pacca_cpu_final_20260913__npb_cg__F2__rep02,npb_cg,F2,2,8476860000.0,881561952,99063690,0,7868,2600000,True,
pacca_cpu_final_20260913__npb_cg__F2__rep03,npb_cg,F2,3,8449540000.0,877463330,98603313,0,7813,2600000,True,
pacca_cpu_final_20260913__npb_cg__F3__rep01,npb_cg,F3,1,9275160000.0,920611596,105726060,0,8655,2300000,True,
pacca_cpu_final_20260913__npb_cg__F3__rep02,npb_cg,F3,2,9207580000.0,916821018,104784070,0,8596,2300000,True,
pacca_cpu_final_20260913__npb_cg__F3__rep03,npb_cg,F3,3,9152940000.0,910926562,104043045,0,8537,2300000,True,
pacca_cpu_final_20260913__npb_cg__F4__rep01,npb_cg,F4,1,10287300000.0,990147978,113299591,0,9672,2000000,True,
pacca_cpu_final_20260913__npb_cg__F4__rep02,npb_cg,F4,2,10249500000.0,989311432,112710449,0,9637,2000000,True,
pacca_cpu_final_20260913__npb_cg__F4__rep03,npb_cg,F4,3,10253900000.0,987071753,112528593,0,9645,2000000,True,
pacca_cpu_final_20260913__npb_cg__F5__rep01,npb_cg,F5,1,11709900000.0,1089713457,124564414,0,11099,1700000,True,
pacca_cpu_final_20260913__npb_cg__F5__rep02,npb_cg,F5,2,11727300000.0,1089740618,125393047,0,11104,1700000,True,
pacca_cpu_final_20260913__npb_cg__F5__rep03,npb_cg,F5,3,11737400000.0,1088227561,125549000,0,11118,1700000,True,
pacca_cpu_final_20260913__npb_cg__F6__rep01,npb_cg,F6,1,13928000000.0,1254489708,141318251,0,13314,1400000,True,
pacca_cpu_final_20260913__npb_cg__F6__rep02,npb_cg,F6,2,13920300000.0,1251537323,140610090,0,13309,1400000,True,
pacca_cpu_final_20260913__npb_cg__F6__rep03,npb_cg,F6,3,14114400000.0,1267248526,142471810,0,13415,1400000,True,
pacca_cpu_final_20260913__npb_cg__F7__rep01,npb_cg,F7,1,17493900000.0,1520575880,165567849,0,16874,1100000,True,
pacca_cpu_final_20260913__npb_cg__F7__rep02,npb_cg,F7,2,17426100000.0,1520202651,166606107,0,16802,1100000,True,
pacca_cpu_final_20260913__npb_cg__F7__rep03,npb_cg,F7,3,17409100000.0,1518490131,164812166,0,16799,1100000,True,
pacca_cpu_final_20260913__npb_cg__F8__rep01,npb_cg,F8,1,23959500000.0,2035525490,211856101,0,23348,800000,True,
pacca_cpu_final_20260913__npb_cg__F8__rep02,npb_cg,F8,2,24178100000.0,2027826046,208285968,0,23558,800000,True,
pacca_cpu_final_20260913__npb_cg__F8__rep03,npb_cg,F8,3,23957100000.0,2026679748,211287783,0,23345,800000,True,
pacca_cpu_final_20260913__npb_cg__REF__rep01,npb_cg,REF,1,7463590000.0,850054465,91065386,0,6992,,True,
pacca_cpu_final_20260913__npb_cg__REF__rep02,npb_cg,REF,2,7450780000.0,847427091,90507288,0,6975,,True,
pacca_cpu_final_20260913__npb_cg__REF__rep03,npb_cg,REF,3,7366260000.0,845375460,89415235,0,6892,,True,
pacca_cpu_final_20260913__npb_ft__F0__rep01,npb_ft,F0,1,5884490000.0,628671181,59344921,786,3469,3200000,True,
pacca_cpu_final_20260913__npb_ft__F0__rep02,npb_ft,F0,2,4816960000.0,542019242,52554934,0,3845,3200000,True,
pacca_cpu_final_20260913__npb_ft__F0__rep03,npb_ft,F0,3,4782980000.0,538161220,52178049,0,3818,3200000,True,
pacca_cpu_final_20260913__npb_ft__F1__rep01,npb_ft,F1,1,5131040000.0,546088812,55008778,0,4158,2900000,True,
pacca_cpu_final_20260913__npb_ft__F1__rep02,npb_ft,F1,2,5092330000.0,541813249,54453327,0,4128,2900000,True,
pacca_cpu_final_20260913__npb_ft__F1__rep03,npb_ft,F1,3,5117480000.0,545071847,54701417,0,4147,2900000,True,
pacca_cpu_final_20260913__npb_ft__F2__rep01,npb_ft,F2,1,5736740000.0,580906106,58880994,0,4777,2600000,True,
pacca_cpu_final_20260913__npb_ft__F2__rep02,npb_ft,F2,2,5576390000.0,564619526,57477448,0,4603,2600000,True,
pacca_cpu_final_20260913__npb_ft__F2__rep03,npb_ft,F2,3,5517090000.0,560585784,57434288,0,4550,2600000,True,
pacca_cpu_final_20260913__npb_ft__F3__rep01,npb_ft,F3,1,8707550000.0,797248264,77509693,1982,3931,2300000,True,
pacca_cpu_final_20260913__npb_ft__F3__rep02,npb_ft,F3,2,6032020000.0,585700466,60520971,0,5073,2300000,True,
pacca_cpu_final_20260913__npb_ft__F3__rep03,npb_ft,F3,3,6049320000.0,586511926,61215682,0,5085,2300000,True,
pacca_cpu_final_20260913__npb_ft__F4__rep01,npb_ft,F4,1,6751190000.0,635520163,65593609,0,5790,2000000,True,
pacca_cpu_final_20260913__npb_ft__F4__rep02,npb_ft,F4,2,6865300000.0,644413694,66329738,0,5886,2000000,True,
pacca_cpu_final_20260913__npb_ft__F4__rep03,npb_ft,F4,3,9806270000.0,874908953,83489760,2711,4385,2000000,True,
pacca_cpu_final_20260913__npb_ft__F5__rep01,npb_ft,F5,1,7903630000.0,716982723,72616753,0,6944,1700000,True,
pacca_cpu_final_20260913__npb_ft__F5__rep02,npb_ft,F5,2,7761980000.0,701137610,71683560,0,6773,1700000,True,
pacca_cpu_final_20260913__npb_ft__F5__rep03,npb_ft,F5,3,7697920000.0,698600873,71384170,0,6736,1700000,True,
pacca_cpu_final_20260913__npb_ft__F6__rep01,npb_ft,F6,1,9094680000.0,795915382,80361598,0,8123,1400000,True,
pacca_cpu_final_20260913__npb_ft__F6__rep02,npb_ft,F6,2,9119610000.0,798658356,80830466,0,8146,1400000,True,
pacca_cpu_final_20260913__npb_ft__F6__rep03,npb_ft,F6,3,10042400000.0,869651949,85411271,544,8463,1400000,True,
pacca_cpu_final_20260913__npb_ft__F7__rep01,npb_ft,F7,1,11375000000.0,966426848,95599632,0,10399,1100000,True,
pacca_cpu_final_20260913__npb_ft__F7__rep02,npb_ft,F7,2,11306700000.0,957890370,94458145,0,10345,1100000,True,
pacca_cpu_final_20260913__npb_ft__F7__rep03,npb_ft,F7,3,11338600000.0,956501702,94920741,39,10316,1100000,True,
pacca_cpu_final_20260913__npb_ft__F8__rep01,npb_ft,F8,1,15471900000.0,1267617239,121363425,260,14239,800000,True,
pacca_cpu_final_20260913__npb_ft__F8__rep02,npb_ft,F8,2,15360700000.0,1262248355,119348599,155,14229,800000,True,
pacca_cpu_final_20260913__npb_ft__F8__rep03,npb_ft,F8,3,15388200000.0,1270367598,120568697,110,14317,800000,True,
pacca_cpu_final_20260913__npb_ft__REF__rep01,npb_ft,REF,1,4792920000.0,538970788,52671887,0,3884,,True,
pacca_cpu_final_20260913__npb_ft__REF__rep02,npb_ft,REF,2,4788770000.0,539405967,52486711,0,3894,,True,
pacca_cpu_final_20260913__npb_ft__REF__rep03,npb_ft,REF,3,4819020000.0,540812702,53174752,0,3927,,True,
pacca_cpu_final_20260913__npb_lu__F0__rep01,npb_lu,F0,1,20028800000.0,2140186110,182878467,0,18521,3200000,True,
pacca_cpu_final_20260913__npb_lu__F0__rep02,npb_lu,F0,2,19020000000.0,2013407383,175144791,0,17557,3200000,True,
pacca_cpu_final_20260913__npb_lu__F0__rep03,npb_lu,F0,3,19066000000.0,2030065054,173338933,0,17595,3200000,True,
pacca_cpu_final_20260913__npb_lu__F1__rep01,npb_lu,F1,1,20607500000.0,2082249796,184486436,0,19134,2900000,True,
pacca_cpu_final_20260913__npb_lu__F1__rep02,npb_lu,F1,2,20555000000.0,2077024224,182361251,0,19085,2900000,True,
pacca_cpu_final_20260913__npb_lu__F1__rep03,npb_lu,F1,3,20613400000.0,2078513112,182701906,0,19154,2900000,True,
pacca_cpu_final_20260913__npb_lu__F2__rep01,npb_lu,F2,1,22580300000.0,2206631497,197145075,0,21114,2600000,True,
pacca_cpu_final_20260913__npb_lu__F2__rep02,npb_lu,F2,2,22493600000.0,2189104625,195298594,0,21019,2600000,True,
pacca_cpu_final_20260913__npb_lu__F2__rep03,npb_lu,F2,3,22553800000.0,2201712138,194026338,0,21083,2600000,True,
pacca_cpu_final_20260913__npb_lu__F3__rep01,npb_lu,F3,1,24810700000.0,2335848268,211024393,0,23346,2300000,True,
pacca_cpu_final_20260913__npb_lu__F3__rep02,npb_lu,F3,2,24847400000.0,2346688634,210954365,18,23362,2300000,True,
pacca_cpu_final_20260913__npb_lu__F3__rep03,npb_lu,F3,3,24933000000.0,2353563188,211188348,19,23450,2300000,True,
pacca_cpu_final_20260913__npb_lu__F4__rep01,npb_lu,F4,1,28050000000.0,2558280987,229889232,1982,24605,2000000,True,
pacca_cpu_final_20260913__npb_lu__F4__rep02,npb_lu,F4,2,28069300000.0,2543810321,229805801,1969,24636,2000000,True,
pacca_cpu_final_20260913__npb_lu__F4__rep03,npb_lu,F4,3,28177100000.0,2553317438,230825822,1916,24799,2000000,True,
pacca_cpu_final_20260913__npb_lu__F5__rep01,npb_lu,F5,1,32408800000.0,2856536327,257535231,4362,26575,1700000,True,
pacca_cpu_final_20260913__npb_lu__F5__rep02,npb_lu,F5,2,32844600000.0,2880921641,261581698,4417,26952,1700000,True,
pacca_cpu_final_20260913__npb_lu__F5__rep03,npb_lu,F5,3,32601300000.0,2862803279,259687864,4365,26771,1700000,True,
pacca_cpu_final_20260913__npb_lu__F6__rep01,npb_lu,F6,1,38672400000.0,3288684513,299367221,10394,26805,1400000,True,
pacca_cpu_final_20260913__npb_lu__F6__rep02,npb_lu,F6,2,38688700000.0,3312472783,299422683,10646,26577,1400000,True,
pacca_cpu_final_20260913__npb_lu__F6__rep03,npb_lu,F6,3,38646800000.0,3307654557,298178334,12904,24276,1400000,True,
pacca_cpu_final_20260913__npb_lu__F7__rep01,npb_lu,F7,1,48660600000.0,4073944343,365288143,29029,18155,1100000,True,
pacca_cpu_final_20260913__npb_lu__F7__rep02,npb_lu,F7,2,48731400000.0,4082092822,364207947,29109,18148,1100000,True,
pacca_cpu_final_20260913__npb_lu__F7__rep03,npb_lu,F7,3,48617800000.0,4028016299,362195293,29028,18115,1100000,True,
pacca_cpu_final_20260913__npb_lu__F8__rep01,npb_lu,F8,1,66947200000.0,5457459967,481279462,45123,20362,800000,True,
pacca_cpu_final_20260913__npb_lu__F8__rep02,npb_lu,F8,2,66226500000.0,5402264857,466918469,45005,19757,800000,True,
pacca_cpu_final_20260913__npb_lu__F8__rep03,npb_lu,F8,3,66502400000.0,5427934285,475111359,45663,19378,800000,True,
pacca_cpu_final_20260913__npb_lu__REF__rep01,npb_lu,REF,1,19134900000.0,2032939193,174214904,0,17739,,True,
pacca_cpu_final_20260913__npb_lu__REF__rep02,npb_lu,REF,2,18995400000.0,2022556102,173683871,0,17600,,True,
pacca_cpu_final_20260913__npb_lu__REF__rep03,npb_lu,REF,3,19098300000.0,2029919242,173341075,0,17712,,True,
pacca_cpu_final_20260913__npb_mg__F0__rep01,npb_mg,F0,1,1262230000.0,113259231,15043296,0,502,3200000,True,
pacca_cpu_final_20260913__npb_mg__F0__rep02,npb_mg,F0,2,1301320000.0,114424145,15122719,0,508,3200000,True,
pacca_cpu_final_20260913__npb_mg__F0__rep03,npb_mg,F0,3,1296200000.0,116004402,15378734,0,523,3200000,True,
pacca_cpu_final_20260913__npb_mg__F0_calibration__rep01,npb_mg,F0_calibration,1,1270510000.0,114932506,15231548,0,0,,True,
pacca_cpu_final_20260913__npb_mg__F0_calibration__rep02,npb_mg,F0_calibration,2,1269030000.0,114632397,15211826,0,0,,True,
pacca_cpu_final_20260913__npb_mg__F0_calibration__rep03,npb_mg,F0_calibration,3,1273070000.0,115049876,15298730,0,0,,True,
pacca_cpu_final_20260913__npb_mg__F0_calibration__rep04,npb_mg,F0_calibration,4,1267630000.0,114471387,15220180,0,0,,True,
pacca_cpu_final_20260913__npb_mg__F0_calibration__rep05,npb_mg,F0_calibration,5,1264590000.0,113855726,15217013,0,0,,True,
pacca_cpu_final_20260913__npb_mg__F1__rep01,npb_mg,F1,1,1293480000.0,110947898,15249862,0,517,2900000,True,
pacca_cpu_final_20260913__npb_mg__F1__rep02,npb_mg,F1,2,1272550000.0,110399253,15184806,0,512,2900000,True,
pacca_cpu_final_20260913__npb_mg__F1__rep03,npb_mg,F1,3,1274830000.0,110087426,15101697,0,510,2900000,True,
pacca_cpu_final_20260913__npb_mg__F2__rep01,npb_mg,F2,1,1317400000.0,110294823,15483049,0,543,2600000,True,
pacca_cpu_final_20260913__npb_mg__F2__rep02,npb_mg,F2,2,1333530000.0,110777061,15589461,0,553,2600000,True,
pacca_cpu_final_20260913__npb_mg__F2__rep03,npb_mg,F2,3,1304090000.0,109649438,15502144,0,541,2600000,True,
pacca_cpu_final_20260913__npb_mg__F3__rep01,npb_mg,F3,1,1360190000.0,111099203,15905498,0,590,2300000,True,
pacca_cpu_final_20260913__npb_mg__F3__rep02,npb_mg,F3,2,1347120000.0,109742944,15737564,0,575,2300000,True,
pacca_cpu_final_20260913__npb_mg__F3__rep03,npb_mg,F3,3,1342560000.0,110654929,15783571,0,582,2300000,True,
pacca_cpu_final_20260913__npb_mg__F4__rep01,npb_mg,F4,1,1405800000.0,113544021,16374259,0,646,2000000,True,
pacca_cpu_final_20260913__npb_mg__F4__rep02,npb_mg,F4,2,1417560000.0,113286392,16321459,0,645,2000000,True,
pacca_cpu_final_20260913__npb_mg__F4__rep03,npb_mg,F4,3,1410300000.0,112344012,16221243,0,639,2000000,True,
pacca_cpu_final_20260913__npb_mg__F5__rep01,npb_mg,F5,1,1515080000.0,118338931,17051713,0,733,1700000,True,
pacca_cpu_final_20260913__npb_mg__F5__rep02,npb_mg,F5,2,1498930000.0,118654908,17068818,0,736,1700000,True,
pacca_cpu_final_20260913__npb_mg__F5__rep03,npb_mg,F5,3,1491150000.0,117806949,17038998,0,728,1700000,True,
pacca_cpu_final_20260913__npb_mg__F6__rep01,npb_mg,F6,1,1657860000.0,130340120,18417834,0,895,1400000,True,
pacca_cpu_final_20260913__npb_mg__F6__rep02,npb_mg,F6,2,1664150000.0,129844211,18369088,0,887,1400000,True,
pacca_cpu_final_20260913__npb_mg__F6__rep03,npb_mg,F6,3,1654010000.0,129913913,18371199,0,891,1400000,True,
pacca_cpu_final_20260913__npb_mg__F7__rep01,npb_mg,F7,1,1926550000.0,148807480,20502566,0,1142,1100000,True,
pacca_cpu_final_20260913__npb_mg__F7__rep02,npb_mg,F7,2,1921200000.0,150021161,20712880,0,1146,1100000,True,
pacca_cpu_final_20260913__npb_mg__F7__rep03,npb_mg,F7,3,1909480000.0,148642930,20622319,0,1145,1100000,True,
pacca_cpu_final_20260913__npb_mg__F8__rep01,npb_mg,F8,1,2439780000.0,188216987,24469183,0,1662,800000,True,
pacca_cpu_final_20260913__npb_mg__F8__rep02,npb_mg,F8,2,2452660000.0,189493290,24453317,0,1677,800000,True,
pacca_cpu_final_20260913__npb_mg__F8__rep03,npb_mg,F8,3,2447830000.0,189039372,24437038,0,1663,800000,True,
pacca_cpu_final_20260913__npb_mg__REF__rep01,npb_mg,REF,1,1270630000.0,113566116,15047428,0,572,,True,
pacca_cpu_final_20260913__npb_mg__REF__rep02,npb_mg,REF,2,1272090000.0,113554946,15037467,0,569,,True,
pacca_cpu_final_20260913__npb_mg__REF__rep03,npb_mg,REF,3,1276960000.0,114125684,15107618,0,569,,True,
pacca_cpu_final_20260913__npb_sp__F0__rep01,npb_sp,F0,1,18361200000.0,2056077439,248325839,0,17402,3200000,True,
pacca_cpu_final_20260913__npb_sp__F0__rep02,npb_sp,F0,2,18171700000.0,2048215643,245705500,0,17201,3200000,True,
pacca_cpu_final_20260913__npb_sp__F0__rep03,npb_sp,F0,3,18397700000.0,2065925620,247818368,0,17437,3200000,True,
pacca_cpu_final_20260913__npb_sp__F1__rep01,npb_sp,F1,1,18953600000.0,2043117206,253169942,0,17966,2900000,True,
pacca_cpu_final_20260913__npb_sp__F1__rep02,npb_sp,F1,2,19088200000.0,2051816098,255509862,0,18126,2900000,True,
pacca_cpu_final_20260913__npb_sp__F1__rep03,npb_sp,F1,3,18943300000.0,2032143052,253135563,0,17983,2900000,True,
pacca_cpu_final_20260913__npb_sp__F2__rep01,npb_sp,F2,1,20211300000.0,2086776274,261340723,0,19250,2600000,True,
pacca_cpu_final_20260913__npb_sp__F2__rep02,npb_sp,F2,2,20365600000.0,2104622542,264367185,0,19387,2600000,True,
pacca_cpu_final_20260913__npb_sp__F2__rep03,npb_sp,F2,3,19970000000.0,2070120250,259799997,0,18998,2600000,True,
pacca_cpu_final_20260913__npb_sp__F3__rep01,npb_sp,F3,1,21096700000.0,2120811404,269352353,0,20133,2300000,True,
pacca_cpu_final_20260913__npb_sp__F3__rep02,npb_sp,F3,2,21081800000.0,2114274921,268879675,0,20110,2300000,True,
pacca_cpu_final_20260913__npb_sp__F3__rep03,npb_sp,F3,3,21007800000.0,2107462256,267897140,0,20041,2300000,True,
pacca_cpu_final_20260913__npb_sp__F4__rep01,npb_sp,F4,1,22775100000.0,2209395283,281346758,0,21807,2000000,True,
pacca_cpu_final_20260913__npb_sp__F4__rep02,npb_sp,F4,2,22773100000.0,2200600689,281076484,0,21811,2000000,True,
pacca_cpu_final_20260913__npb_sp__F4__rep03,npb_sp,F4,3,22894500000.0,2214218819,281096220,0,21918,2000000,True,
pacca_cpu_final_20260913__npb_sp__F5__rep01,npb_sp,F5,1,25167500000.0,2360617370,295315398,0,24206,1700000,True,
pacca_cpu_final_20260913__npb_sp__F5__rep02,npb_sp,F5,2,25147700000.0,2350130093,296107831,0,24174,1700000,True,
pacca_cpu_final_20260913__npb_sp__F5__rep03,npb_sp,F5,3,25114800000.0,2360502014,293971814,0,24149,1700000,True,
pacca_cpu_final_20260913__npb_sp__F6__rep01,npb_sp,F6,1,28607100000.0,2592535661,322017677,0,27646,1400000,True,
pacca_cpu_final_20260913__npb_sp__F6__rep02,npb_sp,F6,2,28409000000.0,2578309256,318731145,0,27426,1400000,True,
pacca_cpu_final_20260913__npb_sp__F6__rep03,npb_sp,F6,3,28512400000.0,2596059577,320450575,0,27549,1400000,True,
pacca_cpu_final_20260913__npb_sp__F7__rep01,npb_sp,F7,1,34494600000.0,3023118908,358150800,0,33532,1100000,True,
pacca_cpu_final_20260913__npb_sp__F7__rep02,npb_sp,F7,2,34463200000.0,3011132307,359749665,0,33487,1100000,True,
pacca_cpu_final_20260913__npb_sp__F7__rep03,npb_sp,F7,3,34347500000.0,3010674422,359319352,0,33373,1100000,True,
pacca_cpu_final_20260913__npb_sp__F8__rep01,npb_sp,F8,1,45598100000.0,3876933069,437672366,1625,43009,800000,True,
pacca_cpu_final_20260913__npb_sp__F8__rep02,npb_sp,F8,2,45553000000.0,3869761334,437578486,1502,43081,800000,True,
pacca_cpu_final_20260913__npb_sp__F8__rep03,npb_sp,F8,3,45618100000.0,3907686163,435290049,1369,43275,800000,True,
pacca_cpu_final_20260913__npb_sp__REF__rep01,npb_sp,REF,1,18240500000.0,2055216663,246936232,0,17345,,True,
pacca_cpu_final_20260913__npb_sp__REF__rep02,npb_sp,REF,2,18559100000.0,2076153559,249250708,0,17662,,True,
pacca_cpu_final_20260913__npb_sp__REF__rep03,npb_sp,REF,3,18258100000.0,2063140043,245440443,0,17348,,True,
pacca_cpu_final_20260913__phasic_p010__F0__rep01,phasic_p010,F0,1,20578600000.0,2031020069,134084839,19593,22,3200000,True,--phase-seconds 0.010 --total-seconds 20 --size-mib 512 --seed 20260806
pacca_cpu_final_20260913__phasic_p010__F0__rep02,phasic_p010,F0,2,20575100000.0,2048487432,135860772,19590,22,3200000,True,--phase-seconds 0.010 --total-seconds 20 --size-mib 512 --seed 20260806
pacca_cpu_final_20260913__phasic_p010__F0__rep03,phasic_p010,F0,3,20577200000.0,2034245281,132468578,19590,22,3200000,True,--phase-seconds 0.010 --total-seconds 20 --size-mib 512 --seed 20260806
pacca_cpu_final_20260913__phasic_p010__F1__rep01,phasic_p010,F1,1,20587100000.0,1931960386,134942833,19598,22,2900000,True,--phase-seconds 0.010 --total-seconds 20 --size-mib 512 --seed 20260806
pacca_cpu_final_20260913__phasic_p010__F1__rep02,phasic_p010,F1,2,20575400000.0,1930266116,134037914,19604,10,2900000,True,--phase-seconds 0.010 --total-seconds 20 --size-mib 512 --seed 20260806
pacca_cpu_final_20260913__phasic_p010__F1__rep03,phasic_p010,F1,3,20575700000.0,1934519156,134516284,19604,11,2900000,True,--phase-seconds 0.010 --total-seconds 20 --size-mib 512 --seed 20260806
pacca_cpu_final_20260913__phasic_p010__F2__rep01,phasic_p010,F2,1,20580600000.0,1871377107,134200125,19598,22,2600000,True,--phase-seconds 0.010 --total-seconds 20 --size-mib 512 --seed 20260806
pacca_cpu_final_20260913__phasic_p010__F2__rep02,phasic_p010,F2,2,20585400000.0,1868874976,134468151,19590,33,2600000,True,--phase-seconds 0.010 --total-seconds 20 --size-mib 512 --seed 20260806
pacca_cpu_final_20260913__phasic_p010__F2__rep03,phasic_p010,F2,3,20585900000.0,1875693807,134730591,19576,44,2600000,True,--phase-seconds 0.010 --total-seconds 20 --size-mib 512 --seed 20260806
pacca_cpu_final_20260913__phasic_p010__F3__rep01,phasic_p010,F3,1,20585800000.0,1824389616,134612460,19626,0,2300000,True,--phase-seconds 0.010 --total-seconds 20 --size-mib 512 --seed 20260806
pacca_cpu_final_20260913__phasic_p010__F3__rep02,phasic_p010,F3,2,20606300000.0,1827841940,135126035,19621,11,2300000,True,--phase-seconds 0.010 --total-seconds 20 --size-mib 512 --seed 20260806
pacca_cpu_final_20260913__phasic_p010__F3__rep03,phasic_p010,F3,3,20590200000.0,1814200861,132777837,19597,32,2300000,True,--phase-seconds 0.010 --total-seconds 20 --size-mib 512 --seed 20260806
pacca_cpu_final_20260913__phasic_p010__F4__rep01,phasic_p010,F4,1,20610700000.0,1768772388,134448413,19616,22,2000000,True,--phase-seconds 0.010 --total-seconds 20 --size-mib 512 --seed 20260806
pacca_cpu_final_20260913__phasic_p010__F4__rep02,phasic_p010,F4,2,20602700000.0,1770392380,135077090,19616,22,2000000,True,--phase-seconds 0.010 --total-seconds 20 --size-mib 512 --seed 20260806
pacca_cpu_final_20260913__phasic_p010__F4__rep03,phasic_p010,F4,3,20614600000.0,1763842347,134025659,19640,0,2000000,True,--phase-seconds 0.010 --total-seconds 20 --size-mib 512 --seed 20260806
pacca_cpu_final_20260913__phasic_p010__F5__rep01,phasic_p010,F5,1,20612600000.0,1731470055,131768695,19653,0,1700000,True,--phase-seconds 0.010 --total-seconds 20 --size-mib 512 --seed 20260806
pacca_cpu_final_20260913__phasic_p010__F5__rep02,phasic_p010,F5,2,20633000000.0,1722045335,131142925,19638,22,1700000,True,--phase-seconds 0.010 --total-seconds 20 --size-mib 512 --seed 20260806
pacca_cpu_final_20260913__phasic_p010__F5__rep03,phasic_p010,F5,3,20615300000.0,1730669703,133677997,19652,0,1700000,True,--phase-seconds 0.010 --total-seconds 20 --size-mib 512 --seed 20260806
pacca_cpu_final_20260913__phasic_p010__F6__rep01,phasic_p010,F6,1,20640100000.0,1686658524,133110704,19625,55,1400000,True,--phase-seconds 0.010 --total-seconds 20 --size-mib 512 --seed 20260806
pacca_cpu_final_20260913__phasic_p010__F6__rep02,phasic_p010,F6,2,20646400000.0,1675123214,133259221,19677,0,1400000,True,--phase-seconds 0.010 --total-seconds 20 --size-mib 512 --seed 20260806
pacca_cpu_final_20260913__phasic_p010__F6__rep03,phasic_p010,F6,3,20643400000.0,1676714153,133450241,19644,33,1400000,True,--phase-seconds 0.010 --total-seconds 20 --size-mib 512 --seed 20260806
pacca_cpu_final_20260913__phasic_p010__F7__rep01,phasic_p010,F7,1,20667700000.0,1661579181,132268439,19705,0,1100000,True,--phase-seconds 0.010 --total-seconds 20 --size-mib 512 --seed 20260806
pacca_cpu_final_20260913__phasic_p010__F7__rep02,phasic_p010,F7,2,20666900000.0,1651186264,130799165,19684,22,1100000,True,--phase-seconds 0.010 --total-seconds 20 --size-mib 512 --seed 20260806
pacca_cpu_final_20260913__phasic_p010__F7__rep03,phasic_p010,F7,3,20669500000.0,1668194643,132211324,19708,0,1100000,True,--phase-seconds 0.010 --total-seconds 20 --size-mib 512 --seed 20260806
pacca_cpu_final_20260913__phasic_p010__F8__rep01,phasic_p010,F8,1,20745000000.0,1643874149,131576588,19763,11,800000,True,--phase-seconds 0.010 --total-seconds 20 --size-mib 512 --seed 20260806
pacca_cpu_final_20260913__phasic_p010__F8__rep02,phasic_p010,F8,2,20737500000.0,1647335626,132440196,19754,22,800000,True,--phase-seconds 0.010 --total-seconds 20 --size-mib 512 --seed 20260806
pacca_cpu_final_20260913__phasic_p010__F8__rep03,phasic_p010,F8,3,20741200000.0,1644688050,131552644,19747,33,800000,True,--phase-seconds 0.010 --total-seconds 20 --size-mib 512 --seed 20260806
pacca_cpu_final_20260913__phasic_p010__REF__rep01,phasic_p010,REF,1,20573900000.0,2028742182,135438032,19664,22,,True,--phase-seconds 0.010 --total-seconds 20 --size-mib 512 --seed 20260806
pacca_cpu_final_20260913__phasic_p010__REF__rep02,phasic_p010,REF,2,20577100000.0,2027934628,133775213,19658,22,,True,--phase-seconds 0.010 --total-seconds 20 --size-mib 512 --seed 20260806
pacca_cpu_final_20260913__phasic_p010__REF__rep03,phasic_p010,REF,3,20572900000.0,2029300957,133945151,19657,22,,True,--phase-seconds 0.010 --total-seconds 20 --size-mib 512 --seed 20260806
pacca_cpu_final_20260913__phasic_p1000__F0__rep01,phasic_p1000,F0,1,20582300000.0,2033949078,131763830,9822,9789,3200000,True,--phase-seconds 1.000 --total-seconds 20 --size-mib 512 --seed 20260806
pacca_cpu_final_20260913__phasic_p1000__F0__rep02,phasic_p1000,F0,2,20587800000.0,2035245827,134291542,9877,9739,3200000,True,--phase-seconds 1.000 --total-seconds 20 --size-mib 512 --seed 20260806
pacca_cpu_final_20260913__phasic_p1000__F0__rep03,phasic_p1000,F0,3,20577200000.0,2032710373,134804414,9875,9739,3200000,True,--phase-seconds 1.000 --total-seconds 20 --size-mib 512 --seed 20260806
pacca_cpu_final_20260913__phasic_p1000__F1__rep01,phasic_p1000,F1,1,20579900000.0,1933426020,134350142,9907,9713,2900000,True,--phase-seconds 1.000 --total-seconds 20 --size-mib 512 --seed 20260806
pacca_cpu_final_20260913__phasic_p1000__F1__rep02,phasic_p1000,F1,2,20586500000.0,1930851746,134590229,9851,9765,2900000,True,--phase-seconds 1.000 --total-seconds 20 --size-mib 512 --seed 20260806
pacca_cpu_final_20260913__phasic_p1000__F1__rep03,phasic_p1000,F1,3,20591400000.0,1928544929,136104027,9856,9765,2900000,True,--phase-seconds 1.000 --total-seconds 20 --size-mib 512 --seed 20260806
pacca_cpu_final_20260913__phasic_p1000__F2__rep01,phasic_p1000,F2,1,20582200000.0,1869255408,135351924,9886,9712,2600000,True,--phase-seconds 1.000 --total-seconds 20 --size-mib 512 --seed 20260806
pacca_cpu_final_20260913__phasic_p1000__F2__rep02,phasic_p1000,F2,2,20590200000.0,1869479772,134465733,9828,9794,2600000,True,--phase-seconds 1.000 --total-seconds 20 --size-mib 512 --seed 20260806
pacca_cpu_final_20260913__phasic_p1000__F2__rep03,phasic_p1000,F2,3,20599500000.0,1879695871,134724273,9891,9735,2600000,True,--phase-seconds 1.000 --total-seconds 20 --size-mib 512 --seed 20260806
pacca_cpu_final_20260913__phasic_p1000__F3__rep01,phasic_p1000,F3,1,20589500000.0,1816865405,134774609,9875,9752,2300000,True,--phase-seconds 1.000 --total-seconds 20 --size-mib 512 --seed 20260806
pacca_cpu_final_20260913__phasic_p1000__F3__rep02,phasic_p1000,F3,2,20594500000.0,1808902596,134567570,9900,9727,2300000,True,--phase-seconds 1.000 --total-seconds 20 --size-mib 512 --seed 20260806
pacca_cpu_final_20260913__phasic_p1000__F3__rep03,phasic_p1000,F3,3,20590300000.0,1825172268,132960137,9888,9739,2300000,True,--phase-seconds 1.000 --total-seconds 20 --size-mib 512 --seed 20260806
pacca_cpu_final_20260913__phasic_p1000__F4__rep01,phasic_p1000,F4,1,20598500000.0,1766610956,134414524,9901,9737,2000000,True,--phase-seconds 1.000 --total-seconds 20 --size-mib 512 --seed 20260806
pacca_cpu_final_20260913__phasic_p1000__F4__rep02,phasic_p1000,F4,2,20618100000.0,1765576596,133926454,9923,9719,2000000,True,--phase-seconds 1.000 --total-seconds 20 --size-mib 512 --seed 20260806
pacca_cpu_final_20260913__phasic_p1000__F4__rep03,phasic_p1000,F4,3,20610000000.0,1763809267,133267330,9902,9738,2000000,True,--phase-seconds 1.000 --total-seconds 20 --size-mib 512 --seed 20260806
pacca_cpu_final_20260913__phasic_p1000__F5__rep01,phasic_p1000,F5,1,20620100000.0,1725729835,135505583,9899,9755,1700000,True,--phase-seconds 1.000 --total-seconds 20 --size-mib 512 --seed 20260806
pacca_cpu_final_20260913__phasic_p1000__F5__rep02,phasic_p1000,F5,2,20628000000.0,1725262490,133493755,9884,9773,1700000,True,--phase-seconds 1.000 --total-seconds 20 --size-mib 512 --seed 20260806
pacca_cpu_final_20260913__phasic_p1000__F5__rep03,phasic_p1000,F5,3,20618100000.0,1730757410,133618388,9879,9778,1700000,True,--phase-seconds 1.000 --total-seconds 20 --size-mib 512 --seed 20260806
pacca_cpu_final_20260913__phasic_p1000__F6__rep01,phasic_p1000,F6,1,20640200000.0,1675945051,133257783,9950,9724,1400000,True,--phase-seconds 1.000 --total-seconds 20 --size-mib 512 --seed 20260806
pacca_cpu_final_20260913__phasic_p1000__F6__rep02,phasic_p1000,F6,2,20645700000.0,1675249434,135730187,9932,9742,1400000,True,--phase-seconds 1.000 --total-seconds 20 --size-mib 512 --seed 20260806
pacca_cpu_final_20260913__phasic_p1000__F6__rep03,phasic_p1000,F6,3,20635300000.0,1675061507,131755307,9898,9775,1400000,True,--phase-seconds 1.000 --total-seconds 20 --size-mib 512 --seed 20260806
pacca_cpu_final_20260913__phasic_p1000__F7__rep01,phasic_p1000,F7,1,20679600000.0,1652702556,133356055,9888,9818,1100000,True,--phase-seconds 1.000 --total-seconds 20 --size-mib 512 --seed 20260806
pacca_cpu_final_20260913__phasic_p1000__F7__rep02,phasic_p1000,F7,2,20686800000.0,1662345232,133167069,9940,9775,1100000,True,--phase-seconds 1.000 --total-seconds 20 --size-mib 512 --seed 20260806
pacca_cpu_final_20260913__phasic_p1000__F7__rep03,phasic_p1000,F7,3,20686100000.0,1659851342,134367354,9944,9763,1100000,True,--phase-seconds 1.000 --total-seconds 20 --size-mib 512 --seed 20260806
pacca_cpu_final_20260913__phasic_p1000__F8__rep01,phasic_p1000,F8,1,20759500000.0,1646928889,132623552,10015,9761,800000,True,--phase-seconds 1.000 --total-seconds 20 --size-mib 512 --seed 20260806
pacca_cpu_final_20260913__phasic_p1000__F8__rep02,phasic_p1000,F8,2,20739300000.0,1635502222,132208172,10026,9750,800000,True,--phase-seconds 1.000 --total-seconds 20 --size-mib 512 --seed 20260806
pacca_cpu_final_20260913__phasic_p1000__F8__rep03,phasic_p1000,F8,3,20739500000.0,1645552672,133741508,10032,9742,800000,True,--phase-seconds 1.000 --total-seconds 20 --size-mib 512 --seed 20260806
pacca_cpu_final_20260913__phasic_p1000__REF__rep01,phasic_p1000,REF,1,20574300000.0,2036911107,134073533,9877,9802,,True,--phase-seconds 1.000 --total-seconds 20 --size-mib 512 --seed 20260806
pacca_cpu_final_20260913__phasic_p1000__REF__rep02,phasic_p1000,REF,2,20569100000.0,2034674417,135222211,9849,9832,,True,--phase-seconds 1.000 --total-seconds 20 --size-mib 512 --seed 20260806
pacca_cpu_final_20260913__phasic_p1000__REF__rep03,phasic_p1000,REF,3,20570600000.0,2030691701,136350708,9876,9798,,True,--phase-seconds 1.000 --total-seconds 20 --size-mib 512 --seed 20260806
pacca_cpu_final_20260913__phasic_p100__F0__rep01,phasic_p100,F0,1,20601600000.0,2039030059,136402973,10924,8714,3200000,True,--phase-seconds 0.100 --total-seconds 20 --size-mib 512 --seed 20260806
pacca_cpu_final_20260913__phasic_p100__F0__rep02,phasic_p100,F0,2,20602500000.0,2035302651,136964284,10907,8733,3200000,True,--phase-seconds 0.100 --total-seconds 20 --size-mib 512 --seed 20260806
pacca_cpu_final_20260913__phasic_p100__F0__rep03,phasic_p100,F0,3,20605800000.0,2036722203,135718772,10901,8739,3200000,True,--phase-seconds 0.100 --total-seconds 20 --size-mib 512 --seed 20260806
pacca_cpu_final_20260913__phasic_p100__F1__rep01,phasic_p100,F1,1,20628700000.0,1933639520,136445185,10948,8698,2900000,True,--phase-seconds 0.100 --total-seconds 20 --size-mib 512 --seed 20260806
pacca_cpu_final_20260913__phasic_p100__F1__rep02,phasic_p100,F1,2,20617700000.0,1936485704,136658039,10963,8683,2900000,True,--phase-seconds 0.100 --total-seconds 20 --size-mib 512 --seed 20260806
pacca_cpu_final_20260913__phasic_p100__F1__rep03,phasic_p100,F1,3,20617500000.0,1935875171,136684126,10925,8720,2900000,True,--phase-seconds 0.100 --total-seconds 20 --size-mib 512 --seed 20260806
pacca_cpu_final_20260913__phasic_p100__F2__rep01,phasic_p100,F2,1,20611400000.0,1877532608,136474730,10860,8789,2600000,True,--phase-seconds 0.100 --total-seconds 20 --size-mib 512 --seed 20260806
pacca_cpu_final_20260913__phasic_p100__F2__rep02,phasic_p100,F2,2,20630400000.0,1886501274,134420507,10945,8706,2600000,True,--phase-seconds 0.100 --total-seconds 20 --size-mib 512 --seed 20260806
pacca_cpu_final_20260913__phasic_p100__F2__rep03,phasic_p100,F2,3,20606500000.0,1877326432,135730951,10918,8729,2600000,True,--phase-seconds 0.100 --total-seconds 20 --size-mib 512 --seed 20260806
pacca_cpu_final_20260913__phasic_p100__F3__rep01,phasic_p100,F3,1,20619400000.0,1822697726,135596526,10913,8746,2300000,True,--phase-seconds 0.100 --total-seconds 20 --size-mib 512 --seed 20260806
pacca_cpu_final_20260913__phasic_p100__F3__rep02,phasic_p100,F3,2,20628600000.0,1826277795,135581026,10930,8727,2300000,True,--phase-seconds 0.100 --total-seconds 20 --size-mib 512 --seed 20260806
pacca_cpu_final_20260913__phasic_p100__F3__rep03,phasic_p100,F3,3,20622000000.0,1826861779,136313943,10959,8700,2300000,True,--phase-seconds 0.100 --total-seconds 20 --size-mib 512 --seed 20260806
pacca_cpu_final_20260913__phasic_p100__F4__rep01,phasic_p100,F4,1,20633300000.0,1767533622,137340572,10877,8794,2000000,True,--phase-seconds 0.100 --total-seconds 20 --size-mib 512 --seed 20260806
pacca_cpu_final_20260913__phasic_p100__F4__rep02,phasic_p100,F4,2,20637500000.0,1774739597,135006374,10941,8728,2000000,True,--phase-seconds 0.100 --total-seconds 20 --size-mib 512 --seed 20260806
pacca_cpu_final_20260913__phasic_p100__F4__rep03,phasic_p100,F4,3,20634900000.0,1776378265,135213720,10930,8742,2000000,True,--phase-seconds 0.100 --total-seconds 20 --size-mib 512 --seed 20260806
pacca_cpu_final_20260913__phasic_p100__F5__rep01,phasic_p100,F5,1,20647000000.0,1733382281,133916142,10898,8789,1700000,True,--phase-seconds 0.100 --total-seconds 20 --size-mib 512 --seed 20260806
pacca_cpu_final_20260913__phasic_p100__F5__rep02,phasic_p100,F5,2,20658900000.0,1724841593,135178285,11005,8682,1700000,True,--phase-seconds 0.100 --total-seconds 20 --size-mib 512 --seed 20260806
pacca_cpu_final_20260913__phasic_p100__F5__rep03,phasic_p100,F5,3,20650800000.0,1747766155,136990508,10892,8795,1700000,True,--phase-seconds 0.100 --total-seconds 20 --size-mib 512 --seed 20260806
pacca_cpu_final_20260913__phasic_p100__F6__rep01,phasic_p100,F6,1,20686000000.0,1679396580,134507273,10991,8717,1400000,True,--phase-seconds 0.100 --total-seconds 20 --size-mib 512 --seed 20260806
pacca_cpu_final_20260913__phasic_p100__F6__rep02,phasic_p100,F6,2,20685100000.0,1680254122,133883293,10995,8716,1400000,True,--phase-seconds 0.100 --total-seconds 20 --size-mib 512 --seed 20260806
pacca_cpu_final_20260913__phasic_p100__F6__rep03,phasic_p100,F6,3,20677100000.0,1676698711,133462190,10922,8786,1400000,True,--phase-seconds 0.100 --total-seconds 20 --size-mib 512 --seed 20260806
pacca_cpu_final_20260913__phasic_p100__F7__rep01,phasic_p100,F7,1,20729700000.0,1668652406,134567264,10959,8784,1100000,True,--phase-seconds 0.100 --total-seconds 20 --size-mib 512 --seed 20260806
pacca_cpu_final_20260913__phasic_p100__F7__rep02,phasic_p100,F7,2,20714400000.0,1655537571,134660716,10941,8803,1100000,True,--phase-seconds 0.100 --total-seconds 20 --size-mib 512 --seed 20260806
pacca_cpu_final_20260913__phasic_p100__F7__rep03,phasic_p100,F7,3,20717800000.0,1664229748,134192261,10933,8814,1100000,True,--phase-seconds 0.100 --total-seconds 20 --size-mib 512 --seed 20260806
pacca_cpu_final_20260913__phasic_p100__F8__rep01,phasic_p100,F8,1,20790400000.0,1649403736,132855270,11035,8786,800000,True,--phase-seconds 0.100 --total-seconds 20 --size-mib 512 --seed 20260806
pacca_cpu_final_20260913__phasic_p100__F8__rep02,phasic_p100,F8,2,20782600000.0,1654528052,133540986,10955,8866,800000,True,--phase-seconds 0.100 --total-seconds 20 --size-mib 512 --seed 20260806
pacca_cpu_final_20260913__phasic_p100__F8__rep03,phasic_p100,F8,3,20803000000.0,1647788079,132373274,11033,8789,800000,True,--phase-seconds 0.100 --total-seconds 20 --size-mib 512 --seed 20260806
pacca_cpu_final_20260913__phasic_p100__REF__rep01,phasic_p100,REF,1,20598800000.0,2035862831,135167253,10987,8718,,True,--phase-seconds 0.100 --total-seconds 20 --size-mib 512 --seed 20260806
pacca_cpu_final_20260913__phasic_p100__REF__rep02,phasic_p100,REF,2,20601300000.0,2034331278,136551414,10931,8776,,True,--phase-seconds 0.100 --total-seconds 20 --size-mib 512 --seed 20260806
pacca_cpu_final_20260913__phasic_p100__REF__rep03,phasic_p100,REF,3,20597500000.0,2038649505,136570294,10992,8716,,True,--phase-seconds 0.100 --total-seconds 20 --size-mib 512 --seed 20260806
pacca_cpu_final_20260913__rajaperf_polybench_3mm_omp__F0__rep01,rajaperf_polybench_3mm_omp,F0,1,13772300000.0,1466036714,82062866,12091,709,3200000,True,--repfact 10 --sizefact 1
pacca_cpu_final_20260913__rajaperf_polybench_3mm_omp__F0__rep02,rajaperf_polybench_3mm_omp,F0,2,13726200000.0,1452161627,82605863,12039,727,3200000,True,--repfact 10 --sizefact 1
pacca_cpu_final_20260913__rajaperf_polybench_3mm_omp__F0__rep03,rajaperf_polybench_3mm_omp,F0,3,13795100000.0,1462279703,82226928,12071,740,3200000,True,--repfact 10 --sizefact 1
pacca_cpu_final_20260913__rajaperf_polybench_3mm_omp__F1__rep01,rajaperf_polybench_3mm_omp,F1,1,15119500000.0,1506655384,90169877,13400,754,2900000,True,--repfact 10 --sizefact 1
pacca_cpu_final_20260913__rajaperf_polybench_3mm_omp__F1__rep02,rajaperf_polybench_3mm_omp,F1,2,15268400000.0,1528875237,92386893,13525,777,2900000,True,--repfact 10 --sizefact 1
pacca_cpu_final_20260913__rajaperf_polybench_3mm_omp__F1__rep03,rajaperf_polybench_3mm_omp,F1,3,15094200000.0,1505908071,90066433,13404,728,2900000,True,--repfact 10 --sizefact 1
pacca_cpu_final_20260913__rajaperf_polybench_3mm_omp__F2__rep01,rajaperf_polybench_3mm_omp,F2,1,16801600000.0,1619021246,101144490,15111,729,2600000,True,--repfact 10 --sizefact 1
pacca_cpu_final_20260913__rajaperf_polybench_3mm_omp__F2__rep02,rajaperf_polybench_3mm_omp,F2,2,16844100000.0,1618945746,101149463,15153,728,2600000,True,--repfact 10 --sizefact 1
pacca_cpu_final_20260913__rajaperf_polybench_3mm_omp__F2__rep03,rajaperf_polybench_3mm_omp,F2,3,17026700000.0,1639674269,102782156,15296,759,2600000,True,--repfact 10 --sizefact 1
pacca_cpu_final_20260913__rajaperf_polybench_3mm_omp__F3__rep01,rajaperf_polybench_3mm_omp,F3,1,18991800000.0,1770641585,114711001,17269,763,2300000,True,--repfact 10 --sizefact 1
pacca_cpu_final_20260913__rajaperf_polybench_3mm_omp__F3__rep02,rajaperf_polybench_3mm_omp,F3,2,19344100000.0,1834882082,118262956,12025,6344,2300000,True,--repfact 10 --sizefact 1
pacca_cpu_final_20260913__rajaperf_polybench_3mm_omp__F3__rep03,rajaperf_polybench_3mm_omp,F3,3,18966400000.0,1771535138,113668489,17268,735,2300000,True,--repfact 10 --sizefact 1
pacca_cpu_final_20260913__rajaperf_polybench_3mm_omp__F4__rep01,rajaperf_polybench_3mm_omp,F4,1,21810600000.0,1961679182,130609613,20125,723,2000000,True,--repfact 10 --sizefact 1
pacca_cpu_final_20260913__rajaperf_polybench_3mm_omp__F4__rep02,rajaperf_polybench_3mm_omp,F4,2,21857900000.0,1967037384,132334076,20151,745,2000000,True,--repfact 10 --sizefact 1
pacca_cpu_final_20260913__rajaperf_polybench_3mm_omp__F4__rep03,rajaperf_polybench_3mm_omp,F4,3,21785700000.0,1952755621,129959317,20091,727,2000000,True,--repfact 10 --sizefact 1
pacca_cpu_final_20260913__rajaperf_polybench_3mm_omp__F5__rep01,rajaperf_polybench_3mm_omp,F5,1,25947400000.0,2269106008,158118493,23027,1962,1700000,True,--repfact 10 --sizefact 1
pacca_cpu_final_20260913__rajaperf_polybench_3mm_omp__F5__rep02,rajaperf_polybench_3mm_omp,F5,2,25590600000.0,2235099930,154143981,23889,726,1700000,True,--repfact 10 --sizefact 1
pacca_cpu_final_20260913__rajaperf_polybench_3mm_omp__F5__rep03,rajaperf_polybench_3mm_omp,F5,3,25628000000.0,2238429572,154815376,23834,832,1700000,True,--repfact 10 --sizefact 1
pacca_cpu_final_20260913__rajaperf_polybench_3mm_omp__F6__rep01,rajaperf_polybench_3mm_omp,F6,1,31131600000.0,2646816711,188538503,29338,832,1400000,True,--repfact 10 --sizefact 1
pacca_cpu_final_20260913__rajaperf_polybench_3mm_omp__F6__rep02,rajaperf_polybench_3mm_omp,F6,2,31130900000.0,2642489085,187352554,29407,750,1400000,True,--repfact 10 --sizefact 1
pacca_cpu_final_20260913__rajaperf_polybench_3mm_omp__F6__rep03,rajaperf_polybench_3mm_omp,F6,3,31088300000.0,2640024369,187085141,29403,726,1400000,True,--repfact 10 --sizefact 1
pacca_cpu_final_20260913__rajaperf_polybench_3mm_omp__F7__rep01,rajaperf_polybench_3mm_omp,F7,1,39626200000.0,3262742075,237187959,37894,766,1100000,True,--repfact 10 --sizefact 1
pacca_cpu_final_20260913__rajaperf_polybench_3mm_omp__F7__rep02,rajaperf_polybench_3mm_omp,F7,2,39714500000.0,3283554460,240139223,37924,817,1100000,True,--repfact 10 --sizefact 1
pacca_cpu_final_20260913__rajaperf_polybench_3mm_omp__F7__rep03,rajaperf_polybench_3mm_omp,F7,3,39810700000.0,3279595059,241352910,37311,1527,1100000,True,--repfact 10 --sizefact 1
pacca_cpu_final_20260913__rajaperf_polybench_3mm_omp__F8__rep01,rajaperf_polybench_3mm_omp,F8,1,54893600000.0,4412759028,329951171,53132,793,800000,True,--repfact 10 --sizefact 1
pacca_cpu_final_20260913__rajaperf_polybench_3mm_omp__F8__rep02,rajaperf_polybench_3mm_omp,F8,2,55008400000.0,4424142361,332047408,53018,1027,800000,True,--repfact 10 --sizefact 1
pacca_cpu_final_20260913__rajaperf_polybench_3mm_omp__F8__rep03,rajaperf_polybench_3mm_omp,F8,3,54973000000.0,4424272549,330424783,53252,754,800000,True,--repfact 10 --sizefact 1
pacca_cpu_final_20260913__rajaperf_polybench_3mm_omp__REF__rep01,rajaperf_polybench_3mm_omp,REF,1,13917900000.0,1474593759,84437563,12285,741,,True,--repfact 10 --sizefact 1
pacca_cpu_final_20260913__rajaperf_polybench_3mm_omp__REF__rep02,rajaperf_polybench_3mm_omp,REF,2,13753500000.0,1457728690,81835936,12178,683,,True,--repfact 10 --sizefact 1
pacca_cpu_final_20260913__rajaperf_polybench_3mm_omp__REF__rep03,rajaperf_polybench_3mm_omp,REF,3,14265000000.0,1506610523,86461126,7630,5752,,True,--repfact 10 --sizefact 1
pacca_cpu_final_20260913__rodinia_lavamd_omp__F0__rep01,rodinia_lavamd_omp,F0,1,8125820000.0,864515060,46934785,6847,0,3200000,True,-cores 6 -boxes1d 24
pacca_cpu_final_20260913__rodinia_lavamd_omp__F0__rep02,rodinia_lavamd_omp,F0,2,8111660000.0,864173569,47176923,7005,0,3200000,True,-cores 6 -boxes1d 24
pacca_cpu_final_20260913__rodinia_lavamd_omp__F0__rep03,rodinia_lavamd_omp,F0,3,8167720000.0,869144320,47467530,6723,0,3200000,True,-cores 6 -boxes1d 24
pacca_cpu_final_20260913__rodinia_lavamd_omp__F1__rep01,rodinia_lavamd_omp,F1,1,8981170000.0,898833697,52110362,7790,0,2900000,True,-cores 6 -boxes1d 24
pacca_cpu_final_20260913__rodinia_lavamd_omp__F1__rep02,rodinia_lavamd_omp,F1,2,8930870000.0,896837731,51910330,7477,11,2900000,True,-cores 6 -boxes1d 24
pacca_cpu_final_20260913__rodinia_lavamd_omp__F1__rep03,rodinia_lavamd_omp,F1,3,8925430000.0,894442229,51688679,7714,0,2900000,True,-cores 6 -boxes1d 24
pacca_cpu_final_20260913__rodinia_lavamd_omp__F2__rep01,rodinia_lavamd_omp,F2,1,9946610000.0,947987930,57480555,8406,0,2600000,True,-cores 6 -boxes1d 24
pacca_cpu_final_20260913__rodinia_lavamd_omp__F2__rep02,rodinia_lavamd_omp,F2,2,9924450000.0,947874283,57794832,8703,0,2600000,True,-cores 6 -boxes1d 24
pacca_cpu_final_20260913__rodinia_lavamd_omp__F2__rep03,rodinia_lavamd_omp,F2,3,9928760000.0,949972238,58043274,8425,0,2600000,True,-cores 6 -boxes1d 24
pacca_cpu_final_20260913__rodinia_lavamd_omp__F3__rep01,rodinia_lavamd_omp,F3,1,11274500000.0,1048882996,66467132,9640,0,2300000,True,-cores 6 -boxes1d 24
pacca_cpu_final_20260913__rodinia_lavamd_omp__F3__rep02,rodinia_lavamd_omp,F3,2,11274000000.0,1047343328,65847344,9741,11,2300000,True,-cores 6 -boxes1d 24
pacca_cpu_final_20260913__rodinia_lavamd_omp__F3__rep03,rodinia_lavamd_omp,F3,3,11202100000.0,1042226336,65623903,9704,0,2300000,True,-cores 6 -boxes1d 24
pacca_cpu_final_20260913__rodinia_lavamd_omp__F4__rep01,rodinia_lavamd_omp,F4,1,12911900000.0,1151346418,76495808,11276,0,2000000,True,-cores 6 -boxes1d 24
pacca_cpu_final_20260913__rodinia_lavamd_omp__F4__rep02,rodinia_lavamd_omp,F4,2,12944300000.0,1150663009,75772286,11849,0,2000000,True,-cores 6 -boxes1d 24
pacca_cpu_final_20260913__rodinia_lavamd_omp__F4__rep03,rodinia_lavamd_omp,F4,3,12946300000.0,1148071524,75055925,11318,0,2000000,True,-cores 6 -boxes1d 24
pacca_cpu_final_20260913__rodinia_lavamd_omp__F5__rep01,rodinia_lavamd_omp,F5,1,15049000000.0,1299883269,89201050,13880,0,1700000,True,-cores 6 -boxes1d 24
pacca_cpu_final_20260913__rodinia_lavamd_omp__F5__rep02,rodinia_lavamd_omp,F5,2,15058900000.0,1301502893,88841393,13879,0,1700000,True,-cores 6 -boxes1d 24
pacca_cpu_final_20260913__rodinia_lavamd_omp__F5__rep03,rodinia_lavamd_omp,F5,3,15061300000.0,1299249298,88979002,13694,0,1700000,True,-cores 6 -boxes1d 24
pacca_cpu_final_20260913__rodinia_lavamd_omp__F6__rep01,rodinia_lavamd_omp,F6,1,18383600000.0,1547592412,109030141,17387,13,1400000,True,-cores 6 -boxes1d 24
pacca_cpu_final_20260913__rodinia_lavamd_omp__F6__rep02,rodinia_lavamd_omp,F6,2,20384600000.0,1703460666,121062596,18710,13,1400000,True,-cores 6 -boxes1d 24
pacca_cpu_final_20260913__rodinia_lavamd_omp__F6__rep03,rodinia_lavamd_omp,F6,3,18255800000.0,1536198216,108635554,17139,13,1400000,True,-cores 6 -boxes1d 24
pacca_cpu_final_20260913__rodinia_lavamd_omp__F7__rep01,rodinia_lavamd_omp,F7,1,23208300000.0,1895992827,138252223,22228,13,1100000,True,-cores 6 -boxes1d 24
pacca_cpu_final_20260913__rodinia_lavamd_omp__F7__rep02,rodinia_lavamd_omp,F7,2,23203500000.0,1901836440,138410731,22152,13,1100000,True,-cores 6 -boxes1d 24
pacca_cpu_final_20260913__rodinia_lavamd_omp__F7__rep03,rodinia_lavamd_omp,F7,3,24399200000.0,1997371901,145759183,23190,13,1100000,True,-cores 6 -boxes1d 24
pacca_cpu_final_20260913__rodinia_lavamd_omp__F8__rep01,rodinia_lavamd_omp,F8,1,31981000000.0,2564216764,188393230,30994,24,800000,True,-cores 6 -boxes1d 24
pacca_cpu_final_20260913__rodinia_lavamd_omp__F8__rep02,rodinia_lavamd_omp,F8,2,32000300000.0,2557999006,191179437,31003,23,800000,True,-cores 6 -boxes1d 24
pacca_cpu_final_20260913__rodinia_lavamd_omp__F8__rep03,rodinia_lavamd_omp,F8,3,32557600000.0,2601514885,195764770,31539,39,800000,True,-cores 6 -boxes1d 24
pacca_cpu_final_20260913__rodinia_lavamd_omp__REF__rep01,rodinia_lavamd_omp,REF,1,8162620000.0,869067355,47269916,7277,0,,True,-cores 6 -boxes1d 24
pacca_cpu_final_20260913__rodinia_lavamd_omp__REF__rep02,rodinia_lavamd_omp,REF,2,8125320000.0,865426801,47302658,7228,0,,True,-cores 6 -boxes1d 24
pacca_cpu_final_20260913__rodinia_lavamd_omp__REF__rep03,rodinia_lavamd_omp,REF,3,8163490000.0,867689673,47754100,7280,0,,True,-cores 6 -boxes1d 24
pacca_cpu_final_20260913__stream_official__F0__rep00,stream_official,F0,0,1392080000.0,114582958,17948782,0,0,3200000,True,
pacca_cpu_final_20260913__stream_official__F1__rep00,stream_official,F1,0,1387740000.0,112535845,18090154,0,0,2900000,True,
pacca_cpu_final_20260913__stream_official__F2__rep00,stream_official,F2,0,1401620000.0,110166038,18174870,0,0,2600000,True,
pacca_cpu_final_20260913__stream_official__F3__rep00,stream_official,F3,0,1419960000.0,110014245,18470191,0,0,2300000,True,
pacca_cpu_final_20260913__stream_official__F4__rep00,stream_official,F4,0,1468850000.0,110378623,18684376,0,0,2000000,True,
pacca_cpu_final_20260913__stream_official__F5__rep00,stream_official,F5,0,1488850000.0,111364400,18986642,0,0,1700000,True,
pacca_cpu_final_20260913__stream_official__F6__rep00,stream_official,F6,0,1558250000.0,115318918,19585913,0,0,1400000,True,
pacca_cpu_final_20260913__stream_official__F7__rep00,stream_official,F7,0,1661990000.0,121835442,20510461,0,0,1100000,True,
pacca_cpu_final_20260913__stream_official__F8__rep00,stream_official,F8,0,1883520000.0,137515700,22202534,0,0,800000,True,
pacca_cpu_final_20260913__stream_official__REF__rep00,stream_official,REF,0,1370180000.0,114842479,17951552,0,0,,True,
